complaint_id,customer_id,complaint_date,category,resolution_days,satisfaction_score
CP500000,C104932,22-12-2025,Card Issue,11,2
CP500001,C100856,25-02-2026,Service,3,3
CP500002,C101839,29-03-2025,Transaction Issue,13,4
CP500003,C104191,10-12-2025,Card Issue,3,4
CP500004,C102663,26-05-2025,Card Issue,1,5
CP500005,C102753,29-10-2025,Transaction Issue,2,2
CP500006,C101741,27-11-2025,Service,2,4
CP500007,C102883,08-04-2026,Loan Issue,13,5
CP500008,C101011,16-06-2026,Loan Issue,10,5
CP500009,C101036,25-02-2025,Service,2,5
CP500010,C104832,23-06-2026,Transaction Issue,2,5
CP500011,C103992,23-07-2025,Service,6,4
CP500012,C103555,19-02-2026,Service,6,5
CP500013,C101277,24-11-2025,Transaction Issue,2,5
CP500014,C104007,08-11-2025,Service,4,3
CP500015,C101707,08-07-2025,Transaction Issue,6,4
CP500016,C101625,24-09-2025,Fraud/Security,2,5
CP500017,C103609,07-03-2025,Loan Issue,4,5
CP500018,C103315,17-08-2025,Transaction Issue,14,4
CP500019,C101401,25-06-2026,Card Issue,12,3
CP500020,C100102,31-01-2026,Loan Issue,14,5
CP500021,C101609,16-01-2026,Transaction Issue,6,4
CP500022,C101270,30-09-2025,Service,2,5
CP500023,C104672,06-02-2026,Service,14,5
CP500024,C103596,04-01-2026,App/Internet Banking,12,2
CP500025,C102690,09-08-2025,Loan Issue,2,5
CP500026,C104155,03-02-2026,App/Internet Banking,15,5
CP500027,C100439,13-11-2025,Loan Issue,11,4
CP500028,C104195,05-04-2026,Card Issue,5,4
CP500029,C100455,16-11-2025,Card Issue,1,4
CP500030,C102141,19-06-2025,Fraud/Security,4,4
CP500031,C100178,03-10-2025,Loan Issue,,4
CP500032,C102859,17-12-2025,Card Issue,8,4
CP500033,C102830,13-07-2025,Transaction Issue,8,4
CP500034,C104750,28-03-2026,Service,8,4
CP500035,C102901,14-03-2025,Fraud/Security,3,4
CP500036,C101497,27-02-2026,Loan Issue,7,1
CP500037,C104845,30-01-2025,Transaction Issue,5,2
CP500038,C104032,03-01-2026,Fraud/Security,15,5
CP500039,C103944,15-07-2025,App/Internet Banking,9,4
CP500040,C101394,21-07-2025,Loan Issue,4,5
CP500041,C104938,24-04-2025,Card Issue,15,4
CP500042,C101296,08-01-2025,Loan Issue,8,4
CP500043,C104110,10-06-2025,App/Internet Banking,4,3
CP500044,C101981,23-04-2026,Loan Issue,3,4
CP500045,C100127,18-02-2025,Loan Issue,12,4
CP500046,C101845,13-09-2025,Card Issue,1,3
CP500047,C101173,30-04-2025,Transaction Issue,4,2
CP500048,C101980,27-06-2026,Card Issue,10,3
CP500049,C102862,09-01-2026,App/Internet Banking,9,2
CP500050,C102053,30-01-2025,App/Internet Banking,4,3
CP500051,C101096,11-05-2026,Transaction Issue,6,1
CP500052,C100810,15-06-2025,Card Issue,7,1
CP500053,C103985,07-05-2026,Card Issue,13,5
CP500054,C102306,16-12-2025,Loan Issue,10,4
CP500055,C104524,29-06-2025,Card Issue,15,4
CP500056,C100069,19-04-2025,App/Internet Banking,5,4
CP500057,C101139,08-01-2025,Card Issue,10,4
CP500058,C103944,30-07-2025,Transaction Issue,13,4
CP500059,C104707,13-02-2026,Service,7,4
CP500060,C100996,23-02-2025,Service,11,5
CP500061,C100126,12-05-2025,Transaction Issue,13,3
CP500062,C103058,03-04-2025,Service,3,4
CP500063,C101026,14-04-2026,Loan Issue,13,4
CP500064,C101175,25-10-2025,Loan Issue,5,2
CP500065,C102049,26-12-2025,Service,11,4
CP500066,C102025,05-06-2025,Card Issue,13,1
CP500067,C101624,03-09-2025,Transaction Issue,13,5
CP500068,C104199,14-03-2026,Card Issue,2,4
CP500069,C104511,19-03-2025,Card Issue,4,4
CP500070,C104378,16-12-2025,Card Issue,12,1
CP500071,C104312,14-01-2026,App/Internet Banking,2,4
CP500072,C102128,26-04-2026,Card Issue,8,4
CP500073,C100651,05-03-2025,Card Issue,5,1
CP500074,C101820,28-05-2026,App/Internet Banking,7,4
CP500075,C100925,20-10-2025,Service,3,3
CP500076,C100379,13-11-2025,Loan Issue,13,5
CP500077,C101677,22-10-2025,Fraud/Security,11,4
CP500078,C101944,22-01-2026,Service,5,4
CP500079,C104461,24-12-2025,Fraud/Security,15,4
CP500080,C103005,30-03-2025,Card Issue,9,3
CP500081,C103196,31-01-2025,Service,3,3
CP500082,C103627,10-01-2026,Transaction Issue,6,4
CP500083,C103781,25-02-2026,Service,2,4
CP500084,C100162,27-02-2025,Transaction Issue,5,5
CP500085,C100420,24-05-2025,App/Internet Banking,10,1
CP500086,C101218,31-03-2026,App/Internet Banking,14,3
CP500087,C102330,07-10-2025,Transaction Issue,15,2
CP500088,C100656,28-05-2026,Service,5,3
CP500089,C100732,12-12-2025,Card Issue,2,2
CP500090,C104781,08-07-2025,Loan Issue,2,1
CP500091,C101089,03-11-2025,Loan Issue,8,2
CP500092,C100649,20-08-2025,Transaction Issue,13,2
CP500093,C100197,04-11-2025,Loan Issue,2,4
CP500094,C101970,10-12-2025,Card Issue,10,2
CP500095,C102108,29-04-2025,App/Internet Banking,11,4
CP500096,C103750,24-07-2025,Loan Issue,3,4
CP500097,C101641,04-09-2025,Transaction Issue,10,2
CP500098,C104031,28-04-2025,Fraud/Security,13,2
CP500099,C104009,02-02-2025,Loan Issue,9,5
CP500100,C101925,03-09-2025,Service,1,2
CP500101,C100321,13-03-2026,Loan Issue,12,2
CP500102,C104414,12-07-2025,Fraud/Security,9,1
CP500103,C103064,07-07-2025,Loan Issue,9,3
CP500104,C104822,13-02-2026,Service,5,4
CP500105,C102739,27-10-2025,Service,4,3
CP500106,C100566,04-02-2026,Transaction Issue,14,2
CP500107,C102608,16-03-2026,Card Issue,10,1
CP500108,C102854,06-07-2025,Card Issue,10,4
CP500109,C104837,06-07-2025,App/Internet Banking,14,2
CP500110,C100033,10-03-2025,Fraud/Security,7,5
CP500111,C100448,25-05-2026,Service,14,5
CP500112,C103132,09-05-2026,Loan Issue,1,5
CP500113,C104931,14-09-2025,Transaction Issue,15,2
CP500114,C104878,20-03-2026,Service,2,4
CP500115,C100657,20-03-2026,Loan Issue,10,1
CP500116,C103108,24-03-2026,App/Internet Banking,12,3
CP500117,C104237,24-04-2025,Transaction Issue,15,5
CP500118,C102080,12-08-2025,Fraud/Security,13,4
CP500119,C100328,10-03-2026,App/Internet Banking,10,4
CP500120,C104551,16-06-2026,Service,5,4
CP500121,C104729,21-04-2025,Transaction Issue,6,2
CP500122,C104216,10-04-2026,Loan Issue,6,5
CP500123,C101172,21-06-2025,Service,1,4
CP500124,C102075,25-02-2026,Transaction Issue,13,3
CP500125,C101155,11-01-2025,Card Issue,2,5
CP500126,C100353,30-06-2026,App/Internet Banking,12,1
CP500127,C103756,26-02-2025,Loan Issue,4,4
CP500128,C104942,16-08-2025,Card Issue,14,4
CP500129,C103794,15-04-2025,Transaction Issue,9,5
CP500130,C103774,27-04-2026,Card Issue,13,5
CP500131,C103052,15-12-2025,Fraud/Security,9,4
CP500132,C103362,19-08-2025,Service,13,2
CP500133,C103269,20-09-2025,Loan Issue,12,4
CP500134,C104436,14-01-2025,App/Internet Banking,13,4
CP500135,C104716,01-11-2025,Transaction Issue,9,4
CP500136,C101248,15-04-2026,App/Internet Banking,14,4
CP500137,C100132,01-01-2025,Card Issue,5,5
CP500138,C103691,24-09-2025,Loan Issue,10,2
CP500139,C103355,17-02-2025,Card Issue,1,1
CP500140,C104116,29-05-2025,Transaction Issue,14,5
CP500141,C100734,07-07-2025,Transaction Issue,5,4
CP500142,C102635,29-06-2026,Transaction Issue,8,3
CP500143,C104260,20-02-2026,Transaction Issue,8,4
CP500144,C103528,31-12-2025,Card Issue,15,4
CP500145,C103478,23-06-2025,Card Issue,9,5
CP500146,C100761,13-02-2026,Service,14,2
CP500147,C103015,02-09-2025,Loan Issue,4,2
CP500148,C100517,24-04-2025,Transaction Issue,4,4
CP500149,C101419,12-10-2025,App/Internet Banking,14,1
CP500150,C101129,09-01-2025,Card Issue,14,3
CP500151,C104140,19-02-2025,Fraud/Security,12,5
CP500152,C103100,01-09-2025,Card Issue,8,5
CP500153,C102215,29-11-2025,Transaction Issue,5,2
CP500154,C104975,08-12-2025,Card Issue,15,4
CP500155,C103391,05-02-2025,App/Internet Banking,10,3
CP500156,C101213,08-08-2025,Service,7,1
CP500157,C102081,30-12-2025,Transaction Issue,12,5
CP500158,C102071,13-07-2025,Fraud/Security,1,4
CP500159,C103776,14-04-2026,Fraud/Security,9,4
CP500160,C101961,29-04-2025,Loan Issue,12,5
CP500161,C103628,10-06-2026,Service,6,4
CP500162,C100473,09-05-2025,Transaction Issue,6,4
CP500163,C103239,08-01-2025,Transaction Issue,5,5
CP500164,C103028,11-03-2025,App/Internet Banking,6,5
CP500165,C100423,07-03-2026,Transaction Issue,10,5
CP500166,C104912,13-01-2026,Transaction Issue,8,2
CP500167,C103181,23-04-2025,Loan Issue,2,4
CP500168,C103259,28-05-2025,App/Internet Banking,15,5
CP500169,C103865,07-03-2025,Loan Issue,5,3
CP500170,C104803,27-03-2026,Fraud/Security,7,5
CP500171,C101156,07-02-2026,Loan Issue,6,2
CP500172,C100242,24-09-2025,Card Issue,5,5
CP500173,C103625,30-03-2025,Fraud/Security,8,4
CP500174,C103380,12-12-2025,Transaction Issue,6,5
CP500175,C102776,06-01-2026,Transaction Issue,13,4
CP500176,C103005,26-06-2026,Card Issue,13,3
CP500177,C100909,09-02-2026,Transaction Issue,7,2
CP500178,C102415,29-01-2025,Card Issue,14,4
CP500179,C102756,24-03-2025,Card Issue,3,4
CP500180,C100557,04-02-2025,App/Internet Banking,10,4
CP500181,C103904,07-10-2025,Card Issue,7,4
CP500182,C104487,27-06-2025,Service,11,4
CP500183,C103537,08-01-2025,Service,2,3
CP500184,C101654,14-01-2025,Loan Issue,1,5
CP500185,C101195,23-11-2025,Transaction Issue,11,2
CP500186,C100926,26-04-2026,App/Internet Banking,5,3
CP500187,C103022,22-06-2025,Service,4,4
CP500188,C100715,08-06-2025,Fraud/Security,6,4
CP500189,C100321,14-02-2025,Card Issue,1,5
CP500190,C102388,01-01-2026,Card Issue,8,4
CP500191,C100371,22-06-2026,Fraud/Security,14,5
CP500192,C104370,12-02-2026,App/Internet Banking,6,1
CP500193,C103542,17-08-2025,App/Internet Banking,5,3
CP500194,C102524,20-02-2026,Fraud/Security,1,3
CP500195,C102168,12-12-2025,Card Issue,10,5
CP500196,C104762,06-08-2025,Service,4,4
CP500197,C102035,05-09-2025,Loan Issue,14,5
CP500198,C104577,19-12-2025,Transaction Issue,3,2
CP500199,C102230,27-04-2025,Loan Issue,2,3
CP500200,C100903,03-12-2025,App/Internet Banking,10,3
CP500201,C103028,03-12-2025,App/Internet Banking,2,3
CP500202,C101990,22-03-2026,Transaction Issue,4,3
CP500203,C101090,30-03-2025,Card Issue,10,4
CP500204,C100600,25-09-2025,App/Internet Banking,9,1
CP500205,C104735,10-03-2025,App/Internet Banking,8,3
CP500206,C100055,11-01-2025,Service,10,3
CP500207,C101094,07-06-2025,Fraud/Security,12,5
CP500208,C101823,06-11-2025,App/Internet Banking,7,3
CP500209,C102152,01-09-2025,Loan Issue,11,5
CP500210,C101067,15-11-2025,App/Internet Banking,6,4
CP500211,C101478,23-08-2025,Transaction Issue,5,3
CP500212,C104120,26-06-2026,Transaction Issue,12,4
CP500213,C101407,28-03-2025,Fraud/Security,15,2
CP500214,C100151,18-01-2025,Service,10,3
CP500215,C102794,03-07-2025,Service,7,4
CP500216,C100647,19-09-2025,Loan Issue,14,4
CP500217,C100647,23-06-2025,Service,4,5
CP500218,C101647,15-07-2025,Loan Issue,10,4
CP500219,C103280,28-05-2026,Card Issue,5,5
CP500220,C102574,19-01-2025,Transaction Issue,5,4
CP500221,C100986,03-10-2025,Transaction Issue,12,1
CP500222,C101644,12-02-2026,Fraud/Security,9,2
CP500223,C104143,17-05-2026,Service,5,5
CP500224,C103641,01-10-2025,Transaction Issue,5,2
CP500225,C100313,22-10-2025,Card Issue,3,5
CP500226,C101771,21-04-2026,Transaction Issue,5,2
CP500227,C104351,19-03-2026,Transaction Issue,6,2
CP500228,C100854,23-01-2026,App/Internet Banking,10,2
CP500229,C103104,13-04-2026,Card Issue,15,5
CP500230,C104680,14-03-2026,Card Issue,10,5
CP500231,C104755,18-04-2026,Loan Issue,13,4
CP500232,C103058,28-02-2025,Card Issue,11,3
CP500233,C102153,03-01-2026,App/Internet Banking,8,1
CP500234,C103814,13-06-2025,Transaction Issue,7,3
CP500235,C102484,24-03-2026,Transaction Issue,13,2
CP500236,C104376,09-02-2026,Loan Issue,12,4
CP500237,C102164,20-06-2026,App/Internet Banking,13,5
CP500238,C104616,07-11-2025,App/Internet Banking,11,4
CP500239,C101546,16-09-2025,App/Internet Banking,7,5
CP500240,C101325,04-09-2025,Card Issue,12,2
CP500241,C104994,17-02-2025,App/Internet Banking,4,5
CP500242,C101101,05-07-2025,Loan Issue,14,4
CP500243,C103812,16-07-2025,Transaction Issue,13,5
CP500244,C100194,30-07-2025,Transaction Issue,4,3
CP500245,C103905,24-09-2025,Loan Issue,6,4
CP500246,C102253,06-08-2025,App/Internet Banking,11,4
CP500247,C101136,21-10-2025,Service,2,3
CP500248,C101671,11-10-2025,Fraud/Security,7,4
CP500249,C103625,25-02-2025,Service,12,5
CP500250,C101059,22-03-2026,Card Issue,11,3
CP500251,C103976,17-01-2026,Fraud/Security,15,4
CP500252,C101953,30-06-2025,App/Internet Banking,2,5
CP500253,C101176,05-07-2025,Card Issue,7,5
CP500254,C102031,11-11-2025,Loan Issue,12,5
CP500255,C104580,14-03-2026,Transaction Issue,1,1
CP500256,C101862,21-12-2025,Service,10,4
CP500257,C100062,25-01-2026,Loan Issue,8,1
CP500258,C101256,26-09-2025,App/Internet Banking,3,4
CP500259,C101935,28-08-2025,App/Internet Banking,3,5
CP500260,C102196,15-08-2025,Service,9,3
CP500261,C100155,25-06-2025,Service,12,5
CP500262,C104710,05-06-2026,App/Internet Banking,4,5
CP500263,C104447,06-03-2025,Card Issue,6,5
CP500264,C104247,01-06-2026,App/Internet Banking,12,1
CP500265,C103930,27-07-2025,Service,1,4
CP500266,C104856,04-05-2025,Card Issue,6,2
CP500267,C101800,22-03-2025,Transaction Issue,2,5
CP500268,C102420,20-02-2026,App/Internet Banking,10,3
CP500269,C102549,17-06-2025,Service,14,4
CP500270,C102355,28-10-2025,Fraud/Security,8,3
CP500271,C104341,14-04-2026,Transaction Issue,1,3
CP500272,C103706,22-07-2025,Transaction Issue,5,5
CP500273,C101717,09-03-2025,Loan Issue,13,3
CP500274,C103766,20-01-2026,Card Issue,1,5
CP500275,C100484,08-02-2025,Fraud/Security,2,1
CP500276,C100905,22-08-2025,Transaction Issue,6,1
CP500277,C101630,01-01-2026,Card Issue,13,4
CP500278,C101209,28-02-2025,Fraud/Security,7,4
CP500279,C104233,20-09-2025,Service,6,3
CP500280,C101471,22-02-2025,Fraud/Security,7,5
CP500281,C100044,08-03-2025,Service,11,3
CP500282,C100126,22-03-2025,Transaction Issue,1,5
CP500283,C102215,30-10-2025,Service,12,4
CP500284,C100885,27-06-2025,Service,2,4
CP500285,C104506,29-08-2025,App/Internet Banking,14,4
CP500286,C104447,23-05-2026,App/Internet Banking,12,4
CP500287,C103303,23-03-2025,Fraud/Security,1,4
CP500288,C102159,27-03-2026,App/Internet Banking,10,4
CP500289,C102785,17-11-2025,App/Internet Banking,15,3
CP500290,C100657,14-03-2025,Loan Issue,7,5
CP500291,C102697,16-01-2026,App/Internet Banking,1,2
CP500292,C101007,20-02-2025,Loan Issue,7,3
CP500293,C101200,03-04-2026,Service,9,4
CP500294,C100083,25-06-2025,App/Internet Banking,5,4
CP500295,C102698,08-01-2026,Fraud/Security,8,3
CP500296,C100372,28-04-2025,Transaction Issue,7,5
CP500297,C101719,08-11-2025,Loan Issue,4,4
CP500298,C100065,10-03-2025,Fraud/Security,2,1
CP500299,C103348,18-08-2025,Transaction Issue,12,2
CP500300,C100859,17-08-2025,Card Issue,6,4
CP500301,C101764,04-09-2025,Service,2,3
CP500302,C100538,12-02-2025,Service,12,3
CP500303,C102454,27-07-2025,App/Internet Banking,7,3
CP500304,C102776,25-09-2025,Transaction Issue,2,4
CP500305,C102866,14-08-2025,Loan Issue,14,3
CP500306,C104879,11-08-2025,Fraud/Security,11,4
CP500307,C100504,06-11-2025,Fraud/Security,14,4
CP500308,C104985,31-12-2025,Card Issue,11,5
CP500309,C104146,11-06-2026,Card Issue,6,4
CP500310,C103519,28-08-2025,App/Internet Banking,9,5
CP500311,C104895,02-11-2025,Loan Issue,12,3
CP500312,C102407,06-09-2025,Transaction Issue,10,3
CP500313,C101306,21-08-2025,Loan Issue,6,4
CP500314,C102303,02-03-2025,App/Internet Banking,15,3
CP500315,C100780,09-02-2025,Card Issue,3,5
CP500316,C103253,22-07-2025,Loan Issue,12,3
CP500317,C100526,03-01-2026,Loan Issue,5,4
CP500318,C101151,06-08-2025,Loan Issue,12,1
CP500319,C104229,05-04-2025,Card Issue,12,4
CP500320,C102818,18-07-2025,Loan Issue,4,4
CP500321,C104436,11-05-2026,Loan Issue,12,4
CP500322,C104943,05-12-2025,Service,15,4
CP500323,C102291,03-06-2026,Card Issue,6,4
CP500324,C100005,16-08-2025,Card Issue,12,3
CP500325,C103246,05-03-2025,Loan Issue,13,5
CP500326,C101052,22-05-2026,Loan Issue,8,3
CP500327,C104093,03-05-2026,Card Issue,3,4
CP500328,C104293,01-01-2025,Card Issue,14,3
CP500329,C103392,29-05-2026,Transaction Issue,13,4
CP500330,C100521,11-12-2025,App/Internet Banking,12,4
CP500331,C104302,07-04-2026,Service,7,1
CP500332,C101721,02-09-2025,Transaction Issue,2,2
CP500333,C103084,11-02-2026,Loan Issue,6,4
CP500334,C102796,16-04-2026,Service,7,3
CP500335,C103043,28-02-2025,Loan Issue,10,5
CP500336,C104811,09-10-2025,Transaction Issue,5,5
CP500337,C104718,24-06-2025,Loan Issue,1,5
CP500338,C101281,26-04-2025,Transaction Issue,13,3
CP500339,C104886,09-01-2025,Card Issue,9,4
CP500340,C103000,30-01-2026,Fraud/Security,6,2
CP500341,C100745,07-02-2026,Service,8,2
CP500342,C104151,11-04-2026,Transaction Issue,9,2
CP500343,C103884,24-07-2025,Service,6,3
CP500344,C101982,03-01-2025,Card Issue,15,3
CP500345,C103927,25-06-2025,Service,8,3
CP500346,C104638,25-07-2025,Transaction Issue,1,5
CP500347,C102782,09-02-2025,App/Internet Banking,6,5
CP500348,C103910,04-02-2026,Loan Issue,8,4
CP500349,C104919,15-05-2026,Fraud/Security,8,2
CP500350,C100701,14-06-2026,Card Issue,3,3
CP500351,C100797,16-06-2026,App/Internet Banking,14,5
CP500352,C101406,13-05-2025,App/Internet Banking,12,5
CP500353,C100560,26-04-2026,Transaction Issue,2,5
CP500354,C104461,01-06-2026,Service,9,3
CP500355,C101745,13-02-2026,Card Issue,13,4
CP500356,C100627,21-06-2025,Card Issue,2,4
CP500357,C103186,08-01-2025,Loan Issue,1,4
CP500358,C102265,05-12-2025,Loan Issue,1,2
CP500359,C103797,22-03-2025,App/Internet Banking,7,5
CP500360,C104313,04-02-2026,Fraud/Security,9,4
CP500361,C103230,17-01-2026,Loan Issue,8,4
CP500362,C101720,01-03-2026,App/Internet Banking,2,2
CP500363,C100780,09-02-2026,Fraud/Security,12,4
CP500364,C103022,25-05-2025,Card Issue,3,1
CP500365,C102231,06-07-2025,Card Issue,6,2
CP500366,C100367,05-06-2025,Card Issue,9,5
CP500367,C104075,27-02-2025,Card Issue,3,3
CP500368,C103465,25-04-2026,Transaction Issue,1,2
CP500369,C103330,02-08-2025,Service,6,3
CP500370,C101440,21-11-2025,Transaction Issue,12,4
CP500371,C100633,26-04-2025,Service,5,4
CP500372,C104157,18-09-2025,Service,7,3
CP500373,C103955,26-09-2025,Service,8,2
CP500374,C104296,06-06-2026,Transaction Issue,3,3
CP500375,C100323,20-02-2025,Transaction Issue,6,1
CP500376,C103276,27-10-2025,Loan Issue,4,5
CP500377,C104324,17-07-2025,Transaction Issue,9,1
CP500378,C102239,29-03-2026,Card Issue,13,2
CP500379,C102706,13-01-2025,App/Internet Banking,3,4
CP500380,C104180,17-12-2025,Service,14,4
CP500381,C101026,08-03-2025,Card Issue,6,5
CP500382,C101856,24-03-2026,App/Internet Banking,14,5
CP500383,C103377,05-01-2026,Card Issue,14,4
CP500384,C101252,12-08-2025,Card Issue,7,4
CP500385,C101953,20-02-2025,Card Issue,5,4
CP500386,C104586,27-04-2025,App/Internet Banking,14,4
CP500387,C102746,19-02-2026,Loan Issue,10,5
CP500388,C100241,26-06-2025,Transaction Issue,13,4
CP500389,C100823,26-05-2026,Loan Issue,6,4
CP500390,C104660,07-12-2025,Card Issue,10,3
CP500391,C104608,12-01-2026,Transaction Issue,1,1
CP500392,C104644,28-05-2026,App/Internet Banking,15,3
CP500393,C102963,21-05-2025,Loan Issue,3,4
CP500394,C102951,20-12-2025,Service,4,4
CP500395,C101251,14-03-2025,Transaction Issue,12,3
CP500396,C102432,08-06-2026,App/Internet Banking,8,3
CP500397,C101385,24-03-2026,Transaction Issue,9,2
CP500398,C102698,06-07-2025,Card Issue,2,3
CP500399,C104292,24-04-2025,Service,1,3
CP500400,C103465,10-10-2025,App/Internet Banking,15,2
CP500401,C103773,25-06-2025,Card Issue,4,3
CP500402,C103502,30-03-2026,Loan Issue,14,5
CP500403,C101279,24-05-2025,Loan Issue,6,5
CP500404,C101500,23-02-2025,Fraud/Security,10,5
CP500405,C103474,25-05-2025,Card Issue,8,3
CP500406,C100391,12-09-2025,Card Issue,10,3
CP500407,C104214,24-01-2025,App/Internet Banking,11,1
CP500408,C104484,18-12-2025,Service,3,3
CP500409,C101526,12-01-2025,Loan Issue,6,5
CP500410,C104169,06-01-2025,Card Issue,10,4
CP500411,C102150,23-12-2025,App/Internet Banking,13,3
CP500412,C103653,15-02-2025,Loan Issue,8,3
CP500413,C101279,16-01-2025,App/Internet Banking,2,3
CP500414,C101817,14-04-2025,Card Issue,2,5
CP500415,C103618,17-03-2026,Card Issue,8,3
CP500416,C102618,08-05-2026,Card Issue,7,5
CP500417,C104127,06-02-2026,App/Internet Banking,15,4
CP500418,C101844,21-02-2026,Fraud/Security,7,2
CP500419,C100696,11-05-2025,Transaction Issue,10,4
CP500420,C100370,11-06-2025,Transaction Issue,12,4
CP500421,C100043,20-12-2025,Transaction Issue,14,4
CP500422,C104379,22-05-2026,App/Internet Banking,12,2
CP500423,C102363,02-01-2026,Card Issue,13,5
CP500424,C100186,08-12-2025,Transaction Issue,4,3
CP500425,C101562,25-03-2026,Service,7,3
CP500426,C104329,05-10-2025,Fraud/Security,3,5
CP500427,C104308,17-01-2025,Loan Issue,7,3
CP500428,C101416,06-09-2025,Loan Issue,1,4
CP500429,C101220,27-04-2025,Loan Issue,10,3
CP500430,C102290,16-03-2025,Fraud/Security,1,2
CP500431,C104382,13-05-2026,Loan Issue,8,5
CP500432,C103540,30-09-2025,Card Issue,3,4
CP500433,C102765,12-11-2025,App/Internet Banking,5,5
CP500434,C102319,27-07-2025,Service,6,3
CP500435,C104814,01-11-2025,Loan Issue,13,4
CP500436,C102597,12-03-2025,App/Internet Banking,4,5
CP500437,C103407,11-06-2025,Card Issue,8,1
CP500438,C101749,14-01-2026,Loan Issue,11,4
CP500439,C102576,11-09-2025,Card Issue,7,5
CP500440,C101465,16-01-2025,Fraud/Security,10,5
CP500441,C103102,13-06-2025,App/Internet Banking,15,1
CP500442,C100899,23-10-2025,Card Issue,13,3
CP500443,C102727,20-02-2025,Service,9,3
CP500444,C103473,29-01-2025,Card Issue,9,1
CP500445,C100481,24-09-2025,Fraud/Security,4,4
CP500446,C102289,20-05-2025,Service,3,3
CP500447,C102097,03-06-2026,Loan Issue,3,4
CP500448,C104476,26-08-2025,Card Issue,5,5
CP500449,C100899,20-08-2025,Transaction Issue,8,3
CP500450,C103123,05-05-2025,Transaction Issue,5,5
CP500451,C100930,26-08-2025,Service,3,4
CP500452,C100366,25-02-2025,Card Issue,10,4
CP500453,C100493,27-07-2025,Transaction Issue,2,2
CP500454,C101222,07-05-2025,Card Issue,9,3
CP500455,C104176,28-05-2026,Fraud/Security,2,5
CP500456,C104998,18-05-2026,Service,9,5
CP500457,C100682,04-06-2026,Transaction Issue,10,4
CP500458,C101333,18-04-2025,Service,5,5
CP500459,C100866,16-07-2025,Transaction Issue,6,5
CP500460,C104301,21-06-2025,App/Internet Banking,8,5
CP500461,C104903,22-12-2025,Transaction Issue,14,1
CP500462,C104424,06-01-2025,Transaction Issue,9,4
CP500463,C100957,24-10-2025,Card Issue,15,5
CP500464,C103083,21-02-2025,App/Internet Banking,2,5
CP500465,C100129,25-04-2025,App/Internet Banking,3,4
CP500466,C104214,14-10-2025,Service,8,4
CP500467,C104581,11-01-2025,Service,8,2
CP500468,C104097,08-02-2026,App/Internet Banking,15,2
CP500469,C101951,08-02-2025,Service,11,2
CP500470,C103012,05-05-2025,App/Internet Banking,5,2
CP500471,C102428,18-11-2025,Service,12,1
CP500472,C104636,29-06-2026,Card Issue,8,4
CP500473,C104686,13-04-2026,App/Internet Banking,6,4
CP500474,C103654,02-04-2025,Transaction Issue,13,4
CP500475,C104037,17-01-2025,Transaction Issue,10,3
CP500476,C101429,03-07-2025,Loan Issue,15,4
CP500477,C102677,27-06-2026,App/Internet Banking,10,1
CP500478,C102784,10-05-2025,Card Issue,7,5
CP500479,C100250,07-06-2026,Service,9,5
CP500480,C104482,04-08-2025,Transaction Issue,3,3
CP500481,C102320,19-05-2025,Card Issue,9,4
CP500482,C103662,12-05-2026,Transaction Issue,4,5
CP500483,C103463,18-01-2025,App/Internet Banking,13,4
CP500484,C100869,17-10-2025,Service,11,5
CP500485,C100892,13-06-2026,App/Internet Banking,12,4
CP500486,C102212,04-06-2026,App/Internet Banking,3,5
CP500487,C103856,01-07-2025,Transaction Issue,6,5
CP500488,C104534,06-05-2026,Transaction Issue,12,4
CP500489,C104472,12-07-2025,Service,14,4
CP500490,C101568,18-01-2026,Service,10,5
CP500491,C102836,20-10-2025,Transaction Issue,11,5
CP500492,C100697,08-02-2025,App/Internet Banking,6,2
CP500493,C100904,09-09-2025,Transaction Issue,13,4
CP500494,C100293,07-08-2025,Card Issue,7,5
CP500495,C102729,11-12-2025,Card Issue,3,4
CP500496,C103326,12-06-2026,Service,11,2
CP500497,C103506,09-12-2025,Service,2,4
CP500498,C104117,02-09-2025,Card Issue,12,4
CP500499,C104857,04-06-2025,Service,9,5
CP500500,C101437,12-05-2025,App/Internet Banking,3,3
CP500501,C104931,15-06-2026,Transaction Issue,12,3
CP500502,C102772,01-05-2025,Service,10,4
CP500503,C100837,31-05-2025,Transaction Issue,10,4
CP500504,C101418,18-12-2025,Transaction Issue,6,4
CP500505,C101736,06-12-2025,Loan Issue,14,1
CP500506,C102174,24-03-2026,App/Internet Banking,13,4
CP500507,C102207,18-11-2025,Card Issue,6,2
CP500508,C101282,01-03-2026,Transaction Issue,1,5
CP500509,C103228,15-02-2026,Transaction Issue,4,4
CP500510,C102602,29-11-2025,App/Internet Banking,6,4
CP500511,C102813,10-02-2026,Transaction Issue,1,5
CP500512,C103590,30-01-2026,App/Internet Banking,11,5
CP500513,C104563,01-07-2025,Transaction Issue,1,4
CP500514,C100628,10-02-2026,Loan Issue,4,3
CP500515,C103389,22-11-2025,Card Issue,8,4
CP500516,C104404,16-08-2025,Fraud/Security,6,2
CP500517,C103375,20-08-2025,Card Issue,13,5
CP500518,C103544,10-05-2025,Service,11,5
CP500519,C103183,19-04-2025,Transaction Issue,1,5
CP500520,C103880,15-05-2025,Card Issue,14,3
CP500521,C101309,19-03-2025,Service,14,3
CP500522,C104945,03-05-2026,App/Internet Banking,6,2
CP500523,C100467,07-02-2025,Loan Issue,15,5
CP500524,C104973,10-07-2025,Service,5,3
CP500525,C103333,31-12-2025,Transaction Issue,9,5
CP500526,C104572,05-02-2026,Loan Issue,11,3
CP500527,C100993,09-02-2026,Fraud/Security,15,3
CP500528,C103687,03-03-2025,Fraud/Security,8,4
CP500529,C100457,07-01-2025,Fraud/Security,1,4
CP500530,C103824,25-07-2025,Transaction Issue,10,3
CP500531,C103664,02-06-2026,Fraud/Security,13,2
CP500532,C100966,19-05-2025,Service,14,4
CP500533,C103523,03-01-2025,Loan Issue,5,5
CP500534,C104713,29-11-2025,Service,9,5
CP500535,C104108,31-05-2025,Transaction Issue,3,2
CP500536,C101895,07-10-2025,App/Internet Banking,11,3
CP500537,C102217,15-05-2026,App/Internet Banking,6,5
CP500538,C103785,10-06-2026,Fraud/Security,13,5
CP500539,C103080,19-04-2025,Service,3,1
CP500540,C102824,20-08-2025,Loan Issue,10,5
CP500541,C102831,02-03-2025,Loan Issue,11,5
CP500542,C101640,25-12-2025,Card Issue,4,3
CP500543,C102808,09-06-2025,Service,5,4
CP500544,C102571,15-05-2026,Transaction Issue,3,1
CP500545,C101488,07-05-2025,Service,5,2
CP500546,C100751,17-03-2025,App/Internet Banking,7,2
CP500547,C103022,24-02-2026,App/Internet Banking,5,4
CP500548,C104075,23-06-2026,Loan Issue,2,5
CP500549,C104660,04-04-2026,Card Issue,9,1
CP500550,C100567,21-02-2025,Loan Issue,12,3
CP500551,C104303,27-10-2025,Transaction Issue,14,5
CP500552,C104526,04-12-2025,Loan Issue,4,3
CP500553,C100513,25-05-2025,Fraud/Security,9,4
CP500554,C104202,20-01-2026,Transaction Issue,12,3
CP500555,C104752,04-06-2025,Transaction Issue,15,4
CP500556,C100874,02-10-2025,App/Internet Banking,2,3
CP500557,C103312,27-03-2025,Transaction Issue,10,4
CP500558,C104827,22-03-2026,Loan Issue,2,4
CP500559,C104315,04-11-2025,Service,3,1
CP500560,C103411,25-01-2025,Loan Issue,7,3
CP500561,C104394,27-01-2026,Service,13,4
CP500562,C102949,09-05-2025,Card Issue,14,5
CP500563,C103365,06-03-2026,Service,12,4
CP500564,C100943,13-01-2026,Card Issue,4,2
CP500565,C100926,16-10-2025,Fraud/Security,9,1
CP500566,C100944,27-03-2025,Transaction Issue,6,3
CP500567,C104468,09-10-2025,App/Internet Banking,6,4
CP500568,C103158,06-05-2026,Service,11,4
CP500569,C102231,25-11-2025,Fraud/Security,6,2
CP500570,C103165,07-02-2025,Loan Issue,7,4
CP500571,C101266,29-03-2026,Service,15,5
CP500572,C103452,15-07-2025,Transaction Issue,11,5
CP500573,C101463,24-04-2025,Service,8,3
CP500574,C103868,09-10-2025,Card Issue,10,3
CP500575,C104193,13-05-2025,Transaction Issue,5,4
CP500576,C100853,07-03-2026,Fraud/Security,3,4
CP500577,C101676,05-03-2026,Transaction Issue,8,4
CP500578,C104665,17-02-2025,Service,8,2
CP500579,C104161,10-02-2026,Transaction Issue,10,5
CP500580,C104744,23-02-2025,Card Issue,13,4
CP500581,C103964,20-03-2025,Card Issue,8,4
CP500582,C103465,05-04-2026,Loan Issue,15,2
CP500583,C102122,17-03-2026,Loan Issue,6,4
CP500584,C103989,11-06-2026,Card Issue,7,5
CP500585,C102066,27-04-2026,App/Internet Banking,12,4
CP500586,C102295,10-10-2025,Loan Issue,6,5
CP500587,C101221,08-02-2026,Fraud/Security,9,4
CP500588,C100038,08-09-2025,Fraud/Security,12,1
CP500589,C102569,21-11-2025,Card Issue,8,3
CP500590,C104433,31-10-2025,Service,2,2
CP500591,C103464,21-12-2025,App/Internet Banking,1,4
CP500592,C100577,13-04-2025,Transaction Issue,8,5
CP500593,C101541,28-12-2025,Card Issue,1,5
CP500594,C100378,20-06-2025,Loan Issue,6,1
CP500595,C103998,07-04-2026,Loan Issue,15,4
CP500596,C101959,30-03-2025,Loan Issue,9,4
CP500597,C102811,21-02-2025,App/Internet Banking,15,4
CP500598,C104410,05-09-2025,Fraud/Security,14,1
CP500599,C102931,12-07-2025,App/Internet Banking,8,5
CP500600,C103781,06-06-2026,Service,3,5
CP500601,C101605,12-04-2025,Card Issue,13,4
CP500602,C100694,30-05-2025,Transaction Issue,15,4
CP500603,C100657,27-02-2025,Card Issue,6,5
CP500604,C103805,01-05-2026,App/Internet Banking,15,1
CP500605,C101290,09-02-2025,App/Internet Banking,6,4
CP500606,C104994,01-06-2025,Transaction Issue,12,4
CP500607,C104897,29-08-2025,Service,11,5
CP500608,C101447,19-11-2025,Loan Issue,6,5
CP500609,C103240,14-07-2025,Transaction Issue,9,4
CP500610,C102774,27-12-2025,Loan Issue,1,1
CP500611,C103172,03-01-2026,Card Issue,4,5
CP500612,C101921,30-03-2026,Transaction Issue,5,5
CP500613,C100306,17-02-2026,Loan Issue,5,4
CP500614,C102530,03-11-2025,Loan Issue,1,5
CP500615,C103029,18-10-2025,App/Internet Banking,5,1
CP500616,C104879,01-04-2025,App/Internet Banking,1,2
CP500617,C100739,15-05-2025,Service,15,4
CP500618,C102283,05-08-2025,Service,3,5
CP500619,C100695,11-03-2026,Loan Issue,11,4
CP500620,C104671,05-10-2025,App/Internet Banking,11,5
CP500621,C102273,04-03-2026,App/Internet Banking,14,5
CP500622,C101267,30-09-2025,Card Issue,7,4
CP500623,C104497,26-08-2025,Transaction Issue,12,4
CP500624,C103025,28-10-2025,Transaction Issue,14,5
CP500625,C102836,18-02-2026,Transaction Issue,14,4
CP500626,C103728,28-09-2025,Card Issue,7,4
CP500627,C101323,23-04-2025,Service,14,4
CP500628,C104844,23-07-2025,Loan Issue,1,3
CP500629,C103031,08-04-2025,Card Issue,13,4
CP500630,C100323,12-01-2025,Fraud/Security,8,3
CP500631,C103918,06-10-2025,Service,6,3
CP500632,C101574,18-05-2026,Service,12,4
CP500633,C104788,10-08-2025,Fraud/Security,2,3
CP500634,C102181,02-06-2026,App/Internet Banking,7,5
CP500635,C102643,14-12-2025,Fraud/Security,14,5
CP500636,C101596,22-05-2026,Fraud/Security,2,4
CP500637,C101323,15-05-2026,Card Issue,15,3
CP500638,C100760,14-09-2025,Loan Issue,13,2
CP500639,C103103,18-08-2025,Fraud/Security,9,3
CP500640,C104866,06-12-2025,Service,10,4
CP500641,C101455,03-09-2025,Service,15,4
CP500642,C100516,08-09-2025,Loan Issue,15,5
CP500643,C100541,10-10-2025,App/Internet Banking,1,5
CP500644,C101796,27-04-2026,App/Internet Banking,13,2
CP500645,C102673,19-09-2025,Transaction Issue,4,4
CP500646,C100441,30-01-2025,Loan Issue,10,5
CP500647,C102763,11-03-2026,Transaction Issue,9,4
CP500648,C103666,02-12-2025,Transaction Issue,10,4
CP500649,C101381,04-09-2025,Fraud/Security,3,4
CP500650,C101656,17-03-2025,App/Internet Banking,3,4
CP500651,C103400,02-01-2025,Card Issue,9,3
CP500652,C100544,24-05-2026,Transaction Issue,8,5
CP500653,C104249,20-05-2026,Card Issue,10,5
CP500654,C104090,01-12-2025,App/Internet Banking,4,4
CP500655,C104590,18-01-2026,Service,10,3
CP500656,C102880,10-06-2025,Transaction Issue,15,3
CP500657,C101214,16-03-2025,Transaction Issue,8,4
CP500658,C104907,06-08-2025,App/Internet Banking,15,3
CP500659,C100004,09-01-2026,Transaction Issue,1,4
CP500660,C102286,10-11-2025,Transaction Issue,12,5
CP500661,C103034,07-04-2025,Card Issue,5,2
CP500662,C100068,10-11-2025,Loan Issue,4,3
CP500663,C102076,06-08-2025,Transaction Issue,7,5
CP500664,C104488,29-06-2026,Transaction Issue,15,3
CP500665,C103655,08-06-2025,Service,2,3
CP500666,C102274,22-01-2025,Transaction Issue,13,4
CP500667,C104282,26-03-2025,App/Internet Banking,13,2
CP500668,C101273,19-12-2025,App/Internet Banking,13,4
CP500669,C103640,23-09-2025,Loan Issue,10,3
CP500670,C104700,31-03-2025,Transaction Issue,8,4
CP500671,C100455,10-04-2025,Service,10,3
CP500672,C101264,02-10-2025,App/Internet Banking,7,4
CP500673,C101184,10-02-2026,Service,6,2
CP500674,C104992,24-03-2026,Loan Issue,10,4
CP500675,C101857,03-01-2026,Service,7,4
CP500676,C100905,08-04-2025,App/Internet Banking,2,2
CP500677,C104450,15-04-2025,Transaction Issue,2,4
CP500678,C104513,22-12-2025,Transaction Issue,12,4
CP500679,C101087,12-03-2025,Loan Issue,12,3
CP500680,C102227,08-02-2025,Transaction Issue,3,5
CP500681,C101978,23-05-2026,App/Internet Banking,10,4
CP500682,C102068,29-06-2026,Card Issue,3,3
CP500683,C104048,14-02-2025,Loan Issue,5,4
CP500684,C102871,08-03-2026,Fraud/Security,14,4
CP500685,C104773,27-05-2026,Card Issue,3,1
CP500686,C103461,28-08-2025,Transaction Issue,15,4
CP500687,C102471,24-01-2025,Transaction Issue,8,4
CP500688,C102196,13-01-2026,App/Internet Banking,1,5
CP500689,C104490,20-02-2026,Service,8,3
CP500690,C102993,29-01-2026,Card Issue,2,4
CP500691,C100515,12-10-2025,Service,4,2
CP500692,C102525,07-06-2025,App/Internet Banking,14,4
CP500693,C100700,03-10-2025,Transaction Issue,12,5
CP500694,C103577,17-05-2025,Transaction Issue,15,4
CP500695,C103207,27-10-2025,Card Issue,10,1
CP500696,C104275,04-01-2025,Card Issue,13,1
CP500697,C100917,07-01-2026,Service,12,3
CP500698,C100119,03-04-2026,Transaction Issue,11,5
CP500699,C104899,13-07-2025,Transaction Issue,14,4
CP500700,C103204,08-02-2025,Service,12,4
CP500701,C103571,06-04-2026,App/Internet Banking,5,4
CP500702,C104626,07-12-2025,Fraud/Security,6,5
CP500703,C103675,30-12-2025,Loan Issue,10,5
CP500704,C101575,08-06-2025,Transaction Issue,15,4
CP500705,C103896,26-05-2026,Service,1,1
CP500706,C103845,23-10-2025,Transaction Issue,10,4
CP500707,C100710,12-08-2025,Loan Issue,1,3
CP500708,C104913,17-03-2025,Service,4,5
CP500709,C100722,17-01-2026,Transaction Issue,14,4
CP500710,C101263,09-10-2025,Loan Issue,4,4
CP500711,C100792,22-03-2026,Card Issue,10,2
CP500712,C103118,23-05-2025,App/Internet Banking,9,1
CP500713,C102813,19-12-2025,Loan Issue,10,2
CP500714,C100748,27-05-2025,Transaction Issue,7,4
CP500715,C104063,18-10-2025,Transaction Issue,9,4
CP500716,C100543,23-10-2025,App/Internet Banking,8,4
CP500717,C104436,11-05-2025,Fraud/Security,14,4
CP500718,C104120,16-02-2025,App/Internet Banking,14,5
CP500719,C104812,09-06-2026,Transaction Issue,14,5
CP500720,C101571,10-06-2026,Transaction Issue,10,5
CP500721,C102760,11-04-2025,Transaction Issue,12,4
CP500722,C103465,15-02-2025,App/Internet Banking,7,2
CP500723,C100248,29-11-2025,App/Internet Banking,4,4
CP500724,C101568,23-01-2025,Service,12,4
CP500725,C104013,17-01-2025,Service,9,1
CP500726,C102475,28-08-2025,Card Issue,10,3
CP500727,C100161,13-04-2026,Card Issue,2,1
CP500728,C101804,27-05-2025,Fraud/Security,8,1
CP500729,C101501,08-07-2025,Transaction Issue,10,2
CP500730,C103118,01-02-2025,Service,10,3
CP500731,C100133,15-05-2025,Fraud/Security,4,3
CP500732,C104578,01-04-2026,Loan Issue,13,3
CP500733,C103912,09-04-2026,Transaction Issue,3,3
CP500734,C101682,01-02-2026,Transaction Issue,14,5
CP500735,C103542,12-12-2025,Service,6,4
CP500736,C103466,02-01-2026,Transaction Issue,4,4
CP500737,C102951,08-06-2025,App/Internet Banking,7,3
CP500738,C104731,27-10-2025,Card Issue,7,1
CP500739,C101446,01-01-2026,Transaction Issue,1,1
CP500740,C101720,15-06-2026,Fraud/Security,10,4
CP500741,C102572,13-05-2026,Card Issue,15,3
CP500742,C104161,11-08-2025,Transaction Issue,5,5
CP500743,C101468,14-12-2025,Card Issue,3,4
CP500744,C102543,05-06-2026,Service,8,4
CP500745,C101910,27-04-2026,Card Issue,8,4
CP500746,C104057,02-11-2025,Transaction Issue,5,3
CP500747,C100432,10-02-2026,App/Internet Banking,2,4
CP500748,C103353,31-05-2026,App/Internet Banking,7,4
CP500749,C100049,08-08-2025,App/Internet Banking,8,5
CP500750,C100057,08-10-2025,Transaction Issue,1,4
CP500751,C100324,29-06-2025,Card Issue,7,1
CP500752,C103292,23-03-2025,Service,1,1
CP500753,C100320,14-12-2025,App/Internet Banking,10,3
CP500754,C100067,06-01-2026,Loan Issue,10,4
CP500755,C104397,20-01-2026,Service,1,2
CP500756,C101291,11-02-2026,Loan Issue,13,4
CP500757,C104195,16-04-2026,Card Issue,9,4
CP500758,C102779,15-03-2025,Service,1,4
CP500759,C103602,07-05-2025,Card Issue,3,4
CP500760,C103308,03-06-2026,Card Issue,3,1
CP500761,C103193,13-11-2025,Service,2,4
CP500762,C104244,16-11-2025,Loan Issue,15,1
CP500763,C102194,20-12-2025,Fraud/Security,9,4
CP500764,C103633,14-04-2026,Transaction Issue,9,3
CP500765,C103000,29-03-2026,Transaction Issue,10,2
CP500766,C101195,10-11-2025,Transaction Issue,10,4
CP500767,C101788,18-05-2026,App/Internet Banking,4,3
CP500768,C104452,17-07-2025,Loan Issue,3,3
CP500769,C102992,04-03-2025,Service,2,3
CP500770,C102045,16-05-2025,Transaction Issue,1,4
CP500771,C102535,23-03-2025,Transaction Issue,3,2
CP500772,C100940,16-03-2026,Fraud/Security,1,2
CP500773,C102989,15-01-2026,Transaction Issue,4,2
CP500774,C100291,31-05-2026,Card Issue,12,5
CP500775,C103152,16-12-2025,Loan Issue,14,5
CP500776,C102274,09-07-2025,App/Internet Banking,3,2
CP500777,C102992,22-02-2026,App/Internet Banking,7,2
CP500778,C103082,08-12-2025,Service,14,5
CP500779,C102850,07-06-2025,Card Issue,11,1
CP500780,C101242,28-06-2025,Transaction Issue,15,4
CP500781,C104650,12-01-2026,App/Internet Banking,5,5
CP500782,C100903,14-03-2025,Loan Issue,1,2
CP500783,C102044,16-06-2025,Service,6,4
CP500784,C100308,27-01-2026,App/Internet Banking,11,4
CP500785,C100491,10-01-2026,Card Issue,4,4
CP500786,C104714,08-01-2026,Card Issue,11,5
CP500787,C103943,26-01-2025,Service,12,1
CP500788,C104810,26-01-2026,Service,13,4
CP500789,C100575,27-09-2025,Service,14,3
CP500790,C102770,01-07-2025,Service,9,3
CP500791,C101945,11-11-2025,App/Internet Banking,9,3
CP500792,C104998,08-11-2025,Fraud/Security,8,2
CP500793,C101043,03-04-2025,Card Issue,6,4
CP500794,C104080,02-04-2025,Transaction Issue,7,1
CP500795,C102387,16-06-2025,App/Internet Banking,5,5
CP500796,C102070,23-08-2025,Transaction Issue,10,3
CP500797,C104913,10-01-2025,Loan Issue,5,3
CP500798,C104214,01-12-2025,Fraud/Security,1,5
CP500799,C101516,30-06-2026,Transaction Issue,6,1
CP500800,C103314,26-03-2025,Loan Issue,9,4
CP500801,C104757,15-07-2025,App/Internet Banking,2,4
CP500802,C102535,21-05-2026,Loan Issue,2,4
CP500803,C102733,12-05-2025,App/Internet Banking,13,4
CP500804,C102690,11-03-2026,Loan Issue,2,4
CP500805,C101844,22-10-2025,Card Issue,12,1
CP500806,C102354,22-09-2025,Loan Issue,7,4
CP500807,C102603,11-11-2025,Card Issue,2,4
CP500808,C104203,10-06-2026,App/Internet Banking,10,3
CP500809,C102699,21-02-2026,App/Internet Banking,14,4
CP500810,C104417,30-09-2025,Card Issue,7,1
CP500811,C100670,07-02-2026,Loan Issue,2,4
CP500812,C103916,28-06-2025,App/Internet Banking,2,5
CP500813,C101472,03-03-2026,Fraud/Security,8,4
CP500814,C102298,22-05-2025,Loan Issue,13,5
CP500815,C101029,20-05-2026,Card Issue,4,3
CP500816,C101973,17-06-2026,Fraud/Security,9,2
CP500817,C103864,21-01-2026,Transaction Issue,5,4
CP500818,C102735,13-03-2026,Card Issue,6,4
CP500819,C101407,15-06-2026,Service,2,5
CP500820,C101870,01-04-2026,Transaction Issue,8,3
CP500821,C100435,24-05-2025,Transaction Issue,12,3
CP500822,C104484,01-05-2025,Card Issue,4,1
CP500823,C102920,05-01-2025,Card Issue,13,4
CP500824,C102851,12-03-2025,Loan Issue,12,4
CP500825,C100429,02-05-2026,Service,3,3
CP500826,C101125,20-02-2026,Loan Issue,3,5
CP500827,C102434,03-08-2025,Card Issue,12,5
CP500828,C104981,25-04-2026,Service,7,5
CP500829,C102533,10-03-2026,Service,10,5
CP500830,C102685,20-03-2025,Loan Issue,15,3
CP500831,C103961,06-02-2026,Service,3,5
CP500832,C100835,13-03-2026,App/Internet Banking,4,5
CP500833,C103734,15-07-2025,Loan Issue,6,4
CP500834,C102838,27-05-2025,Card Issue,3,4
CP500835,C104628,27-05-2025,Loan Issue,5,3
CP500836,C104929,12-04-2026,App/Internet Banking,7,5
CP500837,C103923,24-03-2025,Fraud/Security,13,5
CP500838,C103575,27-08-2025,Transaction Issue,1,1
CP500839,C100521,25-08-2025,Transaction Issue,4,4
CP500840,C100940,25-10-2025,App/Internet Banking,3,3
CP500841,C101782,11-02-2026,Loan Issue,9,4
CP500842,C104615,24-03-2026,Loan Issue,13,5
CP500843,C104413,25-06-2026,Transaction Issue,8,2
CP500844,C104549,06-01-2026,Fraud/Security,15,3
CP500845,C102423,20-08-2025,Loan Issue,15,2
CP500846,C103669,10-03-2025,Card Issue,15,4
CP500847,C104374,06-05-2025,Card Issue,6,4
CP500848,C102830,28-04-2026,Loan Issue,3,2
CP500849,C100597,24-11-2025,Service,9,3
CP500850,C103024,20-11-2025,Service,10,4
CP500851,C103078,11-01-2025,Transaction Issue,6,4
CP500852,C100058,18-02-2025,Service,6,3
CP500853,C103136,12-06-2025,App/Internet Banking,10,2
CP500854,C100374,19-04-2026,Fraud/Security,11,2
CP500855,C100349,26-04-2026,Service,14,4
CP500856,C100147,15-11-2025,App/Internet Banking,11,4
CP500857,C104745,29-01-2026,Service,6,1
CP500858,C101860,19-02-2026,Fraud/Security,2,4
CP500859,C103418,13-08-2025,App/Internet Banking,1,2
CP500860,C102670,01-04-2025,Loan Issue,1,4
CP500861,C102647,21-03-2026,Loan Issue,2,5
CP500862,C102014,21-10-2025,Fraud/Security,4,2
CP500863,C103402,30-05-2025,Transaction Issue,2,4
CP500864,C104043,25-01-2026,Transaction Issue,4,1
CP500865,C100947,18-04-2025,Loan Issue,1,1
CP500866,C100609,22-02-2026,App/Internet Banking,4,2
CP500867,C102869,18-05-2025,Card Issue,12,3
CP500868,C101717,03-10-2025,Transaction Issue,2,3
CP500869,C103780,23-09-2025,App/Internet Banking,11,5
CP500870,C101513,03-08-2025,Service,8,4
CP500871,C102473,06-01-2026,App/Internet Banking,14,3
CP500872,C100991,17-01-2025,Service,3,3
CP500873,C102863,04-08-2025,Fraud/Security,7,5
CP500874,C102431,31-03-2025,Card Issue,10,4
CP500875,C102359,04-04-2026,Service,3,3
CP500876,C100168,13-04-2026,Card Issue,15,4
CP500877,C103276,23-12-2025,App/Internet Banking,8,3
CP500878,C101327,03-01-2026,Loan Issue,13,3
CP500879,C102607,23-06-2025,Service,3,1
CP500880,C104193,29-03-2025,Card Issue,8,5
CP500881,C101065,31-03-2026,Fraud/Security,5,5
CP500882,C102348,06-03-2025,Transaction Issue,13,4
CP500883,C102977,02-12-2025,Loan Issue,8,2
CP500884,C100236,08-03-2025,App/Internet Banking,6,5
CP500885,C100495,05-06-2026,Card Issue,10,4
CP500886,C103204,22-05-2025,Transaction Issue,11,1
CP500887,C104377,04-06-2025,Card Issue,8,3
CP500888,C101470,01-12-2025,Transaction Issue,7,4
CP500889,C104118,27-01-2025,Service,5,1
CP500890,C104402,06-07-2025,App/Internet Banking,1,5
CP500891,C100045,12-05-2025,Service,3,4
CP500892,C104249,18-03-2026,Card Issue,6,1
CP500893,C102180,08-01-2025,Service,14,2
CP500894,C102759,12-07-2025,Transaction Issue,13,3
CP500895,C104707,23-07-2025,Service,10,4
CP500896,C101439,15-12-2025,Fraud/Security,15,5
CP500897,C104620,28-08-2025,Card Issue,15,4
CP500898,C102865,23-06-2025,Transaction Issue,12,3
CP500899,C102499,01-04-2026,Service,3,2
CP500900,C101153,09-09-2025,Card Issue,8,4
CP500901,C102369,19-05-2025,Transaction Issue,8,4
CP500902,C100531,10-03-2026,Fraud/Security,15,3
CP500903,C100314,16-01-2026,Service,2,2
CP500904,C101116,06-03-2026,Service,5,2
CP500905,C102184,06-02-2025,Service,4,1
CP500906,C102884,17-09-2025,App/Internet Banking,13,5
CP500907,C102221,09-06-2025,Service,3,3
CP500908,C104340,22-05-2025,Fraud/Security,11,4
CP500909,C103572,22-02-2026,Service,15,4
CP500910,C103339,26-05-2026,Transaction Issue,11,4
CP500911,C101969,13-10-2025,Transaction Issue,5,3
CP500912,C102613,02-06-2025,App/Internet Banking,5,4
CP500913,C100334,21-05-2025,Card Issue,9,2
CP500914,C104497,30-04-2026,Card Issue,15,5
CP500915,C100599,15-03-2025,App/Internet Banking,11,2
CP500916,C104162,15-02-2025,Fraud/Security,10,4
CP500917,C103832,28-07-2025,Transaction Issue,4,5
CP500918,C104580,22-01-2025,Transaction Issue,11,4
CP500919,C102748,10-06-2025,App/Internet Banking,14,3
CP500920,C101377,03-03-2026,Service,4,4
CP500921,C102643,26-04-2026,App/Internet Banking,8,4
CP500922,C103746,10-07-2025,Card Issue,11,5
CP500923,C101704,02-03-2026,Card Issue,1,5
CP500924,C103790,20-03-2025,Card Issue,7,2
CP500925,C100261,28-08-2025,Service,3,3
CP500926,C101260,25-04-2025,App/Internet Banking,13,4
CP500927,C104209,05-08-2025,Service,1,3
CP500928,C104058,19-03-2026,Card Issue,11,5
CP500929,C101762,14-07-2025,Loan Issue,12,4
CP500930,C102258,16-07-2025,Fraud/Security,3,5
CP500931,C104723,21-04-2025,Transaction Issue,10,4
CP500932,C103960,26-09-2025,Card Issue,7,3
CP500933,C101868,14-01-2026,Card Issue,4,3
CP500934,C104839,18-01-2026,Transaction Issue,13,4
CP500935,C100944,10-09-2025,Loan Issue,8,5
CP500936,C103016,12-05-2026,Transaction Issue,11,4
CP500937,C103038,11-07-2025,Loan Issue,15,3
CP500938,C102522,08-06-2026,Service,10,3
CP500939,C101765,08-11-2025,App/Internet Banking,8,1
CP500940,C100345,02-04-2026,Card Issue,6,1
CP500941,C102554,25-05-2026,Fraud/Security,2,4
CP500942,C103278,23-01-2025,Transaction Issue,1,4
CP500943,C104964,28-09-2025,Loan Issue,3,2
CP500944,C100709,05-06-2026,Card Issue,9,5
CP500945,C103679,19-03-2026,Loan Issue,6,3
CP500946,C104278,19-12-2025,Loan Issue,10,3
CP500947,C104845,02-05-2025,Card Issue,6,4
CP500948,C104838,10-05-2026,Loan Issue,10,3
CP500949,C101904,04-05-2026,Transaction Issue,13,3
CP500950,C104005,06-05-2025,Service,11,4
CP500951,C101372,24-11-2025,Fraud/Security,9,5
CP500952,C100338,15-03-2025,Loan Issue,10,2
CP500953,C100711,13-04-2026,Transaction Issue,8,4
CP500954,C103876,24-01-2026,Service,2,4
CP500955,C104344,12-12-2025,Transaction Issue,15,5
CP500956,C103784,12-05-2025,Card Issue,6,5
CP500957,C103321,02-04-2026,Transaction Issue,1,1
CP500958,C103242,17-09-2025,Service,2,4
CP500959,C100963,05-07-2025,Card Issue,1,3
CP500960,C102781,14-09-2025,Fraud/Security,14,2
CP500961,C103763,14-10-2025,Transaction Issue,3,4
CP500962,C104331,30-11-2025,App/Internet Banking,13,5
CP500963,C103680,12-09-2025,App/Internet Banking,15,4
CP500964,C104758,27-06-2025,Service,1,2
CP500965,C101568,22-03-2025,Service,15,3
CP500966,C100088,23-03-2025,Card Issue,1,4
CP500967,C104689,07-06-2025,Fraud/Security,1,3
CP500968,C101777,26-12-2025,Transaction Issue,7,1
CP500969,C104316,21-02-2026,Card Issue,11,2
CP500970,C100835,13-08-2025,App/Internet Banking,13,4
CP500971,C100274,18-01-2026,Service,14,4
CP500972,C100647,22-03-2025,Card Issue,2,4
CP500973,C103347,19-05-2026,App/Internet Banking,10,4
CP500974,C103422,31-03-2026,Transaction Issue,10,2
CP500975,C104213,01-07-2025,Card Issue,7,4
CP500976,C100574,15-11-2025,Card Issue,12,5
CP500977,C104254,06-11-2025,Loan Issue,8,2
CP500978,C104859,22-02-2025,Transaction Issue,1,5
CP500979,C104972,21-08-2025,Loan Issue,2,4
CP500980,C102613,16-06-2026,Fraud/Security,3,4
CP500981,C104835,31-10-2025,Loan Issue,6,3
CP500982,C100425,12-08-2025,App/Internet Banking,7,5
CP500983,C100781,28-04-2026,Fraud/Security,10,2
CP500984,C102385,15-08-2025,Transaction Issue,9,5
CP500985,C101120,24-10-2025,Loan Issue,3,4
CP500986,C101817,08-09-2025,Transaction Issue,10,3
CP500987,C103878,10-05-2025,Service,3,4
CP500988,C102860,06-01-2025,Loan Issue,2,3
CP500989,C104046,05-07-2025,Service,15,1
CP500990,C104619,12-04-2026,Transaction Issue,1,1
CP500991,C104243,02-06-2026,Fraud/Security,11,4
CP500992,C104987,07-08-2025,Loan Issue,2,4
CP500993,C102455,17-07-2025,Card Issue,5,5
CP500994,C101283,27-05-2026,App/Internet Banking,9,5
CP500995,C101132,15-01-2026,Service,1,5
CP500996,C102704,16-05-2025,Service,11,2
CP500997,C100244,06-02-2026,Card Issue,3,3
CP500998,C103228,21-08-2025,Loan Issue,12,4
CP500999,C101266,09-12-2025,Transaction Issue,9,5
CP501000,C104131,06-04-2025,App/Internet Banking,3,4
CP501001,C101894,12-06-2025,Transaction Issue,7,4
CP501002,C103068,10-09-2025,Transaction Issue,1,5
CP501003,C101717,19-01-2026,App/Internet Banking,4,5
CP501004,C103102,08-06-2026,Card Issue,9,3
CP501005,C103082,01-10-2025,Card Issue,9,1
CP501006,C101618,29-03-2026,Card Issue,5,4
CP501007,C100742,10-11-2025,Service,4,1
CP501008,C100320,10-02-2026,Card Issue,12,4
CP501009,C102966,07-07-2025,App/Internet Banking,10,4
CP501010,C100107,20-10-2025,Transaction Issue,1,3
CP501011,C101939,03-04-2025,Card Issue,14,4
CP501012,C103487,23-08-2025,Transaction Issue,9,5
CP501013,C103032,05-06-2025,Card Issue,8,3
CP501014,C100320,19-03-2025,Transaction Issue,13,5
CP501015,C100664,03-06-2026,Service,15,5
CP501016,C104625,05-12-2025,Service,15,1
CP501017,C100697,01-09-2025,Transaction Issue,7,5
CP501018,C101365,02-06-2026,Card Issue,8,5
CP501019,C104798,11-03-2026,Transaction Issue,10,5
CP501020,C101939,24-01-2025,Transaction Issue,2,4
CP501021,C100685,11-06-2025,Transaction Issue,7,4
CP501022,C101059,16-09-2025,Loan Issue,4,4
CP501023,C102233,25-11-2025,Transaction Issue,12,4
CP501024,C100453,01-09-2025,Service,10,4
CP501025,C104842,27-01-2026,Transaction Issue,9,1
CP501026,C103692,30-05-2025,Transaction Issue,1,3
CP501027,C103389,17-02-2025,Loan Issue,3,2
CP501028,C103455,25-02-2025,Loan Issue,6,5
CP501029,C101664,30-01-2026,App/Internet Banking,5,5
CP501030,C101120,30-04-2026,App/Internet Banking,15,5
CP501031,C100166,04-02-2026,Service,7,2
CP501032,C104449,09-03-2025,Fraud/Security,11,5
CP501033,C102491,03-05-2025,Transaction Issue,13,4
CP501034,C103092,13-06-2025,Loan Issue,13,4
CP501035,C101616,15-03-2026,App/Internet Banking,4,1
CP501036,C100303,25-07-2025,Fraud/Security,4,3
CP501037,C102282,22-01-2025,Card Issue,15,4
CP501038,C100851,19-03-2025,Loan Issue,5,5
CP501039,C101914,26-01-2026,Transaction Issue,7,2
CP501040,C100084,24-06-2026,App/Internet Banking,5,3
CP501041,C101104,04-04-2025,Transaction Issue,14,5
CP501042,C101137,26-07-2025,Service,14,4
CP501043,C101852,19-02-2025,Loan Issue,14,2
CP501044,C102873,24-05-2025,Card Issue,6,3
CP501045,C100658,12-03-2025,Service,3,5
CP501046,C101434,22-05-2025,Card Issue,1,3
CP501047,C102653,24-03-2025,Loan Issue,9,3
CP501048,C102145,21-05-2026,Card Issue,5,5
CP501049,C104817,22-12-2025,Transaction Issue,8,3
CP501050,C100184,16-12-2025,Service,7,4
CP501051,C101454,13-06-2026,App/Internet Banking,13,3
CP501052,C100325,05-04-2025,Transaction Issue,15,5
CP501053,C103716,25-08-2025,Transaction Issue,2,4
CP501054,C100471,08-06-2026,App/Internet Banking,13,3
CP501055,C104841,07-02-2026,Card Issue,8,5
CP501056,C101555,07-03-2025,Loan Issue,5,3
CP501057,C102360,03-10-2025,Service,7,2
CP501058,C102345,18-02-2025,App/Internet Banking,15,4
CP501059,C103105,11-04-2026,Transaction Issue,3,3
CP501060,C100620,19-03-2025,Loan Issue,9,3
CP501061,C100858,24-10-2025,Transaction Issue,11,2
CP501062,C101527,13-06-2026,Fraud/Security,13,4
CP501063,C102100,26-11-2025,App/Internet Banking,4,3
CP501064,C102947,01-03-2026,Loan Issue,10,3
CP501065,C103900,06-04-2026,App/Internet Banking,14,4
CP501066,C103591,20-11-2025,Service,11,4
CP501067,C104317,10-02-2025,Service,5,3
CP501068,C103844,25-10-2025,Service,4,3
CP501069,C104949,26-01-2025,Transaction Issue,13,3
CP501070,C101166,02-07-2025,Service,5,5
CP501071,C100163,28-09-2025,Transaction Issue,10,4
CP501072,C100961,20-11-2025,Service,5,3
CP501073,C103374,17-02-2025,Card Issue,11,3
CP501074,C102571,29-06-2025,Transaction Issue,8,5
CP501075,C103475,02-06-2026,Card Issue,1,3
CP501076,C102368,21-01-2025,Transaction Issue,3,4
CP501077,C101520,02-08-2025,App/Internet Banking,1,2
CP501078,C104314,04-05-2025,Service,15,4
CP501079,C103583,16-04-2025,Loan Issue,8,5
CP501080,C104814,05-09-2025,Card Issue,3,4
CP501081,C100642,24-04-2026,App/Internet Banking,12,5
CP501082,C102732,25-09-2025,Transaction Issue,7,4
CP501083,C104840,28-11-2025,Transaction Issue,11,1
CP501084,C103205,11-04-2025,Loan Issue,11,4
CP501085,C102038,02-05-2026,Loan Issue,7,5
CP501086,C103704,08-03-2025,Service,3,4
CP501087,C102780,05-12-2025,Loan Issue,10,5
CP501088,C104161,05-04-2025,Transaction Issue,1,3
CP501089,C103214,25-02-2025,Loan Issue,7,4
CP501090,C104911,13-02-2026,App/Internet Banking,3,3
CP501091,C104213,29-05-2025,App/Internet Banking,9,5
CP501092,C101965,04-02-2025,Service,9,3
CP501093,C101706,06-01-2026,Loan Issue,5,5
CP501094,C102816,27-09-2025,Loan Issue,2,4
CP501095,C103714,30-06-2026,App/Internet Banking,11,4
CP501096,C104181,22-05-2026,Service,2,1
CP501097,C101960,03-07-2025,Transaction Issue,15,3
CP501098,C103643,18-07-2025,Service,12,2
CP501099,C101951,05-04-2025,App/Internet Banking,1,4
CP501100,C102379,27-08-2025,App/Internet Banking,8,2
CP501101,C100204,15-11-2025,Card Issue,6,3
CP501102,C100769,28-09-2025,Service,2,2
CP501103,C102844,25-04-2026,Service,11,3
CP501104,C102934,11-07-2025,Transaction Issue,1,3
CP501105,C100065,08-10-2025,Service,4,3
CP501106,C104849,31-05-2026,Fraud/Security,7,4
CP501107,C102468,11-03-2026,Card Issue,14,5
CP501108,C103092,06-02-2026,Loan Issue,14,5
CP501109,C102221,06-10-2025,Fraud/Security,2,3
CP501110,C102143,06-07-2025,Loan Issue,9,3
CP501111,C101114,20-03-2025,Card Issue,7,4
CP501112,C100863,09-12-2025,App/Internet Banking,4,4
CP501113,C100715,16-02-2026,Service,6,4
CP501114,C103835,06-05-2025,Card Issue,11,4
CP501115,C102555,28-05-2025,Loan Issue,12,3
CP501116,C103359,13-02-2026,Fraud/Security,2,1
CP501117,C101728,09-03-2026,App/Internet Banking,1,4
CP501118,C101446,25-05-2025,Service,15,2
CP501119,C104061,13-03-2025,Loan Issue,7,1
CP501120,C101221,19-02-2026,Loan Issue,3,4
CP501121,C103949,09-10-2025,Card Issue,8,5
CP501122,C102401,12-06-2025,Transaction Issue,5,4
CP501123,C103466,17-01-2025,Transaction Issue,7,2
CP501124,C101458,24-03-2026,App/Internet Banking,5,3
CP501125,C101190,19-12-2025,Fraud/Security,7,3
CP501126,C104513,07-01-2026,Fraud/Security,1,5
CP501127,C100314,05-03-2025,Card Issue,8,3
CP501128,C100354,01-08-2025,App/Internet Banking,15,5
CP501129,C102478,30-11-2025,Fraud/Security,9,2
CP501130,C104633,06-02-2026,App/Internet Banking,14,4
CP501131,C102499,02-07-2025,Transaction Issue,5,4
CP501132,C102210,01-04-2025,Loan Issue,15,4
CP501133,C104795,27-09-2025,App/Internet Banking,13,5
CP501134,C103293,17-02-2026,Service,2,1
CP501135,C103732,30-06-2026,Service,14,5
CP501136,C103448,16-06-2026,Service,3,5
CP501137,C103032,30-05-2026,Transaction Issue,9,5
CP501138,C104199,29-09-2025,App/Internet Banking,5,4
CP501139,C104292,03-07-2025,Transaction Issue,13,4
CP501140,C104289,09-11-2025,Service,9,3
CP501141,C102640,06-09-2025,Transaction Issue,6,4
CP501142,C102964,03-12-2025,App/Internet Banking,1,4
CP501143,C102144,20-06-2026,Transaction Issue,14,4
CP501144,C100706,11-01-2025,Transaction Issue,11,3
CP501145,C102577,28-04-2026,Loan Issue,6,4
CP501146,C103089,05-07-2025,Card Issue,15,4
CP501147,C103106,19-06-2025,Card Issue,8,5
CP501148,C100829,01-09-2025,Fraud/Security,9,3
CP501149,C101359,14-03-2026,Transaction Issue,11,5
CP501150,C100634,23-01-2026,Card Issue,15,2
CP501151,C102049,29-05-2026,Loan Issue,3,2
CP501152,C102383,11-04-2026,App/Internet Banking,14,2
CP501153,C104229,17-06-2026,Card Issue,11,4
CP501154,C102635,20-04-2025,App/Internet Banking,2,4
CP501155,C103489,06-02-2026,Card Issue,13,2
CP501156,C104641,20-12-2025,Card Issue,13,3
CP501157,C100215,12-05-2025,Fraud/Security,11,4
CP501158,C103956,10-03-2025,Loan Issue,8,4
CP501159,C101219,05-06-2025,Transaction Issue,14,1
CP501160,C100727,19-03-2026,Transaction Issue,9,2
CP501161,C104175,26-07-2025,Transaction Issue,6,2
CP501162,C102207,08-04-2026,Fraud/Security,2,4
CP501163,C100539,30-01-2026,Fraud/Security,7,4
CP501164,C104948,17-04-2026,Transaction Issue,6,3
CP501165,C104091,13-06-2026,App/Internet Banking,8,1
CP501166,C103124,19-12-2025,Loan Issue,14,4
CP501167,C102305,05-02-2026,App/Internet Banking,5,4
CP501168,C103546,02-03-2026,App/Internet Banking,15,5
CP501169,C100570,19-05-2026,App/Internet Banking,9,4
CP501170,C104411,27-03-2026,Loan Issue,7,5
CP501171,C103806,22-05-2026,App/Internet Banking,2,4
CP501172,C102385,21-04-2026,Card Issue,8,4
CP501173,C101584,25-04-2026,Card Issue,3,3
CP501174,C100265,25-05-2026,Transaction Issue,15,4
CP501175,C101772,06-06-2026,App/Internet Banking,11,3
CP501176,C100297,03-02-2025,Card Issue,8,2
CP501177,C104829,20-06-2025,Transaction Issue,9,5
CP501178,C101834,27-01-2026,Service,3,3
CP501179,C101664,24-02-2026,Service,7,3
CP501180,C102955,15-08-2025,Transaction Issue,9,3
CP501181,C104374,14-03-2026,App/Internet Banking,3,3
CP501182,C101527,22-04-2025,Service,5,2
CP501183,C100906,17-02-2026,Card Issue,11,2
CP501184,C104740,08-08-2025,Transaction Issue,5,4
CP501185,C102132,12-09-2025,Fraud/Security,8,3
CP501186,C101970,22-01-2025,Service,4,5
CP501187,C103228,06-10-2025,Service,14,4
CP501188,C101823,02-06-2026,App/Internet Banking,5,5
CP501189,C103625,09-06-2026,App/Internet Banking,8,4
CP501190,C100476,27-10-2025,Loan Issue,5,5
CP501191,C100071,14-04-2026,Loan Issue,3,5
CP501192,C104845,15-08-2025,Service,11,3
CP501193,C104757,05-07-2025,Service,4,5
CP501194,C103406,22-05-2025,Service,13,2
CP501195,C104512,05-09-2025,Loan Issue,6,3
CP501196,C100056,16-03-2025,Service,3,4
CP501197,C100067,04-06-2026,Transaction Issue,1,5
CP501198,C103326,06-01-2026,Service,1,4
CP501199,C101666,09-01-2026,Card Issue,11,5
CP501200,C100083,05-02-2025,Card Issue,14,4
CP501201,C100966,18-03-2025,Service,5,4
CP501202,C100594,20-10-2025,Card Issue,7,4
CP501203,C102726,14-04-2026,App/Internet Banking,9,2
CP501204,C102723,25-02-2026,Card Issue,13,4
CP501205,C100854,06-05-2025,Transaction Issue,13,5
CP501206,C101959,14-04-2026,Fraud/Security,3,4
CP501207,C101170,11-04-2026,Transaction Issue,3,3
CP501208,C102068,24-09-2025,Transaction Issue,6,5
CP501209,C102761,18-06-2025,Loan Issue,10,5
CP501210,C104317,14-05-2026,Loan Issue,9,5
CP501211,C101138,11-06-2026,Loan Issue,9,4
CP501212,C103755,23-04-2025,Transaction Issue,3,5
CP501213,C104928,24-03-2025,Service,8,3
CP501214,C102703,05-02-2026,Service,13,2
CP501215,C101072,06-05-2026,Service,10,4
CP501216,C103584,19-03-2025,App/Internet Banking,6,4
CP501217,C102187,21-03-2025,App/Internet Banking,7,4
CP501218,C101363,20-05-2026,App/Internet Banking,5,3
CP501219,C100674,11-03-2026,Card Issue,7,3
CP501220,C101815,25-12-2025,Service,3,4
CP501221,C103862,17-11-2025,App/Internet Banking,4,5
CP501222,C100267,15-10-2025,App/Internet Banking,3,4
CP501223,C100284,17-11-2025,Loan Issue,13,3
CP501224,C104293,06-01-2025,App/Internet Banking,7,2
CP501225,C104720,22-01-2026,App/Internet Banking,14,5
CP501226,C103131,05-11-2025,Transaction Issue,1,5
CP501227,C103346,15-11-2025,Service,11,2
CP501228,C102119,21-03-2026,Transaction Issue,2,2
CP501229,C103913,05-02-2026,App/Internet Banking,4,5
CP501230,C101110,05-05-2026,Transaction Issue,15,1
CP501231,C101632,22-01-2026,Loan Issue,1,5
CP501232,C100716,10-12-2025,App/Internet Banking,12,3
CP501233,C101446,21-11-2025,Service,12,5
CP501234,C101443,26-08-2025,Fraud/Security,12,3
CP501235,C101041,08-10-2025,Card Issue,14,1
CP501236,C103052,16-07-2025,Service,10,4
CP501237,C103529,21-08-2025,App/Internet Banking,4,4
CP501238,C103128,22-04-2025,Transaction Issue,8,4
CP501239,C100757,21-10-2025,Card Issue,4,5
CP501240,C103708,11-12-2025,Transaction Issue,6,5
CP501241,C101696,09-06-2026,Service,2,3
CP501242,C101853,29-11-2025,Card Issue,14,5
CP501243,C101899,28-05-2025,Loan Issue,7,3
CP501244,C104968,20-07-2025,App/Internet Banking,5,5
CP501245,C103874,08-11-2025,App/Internet Banking,11,4
CP501246,C104285,21-07-2025,Service,9,3
CP501247,C103653,23-09-2025,Transaction Issue,13,5
CP501248,C100202,07-01-2025,Loan Issue,5,4
CP501249,C101813,17-03-2026,Service,13,1
CP501250,C104692,15-04-2026,Service,7,4
CP501251,C102567,27-05-2026,App/Internet Banking,9,4
CP501252,C103870,26-11-2025,App/Internet Banking,7,4
CP501253,C103427,29-08-2025,Transaction Issue,9,5
CP501254,C103586,28-11-2025,Service,7,3
CP501255,C101283,04-03-2025,Card Issue,10,5
CP501256,C103335,12-09-2025,App/Internet Banking,3,5
CP501257,C103046,06-06-2026,Card Issue,4,1
CP501258,C100274,05-06-2025,Transaction Issue,4,4
CP501259,C104390,11-03-2026,Loan Issue,1,2
CP501260,C100679,09-07-2025,Fraud/Security,13,3
CP501261,C102026,19-02-2025,App/Internet Banking,12,5
CP501262,C104365,10-04-2026,Transaction Issue,15,5
CP501263,C103604,14-06-2026,App/Internet Banking,5,2
CP501264,C102873,28-10-2025,Card Issue,10,4
CP501265,C104327,31-01-2026,Transaction Issue,3,5
CP501266,C104948,02-04-2025,Transaction Issue,3,4
CP501267,C102672,13-05-2025,Transaction Issue,11,5
CP501268,C100444,07-02-2026,Service,2,1
CP501269,C103259,20-06-2026,Service,14,3
CP501270,C103065,07-06-2025,Service,8,4
CP501271,C102205,19-06-2026,Transaction Issue,2,1
CP501272,C100129,11-06-2026,Transaction Issue,13,2
CP501273,C100950,12-06-2026,Service,5,3
CP501274,C101882,05-05-2026,Transaction Issue,14,4
CP501275,C103440,05-03-2026,Transaction Issue,6,4
CP501276,C103609,10-10-2025,Card Issue,8,1
CP501277,C102434,15-03-2026,Card Issue,1,5
CP501278,C100097,04-05-2026,Fraud/Security,2,4
CP501279,C103703,19-04-2026,Card Issue,3,4
CP501280,C104807,01-01-2025,App/Internet Banking,2,4
CP501281,C101004,07-05-2026,App/Internet Banking,14,4
CP501282,C101233,05-08-2025,Service,8,5
CP501283,C102817,30-12-2025,Service,5,4
CP501284,C103195,28-08-2025,Loan Issue,12,2
CP501285,C101956,19-05-2026,Transaction Issue,15,2
CP501286,C100595,05-03-2026,Loan Issue,14,5
CP501287,C100728,06-07-2025,Card Issue,7,5
CP501288,C102314,02-02-2025,App/Internet Banking,3,4
CP501289,C103711,12-02-2025,Transaction Issue,11,5
CP501290,C100924,06-12-2025,Service,5,4
CP501291,C103131,15-11-2025,Loan Issue,7,4
CP501292,C100081,24-07-2025,Transaction Issue,4,3
CP501293,C101793,24-04-2025,App/Internet Banking,6,3
CP501294,C103834,19-10-2025,Service,12,4
CP501295,C102882,27-05-2026,App/Internet Banking,7,5
CP501296,C103026,13-06-2026,Transaction Issue,9,2
CP501297,C103830,30-06-2026,Transaction Issue,10,4
CP501298,C100571,11-07-2025,App/Internet Banking,4,1
CP501299,C104902,10-06-2026,Transaction Issue,14,4
CP501300,C104374,30-04-2026,Service,14,2
CP501301,C101863,05-12-2025,Service,14,3
CP501302,C100256,09-01-2026,Card Issue,5,4
CP501303,C101744,09-02-2025,Card Issue,9,2
CP501304,C100488,07-07-2025,Service,5,2
CP501305,C101879,02-08-2025,Loan Issue,14,1
CP501306,C104470,22-07-2025,Transaction Issue,10,2
CP501307,C102715,19-10-2025,Card Issue,8,4
CP501308,C101735,01-11-2025,Transaction Issue,12,4
CP501309,C104332,27-02-2025,Card Issue,7,1
CP501310,C101251,03-05-2025,Loan Issue,3,5
CP501311,C103159,13-04-2025,Service,8,2
CP501312,C104733,20-10-2025,App/Internet Banking,4,4
CP501313,C100824,25-08-2025,Loan Issue,7,2
CP501314,C104238,19-01-2026,Loan Issue,5,3
CP501315,C101688,16-12-2025,Service,1,4
CP501316,C100105,16-12-2025,Transaction Issue,5,5
CP501317,C102437,02-12-2025,Card Issue,12,4
CP501318,C102024,11-02-2026,Loan Issue,8,4
CP501319,C104238,18-03-2025,App/Internet Banking,6,3
CP501320,C104557,22-08-2025,Loan Issue,11,5
CP501321,C100874,22-09-2025,Service,5,2
CP501322,C104454,28-10-2025,App/Internet Banking,9,5
CP501323,C101730,22-05-2026,Fraud/Security,4,4
CP501324,C104078,22-11-2025,App/Internet Banking,14,3
CP501325,C104581,10-10-2025,App/Internet Banking,6,1
CP501326,C103722,07-03-2025,Transaction Issue,4,4
CP501327,C104274,22-12-2025,Transaction Issue,3,4
CP501328,C103848,25-02-2026,Service,3,3
CP501329,C101350,18-11-2025,Fraud/Security,5,4
CP501330,C103679,12-01-2025,Service,7,5
CP501331,C101423,13-07-2025,Transaction Issue,4,1
CP501332,C103471,01-10-2025,Fraud/Security,13,3
CP501333,C104166,23-06-2025,Transaction Issue,2,2
CP501334,C102355,30-09-2025,App/Internet Banking,4,4
CP501335,C103775,23-03-2025,Transaction Issue,13,5
CP501336,C104610,03-12-2025,Transaction Issue,14,4
CP501337,C100877,10-06-2025,App/Internet Banking,4,2
CP501338,C103386,21-07-2025,Transaction Issue,9,5
CP501339,C102181,27-10-2025,Card Issue,11,5
CP501340,C103840,03-04-2025,App/Internet Banking,9,5
CP501341,C103338,08-10-2025,Transaction Issue,9,5
CP501342,C101882,05-12-2025,Transaction Issue,3,4
CP501343,C104796,10-04-2025,Card Issue,14,5
CP501344,C103083,16-08-2025,Card Issue,7,3
CP501345,C104416,13-05-2026,Card Issue,11,1
CP501346,C103752,28-11-2025,Fraud/Security,10,5
CP501347,C103056,26-10-2025,Transaction Issue,6,1
CP501348,C103187,24-05-2025,Service,6,4
CP501349,C100952,02-02-2025,Loan Issue,1,2
CP501350,C103933,23-05-2025,Card Issue,11,5
CP501351,C102747,05-04-2026,App/Internet Banking,7,4
CP501352,C102836,07-10-2025,Transaction Issue,9,3
CP501353,C102653,30-12-2025,Transaction Issue,14,3
CP501354,C101605,02-01-2026,App/Internet Banking,9,4
CP501355,C104599,06-05-2025,Service,10,4
CP501356,C102522,22-04-2026,Service,14,4
CP501357,C101765,30-06-2026,Fraud/Security,8,1
CP501358,C100324,20-10-2025,Card Issue,3,5
CP501359,C100114,20-02-2025,Transaction Issue,2,4
CP501360,C103558,17-05-2025,Card Issue,9,5
CP501361,C103927,05-04-2025,Loan Issue,7,5
CP501362,C102634,15-06-2026,Loan Issue,13,3
CP501363,C102576,18-05-2026,Service,12,2
CP501364,C101245,22-05-2026,Loan Issue,13,3
CP501365,C100253,02-02-2026,Loan Issue,11,4
CP501366,C100942,26-03-2025,Transaction Issue,13,1
CP501367,C101533,05-01-2026,Fraud/Security,10,2
CP501368,C104389,24-05-2026,Transaction Issue,9,3
CP501369,C100206,14-03-2025,App/Internet Banking,3,5
CP501370,C101728,07-11-2025,Loan Issue,1,1
CP501371,C102807,16-02-2026,Loan Issue,7,5
CP501372,C103557,16-03-2026,Transaction Issue,12,5
CP501373,C103847,02-01-2026,Service,12,4
CP501374,C103492,19-03-2026,Transaction Issue,4,1
CP501375,C104745,07-02-2026,Transaction Issue,11,5
CP501376,C101898,07-08-2025,Card Issue,15,5
CP501377,C102576,03-02-2026,Transaction Issue,14,4
CP501378,C101509,26-09-2025,Loan Issue,6,1
CP501379,C102511,05-01-2025,Card Issue,5,3
CP501380,C104869,05-06-2026,Loan Issue,9,4
CP501381,C104097,01-09-2025,App/Internet Banking,1,5
CP501382,C104733,01-04-2025,Fraud/Security,7,2
CP501383,C103709,06-05-2025,App/Internet Banking,1,4
CP501384,C103557,29-10-2025,App/Internet Banking,13,4
CP501385,C101980,06-05-2025,App/Internet Banking,13,2
CP501386,C100184,14-06-2025,Service,6,4
CP501387,C104687,07-11-2025,Card Issue,14,5
CP501388,C100780,06-12-2025,Loan Issue,9,4
CP501389,C102466,27-08-2025,Service,3,4
CP501390,C104450,17-06-2026,Loan Issue,8,5
CP501391,C101428,10-05-2025,Service,13,4
CP501392,C104969,19-02-2025,Card Issue,11,4
CP501393,C100694,07-01-2026,App/Internet Banking,10,3
CP501394,C103727,19-03-2026,Loan Issue,4,2
CP501395,C102299,19-01-2025,Loan Issue,14,5
CP501396,C103886,13-04-2026,Transaction Issue,6,3
CP501397,C103483,04-11-2025,Card Issue,4,4
CP501398,C100748,10-09-2025,App/Internet Banking,8,5
CP501399,C102184,04-07-2025,Fraud/Security,14,5
CP501400,C101078,14-01-2026,Service,4,2
CP501401,C100015,22-05-2025,Service,4,4
CP501402,C104573,23-03-2026,Fraud/Security,3,2
CP501403,C104238,21-01-2026,Service,7,4
CP501404,C102870,10-05-2026,Transaction Issue,13,5
CP501405,C104545,25-08-2025,Service,13,5
CP501406,C103961,19-12-2025,Service,13,3
CP501407,C102709,24-05-2026,Card Issue,4,4
CP501408,C100328,15-02-2026,Card Issue,9,5
CP501409,C100975,26-04-2025,Transaction Issue,5,4
CP501410,C103037,14-04-2025,Transaction Issue,9,5
CP501411,C101234,17-03-2025,Service,11,4
CP501412,C102867,26-06-2025,Loan Issue,11,4
CP501413,C100282,28-06-2025,Card Issue,12,5
CP501414,C104390,31-10-2025,Transaction Issue,2,2
CP501415,C101986,31-08-2025,App/Internet Banking,9,3
CP501416,C101350,12-02-2025,Transaction Issue,13,4
CP501417,C104438,15-02-2025,Fraud/Security,14,5
CP501418,C102591,20-06-2026,Transaction Issue,2,5
CP501419,C104960,30-01-2026,Transaction Issue,12,4
CP501420,C104490,15-03-2025,Card Issue,5,2
CP501421,C101390,14-06-2026,Card Issue,4,5
CP501422,C103826,27-03-2026,Card Issue,13,4
CP501423,C104030,21-08-2025,Transaction Issue,14,4
CP501424,C101473,10-10-2025,Service,15,4
CP501425,C103155,07-09-2025,Transaction Issue,7,3
CP501426,C100999,27-12-2025,Card Issue,8,3
CP501427,C102901,10-01-2025,Card Issue,14,5
CP501428,C100974,01-08-2025,Fraud/Security,9,2
CP501429,C103834,20-07-2025,Fraud/Security,6,5
CP501430,C102406,29-01-2026,App/Internet Banking,5,5
CP501431,C103018,01-12-2025,Loan Issue,7,4
CP501432,C100347,07-03-2026,App/Internet Banking,9,4
CP501433,C100866,03-06-2025,App/Internet Banking,14,4
CP501434,C100988,18-06-2026,Transaction Issue,9,5
CP501435,C104377,25-11-2025,Transaction Issue,9,3
CP501436,C101375,28-04-2026,Card Issue,8,5
CP501437,C104989,08-05-2025,App/Internet Banking,11,4
CP501438,C101959,07-04-2026,Fraud/Security,6,4
CP501439,C100529,13-06-2025,Service,2,3
CP501440,C101029,03-02-2025,Card Issue,10,2
CP501441,C103786,15-06-2025,Service,8,4
CP501442,C102839,27-06-2025,Card Issue,5,4
CP501443,C101996,15-11-2025,App/Internet Banking,4,3
CP501444,C100242,09-04-2025,Transaction Issue,1,5
CP501445,C100990,21-05-2026,Service,3,3
CP501446,C101337,17-11-2025,Service,10,3
CP501447,C103569,02-03-2026,Card Issue,13,5
CP501448,C103087,05-05-2026,Loan Issue,8,1
CP501449,C100674,02-09-2025,Loan Issue,9,4
CP501450,C104468,13-05-2025,Card Issue,11,4
CP501451,C100592,03-12-2025,Card Issue,1,4
CP501452,C100858,10-06-2025,App/Internet Banking,1,4
CP501453,C104369,04-03-2025,Card Issue,10,5
CP501454,C100797,19-02-2026,App/Internet Banking,10,1
CP501455,C102826,10-12-2025,Transaction Issue,11,4
CP501456,C102874,22-05-2026,Loan Issue,11,3
CP501457,C100832,19-12-2025,Service,11,4
CP501458,C103953,07-06-2026,Service,5,3
CP501459,C104696,16-04-2025,Loan Issue,4,3
CP501460,C103455,22-02-2025,Transaction Issue,15,4
CP501461,C102019,26-04-2025,Card Issue,14,5
CP501462,C104179,24-12-2025,Loan Issue,13,4
CP501463,C104572,22-04-2026,Transaction Issue,13,3
CP501464,C103583,06-08-2025,App/Internet Banking,10,2
CP501465,C103052,25-06-2026,Card Issue,13,5
CP501466,C100858,26-02-2026,Service,7,2
CP501467,C102429,02-09-2025,Card Issue,1,2
CP501468,C100096,27-12-2025,Transaction Issue,12,5
CP501469,C100434,26-03-2025,App/Internet Banking,7,5
CP501470,C100072,26-10-2025,Fraud/Security,4,4
CP501471,C103167,24-11-2025,App/Internet Banking,6,5
CP501472,C100662,30-09-2025,App/Internet Banking,11,4
CP501473,C101717,13-04-2025,App/Internet Banking,6,5
CP501474,C101422,01-06-2026,Card Issue,11,4
CP501475,C102875,10-05-2026,Loan Issue,10,5
CP501476,C102777,31-01-2026,App/Internet Banking,12,3
CP501477,C103882,04-06-2025,Loan Issue,9,2
CP501478,C101426,17-06-2025,Service,10,5
CP501479,C103676,10-04-2025,Transaction Issue,6,4
CP501480,C104215,13-05-2025,Transaction Issue,2,4
CP501481,C100677,05-08-2025,Card Issue,4,2
CP501482,C100808,06-04-2026,App/Internet Banking,5,3
CP501483,C103377,24-01-2025,App/Internet Banking,5,3
CP501484,C100195,19-09-2025,Loan Issue,5,3
CP501485,C100409,05-12-2025,Loan Issue,5,3
CP501486,C104599,30-05-2025,Service,1,5
CP501487,C100164,04-09-2025,Service,6,4
CP501488,C103505,01-07-2025,Card Issue,2,2
CP501489,C104500,20-08-2025,App/Internet Banking,9,1
CP501490,C103299,15-08-2025,Service,11,4
CP501491,C100858,29-05-2025,Transaction Issue,4,5
CP501492,C102895,07-03-2026,Transaction Issue,9,2
CP501493,C102244,23-03-2026,App/Internet Banking,3,4
CP501494,C104305,05-06-2026,Loan Issue,9,1
CP501495,C101024,10-10-2025,App/Internet Banking,9,3
CP501496,C101274,02-04-2025,Transaction Issue,9,1
CP501497,C102624,12-05-2025,Transaction Issue,5,4
CP501498,C103709,14-03-2025,App/Internet Banking,2,4
CP501499,C100126,21-05-2025,Service,6,4
CP501500,C102293,14-12-2025,App/Internet Banking,4,3
CP501501,C104268,16-07-2025,App/Internet Banking,7,3
CP501502,C101590,31-03-2025,Card Issue,9,4
CP501503,C100626,10-07-2025,Service,11,5
CP501504,C101834,05-01-2026,Transaction Issue,6,3
CP501505,C100420,15-03-2026,App/Internet Banking,4,5
CP501506,C102913,08-10-2025,Transaction Issue,11,3
CP501507,C101899,13-03-2025,Service,11,4
CP501508,C101082,12-06-2026,Loan Issue,5,5
CP501509,C100620,09-01-2025,Transaction Issue,4,4
CP501510,C103060,13-03-2026,Card Issue,6,5
CP501511,C104010,21-02-2026,Fraud/Security,14,5
CP501512,C100065,03-06-2025,Fraud/Security,10,4
CP501513,C102689,02-01-2026,App/Internet Banking,7,4
CP501514,C102627,07-01-2026,Transaction Issue,2,2
CP501515,C100460,24-04-2025,Transaction Issue,4,3
CP501516,C104024,28-04-2025,Loan Issue,9,1
CP501517,C103750,29-06-2026,App/Internet Banking,5,1
CP501518,C103611,19-06-2025,App/Internet Banking,14,5
CP501519,C100111,13-10-2025,Transaction Issue,6,5
CP501520,C100497,15-12-2025,Service,7,1
CP501521,C104365,09-07-2025,Transaction Issue,13,5
CP501522,C103817,26-01-2025,App/Internet Banking,3,3
CP501523,C103803,17-06-2026,Loan Issue,14,3
CP501524,C100761,23-04-2026,Transaction Issue,4,1
CP501525,C102246,07-05-2025,Card Issue,4,3
CP501526,C102264,29-10-2025,Card Issue,12,4
CP501527,C100642,19-02-2026,Service,12,5
CP501528,C104795,26-05-2026,Transaction Issue,10,4
CP501529,C102903,18-12-2025,Transaction Issue,10,4
CP501530,C102980,15-03-2026,Service,11,5
CP501531,C100412,28-01-2025,Transaction Issue,1,3
CP501532,C102127,04-05-2025,Transaction Issue,5,5
CP501533,C103136,19-06-2025,Service,8,4
CP501534,C103575,08-12-2025,Service,11,5
CP501535,C104062,02-05-2025,App/Internet Banking,6,4
CP501536,C101715,15-08-2025,App/Internet Banking,11,4
CP501537,C104278,29-01-2026,App/Internet Banking,2,4
CP501538,C101547,28-12-2025,Card Issue,1,4
CP501539,C100009,05-02-2025,Loan Issue,14,3
CP501540,C102849,01-03-2025,Fraud/Security,9,4
CP501541,C101407,12-06-2025,Card Issue,13,4
CP501542,C100654,05-11-2025,Transaction Issue,2,3
CP501543,C101383,28-03-2026,Transaction Issue,9,4
CP501544,C102510,14-04-2025,Transaction Issue,15,5
CP501545,C100187,05-02-2026,Fraud/Security,11,4
CP501546,C100967,06-01-2026,Card Issue,1,3
CP501547,C101090,04-03-2026,Transaction Issue,11,5
CP501548,C104098,04-12-2025,Card Issue,4,4
CP501549,C103359,07-09-2025,Card Issue,13,5
CP501550,C102137,19-04-2026,App/Internet Banking,4,3
CP501551,C102619,19-01-2025,App/Internet Banking,8,5
CP501552,C101635,22-05-2026,Fraud/Security,3,4
CP501553,C103453,20-02-2025,Service,2,4
CP501554,C104652,03-04-2025,App/Internet Banking,8,5
CP501555,C100137,18-03-2026,Service,11,2
CP501556,C103406,21-06-2026,Transaction Issue,9,4
CP501557,C100041,26-01-2025,Service,5,3
CP501558,C102851,30-01-2026,Card Issue,4,5
CP501559,C100003,25-01-2025,Service,6,4
CP501560,C104206,18-07-2025,Loan Issue,3,4
CP501561,C103510,13-03-2025,App/Internet Banking,8,2
CP501562,C102413,25-01-2026,Service,14,5
CP501563,C104240,08-01-2025,App/Internet Banking,8,4
CP501564,C104930,20-04-2025,Service,2,4
CP501565,C100122,09-02-2025,Transaction Issue,14,5
CP501566,C101529,10-06-2025,Fraud/Security,11,4
CP501567,C103596,26-01-2025,Card Issue,13,4
CP501568,C100668,28-05-2026,App/Internet Banking,3,3
CP501569,C102232,08-03-2025,Service,3,4
CP501570,C103541,06-09-2025,Service,1,4
CP501571,C103594,01-06-2025,Service,5,2
CP501572,C100997,28-04-2026,App/Internet Banking,10,3
CP501573,C101590,04-01-2025,App/Internet Banking,10,2
CP501574,C103146,13-04-2025,Card Issue,6,4
CP501575,C102166,27-01-2026,Loan Issue,4,5
CP501576,C101862,27-02-2026,App/Internet Banking,11,4
CP501577,C101461,26-03-2026,Fraud/Security,8,3
CP501578,C100610,10-02-2026,Card Issue,9,3
CP501579,C100261,21-01-2025,Transaction Issue,3,3
CP501580,C103118,30-03-2025,Transaction Issue,3,2
CP501581,C100125,04-06-2026,App/Internet Banking,3,4
CP501582,C101460,21-11-2025,Card Issue,12,4
CP501583,C102277,02-03-2025,Loan Issue,2,5
CP501584,C104849,10-03-2026,App/Internet Banking,10,3
CP501585,C104721,23-03-2026,Fraud/Security,12,4
CP501586,C100431,28-09-2025,Service,13,5
CP501587,C103554,10-06-2026,App/Internet Banking,12,5
CP501588,C101313,23-12-2025,App/Internet Banking,2,4
CP501589,C104737,27-05-2025,Card Issue,4,4
CP501590,C101688,02-11-2025,Loan Issue,8,4
CP501591,C101974,23-12-2025,App/Internet Banking,8,4
CP501592,C103166,30-04-2025,Transaction Issue,4,4
CP501593,C101763,09-06-2025,Service,12,2
CP501594,C103251,21-02-2026,Card Issue,11,5
CP501595,C100469,09-07-2025,Loan Issue,2,4
CP501596,C101662,16-04-2025,Transaction Issue,13,3
CP501597,C103874,16-10-2025,Transaction Issue,12,3
CP501598,C102574,19-01-2026,Card Issue,6,5
CP501599,C101009,16-07-2025,Loan Issue,10,1
CP501600,C103677,25-03-2025,Loan Issue,11,4
CP501601,C101410,10-03-2025,Loan Issue,5,1
CP501602,C104005,17-06-2026,App/Internet Banking,7,5
CP501603,C102296,05-05-2025,Fraud/Security,14,5
CP501604,C101063,28-01-2026,Card Issue,15,4
CP501605,C103404,19-05-2026,Card Issue,9,4
CP501606,C102362,29-12-2025,Transaction Issue,10,4
CP501607,C102429,27-12-2025,Transaction Issue,2,4
CP501608,C104469,05-04-2026,App/Internet Banking,3,4
CP501609,C103009,24-02-2025,Transaction Issue,7,3
CP501610,C102692,04-01-2026,Fraud/Security,11,3
CP501611,C103298,14-09-2025,Card Issue,15,3
CP501612,C104144,16-06-2025,Fraud/Security,14,5
CP501613,C103750,22-08-2025,Card Issue,15,5
CP501614,C101249,28-09-2025,Transaction Issue,10,4
CP501615,C104835,01-06-2025,Fraud/Security,12,5
CP501616,C104177,28-04-2025,App/Internet Banking,12,5
CP501617,C102910,14-09-2025,Fraud/Security,6,1
CP501618,C101835,15-07-2025,App/Internet Banking,8,4
CP501619,C103722,23-04-2026,Transaction Issue,7,3
CP501620,C103982,23-02-2026,Transaction Issue,4,5
CP501621,C100946,15-12-2025,Loan Issue,1,2
CP501622,C101486,21-05-2026,Card Issue,2,1
CP501623,C100378,31-01-2026,Transaction Issue,15,4
CP501624,C101943,11-02-2025,Fraud/Security,4,4
CP501625,C100866,18-04-2025,Card Issue,8,5
CP501626,C102105,15-11-2025,Transaction Issue,13,3
CP501627,C101136,19-08-2025,Card Issue,11,1
CP501628,C100412,12-10-2025,Fraud/Security,7,1
CP501629,C102932,11-08-2025,Loan Issue,8,4
CP501630,C103447,19-06-2026,App/Internet Banking,7,5
CP501631,C101632,04-06-2025,Service,6,4
CP501632,C104476,20-02-2026,Loan Issue,8,1
CP501633,C101048,17-08-2025,Card Issue,14,4
CP501634,C104705,16-06-2025,Loan Issue,12,3
CP501635,C102417,13-04-2025,Service,10,3
CP501636,C103201,02-09-2025,App/Internet Banking,4,3
CP501637,C103815,22-10-2025,Transaction Issue,13,5
CP501638,C103911,02-12-2025,Card Issue,12,3
CP501639,C100333,19-06-2025,Card Issue,4,5
CP501640,C102240,26-03-2026,Card Issue,1,4
CP501641,C104097,11-02-2026,Card Issue,15,5
CP501642,C104398,26-08-2025,Card Issue,6,4
CP501643,C104849,11-04-2025,App/Internet Banking,4,3
CP501644,C102638,09-02-2026,Loan Issue,7,5
CP501645,C102068,30-11-2025,App/Internet Banking,15,5
CP501646,C104266,13-08-2025,App/Internet Banking,6,1
CP501647,C102177,13-04-2026,App/Internet Banking,4,3
CP501648,C101569,29-08-2025,Card Issue,6,5
CP501649,C104332,28-05-2026,Card Issue,10,4
CP501650,C101024,11-01-2026,Service,7,2
CP501651,C103668,19-07-2025,Service,8,4
CP501652,C103120,27-07-2025,App/Internet Banking,14,1
CP501653,C103689,30-03-2025,Fraud/Security,3,2
CP501654,C102353,17-07-2025,Transaction Issue,3,5
CP501655,C104268,05-01-2026,Transaction Issue,7,2
CP501656,C101609,08-09-2025,Card Issue,4,5
CP501657,C103200,13-09-2025,Loan Issue,10,5
CP501658,C101397,07-03-2026,Service,8,4
CP501659,C102049,18-05-2025,Card Issue,10,5
CP501660,C102445,26-07-2025,App/Internet Banking,14,5
CP501661,C100819,20-01-2026,Loan Issue,4,1
CP501662,C104787,04-03-2025,Transaction Issue,7,2
CP501663,C101237,30-12-2025,Loan Issue,8,3
CP501664,C100615,14-02-2025,App/Internet Banking,8,4
CP501665,C103578,05-01-2026,Transaction Issue,13,1
CP501666,C102177,30-03-2025,Loan Issue,5,4
CP501667,C102514,14-04-2026,Service,15,1
CP501668,C100156,12-12-2025,Service,13,4
CP501669,C102944,27-05-2025,Card Issue,9,5
CP501670,C102115,21-03-2025,Service,7,3
CP501671,C104002,04-05-2026,Loan Issue,13,3
CP501672,C102228,14-09-2025,Card Issue,2,2
CP501673,C101903,05-09-2025,Transaction Issue,7,5
CP501674,C100348,14-01-2025,App/Internet Banking,3,4
CP501675,C102727,11-06-2025,Service,7,4
CP501676,C100281,23-07-2025,Loan Issue,2,3
CP501677,C103787,25-08-2025,Service,13,2
CP501678,C102269,28-11-2025,Service,14,2
CP501679,C103656,28-12-2025,Card Issue,12,5
CP501680,C104184,16-10-2025,Card Issue,3,1
CP501681,C104651,17-01-2026,Fraud/Security,10,4
CP501682,C100510,16-04-2025,Transaction Issue,3,2
CP501683,C104760,02-03-2026,Loan Issue,13,4
CP501684,C104673,22-02-2026,Card Issue,1,4
CP501685,C103225,07-06-2025,Card Issue,14,5
CP501686,C104099,19-09-2025,Transaction Issue,8,5
CP501687,C103001,31-05-2026,Card Issue,1,3
CP501688,C104580,07-05-2026,App/Internet Banking,3,5
CP501689,C104269,07-06-2025,Service,5,4
CP501690,C104560,13-08-2025,Transaction Issue,11,5
CP501691,C100043,29-01-2025,App/Internet Banking,4,4
CP501692,C100911,08-07-2025,Service,6,5
CP501693,C101347,20-03-2026,Service,7,4
CP501694,C104312,30-09-2025,Loan Issue,8,5
CP501695,C100111,17-05-2025,App/Internet Banking,10,5
CP501696,C104895,05-03-2025,Loan Issue,13,5
CP501697,C100537,24-01-2026,App/Internet Banking,15,5
CP501698,C102116,30-05-2025,Card Issue,3,4
CP501699,C101823,04-10-2025,Service,10,5
CP501700,C102195,18-01-2025,Transaction Issue,4,1
CP501701,C104101,29-04-2026,App/Internet Banking,1,3
CP501702,C101496,05-09-2025,Transaction Issue,12,5
CP501703,C101466,22-11-2025,Transaction Issue,4,3
CP501704,C101282,13-03-2026,App/Internet Banking,3,2
CP501705,C101168,13-05-2026,Transaction Issue,10,4
CP501706,C104546,17-12-2025,App/Internet Banking,7,5
CP501707,C103333,13-02-2025,Loan Issue,7,5
CP501708,C102815,02-09-2025,Transaction Issue,1,4
CP501709,C103659,26-06-2026,Transaction Issue,11,4
CP501710,C104236,24-03-2026,App/Internet Banking,13,2
CP501711,C102249,20-03-2025,Service,15,3
CP501712,C104762,28-02-2025,Transaction Issue,10,5
CP501713,C104225,19-02-2025,Transaction Issue,1,1
CP501714,C104522,19-01-2026,Transaction Issue,14,4
CP501715,C100003,12-01-2025,Card Issue,10,4
CP501716,C104385,27-03-2025,Card Issue,15,3
CP501717,C103016,29-05-2026,Loan Issue,7,5
CP501718,C101333,29-03-2025,Transaction Issue,12,2
CP501719,C100040,28-07-2025,Transaction Issue,2,2
CP501720,C100560,15-09-2025,Card Issue,5,4
CP501721,C101262,30-01-2026,Card Issue,12,4
CP501722,C101032,18-02-2025,Card Issue,13,3
CP501723,C101402,20-11-2025,Transaction Issue,10,3
CP501724,C104274,15-05-2025,Loan Issue,12,3
CP501725,C102947,05-05-2026,Transaction Issue,10,3
CP501726,C101842,23-09-2025,Card Issue,14,5
CP501727,C103228,11-03-2025,Fraud/Security,7,4
CP501728,C101289,17-05-2026,Service,5,4
CP501729,C102851,02-09-2025,Fraud/Security,7,4
CP501730,C102259,11-05-2026,Transaction Issue,1,3
CP501731,C101029,24-12-2025,App/Internet Banking,11,2
CP501732,C104281,11-01-2026,Loan Issue,7,4
CP501733,C104055,24-06-2025,App/Internet Banking,13,3
CP501734,C103884,24-06-2025,Loan Issue,6,1
CP501735,C101603,06-04-2026,App/Internet Banking,14,4
CP501736,C102683,20-02-2026,Transaction Issue,3,5
CP501737,C101228,30-03-2026,App/Internet Banking,7,1
CP501738,C100613,12-11-2025,App/Internet Banking,14,2
CP501739,C101466,12-05-2026,Service,14,3
CP501740,C104609,29-03-2026,Transaction Issue,8,3
CP501741,C104061,18-03-2026,Loan Issue,8,3
CP501742,C103386,12-07-2025,Transaction Issue,11,5
CP501743,C103651,05-09-2025,Service,7,4
CP501744,C102874,13-05-2026,App/Internet Banking,6,4
CP501745,C102592,04-04-2025,Fraud/Security,7,2
CP501746,C104690,23-01-2026,Card Issue,3,4
CP501747,C104719,16-01-2025,Service,12,5
CP501748,C103748,26-01-2025,App/Internet Banking,12,5
CP501749,C101711,10-11-2025,Service,9,3
CP501750,C104387,02-03-2025,Card Issue,8,3
CP501751,C101677,30-04-2026,App/Internet Banking,4,2
CP501752,C102346,25-05-2025,Fraud/Security,11,5
CP501753,C104580,11-02-2025,Fraud/Security,5,5
CP501754,C102672,29-08-2025,Service,12,5
CP501755,C101128,04-08-2025,Card Issue,1,2
CP501756,C103062,07-02-2026,Loan Issue,8,1
CP501757,C103894,08-03-2025,Card Issue,12,4
CP501758,C100173,22-09-2025,Card Issue,5,3
CP501759,C100453,30-01-2026,Transaction Issue,6,2
CP501760,C103312,15-08-2025,Transaction Issue,6,4
CP501761,C104706,09-03-2026,App/Internet Banking,14,2
CP501762,C102150,21-11-2025,Service,10,4
CP501763,C102531,30-01-2025,Loan Issue,12,2
CP501764,C102094,24-03-2025,Card Issue,15,5
CP501765,C101503,16-06-2026,App/Internet Banking,8,4
CP501766,C103354,04-05-2025,Fraud/Security,3,5
CP501767,C101742,30-05-2025,App/Internet Banking,3,5
CP501768,C102736,27-02-2026,Fraud/Security,12,5
CP501769,C103809,28-01-2025,Loan Issue,10,3
CP501770,C101561,20-04-2025,App/Internet Banking,14,5
CP501771,C101757,22-03-2025,Transaction Issue,6,5
CP501772,C101793,01-02-2025,Card Issue,8,1
CP501773,C104463,01-03-2025,Card Issue,9,5
CP501774,C100276,16-06-2025,Card Issue,7,4
CP501775,C100261,02-03-2025,Service,3,5
CP501776,C102583,07-02-2025,Loan Issue,6,4
CP501777,C102361,05-01-2025,Transaction Issue,8,5
CP501778,C104210,25-04-2025,Service,2,4
CP501779,C102630,15-05-2025,Card Issue,2,4
CP501780,C100677,27-10-2025,Transaction Issue,10,4
CP501781,C101261,09-05-2025,Transaction Issue,1,5
CP501782,C102778,01-06-2025,App/Internet Banking,6,2
CP501783,C101884,05-11-2025,Card Issue,10,5
CP501784,C100305,05-05-2025,Card Issue,2,4
CP501785,C101666,15-05-2025,Loan Issue,12,4
CP501786,C102955,31-07-2025,App/Internet Banking,15,4
CP501787,C102456,09-08-2025,Service,4,1
CP501788,C104470,26-06-2025,Transaction Issue,12,3
CP501789,C102270,21-03-2025,App/Internet Banking,6,2
CP501790,C103283,04-06-2026,Service,10,5
CP501791,C103219,02-07-2025,Transaction Issue,4,3
CP501792,C103188,29-06-2026,Service,4,2
CP501793,C102811,01-01-2025,App/Internet Banking,4,5
CP501794,C104119,08-02-2026,Service,6,3
CP501795,C101787,30-06-2026,Card Issue,1,1
CP501796,C102854,09-09-2025,App/Internet Banking,3,5
CP501797,C101644,29-05-2026,Fraud/Security,14,4
CP501798,C100059,07-10-2025,Loan Issue,6,4
CP501799,C104854,27-12-2025,App/Internet Banking,11,4
CP501800,C101436,11-09-2025,Service,14,1
CP501801,C100793,24-07-2025,Service,11,4
CP501802,C100745,24-01-2026,Transaction Issue,12,2
CP501803,C104172,07-09-2025,Transaction Issue,7,4
CP501804,C101308,20-04-2026,Loan Issue,15,5
CP501805,C103496,15-04-2026,App/Internet Banking,1,4
CP501806,C103851,28-03-2025,Service,8,1
CP501807,C101164,03-08-2025,Transaction Issue,7,4
CP501808,C103856,12-11-2025,App/Internet Banking,5,1
CP501809,C100929,17-01-2025,App/Internet Banking,4,4
CP501810,C101923,03-02-2025,Card Issue,6,5
CP501811,C103624,06-04-2026,Card Issue,11,4
CP501812,C102528,25-08-2025,Loan Issue,15,2
CP501813,C102344,08-09-2025,Service,2,4
CP501814,C101886,23-06-2026,Card Issue,1,4
CP501815,C102977,31-03-2025,App/Internet Banking,3,2
CP501816,C101028,01-09-2025,Transaction Issue,1,2
CP501817,C102677,26-01-2026,App/Internet Banking,7,3
CP501818,C100583,30-12-2025,Fraud/Security,9,4
CP501819,C100873,23-10-2025,Transaction Issue,14,4
CP501820,C100248,17-10-2025,Service,5,4
CP501821,C104719,05-07-2025,Loan Issue,12,4
CP501822,C100402,23-03-2026,Transaction Issue,4,2
CP501823,C100471,08-07-2025,App/Internet Banking,6,2
CP501824,C101578,30-05-2025,Service,3,4
CP501825,C104610,23-04-2026,Card Issue,1,4
CP501826,C103124,03-01-2025,Card Issue,4,2
CP501827,C101770,17-12-2025,Card Issue,1,4
CP501828,C103584,14-05-2025,Service,5,4
CP501829,C102037,20-06-2026,Loan Issue,12,4
CP501830,C102038,25-07-2025,Fraud/Security,5,5
CP501831,C104716,30-07-2025,App/Internet Banking,10,4
CP501832,C100920,02-12-2025,Transaction Issue,12,4
CP501833,C103004,08-01-2025,Transaction Issue,12,5
CP501834,C103482,04-06-2025,Service,7,5
CP501835,C102189,15-02-2026,App/Internet Banking,10,5
CP501836,C104090,23-12-2025,Card Issue,4,1
CP501837,C103323,20-05-2026,Transaction Issue,12,4
CP501838,C104272,03-12-2025,Card Issue,11,3
CP501839,C104618,05-06-2026,Card Issue,2,2
CP501840,C102504,01-06-2025,App/Internet Banking,4,4
CP501841,C102712,29-01-2026,Transaction Issue,2,4
CP501842,C102189,02-12-2025,Loan Issue,8,5
CP501843,C102528,28-02-2025,App/Internet Banking,12,4
CP501844,C101006,26-12-2025,Card Issue,5,5
CP501845,C103302,04-05-2026,Card Issue,7,3
CP501846,C104844,30-08-2025,Loan Issue,5,4
CP501847,C100585,13-10-2025,Card Issue,8,4
CP501848,C101943,16-02-2026,Transaction Issue,9,4
CP501849,C103567,03-12-2025,Fraud/Security,6,3
CP501850,C102161,31-07-2025,App/Internet Banking,10,4
CP501851,C102598,03-02-2025,Loan Issue,1,4
CP501852,C102897,01-11-2025,App/Internet Banking,10,4
CP501853,C103591,03-11-2025,Service,15,3
CP501854,C100763,13-08-2025,Transaction Issue,15,3
CP501855,C100836,26-03-2026,Transaction Issue,6,3
CP501856,C100387,30-06-2026,Card Issue,9,3
CP501857,C103534,16-12-2025,Transaction Issue,14,3
CP501858,C104046,14-03-2025,Transaction Issue,7,4
CP501859,C102215,30-11-2025,Loan Issue,10,4
CP501860,C101758,08-09-2025,Transaction Issue,4,4
CP501861,C100393,02-05-2025,Service,1,5
CP501862,C100836,12-08-2025,App/Internet Banking,7,4
CP501863,C103028,11-11-2025,Card Issue,11,4
CP501864,C103727,26-04-2025,Transaction Issue,13,5
CP501865,C104025,06-10-2025,Transaction Issue,13,3
CP501866,C103674,15-05-2026,Service,8,5
CP501867,C100469,31-01-2025,Service,2,4
CP501868,C100126,27-11-2025,App/Internet Banking,13,3
CP501869,C103149,17-03-2026,Fraud/Security,8,3
CP501870,C102612,21-06-2025,Transaction Issue,6,3
CP501871,C104471,07-06-2025,App/Internet Banking,2,4
CP501872,C103214,14-05-2026,Card Issue,12,4
CP501873,C101878,20-10-2025,Card Issue,4,4
CP501874,C100568,25-10-2025,Service,9,3
CP501875,C100795,06-10-2025,Transaction Issue,14,2
CP501876,C101218,03-04-2026,App/Internet Banking,6,5
CP501877,C102712,18-01-2026,App/Internet Banking,13,4
CP501878,C101649,22-04-2026,Loan Issue,10,3
CP501879,C100100,11-10-2025,Loan Issue,13,5
CP501880,C103928,15-10-2025,Loan Issue,8,2
CP501881,C100093,15-08-2025,Card Issue,4,4
CP501882,C102127,19-06-2026,Card Issue,8,4
CP501883,C100455,31-07-2025,Card Issue,11,5
CP501884,C103777,16-04-2026,Transaction Issue,14,4
CP501885,C100855,21-02-2025,App/Internet Banking,10,5
CP501886,C100403,24-01-2025,App/Internet Banking,1,3
CP501887,C103956,29-10-2025,Card Issue,9,4
CP501888,C101044,26-05-2025,App/Internet Banking,4,3
CP501889,C103462,23-03-2026,App/Internet Banking,2,5
CP501890,C103170,28-11-2025,App/Internet Banking,4,5
CP501891,C100111,20-06-2025,Loan Issue,13,4
CP501892,C101531,18-06-2026,Transaction Issue,7,1
CP501893,C103685,14-11-2025,Card Issue,1,3
CP501894,C104253,04-02-2026,Service,15,4
CP501895,C104013,13-06-2025,Fraud/Security,15,4
CP501896,C100514,20-12-2025,App/Internet Banking,9,4
CP501897,C102059,22-11-2025,Service,11,4
CP501898,C103525,31-03-2026,Loan Issue,8,5
CP501899,C104694,10-07-2025,Transaction Issue,7,2
CP501900,C100555,20-06-2025,Card Issue,2,2
CP501901,C103567,19-04-2025,App/Internet Banking,6,3
CP501902,C102276,31-05-2025,App/Internet Banking,5,2
CP501903,C100596,31-03-2025,Service,12,5
CP501904,C100244,29-01-2026,Card Issue,8,3
CP501905,C103341,03-09-2025,App/Internet Banking,13,5
CP501906,C101247,30-03-2025,Card Issue,4,4
CP501907,C103563,11-07-2025,App/Internet Banking,6,4
CP501908,C100980,09-04-2025,Loan Issue,13,4
CP501909,C102227,03-08-2025,Service,4,5
CP501910,C100708,28-07-2025,Transaction Issue,11,4
CP501911,C101751,30-05-2025,Card Issue,10,4
CP501912,C100095,20-05-2026,Loan Issue,8,5
CP501913,C102463,25-01-2025,Loan Issue,10,4
CP501914,C101589,20-06-2026,App/Internet Banking,6,4
CP501915,C100163,23-06-2026,Transaction Issue,11,3
CP501916,C103360,23-05-2026,App/Internet Banking,9,4
CP501917,C101753,26-12-2025,Service,6,1
CP501918,C102385,13-05-2025,Card Issue,8,4
CP501919,C103670,25-07-2025,App/Internet Banking,7,4
CP501920,C102875,05-03-2026,Card Issue,3,1
CP501921,C102601,07-08-2025,Loan Issue,13,4
CP501922,C102744,01-05-2026,Card Issue,10,3
CP501923,C103792,30-08-2025,Transaction Issue,10,3
CP501924,C100266,26-06-2026,Card Issue,5,3
CP501925,C104542,13-04-2026,Card Issue,11,4
CP501926,C103083,27-05-2026,Service,2,5
CP501927,C101914,29-04-2025,App/Internet Banking,8,4
CP501928,C101513,24-08-2025,Transaction Issue,11,1
CP501929,C104250,03-06-2026,App/Internet Banking,12,4
CP501930,C100584,02-06-2026,Service,12,5
CP501931,C101509,27-07-2025,Card Issue,1,2
CP501932,C102726,12-05-2025,App/Internet Banking,12,3
CP501933,C103589,26-09-2025,Service,5,5
CP501934,C104174,27-02-2025,App/Internet Banking,13,3
CP501935,C103761,25-09-2025,Transaction Issue,10,4
CP501936,C103082,25-01-2026,Service,4,4
CP501937,C101776,22-01-2026,App/Internet Banking,13,2
CP501938,C102644,14-06-2026,Loan Issue,15,3
CP501939,C103723,08-04-2025,Loan Issue,1,2
CP501940,C103409,12-03-2025,Card Issue,15,4
CP501941,C102703,20-01-2026,Transaction Issue,1,2
CP501942,C102387,03-01-2026,Loan Issue,4,4
CP501943,C100195,19-02-2025,Transaction Issue,6,3
CP501944,C103321,08-05-2026,Transaction Issue,7,4
CP501945,C102218,26-04-2026,Service,8,3
CP501946,C101445,13-01-2026,Loan Issue,5,5
CP501947,C102578,05-01-2026,Card Issue,12,5
CP501948,C100230,29-03-2025,App/Internet Banking,2,4
CP501949,C104667,20-05-2025,Card Issue,7,4
CP501950,C100053,01-11-2025,Loan Issue,4,5
CP501951,C104007,03-10-2025,App/Internet Banking,7,4
CP501952,C100668,24-07-2025,Card Issue,13,4
CP501953,C104930,08-03-2026,Service,8,1
CP501954,C102423,30-05-2026,Transaction Issue,2,5
CP501955,C103281,13-06-2025,Service,7,5
CP501956,C104625,23-01-2026,Transaction Issue,10,4
CP501957,C101781,10-09-2025,Loan Issue,12,5
CP501958,C101406,29-11-2025,Fraud/Security,13,3
CP501959,C103229,29-01-2026,App/Internet Banking,7,3
CP501960,C103283,16-07-2025,Card Issue,14,3
CP501961,C101580,22-09-2025,App/Internet Banking,8,4
CP501962,C104120,08-02-2025,Transaction Issue,2,2
CP501963,C101984,18-06-2026,App/Internet Banking,1,4
CP501964,C100823,17-01-2025,Loan Issue,4,2
CP501965,C101750,30-01-2025,Transaction Issue,5,2
CP501966,C101921,04-08-2025,Transaction Issue,15,5
CP501967,C102628,27-01-2025,Service,9,5
CP501968,C103379,17-01-2025,Service,15,2
CP501969,C101251,04-07-2025,Loan Issue,1,4
CP501970,C100317,03-01-2025,Card Issue,13,2
CP501971,C103373,24-07-2025,Transaction Issue,5,2
CP501972,C103873,25-06-2025,Card Issue,4,4
CP501973,C101416,23-05-2025,Loan Issue,14,4
CP501974,C101920,31-01-2026,App/Internet Banking,8,5
CP501975,C102734,15-04-2025,Transaction Issue,3,5
CP501976,C104420,13-04-2025,Service,2,4
CP501977,C101383,26-03-2025,Service,8,3
CP501978,C102235,02-08-2025,Service,12,4
CP501979,C100450,06-06-2026,Card Issue,15,1
CP501980,C100443,08-01-2026,Loan Issue,3,5
CP501981,C100715,16-02-2025,App/Internet Banking,13,5
CP501982,C101288,20-02-2025,Card Issue,8,4
CP501983,C102456,12-11-2025,Card Issue,6,4
CP501984,C103377,15-03-2026,Transaction Issue,6,4
CP501985,C100269,12-04-2026,App/Internet Banking,12,3
CP501986,C100078,30-08-2025,App/Internet Banking,14,4
CP501987,C100062,20-03-2025,Transaction Issue,6,5
CP501988,C101309,20-06-2026,Transaction Issue,9,1
CP501989,C103958,07-02-2026,Service,6,5
CP501990,C101248,03-08-2025,Service,6,4
CP501991,C101067,18-02-2026,Loan Issue,14,5
CP501992,C101304,25-05-2026,Service,4,2
CP501993,C100357,24-03-2025,Service,7,5
CP501994,C103226,05-01-2025,Loan Issue,1,2
CP501995,C104505,12-04-2026,App/Internet Banking,13,3
CP501996,C101805,28-12-2025,App/Internet Banking,7,3
CP501997,C101803,24-12-2025,Service,11,5
CP501998,C103038,08-03-2026,Loan Issue,6,3
CP501999,C101182,31-08-2025,Transaction Issue,1,5
CP502000,C100101,17-03-2025,Transaction Issue,12,3
CP502001,C104660,05-02-2025,Fraud/Security,1,3
CP502002,C104689,31-03-2026,Transaction Issue,10,3
CP502003,C102691,14-08-2025,App/Internet Banking,8,3
CP502004,C100414,24-06-2025,Service,5,3
CP502005,C100776,19-05-2025,Transaction Issue,7,4
CP502006,C103888,11-06-2026,Service,5,5
CP502007,C104803,14-05-2026,Service,8,2
CP502008,C103277,06-06-2026,Service,10,4
CP502009,C100050,03-04-2026,Card Issue,9,3
CP502010,C103217,20-07-2025,App/Internet Banking,10,5
CP502011,C100838,05-04-2026,Transaction Issue,12,3
CP502012,C104261,11-01-2026,Card Issue,6,5
CP502013,C103969,31-05-2026,Service,14,1
CP502014,C104133,29-06-2025,App/Internet Banking,2,5
CP502015,C103107,09-06-2025,Transaction Issue,11,4
CP502016,C102984,11-01-2026,Service,7,4
CP502017,C100389,29-04-2025,Transaction Issue,2,2
CP502018,C104339,24-03-2026,Fraud/Security,11,4
CP502019,C100991,05-04-2025,Service,11,3
CP502020,C104781,23-03-2026,Loan Issue,8,3
CP502021,C101385,27-12-2025,Card Issue,3,2
CP502022,C102500,17-11-2025,Loan Issue,7,4
CP502023,C104172,27-03-2025,Transaction Issue,11,1
CP502024,C103810,13-05-2025,Transaction Issue,7,4
CP502025,C103209,12-04-2026,Transaction Issue,11,1
CP502026,C102561,01-05-2026,Card Issue,5,4
CP502027,C101719,16-04-2025,Transaction Issue,13,3
CP502028,C101861,11-08-2025,Transaction Issue,12,5
CP502029,C100128,10-11-2025,App/Internet Banking,11,3
CP502030,C102611,17-02-2025,Service,5,1
CP502031,C104800,29-05-2025,Transaction Issue,8,4
CP502032,C104064,04-09-2025,Card Issue,15,5
CP502033,C104040,08-05-2025,Service,1,5
CP502034,C102369,07-12-2025,App/Internet Banking,7,5
CP502035,C100644,13-04-2025,Card Issue,10,2
CP502036,C103670,17-03-2025,App/Internet Banking,6,5
CP502037,C103364,14-08-2025,Service,7,2
CP502038,C104730,24-11-2025,Card Issue,3,1
CP502039,C101832,27-02-2025,Loan Issue,12,4
CP502040,C104365,07-04-2026,Loan Issue,14,4
CP502041,C103945,23-05-2026,App/Internet Banking,9,2
CP502042,C104508,01-07-2025,Card Issue,1,4
CP502043,C104438,21-02-2025,Fraud/Security,10,3
CP502044,C104684,09-02-2025,App/Internet Banking,13,2
CP502045,C103587,08-06-2026,Service,8,4
CP502046,C101534,22-02-2026,App/Internet Banking,11,4
CP502047,C104945,22-11-2025,Loan Issue,9,5
CP502048,C103894,28-11-2025,Loan Issue,13,3
CP502049,C104055,19-12-2025,Transaction Issue,1,4
CP502050,C100683,27-09-2025,Card Issue,2,3
CP502051,C104541,05-03-2026,Fraud/Security,9,5
CP502052,C103050,22-11-2025,Transaction Issue,12,5
CP502053,C103235,13-02-2025,Fraud/Security,5,5
CP502054,C103045,04-01-2026,Card Issue,12,3
CP502055,C100990,23-01-2026,Transaction Issue,15,3
CP502056,C102232,04-11-2025,Card Issue,11,3
CP502057,C100516,28-12-2025,Service,1,2
CP502058,C104925,01-06-2026,Fraud/Security,4,3
CP502059,C102481,29-03-2026,Service,1,3
CP502060,C104659,09-10-2025,Loan Issue,13,1
CP502061,C104470,29-01-2025,App/Internet Banking,3,5
CP502062,C100157,26-08-2025,Service,4,4
CP502063,C101762,09-06-2025,Card Issue,13,4
CP502064,C103347,30-04-2025,App/Internet Banking,2,5
CP502065,C103477,17-12-2025,Service,4,5
CP502066,C103350,17-02-2026,App/Internet Banking,10,3
CP502067,C102420,27-04-2026,App/Internet Banking,5,5
CP502068,C100302,24-10-2025,Transaction Issue,13,4
CP502069,C103962,18-03-2025,Card Issue,12,5
CP502070,C100219,02-05-2026,Transaction Issue,3,3
CP502071,C104576,27-05-2025,Transaction Issue,5,4
CP502072,C101209,07-09-2025,Service,1,3
CP502073,C101902,23-09-2025,App/Internet Banking,7,5
CP502074,C101948,10-01-2025,Loan Issue,15,1
CP502075,C101231,23-09-2025,Transaction Issue,10,4
CP502076,C102563,22-05-2026,Transaction Issue,9,5
CP502077,C104237,27-07-2025,Transaction Issue,2,4
CP502078,C101425,16-12-2025,Fraud/Security,13,5
CP502079,C101477,28-08-2025,Fraud/Security,15,4
CP502080,C103288,04-06-2026,Transaction Issue,1,3
CP502081,C103196,20-01-2025,Service,1,5
CP502082,C104738,05-10-2025,Service,3,3
CP502083,C103794,21-02-2025,Transaction Issue,15,5
CP502084,C101656,03-09-2025,Card Issue,14,2
CP502085,C101907,19-07-2025,Loan Issue,10,5
CP502086,C100339,28-03-2025,Service,15,4
CP502087,C104154,14-06-2025,Fraud/Security,10,4
CP502088,C102249,19-03-2026,Fraud/Security,2,3
CP502089,C104525,03-03-2026,App/Internet Banking,5,2
CP502090,C100024,04-09-2025,Fraud/Security,9,2
CP502091,C103205,06-09-2025,Card Issue,11,5
CP502092,C102089,21-09-2025,App/Internet Banking,12,5
CP502093,C100222,06-06-2026,Loan Issue,15,5
CP502094,C104063,21-03-2025,Loan Issue,8,4
CP502095,C101697,16-02-2026,App/Internet Banking,3,3
CP502096,C102894,18-05-2025,Transaction Issue,6,4
CP502097,C102586,20-06-2026,Card Issue,10,3
CP502098,C104953,23-02-2025,Transaction Issue,1,4
CP502099,C101661,07-04-2025,Card Issue,5,3
CP502100,C103027,02-02-2026,Transaction Issue,8,4
CP502101,C101591,12-10-2025,Card Issue,10,4
CP502102,C104902,12-10-2025,Transaction Issue,7,4
CP502103,C104992,22-03-2025,Transaction Issue,4,2
CP502104,C103191,26-02-2025,Fraud/Security,2,4
CP502105,C101266,19-01-2026,Card Issue,15,3
CP502106,C101729,12-04-2025,Service,3,4
CP502107,C104891,18-12-2025,Transaction Issue,7,3
CP502108,C101059,06-04-2026,Card Issue,5,1
CP502109,C103192,01-09-2025,App/Internet Banking,10,1
CP502110,C104111,02-01-2026,App/Internet Banking,4,4
CP502111,C104040,09-11-2025,App/Internet Banking,15,5
CP502112,C104384,26-11-2025,Card Issue,12,5
CP502113,C103216,04-05-2026,Card Issue,14,4
CP502114,C100312,01-05-2025,Transaction Issue,2,1
CP502115,C100287,13-09-2025,Transaction Issue,12,4
CP502116,C100476,23-11-2025,Transaction Issue,10,5
CP502117,C101832,18-11-2025,Loan Issue,11,2
CP502118,C100806,03-06-2026,Fraud/Security,7,4
CP502119,C102080,04-03-2025,App/Internet Banking,6,5
CP502120,C101366,12-05-2026,Transaction Issue,3,5
CP502121,C100803,16-05-2025,Service,6,3
CP502122,C100202,15-07-2025,Transaction Issue,4,4
CP502123,C103641,01-08-2025,Fraud/Security,12,4
CP502124,C100979,17-10-2025,App/Internet Banking,2,4
CP502125,C104753,03-08-2025,Card Issue,8,1
CP502126,C100949,15-09-2025,Loan Issue,14,4
CP502127,C101359,27-05-2025,Loan Issue,12,4
CP502128,C100130,18-04-2026,Card Issue,15,4
CP502129,C103245,11-12-2025,Card Issue,9,1
CP502130,C102718,28-09-2025,App/Internet Banking,12,5
CP502131,C104653,15-05-2026,Card Issue,14,2
CP502132,C102407,21-09-2025,Card Issue,5,3
CP502133,C103126,18-05-2025,Service,2,4
CP502134,C102883,19-12-2025,Transaction Issue,5,5
CP502135,C102342,16-09-2025,Loan Issue,11,1
CP502136,C102423,02-01-2026,Service,11,2
CP502137,C104110,18-04-2026,Service,10,2
CP502138,C101709,10-04-2026,App/Internet Banking,15,4
CP502139,C100545,10-10-2025,Transaction Issue,8,3
CP502140,C102041,20-11-2025,Transaction Issue,6,5
CP502141,C104907,17-11-2025,App/Internet Banking,9,3
CP502142,C104536,11-03-2026,Card Issue,9,4
CP502143,C104327,05-10-2025,Fraud/Security,3,5
CP502144,C102520,08-10-2025,Card Issue,3,4
CP502145,C101929,10-05-2025,Loan Issue,11,5
CP502146,C101830,03-04-2025,Loan Issue,6,4
CP502147,C103945,24-01-2026,Transaction Issue,11,5
CP502148,C104528,09-01-2026,Service,1,4
CP502149,C101897,27-03-2025,Card Issue,6,5
CP502150,C100667,15-08-2025,Loan Issue,7,3
CP502151,C102352,17-07-2025,Service,14,5
CP502152,C102218,18-02-2026,Transaction Issue,13,5
CP502153,C104211,04-03-2025,Loan Issue,1,5
CP502154,C100007,08-03-2026,Transaction Issue,2,3
CP502155,C102287,03-03-2026,Service,11,4
CP502156,C100140,25-08-2025,Service,10,2
CP502157,C102833,20-09-2025,App/Internet Banking,8,3
CP502158,C103779,30-05-2025,Service,8,5
CP502159,C104350,05-03-2026,Transaction Issue,1,5
CP502160,C102728,18-02-2026,App/Internet Banking,10,2
CP502161,C104541,03-05-2026,Loan Issue,2,2
CP502162,C104765,27-06-2025,Fraud/Security,3,5
CP502163,C102954,02-06-2025,Transaction Issue,15,2
CP502164,C103155,27-08-2025,Service,6,4
CP502165,C103168,02-09-2025,Transaction Issue,4,4
CP502166,C102585,14-12-2025,Transaction Issue,8,3
CP502167,C103065,03-03-2025,Card Issue,10,4
CP502168,C104247,10-02-2026,App/Internet Banking,7,3
CP502169,C100164,19-06-2026,Service,6,4
CP502170,C103749,19-11-2025,Service,3,3
CP502171,C104308,25-05-2026,Loan Issue,13,5
CP502172,C100489,20-06-2025,App/Internet Banking,12,3
CP502173,C101418,22-06-2025,Card Issue,15,1
CP502174,C101892,22-08-2025,Fraud/Security,10,4
CP502175,C102141,01-05-2025,App/Internet Banking,6,2
CP502176,C102490,18-06-2025,Transaction Issue,6,5
CP502177,C103711,26-02-2025,App/Internet Banking,11,4
CP502178,C104521,14-01-2026,App/Internet Banking,12,5
CP502179,C104915,23-10-2025,App/Internet Banking,3,1
CP502180,C102343,31-05-2025,Transaction Issue,13,4
CP502181,C104556,05-07-2025,Card Issue,1,5
CP502182,C104253,24-09-2025,App/Internet Banking,2,5
CP502183,C100381,26-04-2026,Loan Issue,5,4
CP502184,C103045,15-04-2025,Transaction Issue,5,2
CP502185,C103236,28-02-2026,Loan Issue,14,4
CP502186,C102166,03-04-2025,Card Issue,5,2
CP502187,C101609,12-12-2025,Transaction Issue,1,3
CP502188,C104820,18-03-2026,Service,10,4
CP502189,C100046,22-03-2025,Loan Issue,3,4
CP502190,C103688,13-09-2025,Card Issue,2,4
CP502191,C101380,26-09-2025,Service,4,4
CP502192,C103066,21-03-2025,Card Issue,6,2
CP502193,C100335,09-06-2025,App/Internet Banking,14,4
CP502194,C104516,03-05-2025,Loan Issue,8,4
CP502195,C101932,01-01-2026,Loan Issue,7,5
CP502196,C104645,07-09-2025,Service,9,4
CP502197,C102344,08-05-2026,Loan Issue,14,4
CP502198,C101146,22-01-2025,Fraud/Security,4,5
CP502199,C104799,06-03-2026,Transaction Issue,7,5
CP502200,C102420,07-12-2025,Loan Issue,9,3
CP502201,C102715,18-03-2025,Loan Issue,5,4
CP502202,C100904,27-05-2025,App/Internet Banking,15,4
CP502203,C103217,15-09-2025,Loan Issue,12,4
CP502204,C101436,14-06-2025,Fraud/Security,1,4
CP502205,C101793,29-09-2025,Service,2,2
CP502206,C100478,27-09-2025,Card Issue,5,3
CP502207,C102057,26-09-2025,Transaction Issue,1,5
CP502208,C102581,24-05-2026,App/Internet Banking,7,4
CP502209,C100493,17-08-2025,Fraud/Security,5,4
CP502210,C103360,22-05-2025,Transaction Issue,9,5
CP502211,C102398,10-11-2025,Card Issue,8,4
CP502212,C103299,09-10-2025,Service,13,4
CP502213,C104516,16-06-2026,App/Internet Banking,8,3
CP502214,C104775,09-06-2025,App/Internet Banking,6,4
CP502215,C104818,21-06-2025,Transaction Issue,10,5
CP502216,C101385,08-01-2025,Loan Issue,13,5
CP502217,C103366,28-02-2026,Transaction Issue,10,5
CP502218,C100646,05-03-2026,Card Issue,13,2
CP502219,C102171,19-06-2025,Loan Issue,9,5
CP502220,C101141,20-03-2025,Service,5,4
CP502221,C102942,29-09-2025,App/Internet Banking,2,2
CP502222,C104593,22-05-2026,Fraud/Security,15,4
CP502223,C103872,29-04-2025,Service,9,2
CP502224,C102713,29-08-2025,Loan Issue,7,2
CP502225,C104632,22-06-2026,Service,1,2
CP502226,C104923,27-12-2025,Fraud/Security,10,3
CP502227,C104980,18-04-2026,Service,14,3
CP502228,C104996,26-02-2026,Fraud/Security,8,3
CP502229,C103083,27-06-2025,Card Issue,11,5
CP502230,C103643,28-02-2025,Service,7,5
CP502231,C102398,14-03-2026,Transaction Issue,13,3
CP502232,C101167,08-12-2025,App/Internet Banking,13,5
CP502233,C101671,26-11-2025,Fraud/Security,15,2
CP502234,C101005,02-04-2026,App/Internet Banking,12,4
CP502235,C102050,10-04-2026,Card Issue,3,4
CP502236,C103723,14-06-2025,Card Issue,3,3
CP502237,C102196,26-01-2026,Transaction Issue,6,4
CP502238,C101579,21-03-2025,Card Issue,3,4
CP502239,C102934,12-04-2026,Transaction Issue,11,3
CP502240,C102139,03-06-2025,App/Internet Banking,4,3
CP502241,C102697,23-01-2025,App/Internet Banking,11,2
CP502242,C102756,23-07-2025,Service,13,5
CP502243,C103276,21-10-2025,Card Issue,6,2
CP502244,C104739,05-02-2025,Service,10,4
CP502245,C102474,05-03-2025,Card Issue,9,4
CP502246,C104598,20-01-2025,Card Issue,15,4
CP502247,C104310,28-10-2025,Fraud/Security,5,4
CP502248,C101208,05-01-2026,App/Internet Banking,9,5
CP502249,C100933,09-08-2025,Transaction Issue,8,3
CP502250,C104365,12-05-2026,App/Internet Banking,4,2
CP502251,C104711,04-08-2025,App/Internet Banking,2,4
CP502252,C102772,17-07-2025,Transaction Issue,3,5
CP502253,C100246,05-01-2026,App/Internet Banking,3,4
CP502254,C101579,17-05-2025,Service,11,1
CP502255,C101593,14-11-2025,Transaction Issue,2,3
CP502256,C100109,10-08-2025,Service,10,4
CP502257,C100840,07-07-2025,Service,13,5
CP502258,C102419,13-04-2026,App/Internet Banking,12,4
CP502259,C103754,21-04-2025,Card Issue,2,5
CP502260,C101499,29-01-2025,Card Issue,13,4
CP502261,C100607,24-09-2025,Card Issue,10,4
CP502262,C103546,20-11-2025,App/Internet Banking,9,4
CP502263,C101948,26-12-2025,Card Issue,12,5
CP502264,C104648,14-01-2025,Fraud/Security,10,5
CP502265,C100507,17-06-2026,App/Internet Banking,14,4
CP502266,C102385,09-03-2025,App/Internet Banking,10,4
CP502267,C104972,02-09-2025,Service,14,3
CP502268,C104132,16-06-2025,Fraud/Security,10,1
CP502269,C101972,06-05-2025,App/Internet Banking,7,3
CP502270,C104418,07-04-2026,Transaction Issue,2,3
CP502271,C104960,21-05-2025,Transaction Issue,1,5
CP502272,C103841,16-06-2025,Loan Issue,14,3
CP502273,C102773,22-04-2025,App/Internet Banking,2,2
CP502274,C102190,13-06-2026,App/Internet Banking,2,4
CP502275,C101734,14-04-2026,Loan Issue,7,4
CP502276,C104401,23-11-2025,Transaction Issue,7,1
CP502277,C101988,14-04-2026,App/Internet Banking,11,3
CP502278,C103424,16-05-2025,App/Internet Banking,4,5
CP502279,C104039,27-01-2025,Service,12,4
CP502280,C102358,05-11-2025,Transaction Issue,12,3
CP502281,C104769,24-07-2025,Service,12,5
CP502282,C104935,28-04-2026,Transaction Issue,15,5
CP502283,C101336,27-11-2025,App/Internet Banking,14,4
CP502284,C104085,14-07-2025,Fraud/Security,12,2
CP502285,C102232,05-07-2025,Card Issue,2,4
CP502286,C100395,30-04-2026,Loan Issue,2,5
CP502287,C103041,19-06-2026,Transaction Issue,10,3
CP502288,C101108,03-01-2026,Service,11,5
CP502289,C101439,21-05-2025,Loan Issue,8,4
CP502290,C101482,13-03-2025,Loan Issue,7,3
CP502291,C103236,15-02-2026,Card Issue,13,2
CP502292,C102825,05-03-2026,Service,14,3
CP502293,C101021,18-03-2026,App/Internet Banking,4,5
CP502294,C102649,07-01-2025,Transaction Issue,7,3
CP502295,C100724,10-10-2025,Transaction Issue,15,4
CP502296,C101605,17-02-2025,Card Issue,14,2
CP502297,C103138,14-02-2025,App/Internet Banking,15,5
CP502298,C100047,16-10-2025,Service,1,2
CP502299,C101094,29-01-2026,Transaction Issue,7,1
CP502300,C101659,12-09-2025,Loan Issue,6,5
CP502301,C100923,02-02-2026,Service,14,4
CP502302,C102247,04-11-2025,Loan Issue,11,4
CP502303,C104697,19-03-2025,Service,15,2
CP502304,C104314,30-07-2025,Service,11,5
CP502305,C103325,09-03-2025,Loan Issue,2,3
CP502306,C102231,10-01-2025,Card Issue,3,5
CP502307,C101951,08-05-2025,Service,7,4
CP502308,C102520,24-05-2025,Transaction Issue,9,3
CP502309,C100385,20-03-2025,Loan Issue,11,4
CP502310,C100297,23-09-2025,Fraud/Security,2,5
CP502311,C102216,08-05-2025,Fraud/Security,9,5
CP502312,C100921,12-05-2025,App/Internet Banking,11,4
CP502313,C104490,13-03-2026,App/Internet Banking,9,5
CP502314,C103712,25-11-2025,Card Issue,14,4
CP502315,C104173,23-01-2025,Fraud/Security,13,4
CP502316,C102298,17-08-2025,App/Internet Banking,1,4
CP502317,C101361,03-08-2025,App/Internet Banking,3,1
CP502318,C102741,18-05-2025,Card Issue,1,4
CP502319,C100725,08-01-2025,Card Issue,14,3
CP502320,C102981,08-12-2025,Service,3,4
CP502321,C101277,02-02-2026,Loan Issue,11,5
CP502322,C101237,22-05-2026,Card Issue,12,5
CP502323,C103849,20-05-2026,Loan Issue,12,5
CP502324,C104288,04-12-2025,Service,12,3
CP502325,C101822,24-04-2025,App/Internet Banking,14,2
CP502326,C101730,27-05-2026,App/Internet Banking,6,2
CP502327,C102907,14-06-2026,Fraud/Security,13,4
CP502328,C101008,25-01-2026,Transaction Issue,1,4
CP502329,C100701,02-07-2025,Card Issue,9,5
CP502330,C102228,23-03-2026,Service,2,1
CP502331,C103962,14-03-2026,Card Issue,4,3
CP502332,C103997,29-06-2025,Loan Issue,1,5
CP502333,C102078,07-02-2025,Card Issue,3,2
CP502334,C101799,09-12-2025,App/Internet Banking,15,1
CP502335,C104967,31-05-2026,Card Issue,12,4
CP502336,C101190,03-09-2025,Card Issue,4,5
CP502337,C103425,20-05-2026,Transaction Issue,1,4
CP502338,C101703,21-10-2025,Loan Issue,7,4
CP502339,C101746,02-01-2025,Transaction Issue,13,5
CP502340,C103981,13-01-2026,Loan Issue,4,5
CP502341,C102210,24-01-2025,App/Internet Banking,13,4
CP502342,C101504,26-10-2025,Transaction Issue,2,1
CP502343,C102784,17-08-2025,App/Internet Banking,4,4
CP502344,C101150,03-02-2026,Card Issue,1,2
CP502345,C104102,16-04-2025,Transaction Issue,3,5
CP502346,C104698,14-07-2025,Transaction Issue,4,5
CP502347,C104389,11-04-2025,App/Internet Banking,15,4
CP502348,C101436,17-09-2025,Card Issue,9,3
CP502349,C100594,21-11-2025,Service,3,3
CP502350,C104502,26-01-2025,Transaction Issue,3,4
CP502351,C101323,01-05-2026,Transaction Issue,14,4
CP502352,C104545,04-03-2026,App/Internet Banking,8,3
CP502353,C100827,19-01-2026,Transaction Issue,11,4
CP502354,C103044,07-12-2025,Loan Issue,14,2
CP502355,C102035,29-01-2025,App/Internet Banking,7,5
CP502356,C104483,23-04-2025,Loan Issue,14,5
CP502357,C100581,03-07-2025,Fraud/Security,5,3
CP502358,C101290,24-12-2025,Transaction Issue,13,3
CP502359,C102787,28-12-2025,Transaction Issue,2,5
CP502360,C102012,16-06-2026,Transaction Issue,6,5
CP502361,C104006,18-10-2025,Transaction Issue,14,4
CP502362,C102431,21-10-2025,App/Internet Banking,14,4
CP502363,C101550,25-04-2025,Loan Issue,8,4
CP502364,C101777,18-07-2025,App/Internet Banking,4,1
CP502365,C104730,19-02-2026,App/Internet Banking,1,4
CP502366,C102199,01-12-2025,Loan Issue,6,2
CP502367,C104047,03-05-2026,Transaction Issue,7,4
CP502368,C101278,01-09-2025,Transaction Issue,2,4
CP502369,C102769,08-04-2026,App/Internet Banking,14,5
CP502370,C103781,04-03-2026,Loan Issue,9,4
CP502371,C102943,12-03-2025,Card Issue,4,5
CP502372,C103021,14-12-2025,Card Issue,9,5
CP502373,C103583,11-08-2025,App/Internet Banking,5,3
CP502374,C100117,14-03-2026,Service,6,5
CP502375,C103122,28-03-2026,Fraud/Security,6,5
CP502376,C100458,13-11-2025,App/Internet Banking,8,5
CP502377,C103647,30-03-2026,App/Internet Banking,15,3
CP502378,C101395,02-12-2025,Transaction Issue,8,4
CP502379,C103284,19-05-2025,Transaction Issue,13,5
CP502380,C104931,30-05-2025,Fraud/Security,10,3
CP502381,C101473,09-03-2025,Loan Issue,12,3
CP502382,C104097,02-10-2025,Loan Issue,1,3
CP502383,C101330,30-01-2025,Service,10,2
CP502384,C101686,24-01-2025,Loan Issue,15,4
CP502385,C104858,14-01-2026,App/Internet Banking,4,2
CP502386,C103070,23-10-2025,Loan Issue,15,3
CP502387,C100315,25-04-2026,Service,7,5
CP502388,C103980,28-10-2025,Loan Issue,5,5
CP502389,C101203,17-04-2025,App/Internet Banking,11,4
CP502390,C104214,23-11-2025,Loan Issue,9,4
CP502391,C100038,23-02-2025,Service,3,5
CP502392,C103751,01-07-2025,Fraud/Security,7,4
CP502393,C102390,06-04-2025,Transaction Issue,3,5
CP502394,C101560,11-02-2025,Service,13,3
CP502395,C102153,05-01-2026,Service,12,2
CP502396,C104445,02-06-2025,Loan Issue,10,1
CP502397,C102825,15-09-2025,Loan Issue,6,4
CP502398,C101558,29-06-2025,Fraud/Security,8,4
CP502399,C100979,20-01-2026,Transaction Issue,9,3
CP502400,C103773,12-01-2025,Service,10,5
CP502401,C104441,08-04-2025,Card Issue,2,4
CP502402,C101280,14-01-2026,Fraud/Security,9,4
CP502403,C103242,04-06-2025,Card Issue,2,5
CP502404,C100303,14-01-2025,Card Issue,2,5
CP502405,C104363,30-08-2025,Transaction Issue,8,5
CP502406,C102845,02-04-2025,App/Internet Banking,12,3
CP502407,C103433,03-08-2025,App/Internet Banking,15,2
CP502408,C101343,30-12-2025,Transaction Issue,15,1
CP502409,C101421,01-02-2025,App/Internet Banking,1,4
CP502410,C102266,12-07-2025,Transaction Issue,11,3
CP502411,C103762,31-01-2025,Loan Issue,3,4
CP502412,C102049,20-11-2025,Transaction Issue,14,3
CP502413,C103401,16-12-2025,Service,1,5
CP502414,C100198,30-04-2026,Service,9,4
CP502415,C100742,17-05-2025,Transaction Issue,5,3
CP502416,C103362,16-05-2026,Service,3,4
CP502417,C101345,04-01-2026,App/Internet Banking,2,2
CP502418,C101627,27-04-2026,Card Issue,5,3
CP502419,C102142,17-06-2026,Fraud/Security,4,4
CP502420,C101597,07-05-2025,Card Issue,3,4
CP502421,C104402,11-04-2026,Fraud/Security,14,3
CP502422,C100553,07-01-2026,Service,12,4
CP502423,C104088,07-06-2025,Service,14,5
CP502424,C102787,06-06-2025,Transaction Issue,5,4
CP502425,C104274,05-01-2025,Service,5,4
CP502426,C103375,20-05-2025,Transaction Issue,4,2
CP502427,C101846,11-06-2025,Loan Issue,13,4
CP502428,C102510,25-01-2025,App/Internet Banking,10,5
CP502429,C103771,07-12-2025,App/Internet Banking,5,4
CP502430,C101832,24-04-2025,Service,4,4
CP502431,C102044,05-04-2026,Transaction Issue,11,4
CP502432,C101741,02-09-2025,Loan Issue,14,3
CP502433,C101100,16-03-2026,Service,4,4
CP502434,C103322,06-02-2025,App/Internet Banking,15,3
CP502435,C104854,24-06-2025,Transaction Issue,2,3
CP502436,C104819,15-09-2025,App/Internet Banking,13,3
CP502437,C100887,21-08-2025,Fraud/Security,9,3
CP502438,C103604,11-05-2025,Service,6,4
CP502439,C100185,12-06-2025,Service,12,4
CP502440,C101099,08-04-2025,Service,5,4
CP502441,C101462,16-12-2025,Card Issue,1,4
CP502442,C100305,11-06-2025,Transaction Issue,10,1
CP502443,C100404,12-01-2025,Transaction Issue,3,4
CP502444,C104598,08-10-2025,Card Issue,7,2
CP502445,C104290,23-12-2025,Service,12,1
CP502446,C103649,31-03-2025,Loan Issue,3,5
CP502447,C101605,15-07-2025,Loan Issue,8,5
CP502448,C104065,17-03-2025,App/Internet Banking,5,5
CP502449,C100459,25-06-2025,Transaction Issue,6,2
CP502450,C100280,19-03-2025,Service,13,5
CP502451,C104143,27-08-2025,Transaction Issue,3,4
CP502452,C100453,22-03-2026,Transaction Issue,13,5
CP502453,C104798,28-05-2025,Transaction Issue,10,4
CP502454,C100010,08-06-2025,Service,9,3
CP502455,C103409,19-04-2025,Transaction Issue,11,4
CP502456,C104411,01-07-2025,App/Internet Banking,14,5
CP502457,C102265,02-02-2025,App/Internet Banking,11,5
CP502458,C103975,05-09-2025,App/Internet Banking,1,1
CP502459,C102063,26-12-2025,Transaction Issue,1,4
CP502460,C100764,03-12-2025,App/Internet Banking,10,2
CP502461,C103083,19-05-2026,Service,14,3
CP502462,C100045,21-03-2026,Loan Issue,11,5
CP502463,C104839,28-05-2026,App/Internet Banking,4,2
CP502464,C100750,09-12-2025,Loan Issue,14,4
CP502465,C100810,18-11-2025,Service,6,4
CP502466,C100700,26-05-2026,Card Issue,7,5
CP502467,C100937,13-01-2025,App/Internet Banking,7,4
CP502468,C103871,03-08-2025,Service,8,2
CP502469,C103468,21-02-2026,App/Internet Banking,5,4
CP502470,C104157,04-02-2025,Service,11,1
CP502471,C100413,11-03-2026,App/Internet Banking,7,1
CP502472,C104086,04-05-2025,Fraud/Security,8,4
CP502473,C102718,17-04-2026,Loan Issue,12,5
CP502474,C103384,01-02-2026,App/Internet Banking,1,5
CP502475,C100022,01-01-2025,Transaction Issue,7,3
CP502476,C103046,24-02-2025,App/Internet Banking,9,4
CP502477,C104726,02-09-2025,App/Internet Banking,9,4
CP502478,C104203,01-05-2025,Card Issue,13,5
CP502479,C101153,05-04-2025,Fraud/Security,2,5
CP502480,C102379,25-06-2026,Loan Issue,2,1
CP502481,C102628,08-02-2025,Transaction Issue,1,3
CP502482,C101808,05-03-2026,Service,6,4
CP502483,C100452,04-02-2026,Fraud/Security,3,4
CP502484,C103642,05-02-2026,App/Internet Banking,9,3
CP502485,C100623,14-01-2025,Fraud/Security,15,5
CP502486,C100917,17-02-2026,App/Internet Banking,3,4
CP502487,C103198,05-06-2026,Transaction Issue,10,4
CP502488,C103082,04-04-2026,Service,3,4
CP502489,C100717,09-11-2025,Transaction Issue,12,4
CP502490,C100941,11-02-2026,Transaction Issue,3,4
CP502491,C100481,15-10-2025,Card Issue,14,5
CP502492,C101880,05-02-2025,Loan Issue,10,5
CP502493,C103604,26-04-2025,Service,3,3
CP502494,C101284,20-01-2025,Service,14,1
CP502495,C102096,29-06-2026,Card Issue,1,2
CP502496,C104382,23-04-2025,Service,13,1
CP502497,C104785,20-12-2025,App/Internet Banking,5,4
CP502498,C103065,19-03-2025,Loan Issue,8,5
CP502499,C102279,31-10-2025,Loan Issue,5,3
CP502500,C100584,29-03-2025,Service,8,3
CP502501,C101473,08-07-2025,App/Internet Banking,13,4
CP502502,C103078,26-07-2025,Transaction Issue,8,4
CP502503,C103396,16-01-2025,Card Issue,12,2
CP502504,C102238,06-05-2025,Card Issue,10,4
CP502505,C102081,30-04-2026,Card Issue,3,1
CP502506,C101783,22-08-2025,Service,8,3
CP502507,C101189,27-01-2025,Service,2,3
CP502508,C103394,27-05-2026,Loan Issue,10,3
CP502509,C100877,12-03-2026,Fraud/Security,7,5
CP502510,C100677,25-02-2025,Card Issue,15,3
CP502511,C101468,16-05-2026,Loan Issue,4,3
CP502512,C100734,15-03-2026,App/Internet Banking,9,1
CP502513,C103304,01-12-2025,Transaction Issue,5,4
CP502514,C103838,03-04-2025,Service,7,5
CP502515,C103301,10-07-2025,Loan Issue,7,5
CP502516,C104701,21-05-2026,Service,14,5
CP502517,C101705,02-01-2025,Transaction Issue,5,5
CP502518,C102059,04-06-2026,App/Internet Banking,7,5
CP502519,C103892,17-08-2025,Fraud/Security,7,1
CP502520,C100303,25-02-2025,Card Issue,6,4
CP502521,C104798,24-01-2026,Fraud/Security,3,5
CP502522,C103115,09-08-2025,Loan Issue,9,3
CP502523,C103243,27-09-2025,App/Internet Banking,2,4
CP502524,C104547,19-04-2026,Card Issue,3,3
CP502525,C104058,12-01-2025,Transaction Issue,2,5
CP502526,C100532,02-11-2025,Service,10,1
CP502527,C102130,07-01-2025,App/Internet Banking,5,5
CP502528,C102627,13-10-2025,Transaction Issue,1,3
CP502529,C100409,01-09-2025,Loan Issue,13,4
CP502530,C101078,14-06-2026,App/Internet Banking,7,2
CP502531,C104719,02-01-2026,Transaction Issue,12,3
CP502532,C101076,15-11-2025,Fraud/Security,13,5
CP502533,C104513,15-01-2025,Fraud/Security,2,4
CP502534,C101621,17-11-2025,Service,2,2
CP502535,C100655,21-10-2025,Transaction Issue,12,5
CP502536,C103873,09-05-2025,App/Internet Banking,5,5
CP502537,C101991,16-06-2025,Card Issue,11,3
CP502538,C100332,12-06-2026,Fraud/Security,6,1
CP502539,C101309,17-08-2025,Card Issue,15,3
CP502540,C103268,15-11-2025,App/Internet Banking,5,2
CP502541,C100363,15-06-2025,Service,15,4
CP502542,C101151,15-08-2025,Service,7,4
CP502543,C104809,22-04-2026,App/Internet Banking,6,4
CP502544,C101172,23-10-2025,Card Issue,4,5
CP502545,C103016,26-03-2026,Service,6,4
CP502546,C102672,09-01-2025,Service,3,3
CP502547,C101045,05-02-2026,Transaction Issue,13,4
CP502548,C101190,21-12-2025,Fraud/Security,8,4
CP502549,C101582,16-02-2025,App/Internet Banking,12,4
CP502550,C103910,27-01-2025,Service,11,5
CP502551,C103468,08-03-2025,Transaction Issue,12,5
CP502552,C102207,25-03-2025,App/Internet Banking,9,2
CP502553,C100301,23-01-2026,Card Issue,2,3
CP502554,C100925,17-02-2026,Fraud/Security,10,3
CP502555,C101802,20-04-2025,Service,5,4
CP502556,C101590,22-09-2025,Fraud/Security,3,4
CP502557,C101189,16-04-2026,Transaction Issue,5,5
CP502558,C100020,04-06-2025,Card Issue,11,4
CP502559,C101714,26-05-2025,Card Issue,15,4
CP502560,C101247,01-03-2026,Transaction Issue,11,3
CP502561,C102038,24-07-2025,Loan Issue,2,5
CP502562,C101790,28-06-2026,Service,7,5
CP502563,C103307,25-07-2025,Transaction Issue,11,4
CP502564,C104782,26-10-2025,Transaction Issue,12,3
CP502565,C101402,27-02-2026,App/Internet Banking,10,3
CP502566,C103031,18-01-2025,Loan Issue,2,3
CP502567,C100700,29-03-2025,App/Internet Banking,11,4
CP502568,C102138,22-08-2025,Card Issue,12,3
CP502569,C100693,09-04-2025,Card Issue,4,5
CP502570,C102045,12-11-2025,Loan Issue,1,5
CP502571,C103695,21-12-2025,App/Internet Banking,15,4
CP502572,C103131,11-04-2026,App/Internet Banking,15,2
CP502573,C103554,20-02-2025,Loan Issue,8,3
CP502574,C100036,15-04-2026,Transaction Issue,2,4
CP502575,C101681,05-10-2025,Card Issue,3,5
CP502576,C102409,20-05-2025,Service,13,4
CP502577,C100531,18-06-2026,Card Issue,12,3
CP502578,C101850,14-08-2025,Service,13,4
CP502579,C103032,19-07-2025,App/Internet Banking,14,4
CP502580,C100884,28-03-2025,Card Issue,6,4
CP502581,C104804,30-12-2025,App/Internet Banking,9,5
CP502582,C101649,13-03-2026,Card Issue,13,3
CP502583,C103641,04-01-2025,Fraud/Security,9,5
CP502584,C102904,21-10-2025,App/Internet Banking,12,5
CP502585,C100520,13-08-2025,Card Issue,9,3
CP502586,C101386,06-01-2026,App/Internet Banking,4,5
CP502587,C104988,19-04-2025,Service,7,2
CP502588,C101483,18-06-2025,Card Issue,13,5
CP502589,C102317,20-04-2026,Service,4,3
CP502590,C103776,20-01-2025,Service,7,5
CP502591,C100870,13-05-2025,Service,7,4
CP502592,C104820,26-06-2026,Service,2,4
CP502593,C104636,21-04-2025,App/Internet Banking,15,5
CP502594,C100013,10-05-2025,App/Internet Banking,11,2
CP502595,C100309,09-09-2025,Card Issue,15,5
CP502596,C101787,03-11-2025,Service,11,5
CP502597,C104137,27-09-2025,Loan Issue,6,3
CP502598,C103284,18-01-2026,Transaction Issue,8,5
CP502599,C103009,17-12-2025,App/Internet Banking,10,5
CP502600,C102179,17-03-2025,Transaction Issue,2,2
CP502601,C104766,08-01-2025,Transaction Issue,6,3
CP502602,C102089,26-04-2025,App/Internet Banking,1,3
CP502603,C102773,20-01-2026,App/Internet Banking,9,4
CP502604,C102931,28-10-2025,Service,14,3
CP502605,C100001,30-08-2025,Transaction Issue,8,5
CP502606,C100263,27-09-2025,Service,10,4
CP502607,C100735,13-01-2025,Service,10,5
CP502608,C100057,16-07-2025,Service,5,5
CP502609,C104967,24-09-2025,Loan Issue,1,1
CP502610,C103143,17-01-2026,Service,10,2
CP502611,C100168,21-02-2026,Transaction Issue,4,5
CP502612,C102433,05-03-2026,Service,4,5
CP502613,C104026,23-11-2025,App/Internet Banking,8,1
CP502614,C101446,10-05-2025,Card Issue,2,5
CP502615,C100274,14-05-2026,Loan Issue,3,5
CP502616,C104914,19-01-2026,Transaction Issue,2,5
CP502617,C103565,15-02-2026,Service,9,4
CP502618,C100414,21-02-2026,Service,1,1
CP502619,C103384,03-10-2025,Transaction Issue,8,3
CP502620,C100303,08-06-2026,Transaction Issue,1,4
CP502621,C102863,23-04-2026,Service,3,4
CP502622,C103038,03-12-2025,Service,2,4
CP502623,C103046,19-08-2025,Fraud/Security,12,4
CP502624,C101166,14-12-2025,Loan Issue,11,4
CP502625,C104730,06-03-2026,App/Internet Banking,13,3
CP502626,C102154,28-02-2026,Transaction Issue,11,2
CP502627,C102129,08-04-2025,Transaction Issue,4,3
CP502628,C103813,01-03-2026,App/Internet Banking,11,3
CP502629,C102263,08-12-2025,Transaction Issue,12,4
CP502630,C103747,28-02-2025,App/Internet Banking,8,5
CP502631,C104632,23-08-2025,App/Internet Banking,11,5
CP502632,C103064,21-04-2025,Service,12,4
CP502633,C104995,06-10-2025,App/Internet Banking,11,4
CP502634,C100093,04-06-2025,Transaction Issue,4,4
CP502635,C104576,05-02-2025,App/Internet Banking,11,5
CP502636,C101856,12-03-2025,Loan Issue,4,5
CP502637,C104662,26-11-2025,Loan Issue,5,3
CP502638,C101087,10-03-2025,Transaction Issue,8,3
CP502639,C100765,05-04-2025,App/Internet Banking,5,3
CP502640,C100367,06-02-2026,Loan Issue,15,2
CP502641,C101279,13-10-2025,Transaction Issue,15,3
CP502642,C100922,15-03-2026,Transaction Issue,3,3
CP502643,C100772,11-01-2025,Fraud/Security,2,5
CP502644,C100045,23-06-2026,Loan Issue,4,5
CP502645,C100881,24-03-2025,Service,11,4
CP502646,C104136,07-05-2026,App/Internet Banking,8,4
CP502647,C100167,26-02-2026,Transaction Issue,7,5
CP502648,C103575,31-05-2025,Service,5,4
CP502649,C101448,31-12-2025,App/Internet Banking,3,4
CP502650,C104883,17-07-2025,Card Issue,13,4
CP502651,C103443,05-01-2025,Card Issue,8,3
CP502652,C104103,10-07-2025,App/Internet Banking,7,3
CP502653,C100984,30-04-2026,Transaction Issue,2,4
CP502654,C103673,29-04-2025,Service,5,2
CP502655,C102720,31-12-2025,App/Internet Banking,3,5
CP502656,C102246,03-01-2026,Transaction Issue,3,2
CP502657,C104475,31-03-2025,App/Internet Banking,9,4
CP502658,C100090,14-06-2025,App/Internet Banking,4,3
CP502659,C101529,20-05-2026,App/Internet Banking,2,4
CP502660,C103877,22-02-2026,Transaction Issue,11,4
CP502661,C100987,24-12-2025,Transaction Issue,5,3
CP502662,C100364,08-04-2026,Card Issue,5,4
CP502663,C102131,02-03-2025,Transaction Issue,5,2
CP502664,C100449,24-05-2026,Card Issue,15,4
CP502665,C101708,23-04-2025,Card Issue,11,3
CP502666,C100807,18-11-2025,Service,4,5
CP502667,C102866,26-06-2026,Transaction Issue,3,4
CP502668,C102902,06-07-2025,Card Issue,6,5
CP502669,C104893,03-03-2026,App/Internet Banking,12,5
CP502670,C104886,24-12-2025,App/Internet Banking,11,1
CP502671,C104287,22-03-2025,Service,13,4
CP502672,C102666,14-03-2026,Transaction Issue,15,4
CP502673,C103212,19-04-2025,App/Internet Banking,14,5
CP502674,C103961,24-04-2025,Service,4,4
CP502675,C104503,21-01-2025,Loan Issue,3,2
CP502676,C102118,12-05-2025,Loan Issue,7,2
CP502677,C102417,21-06-2025,Card Issue,2,3
CP502678,C101743,21-01-2025,Service,8,1
CP502679,C104351,09-03-2026,Card Issue,5,3
CP502680,C102568,08-09-2025,App/Internet Banking,11,5
CP502681,C102173,14-05-2026,Service,4,3
CP502682,C104741,18-04-2026,Fraud/Security,7,5
CP502683,C102988,21-02-2026,Service,10,2
CP502684,C102829,04-12-2025,Card Issue,3,3
CP502685,C104891,22-08-2025,Transaction Issue,12,3
CP502686,C102154,20-01-2026,Service,7,5
CP502687,C100371,04-07-2025,App/Internet Banking,11,4
CP502688,C100919,09-03-2026,Card Issue,5,4
CP502689,C103139,31-05-2026,Transaction Issue,7,1
CP502690,C100088,29-06-2026,Fraud/Security,2,5
CP502691,C100290,13-06-2025,Loan Issue,5,1
CP502692,C101529,24-04-2026,Loan Issue,4,3
CP502693,C103734,07-12-2025,App/Internet Banking,11,3
CP502694,C101247,29-01-2025,App/Internet Banking,5,3
CP502695,C100426,13-11-2025,App/Internet Banking,8,3
CP502696,C101291,14-10-2025,App/Internet Banking,12,4
CP502697,C104427,04-09-2025,Transaction Issue,13,1
CP502698,C103630,30-05-2025,Transaction Issue,8,2
CP502699,C104802,07-05-2026,Service,2,5
CP502700,C104392,18-06-2026,Card Issue,8,4
CP502701,C100365,29-10-2025,App/Internet Banking,10,5
CP502702,C100279,10-06-2025,Transaction Issue,11,4
CP502703,C104432,17-01-2026,App/Internet Banking,2,4
CP502704,C102087,19-06-2026,Fraud/Security,2,2
CP502705,C103653,14-06-2025,Card Issue,10,4
CP502706,C101888,03-05-2026,Transaction Issue,4,3
CP502707,C104732,15-04-2025,Service,8,5
CP502708,C100558,17-05-2026,Service,12,1
CP502709,C104471,17-06-2026,Card Issue,7,3
CP502710,C102378,16-11-2025,App/Internet Banking,6,4
CP502711,C101293,29-07-2025,Fraud/Security,6,2
CP502712,C103365,18-05-2026,Fraud/Security,4,1
CP502713,C102777,03-01-2026,Service,8,5
CP502714,C102787,24-04-2026,Service,3,4
CP502715,C101688,13-07-2025,Loan Issue,14,5
CP502716,C104907,03-05-2026,Card Issue,6,2
CP502717,C104088,17-07-2025,Card Issue,12,2
CP502718,C101627,06-06-2026,Service,2,4
CP502719,C102274,03-01-2025,App/Internet Banking,12,4
CP502720,C100413,01-03-2025,Fraud/Security,10,5
CP502721,C103810,03-04-2026,Card Issue,3,5
CP502722,C104698,17-09-2025,Transaction Issue,11,3
CP502723,C103312,29-07-2025,Service,10,5
CP502724,C101838,06-01-2025,Loan Issue,9,5
CP502725,C104207,20-12-2025,Fraud/Security,5,3
CP502726,C103714,31-05-2025,App/Internet Banking,2,5
CP502727,C104486,19-12-2025,Card Issue,7,5
CP502728,C103792,22-05-2026,Card Issue,12,3
CP502729,C103354,23-06-2025,App/Internet Banking,9,3
CP502730,C103096,12-08-2025,Service,10,5
CP502731,C104255,29-04-2026,Loan Issue,8,3
CP502732,C103804,14-12-2025,App/Internet Banking,15,2
CP502733,C104604,25-08-2025,Service,3,5
CP502734,C100595,05-05-2026,Card Issue,8,5
CP502735,C101945,18-01-2025,Transaction Issue,15,3
CP502736,C101838,30-03-2025,Loan Issue,1,3
CP502737,C103533,30-05-2025,Service,2,5
CP502738,C101890,07-01-2025,App/Internet Banking,10,4
CP502739,C104864,19-04-2025,App/Internet Banking,9,4
CP502740,C100915,14-12-2025,Card Issue,7,2
CP502741,C100327,06-02-2026,App/Internet Banking,13,3
CP502742,C101441,12-07-2025,App/Internet Banking,9,5
CP502743,C104753,06-04-2025,App/Internet Banking,10,3
CP502744,C103629,23-06-2025,Card Issue,10,2
CP502745,C103625,29-01-2025,Transaction Issue,3,4
CP502746,C104917,13-03-2026,Service,4,2
CP502747,C100363,17-07-2025,App/Internet Banking,5,3
CP502748,C102115,05-06-2026,Card Issue,8,5
CP502749,C104515,25-04-2026,Service,7,5
CP502750,C102964,05-01-2025,Loan Issue,14,3
CP502751,C100350,15-06-2026,Service,9,5
CP502752,C104611,28-04-2026,Loan Issue,2,3
CP502753,C101379,01-05-2026,Card Issue,2,5
CP502754,C100447,07-04-2025,Service,2,4
CP502755,C100533,08-09-2025,App/Internet Banking,9,3
CP502756,C100820,18-03-2025,Transaction Issue,3,4
CP502757,C100932,10-10-2025,Transaction Issue,8,1
CP502758,C102748,09-11-2025,Loan Issue,3,5
CP502759,C101126,22-06-2026,Loan Issue,3,2
CP502760,C100262,04-02-2025,Transaction Issue,10,3
CP502761,C104725,29-12-2025,Transaction Issue,7,4
CP502762,C102590,15-04-2026,App/Internet Banking,2,4
CP502763,C102411,16-02-2026,Transaction Issue,4,4
CP502764,C100409,04-06-2026,App/Internet Banking,11,5
CP502765,C104354,17-10-2025,Service,4,3
CP502766,C100339,04-03-2026,Transaction Issue,2,2
CP502767,C102416,11-10-2025,App/Internet Banking,5,3
CP502768,C102480,14-02-2025,Service,15,4
CP502769,C103061,04-06-2026,Transaction Issue,12,5
CP502770,C102094,03-10-2025,App/Internet Banking,10,3
CP502771,C101640,27-01-2026,Service,7,4
CP502772,C103390,24-04-2025,Transaction Issue,12,4
CP502773,C102309,04-04-2025,App/Internet Banking,10,3
CP502774,C104473,06-12-2025,App/Internet Banking,1,4
CP502775,C103357,20-11-2025,Loan Issue,3,5
CP502776,C102408,27-02-2025,Transaction Issue,3,3
CP502777,C104225,18-11-2025,Transaction Issue,1,2
CP502778,C104472,10-07-2025,Loan Issue,11,5
CP502779,C103068,07-04-2025,Service,9,2
CP502780,C101158,25-02-2025,Transaction Issue,9,2
CP502781,C104819,24-03-2026,Card Issue,11,4
CP502782,C100866,06-04-2026,Transaction Issue,2,5
CP502783,C103168,23-08-2025,App/Internet Banking,1,5
CP502784,C104249,06-04-2025,Transaction Issue,3,4
CP502785,C100808,17-06-2025,Loan Issue,11,3
CP502786,C102402,20-03-2025,Loan Issue,8,4
CP502787,C103040,21-06-2026,Service,9,5
CP502788,C103953,20-01-2025,Service,14,5
CP502789,C100326,26-04-2026,App/Internet Banking,13,4
CP502790,C104524,22-02-2025,Loan Issue,5,4
CP502791,C100135,26-02-2026,Card Issue,9,5
CP502792,C100528,15-06-2026,Service,10,3
CP502793,C102648,01-02-2026,Transaction Issue,7,1
CP502794,C102153,14-03-2025,App/Internet Banking,1,1
CP502795,C104131,26-02-2025,Card Issue,9,5
CP502796,C104847,08-04-2025,App/Internet Banking,13,5
CP502797,C100501,10-04-2025,Service,11,5
CP502798,C103448,05-10-2025,App/Internet Banking,10,2
CP502799,C100898,02-06-2025,App/Internet Banking,5,3
CP502800,C100954,28-07-2025,Service,6,2
CP502801,C100048,11-03-2026,Loan Issue,10,4
CP502802,C101191,12-05-2025,Loan Issue,1,4
CP502803,C103098,13-05-2025,Fraud/Security,7,4
CP502804,C104393,12-03-2026,Card Issue,1,1
CP502805,C100893,17-08-2025,Transaction Issue,1,4
CP502806,C100551,18-02-2025,App/Internet Banking,12,3
CP502807,C104397,04-03-2026,Transaction Issue,2,3
CP502808,C104308,10-01-2026,Card Issue,14,5
CP502809,C101597,24-01-2025,Transaction Issue,11,2
CP502810,C102831,09-11-2025,App/Internet Banking,5,4
CP502811,C102092,23-02-2026,Fraud/Security,13,3
CP502812,C101218,15-09-2025,Transaction Issue,12,5
CP502813,C103394,10-06-2026,Loan Issue,8,3
CP502814,C102790,05-06-2026,Service,13,5
CP502815,C104982,12-06-2025,Card Issue,11,1
CP502816,C103410,08-12-2025,Service,2,2
CP502817,C104855,06-11-2025,Transaction Issue,15,2
CP502818,C101936,08-01-2026,Service,1,4
CP502819,C103706,08-03-2026,App/Internet Banking,13,4
CP502820,C104909,08-09-2025,Transaction Issue,5,2
CP502821,C100575,12-08-2025,Card Issue,13,2
CP502822,C100405,02-02-2025,Transaction Issue,14,2
CP502823,C100575,04-05-2026,Service,8,1
CP502824,C100937,18-09-2025,Loan Issue,2,2
CP502825,C103093,18-12-2025,Transaction Issue,1,4
CP502826,C102460,25-04-2026,App/Internet Banking,8,4
CP502827,C100483,16-06-2025,Fraud/Security,4,4
CP502828,C103703,15-05-2026,Service,9,5
CP502829,C102570,26-04-2026,Card Issue,13,3
CP502830,C102458,08-03-2025,App/Internet Banking,6,4
CP502831,C103189,20-02-2026,Transaction Issue,3,4
CP502832,C101388,16-06-2025,App/Internet Banking,11,3
CP502833,C100695,24-05-2025,App/Internet Banking,3,4
CP502834,C100918,18-02-2025,Service,3,5
CP502835,C101518,09-03-2026,App/Internet Banking,10,3
CP502836,C104634,20-08-2025,App/Internet Banking,2,3
CP502837,C100880,18-03-2025,Card Issue,1,3
CP502838,C103847,27-07-2025,Service,2,4
CP502839,C100644,20-06-2025,Service,14,1
CP502840,C103455,24-05-2025,Loan Issue,14,1
CP502841,C100444,21-01-2026,Service,6,4
CP502842,C102388,23-05-2025,Transaction Issue,10,3
CP502843,C100919,13-09-2025,Transaction Issue,1,4
CP502844,C101530,28-04-2025,Service,9,1
CP502845,C102463,02-02-2025,Card Issue,5,4
CP502846,C101742,02-08-2025,Card Issue,14,5
CP502847,C103218,24-11-2025,Transaction Issue,6,5
CP502848,C103690,15-03-2025,Card Issue,4,4
CP502849,C102728,14-03-2026,Loan Issue,1,3
CP502850,C101347,22-03-2025,App/Internet Banking,5,1
CP502851,C104313,17-10-2025,Card Issue,3,4
CP502852,C102784,13-12-2025,App/Internet Banking,14,3
CP502853,C102508,29-01-2025,App/Internet Banking,14,5
CP502854,C100050,28-08-2025,Service,6,5
CP502855,C102744,14-02-2025,Loan Issue,7,5
CP502856,C100486,12-08-2025,Service,6,5
CP502857,C100613,18-06-2025,Transaction Issue,11,4
CP502858,C103546,01-04-2026,Transaction Issue,14,2
CP502859,C100028,11-05-2026,Service,13,5
CP502860,C103769,02-09-2025,Transaction Issue,2,1
CP502861,C104587,10-02-2026,App/Internet Banking,4,5
CP502862,C102145,03-03-2025,Transaction Issue,3,3
CP502863,C104407,21-03-2026,Fraud/Security,7,4
CP502864,C104346,01-11-2025,Service,6,4
CP502865,C104278,24-09-2025,Card Issue,8,3
CP502866,C103658,27-02-2026,App/Internet Banking,5,3
CP502867,C101803,07-03-2026,Loan Issue,13,3
CP502868,C103373,11-01-2025,Service,2,2
CP502869,C103821,25-03-2026,Card Issue,3,2
CP502870,C100863,26-02-2026,Transaction Issue,11,5
CP502871,C101078,26-11-2025,App/Internet Banking,11,4
CP502872,C104055,25-05-2025,Service,7,4
CP502873,C102755,18-04-2026,Service,7,2
CP502874,C100475,30-11-2025,Transaction Issue,13,3
CP502875,C104796,22-06-2025,Card Issue,2,4
CP502876,C104967,15-04-2026,Loan Issue,2,3
CP502877,C101351,17-03-2026,Service,2,4
CP502878,C100577,01-01-2025,Card Issue,13,4
CP502879,C103838,28-09-2025,Loan Issue,6,4
CP502880,C100910,03-07-2025,App/Internet Banking,7,2
CP502881,C103494,17-04-2025,App/Internet Banking,1,4
CP502882,C101681,17-10-2025,Card Issue,8,4
CP502883,C100830,07-07-2025,Transaction Issue,4,2
CP502884,C101009,27-09-2025,Card Issue,4,2
CP502885,C101097,02-08-2025,Service,9,2
CP502886,C100243,06-05-2026,Fraud/Security,8,3
CP502887,C102247,26-09-2025,Loan Issue,10,3
CP502888,C101814,29-10-2025,App/Internet Banking,9,5
CP502889,C103386,21-05-2025,Service,15,4
CP502890,C104277,23-01-2025,Transaction Issue,13,5
CP502891,C102973,04-08-2025,Card Issue,2,4
CP502892,C101162,22-08-2025,Service,7,4
CP502893,C101105,12-10-2025,Loan Issue,6,3
CP502894,C100760,20-03-2025,Loan Issue,1,3
CP502895,C103838,15-06-2026,Transaction Issue,10,4
CP502896,C101725,31-03-2025,Card Issue,4,2
CP502897,C101430,09-01-2025,App/Internet Banking,9,3
CP502898,C101181,26-11-2025,Service,11,4
CP502899,C104762,23-05-2026,Service,1,4
CP502900,C102189,11-05-2026,Transaction Issue,15,3
CP502901,C100206,11-09-2025,Loan Issue,11,4
CP502902,C103286,07-02-2025,Loan Issue,14,3
CP502903,C103187,19-02-2026,App/Internet Banking,7,5
CP502904,C102225,08-07-2025,App/Internet Banking,2,5
CP502905,C100893,29-01-2026,Loan Issue,10,4
CP502906,C101330,17-04-2026,Card Issue,10,1
CP502907,C102159,04-01-2026,App/Internet Banking,14,5
CP502908,C102423,08-09-2025,Fraud/Security,1,1
CP502909,C102439,06-02-2025,App/Internet Banking,2,5
CP502910,C102885,17-01-2025,Card Issue,1,4
CP502911,C101427,17-01-2026,App/Internet Banking,2,4
CP502912,C101670,06-10-2025,Transaction Issue,9,4
CP502913,C100430,17-04-2026,App/Internet Banking,14,1
CP502914,C103562,16-09-2025,Transaction Issue,6,3
CP502915,C104622,20-08-2025,Transaction Issue,14,4
CP502916,C104002,13-04-2026,Transaction Issue,15,4
CP502917,C103016,20-11-2025,Fraud/Security,6,4
CP502918,C101297,02-04-2026,Loan Issue,13,5
CP502919,C102072,07-11-2025,Card Issue,13,2
CP502920,C103972,10-05-2025,Transaction Issue,4,3
CP502921,C100272,24-06-2025,Service,10,3
CP502922,C104465,16-12-2025,Service,11,2
CP502923,C102533,15-11-2025,Loan Issue,7,1
CP502924,C100463,03-05-2026,Fraud/Security,9,4
CP502925,C102219,03-11-2025,Fraud/Security,8,5
CP502926,C102267,21-06-2026,Card Issue,13,1
CP502927,C101614,05-01-2026,Service,7,4
CP502928,C103301,03-06-2026,Transaction Issue,3,4
CP502929,C101483,30-06-2025,Service,11,4
CP502930,C101166,02-05-2026,Loan Issue,14,2
CP502931,C104576,29-07-2025,Card Issue,12,5
CP502932,C101898,14-01-2025,Transaction Issue,9,5
CP502933,C103010,14-02-2026,Transaction Issue,2,5
CP502934,C101282,09-10-2025,App/Internet Banking,12,4
CP502935,C103923,15-05-2025,Fraud/Security,15,5
CP502936,C103760,23-03-2026,App/Internet Banking,12,4
CP502937,C100368,18-09-2025,App/Internet Banking,14,1
CP502938,C102103,26-08-2025,Service,14,3
CP502939,C102305,04-04-2025,Card Issue,12,4
CP502940,C102375,25-02-2025,Transaction Issue,8,4
CP502941,C101341,30-03-2025,Card Issue,2,3
CP502942,C104371,25-08-2025,Transaction Issue,6,5
CP502943,C103962,29-05-2025,Card Issue,4,4
CP502944,C104970,23-01-2026,Service,7,2
CP502945,C103304,03-04-2025,Loan Issue,5,5
CP502946,C102938,02-12-2025,App/Internet Banking,1,2
CP502947,C101295,23-01-2025,App/Internet Banking,5,4
CP502948,C101831,15-03-2025,Service,14,5
CP502949,C102519,14-12-2025,Fraud/Security,11,5
CP502950,C100817,28-03-2026,Card Issue,2,5
CP502951,C100697,14-02-2025,Card Issue,8,5
CP502952,C101556,27-09-2025,App/Internet Banking,15,3
CP502953,C100684,02-03-2026,Card Issue,10,4
CP502954,C104714,08-01-2025,Card Issue,8,4
CP502955,C103171,14-02-2026,Service,6,5
CP502956,C102349,25-09-2025,Transaction Issue,9,2
CP502957,C100248,03-02-2026,App/Internet Banking,15,4
CP502958,C104484,16-04-2025,Service,10,3
CP502959,C101297,30-08-2025,Loan Issue,7,4
CP502960,C104227,03-10-2025,Fraud/Security,12,4
CP502961,C101303,25-09-2025,Transaction Issue,15,5
CP502962,C103450,11-09-2025,Transaction Issue,14,3
CP502963,C104843,05-12-2025,Transaction Issue,3,4
CP502964,C102247,18-05-2025,App/Internet Banking,7,4
CP502965,C103513,29-04-2025,App/Internet Banking,14,5
CP502966,C101410,14-03-2026,Card Issue,9,4
CP502967,C102347,08-01-2026,App/Internet Banking,2,4
CP502968,C103618,10-01-2026,Card Issue,6,4
CP502969,C102982,21-02-2026,Fraud/Security,14,2
CP502970,C104834,24-04-2026,Transaction Issue,12,3
CP502971,C103235,07-03-2026,Service,3,3
CP502972,C102999,22-04-2026,App/Internet Banking,8,4
CP502973,C102467,21-08-2025,Transaction Issue,4,1
CP502974,C101532,31-07-2025,Loan Issue,1,2
CP502975,C101251,24-04-2026,Card Issue,3,5
CP502976,C100064,20-07-2025,Fraud/Security,10,4
CP502977,C100294,26-10-2025,Loan Issue,6,4
CP502978,C104079,02-03-2026,Loan Issue,8,1
CP502979,C101031,05-10-2025,Transaction Issue,11,1
CP502980,C102415,24-01-2025,Card Issue,2,5
CP502981,C102488,09-04-2025,Loan Issue,13,2
CP502982,C103958,21-01-2026,App/Internet Banking,13,2
CP502983,C101401,26-02-2025,Service,9,4
CP502984,C102116,12-12-2025,Service,11,4
CP502985,C101168,31-03-2026,Card Issue,11,3
CP502986,C103470,15-07-2025,Transaction Issue,2,1
CP502987,C100128,09-01-2026,Transaction Issue,11,1
CP502988,C104177,24-02-2026,Service,8,4
CP502989,C101395,07-06-2026,Transaction Issue,9,4
CP502990,C102390,10-06-2026,App/Internet Banking,13,4
CP502991,C102114,27-12-2025,Transaction Issue,3,4
CP502992,C104548,20-11-2025,App/Internet Banking,13,3
CP502993,C101882,09-04-2025,Transaction Issue,13,5
CP502994,C103060,07-05-2026,Card Issue,3,1
CP502995,C103547,16-02-2025,Loan Issue,9,5
CP502996,C100981,28-06-2026,App/Internet Banking,6,4
CP502997,C101808,17-07-2025,Fraud/Security,4,3
CP502998,C103060,24-01-2025,Service,14,4
CP502999,C103939,11-02-2026,App/Internet Banking,14,5
CP503000,C101653,26-09-2025,Transaction Issue,4,5
CP503001,C101016,15-10-2025,App/Internet Banking,5,3
CP503002,C100128,27-06-2026,Loan Issue,15,5
CP503003,C103032,06-04-2025,Loan Issue,2,4
CP503004,C100155,09-02-2026,Transaction Issue,14,4
CP503005,C100253,12-12-2025,Card Issue,5,4
CP503006,C104890,08-07-2025,Card Issue,7,4
CP503007,C100501,12-01-2026,Transaction Issue,1,3
CP503008,C101940,17-07-2025,Service,6,1
CP503009,C104164,18-05-2025,Transaction Issue,14,5
CP503010,C102968,22-03-2026,Transaction Issue,9,5
CP503011,C100835,14-09-2025,Card Issue,5,3
CP503012,C101425,14-01-2025,Service,7,4
CP503013,C103884,25-07-2025,Loan Issue,11,5
CP503014,C100687,18-06-2026,App/Internet Banking,11,4
CP503015,C101207,18-12-2025,Loan Issue,13,4
CP503016,C100872,28-03-2026,Service,15,3
CP503017,C103929,27-06-2025,Service,7,4
CP503018,C102152,18-05-2026,Fraud/Security,6,4
CP503019,C103229,03-10-2025,App/Internet Banking,7,5
CP503020,C100697,21-03-2026,Fraud/Security,13,5
CP503021,C104990,14-06-2026,Fraud/Security,12,4
CP503022,C102143,22-02-2025,App/Internet Banking,15,2
CP503023,C101799,04-07-2025,Transaction Issue,10,4
CP503024,C100072,14-05-2025,Card Issue,7,5
CP503025,C104566,27-02-2026,Transaction Issue,6,3
CP503026,C100158,01-06-2026,Loan Issue,12,3
CP503027,C100093,30-07-2025,Card Issue,10,5
CP503028,C102670,12-02-2025,Transaction Issue,6,2
CP503029,C104349,15-01-2025,Service,14,3
CP503030,C104077,04-04-2026,Loan Issue,14,4
CP503031,C103748,12-05-2025,Card Issue,2,1
CP503032,C104015,07-12-2025,Card Issue,10,1
CP503033,C103416,26-12-2025,Service,3,1
CP503034,C102724,25-01-2026,Transaction Issue,7,5
CP503035,C102720,26-01-2025,Service,14,5
CP503036,C104332,09-03-2026,Transaction Issue,12,3
CP503037,C102200,10-11-2025,Card Issue,13,5
CP503038,C100485,13-03-2025,Card Issue,14,5
CP503039,C103915,23-03-2026,App/Internet Banking,7,3
CP503040,C102297,22-02-2026,Fraud/Security,7,3
CP503041,C100417,19-03-2025,Loan Issue,8,3
CP503042,C101627,22-09-2025,Service,12,3
CP503043,C100325,19-01-2025,Card Issue,1,2
CP503044,C103927,16-03-2026,Loan Issue,4,5
CP503045,C104676,17-01-2025,Loan Issue,5,4
CP503046,C102993,14-05-2026,Card Issue,5,2
CP503047,C101728,01-06-2026,Card Issue,12,4
CP503048,C100110,27-06-2025,Service,6,3
CP503049,C102540,02-03-2026,Loan Issue,3,5
CP503050,C100577,29-04-2026,Service,3,5
CP503051,C102349,05-01-2025,App/Internet Banking,14,5
CP503052,C103554,25-06-2026,App/Internet Banking,11,4
CP503053,C104455,28-03-2026,Loan Issue,5,3
CP503054,C103336,14-04-2025,Service,5,3
CP503055,C101161,17-06-2026,Transaction Issue,7,3
CP503056,C102281,23-08-2025,Transaction Issue,3,5
CP503057,C102398,17-01-2026,Transaction Issue,6,4
CP503058,C100368,10-03-2026,Service,3,2
CP503059,C104817,04-11-2025,Loan Issue,4,4
CP503060,C103371,01-01-2026,Service,5,3
CP503061,C103682,09-04-2026,Transaction Issue,8,5
CP503062,C100131,20-04-2025,Card Issue,13,1
CP503063,C103202,08-07-2025,Transaction Issue,11,5
CP503064,C102953,14-12-2025,App/Internet Banking,9,4
CP503065,C104118,27-02-2025,Loan Issue,8,4
CP503066,C100227,03-10-2025,App/Internet Banking,6,4
CP503067,C102464,25-03-2026,Card Issue,7,4
CP503068,C100660,30-03-2026,Loan Issue,15,5
CP503069,C103951,30-04-2026,Service,9,3
CP503070,C102226,26-07-2025,Transaction Issue,6,3
CP503071,C100723,03-04-2026,Loan Issue,3,2
CP503072,C102115,19-09-2025,App/Internet Banking,1,1
CP503073,C104306,11-04-2026,Transaction Issue,4,2
CP503074,C102449,25-10-2025,Card Issue,11,5
CP503075,C102238,05-09-2025,Service,2,4
CP503076,C103825,17-09-2025,Fraud/Security,15,3
CP503077,C100304,20-03-2025,Service,11,4
CP503078,C103868,01-04-2026,Loan Issue,2,4
CP503079,C102495,18-03-2026,Service,11,1
CP503080,C101784,17-11-2025,Service,15,4
CP503081,C103192,22-12-2025,Transaction Issue,3,4
CP503082,C101461,18-11-2025,Card Issue,2,3
CP503083,C103123,19-02-2025,App/Internet Banking,1,1
CP503084,C103981,23-11-2025,Card Issue,6,5
CP503085,C104260,10-06-2026,App/Internet Banking,2,4
CP503086,C100920,13-03-2025,Loan Issue,1,4
CP503087,C100283,31-03-2025,Card Issue,11,3
CP503088,C101397,26-03-2026,Fraud/Security,12,3
CP503089,C100517,05-01-2025,Fraud/Security,1,2
CP503090,C101140,12-01-2025,App/Internet Banking,15,4
CP503091,C104658,04-06-2025,Card Issue,14,4
CP503092,C100059,26-12-2025,Transaction Issue,10,4
CP503093,C104498,24-03-2025,Service,4,3
CP503094,C101391,06-04-2025,Service,5,4
CP503095,C101017,04-01-2026,App/Internet Banking,13,1
CP503096,C103496,28-12-2025,Service,3,3
CP503097,C104835,23-07-2025,Transaction Issue,5,5
CP503098,C100378,12-08-2025,Card Issue,7,3
CP503099,C102060,24-01-2025,Fraud/Security,14,3
CP503100,C100048,25-11-2025,App/Internet Banking,11,4
CP503101,C102213,14-08-2025,Card Issue,12,5
CP503102,C100850,30-04-2025,Transaction Issue,1,4
CP503103,C104398,05-07-2025,App/Internet Banking,14,5
CP503104,C100608,07-07-2025,Service,2,4
CP503105,C103685,04-09-2025,Transaction Issue,13,2
CP503106,C104616,03-05-2026,Fraud/Security,13,3
CP503107,C104313,09-04-2025,Loan Issue,11,4
CP503108,C104704,30-05-2025,App/Internet Banking,11,3
CP503109,C100946,27-03-2025,Service,2,4
CP503110,C101611,13-12-2025,Card Issue,2,4
CP503111,C101171,06-04-2026,Card Issue,14,4
CP503112,C103632,21-06-2026,App/Internet Banking,2,4
CP503113,C103192,07-07-2025,Card Issue,7,4
CP503114,C103093,26-03-2026,Card Issue,9,1
CP503115,C101022,04-11-2025,Transaction Issue,5,4
CP503116,C101133,20-11-2025,App/Internet Banking,14,2
CP503117,C103233,23-03-2025,Fraud/Security,8,1
CP503118,C101165,05-01-2025,App/Internet Banking,12,4
CP503119,C104623,25-05-2026,Transaction Issue,5,5
CP503120,C100591,11-02-2025,App/Internet Banking,12,3
CP503121,C104835,14-07-2025,Card Issue,14,3
CP503122,C104349,05-03-2026,App/Internet Banking,6,3
CP503123,C104785,23-04-2025,Service,12,4
CP503124,C103652,30-05-2026,Card Issue,13,4
CP503125,C102837,07-04-2025,Card Issue,7,4
CP503126,C101500,06-02-2025,App/Internet Banking,6,3
CP503127,C104873,18-04-2026,Card Issue,6,5
CP503128,C101974,27-04-2026,App/Internet Banking,3,3
CP503129,C104435,15-03-2026,Service,15,4
CP503130,C102754,04-03-2026,Loan Issue,9,1
CP503131,C101774,22-06-2025,Transaction Issue,15,4
CP503132,C100444,06-04-2025,Service,8,2
CP503133,C101978,08-04-2025,App/Internet Banking,5,5
CP503134,C102329,04-08-2025,Card Issue,9,5
CP503135,C104401,25-09-2025,Service,13,4
CP503136,C100521,31-01-2025,Service,4,5
CP503137,C101101,06-12-2025,Transaction Issue,12,4
CP503138,C102763,29-11-2025,Loan Issue,9,5
CP503139,C100893,24-09-2025,Loan Issue,15,3
CP503140,C102149,27-02-2026,Card Issue,5,5
CP503141,C103545,09-01-2026,Service,15,4
CP503142,C101402,02-05-2025,Card Issue,1,3
CP503143,C101388,28-04-2025,Service,15,1
CP503144,C102683,30-04-2025,Fraud/Security,15,5
CP503145,C104982,20-02-2025,Transaction Issue,15,4
CP503146,C100219,25-05-2026,App/Internet Banking,6,4
CP503147,C100349,27-01-2026,Fraud/Security,1,1
CP503148,C103459,14-01-2026,Service,14,5
CP503149,C103931,06-02-2026,Fraud/Security,14,2
CP503150,C100744,18-07-2025,Service,3,5
CP503151,C100582,11-02-2026,Service,4,4
CP503152,C101899,13-03-2026,Service,5,3
CP503153,C100334,09-05-2025,Card Issue,2,3
CP503154,C104234,09-07-2025,App/Internet Banking,5,2
CP503155,C103180,17-02-2025,Card Issue,6,3
CP503156,C100653,04-02-2026,Transaction Issue,7,4
CP503157,C104019,17-03-2025,App/Internet Banking,7,5
CP503158,C100180,17-05-2026,Fraud/Security,13,4
CP503159,C103559,31-03-2025,Card Issue,13,1
CP503160,C103951,16-01-2026,Service,7,4
CP503161,C103443,10-10-2025,Service,3,2
CP503162,C101866,06-01-2025,Card Issue,3,5
CP503163,C101571,01-02-2025,Transaction Issue,1,4
CP503164,C102345,29-03-2026,Fraud/Security,3,5
CP503165,C104388,09-03-2026,Service,4,2
CP503166,C103558,02-08-2025,App/Internet Banking,12,4
CP503167,C104689,19-02-2025,Transaction Issue,13,3
CP503168,C102490,16-03-2025,App/Internet Banking,8,4
CP503169,C100367,21-02-2025,Fraud/Security,11,4
CP503170,C102337,26-01-2026,Loan Issue,15,2
CP503171,C104993,29-04-2025,Transaction Issue,2,4
CP503172,C100399,06-06-2026,App/Internet Banking,1,2
CP503173,C104327,27-02-2026,Transaction Issue,11,3
CP503174,C100381,02-02-2025,Card Issue,14,3
CP503175,C101241,16-06-2026,Service,2,3
CP503176,C103087,30-09-2025,Loan Issue,3,4
CP503177,C102421,29-07-2025,Loan Issue,15,2
CP503178,C101782,26-03-2026,Transaction Issue,4,5
CP503179,C100421,16-09-2025,Loan Issue,2,5
CP503180,C101438,28-06-2026,Fraud/Security,4,3
CP503181,C102817,01-04-2026,Card Issue,8,1
CP503182,C102325,02-06-2026,Service,9,5
CP503183,C100504,13-06-2026,Loan Issue,6,4
CP503184,C101740,14-02-2025,Service,10,4
CP503185,C102690,11-01-2026,Transaction Issue,12,4
CP503186,C102674,05-04-2026,Card Issue,13,5
CP503187,C103643,06-06-2026,Service,9,5
CP503188,C104447,17-04-2026,Transaction Issue,14,4
CP503189,C103880,20-05-2026,Service,9,4
CP503190,C101993,26-02-2025,Transaction Issue,14,5
CP503191,C102012,24-03-2025,Loan Issue,4,2
CP503192,C101754,08-02-2025,Service,9,4
CP503193,C100731,25-04-2025,Service,9,3
CP503194,C100211,29-08-2025,Fraud/Security,8,4
CP503195,C101647,17-02-2026,Transaction Issue,1,2
CP503196,C103913,17-02-2025,Card Issue,12,4
CP503197,C103825,02-04-2026,Transaction Issue,4,4
CP503198,C101547,12-05-2026,Transaction Issue,10,4
CP503199,C103392,27-06-2026,App/Internet Banking,2,3
CP503200,C101620,03-01-2026,App/Internet Banking,7,4
CP503201,C103150,30-08-2025,Service,10,5
CP503202,C103028,05-10-2025,Service,13,3
CP503203,C101987,16-07-2025,App/Internet Banking,6,4
CP503204,C102729,30-03-2026,Loan Issue,10,3
CP503205,C103241,05-04-2025,App/Internet Banking,2,4
CP503206,C102961,07-02-2026,App/Internet Banking,15,1
CP503207,C100041,17-09-2025,Service,1,3
CP503208,C100827,19-07-2025,App/Internet Banking,4,4
CP503209,C103221,08-06-2026,Card Issue,3,5
CP503210,C101015,30-12-2025,Fraud/Security,4,1
CP503211,C101162,24-09-2025,Card Issue,3,5
CP503212,C101520,12-03-2026,Service,10,5
CP503213,C100629,22-06-2026,Transaction Issue,8,2
CP503214,C103865,26-08-2025,App/Internet Banking,8,2
CP503215,C101365,06-02-2026,Card Issue,5,2
CP503216,C104442,10-01-2026,App/Internet Banking,13,5
CP503217,C103559,07-11-2025,Transaction Issue,12,4
CP503218,C100736,21-10-2025,Transaction Issue,5,3
CP503219,C103884,29-04-2025,Transaction Issue,8,1
CP503220,C103194,04-07-2025,App/Internet Banking,7,2
CP503221,C104987,13-06-2026,Service,15,5
CP503222,C102099,18-06-2026,Transaction Issue,3,4
CP503223,C100310,21-04-2025,App/Internet Banking,12,3
CP503224,C102381,23-09-2025,Card Issue,14,2
CP503225,C103947,31-03-2025,Service,1,3
CP503226,C100456,02-03-2026,Service,10,3
CP503227,C103303,21-03-2025,Card Issue,11,5
CP503228,C102591,03-08-2025,Service,12,4
CP503229,C100023,15-08-2025,App/Internet Banking,2,4
CP503230,C103004,03-04-2025,Transaction Issue,14,3
CP503231,C104696,29-09-2025,Card Issue,8,3
CP503232,C104059,14-08-2025,Fraud/Security,7,5
CP503233,C102200,01-05-2026,Card Issue,1,4
CP503234,C104679,27-03-2025,Transaction Issue,13,5
CP503235,C101879,25-09-2025,Card Issue,3,4
CP503236,C102690,23-05-2025,Transaction Issue,15,5
CP503237,C101731,29-04-2026,Service,3,3
CP503238,C102642,27-01-2026,Transaction Issue,3,5
CP503239,C102062,09-04-2025,Service,10,5
CP503240,C102894,15-09-2025,Fraud/Security,7,5
CP503241,C103524,04-02-2025,Transaction Issue,4,3
CP503242,C102053,29-07-2025,Card Issue,2,4
CP503243,C103980,12-02-2026,Transaction Issue,13,4
CP503244,C104615,26-03-2025,Service,10,5
CP503245,C102870,20-01-2026,App/Internet Banking,9,5
CP503246,C104835,25-04-2025,App/Internet Banking,9,5
CP503247,C102817,13-04-2026,Transaction Issue,9,2
CP503248,C103204,23-09-2025,Fraud/Security,2,4
CP503249,C100809,02-07-2025,App/Internet Banking,13,5
CP503250,C100542,28-11-2025,Service,7,1
CP503251,C102506,09-12-2025,Service,15,4
CP503252,C101898,30-09-2025,Transaction Issue,10,4
CP503253,C104650,14-02-2025,Loan Issue,1,5
CP503254,C104625,07-02-2025,Card Issue,8,5
CP503255,C101078,16-05-2026,Loan Issue,15,2
CP503256,C100781,22-01-2025,App/Internet Banking,1,3
CP503257,C101265,20-02-2025,Card Issue,7,1
CP503258,C101196,04-09-2025,Loan Issue,2,4
CP503259,C103420,25-02-2026,App/Internet Banking,1,4
CP503260,C101240,29-11-2025,Card Issue,9,5
CP503261,C103562,17-07-2025,Loan Issue,6,4
CP503262,C104984,25-05-2025,Card Issue,12,4
CP503263,C104062,15-10-2025,Service,14,4
CP503264,C100785,19-08-2025,Card Issue,13,3
CP503265,C102576,23-11-2025,Loan Issue,9,2
CP503266,C102936,15-05-2026,App/Internet Banking,6,4
CP503267,C102306,08-03-2026,Loan Issue,2,4
CP503268,C103074,25-12-2025,Card Issue,6,5
CP503269,C104368,02-01-2026,Card Issue,1,4
CP503270,C103733,17-02-2025,Service,1,3
CP503271,C104997,19-04-2026,Service,3,4
CP503272,C100026,22-02-2026,App/Internet Banking,15,5
CP503273,C101605,15-10-2025,Loan Issue,3,5
CP503274,C104902,23-03-2025,Transaction Issue,10,3
CP503275,C102814,04-11-2025,Card Issue,14,1
CP503276,C101980,27-01-2026,App/Internet Banking,6,5
CP503277,C102657,08-03-2026,Transaction Issue,8,5
CP503278,C102519,13-12-2025,Transaction Issue,4,5
CP503279,C103138,07-12-2025,App/Internet Banking,1,4
CP503280,C103354,08-04-2026,Fraud/Security,5,4
CP503281,C103323,18-03-2025,Transaction Issue,11,4
CP503282,C100485,02-08-2025,Transaction Issue,11,3
CP503283,C104561,29-04-2025,Fraud/Security,6,4
CP503284,C102164,01-01-2025,Card Issue,14,2
CP503285,C102889,01-04-2025,App/Internet Banking,12,5
CP503286,C100959,13-03-2026,Fraud/Security,4,5
CP503287,C101004,20-09-2025,Service,8,4
CP503288,C104711,02-09-2025,Loan Issue,14,2
CP503289,C103430,04-06-2025,Service,14,1
CP503290,C101135,30-06-2025,Service,5,4
CP503291,C102042,12-08-2025,Loan Issue,13,5
CP503292,C104533,05-06-2025,App/Internet Banking,11,5
CP503293,C101755,18-09-2025,Card Issue,1,3
CP503294,C101904,25-04-2025,Service,14,4
CP503295,C103307,09-04-2025,Transaction Issue,3,3
CP503296,C103237,09-04-2025,Loan Issue,5,2
CP503297,C100784,16-03-2025,Card Issue,9,4
CP503298,C104001,19-03-2025,App/Internet Banking,15,5
CP503299,C103192,08-10-2025,Card Issue,6,5
CP503300,C100324,13-10-2025,Service,15,5
CP503301,C101094,22-06-2026,Service,12,3
CP503302,C103816,14-01-2026,Card Issue,14,1
CP503303,C101265,05-01-2025,Transaction Issue,14,4
CP503304,C103611,06-09-2025,Fraud/Security,1,5
CP503305,C101094,07-05-2025,Transaction Issue,10,2
CP503306,C100151,26-04-2026,Service,8,3
CP503307,C100045,23-12-2025,Service,12,4
CP503308,C100643,01-06-2026,Loan Issue,14,5
CP503309,C104844,21-09-2025,Transaction Issue,1,4
CP503310,C101978,07-03-2025,Transaction Issue,3,3
CP503311,C100160,22-11-2025,Loan Issue,15,4
CP503312,C104143,03-05-2026,App/Internet Banking,2,1
CP503313,C104049,22-05-2026,Loan Issue,4,1
CP503314,C104668,07-08-2025,Transaction Issue,9,3
CP503315,C101066,29-01-2026,Transaction Issue,3,3
CP503316,C103768,13-06-2025,Card Issue,1,1
CP503317,C104258,05-06-2026,Card Issue,9,4
CP503318,C102732,15-11-2025,Service,14,5
CP503319,C100727,01-01-2025,App/Internet Banking,9,5
CP503320,C103203,03-07-2025,App/Internet Banking,15,4
CP503321,C102542,05-08-2025,Card Issue,12,4
CP503322,C102352,25-09-2025,Card Issue,12,4
CP503323,C104555,01-03-2026,Fraud/Security,15,4
CP503324,C100038,05-05-2025,App/Internet Banking,12,1
CP503325,C102883,10-12-2025,Loan Issue,4,3
CP503326,C104418,10-12-2025,Transaction Issue,5,3
CP503327,C101563,30-01-2025,App/Internet Banking,7,4
CP503328,C103134,06-08-2025,Service,2,1
CP503329,C104843,07-06-2025,Fraud/Security,12,5
CP503330,C100530,14-09-2025,Card Issue,12,2
CP503331,C104848,22-04-2025,Service,12,2
CP503332,C100840,29-01-2025,Loan Issue,3,4
CP503333,C102887,18-09-2025,Service,12,4
CP503334,C103037,20-09-2025,App/Internet Banking,14,1
CP503335,C101893,24-12-2025,Fraud/Security,8,3
CP503336,C101683,09-06-2026,Transaction Issue,1,2
CP503337,C100544,18-11-2025,App/Internet Banking,15,3
CP503338,C103973,16-06-2025,Transaction Issue,7,4
CP503339,C102902,26-03-2025,Service,4,1
CP503340,C104430,19-06-2026,App/Internet Banking,14,4
CP503341,C101782,31-03-2026,Card Issue,11,5
CP503342,C101289,09-05-2026,Loan Issue,2,5
CP503343,C103089,07-01-2026,Loan Issue,1,3
CP503344,C100264,12-04-2026,App/Internet Banking,10,2
CP503345,C100642,26-07-2025,Service,15,4
CP503346,C100724,14-06-2025,Transaction Issue,5,3
CP503347,C101812,07-08-2025,Service,14,3
CP503348,C101332,17-11-2025,Loan Issue,9,2
CP503349,C100331,13-02-2026,App/Internet Banking,2,5
CP503350,C101720,17-05-2025,Transaction Issue,15,4
CP503351,C101004,30-03-2026,App/Internet Banking,1,4
CP503352,C100053,05-08-2025,Transaction Issue,7,3
CP503353,C100866,31-12-2025,Fraud/Security,10,2
CP503354,C101821,02-05-2025,Transaction Issue,4,5
CP503355,C103162,29-04-2025,Service,2,4
CP503356,C102613,11-02-2026,Fraud/Security,11,3
CP503357,C104725,11-01-2026,Loan Issue,14,5
CP503358,C104564,15-09-2025,Transaction Issue,14,1
CP503359,C101304,14-03-2026,Transaction Issue,12,1
CP503360,C100964,18-08-2025,Service,13,4
CP503361,C102443,01-08-2025,Transaction Issue,7,4
CP503362,C101310,27-05-2026,Transaction Issue,14,1
CP503363,C103022,02-11-2025,Service,14,1
CP503364,C102439,27-05-2026,Loan Issue,2,2
CP503365,C100946,03-02-2026,Service,8,4
CP503366,C100936,22-12-2025,Card Issue,8,4
CP503367,C102824,01-03-2025,Service,14,4
CP503368,C101541,30-07-2025,Loan Issue,9,3
CP503369,C104119,26-11-2025,App/Internet Banking,15,2
CP503370,C102176,09-12-2025,Card Issue,7,3
CP503371,C101362,26-08-2025,Loan Issue,1,1
CP503372,C101843,24-03-2026,Transaction Issue,5,4
CP503373,C103469,29-06-2026,Card Issue,3,5
CP503374,C103240,26-01-2025,Service,10,3
CP503375,C102487,20-04-2025,Transaction Issue,2,4
CP503376,C100315,06-06-2025,Card Issue,13,5
CP503377,C101202,28-04-2025,App/Internet Banking,3,5
CP503378,C100508,28-06-2026,Service,1,2
CP503379,C103599,22-06-2025,App/Internet Banking,6,5
CP503380,C100139,16-10-2025,Card Issue,10,3
CP503381,C102350,06-01-2025,Transaction Issue,3,5
CP503382,C103109,03-10-2025,Service,10,5
CP503383,C101968,28-02-2025,Loan Issue,5,1
CP503384,C103155,02-09-2025,Fraud/Security,6,1
CP503385,C100289,06-03-2026,Card Issue,9,5
CP503386,C103051,15-07-2025,Transaction Issue,8,1
CP503387,C101783,15-03-2026,Card Issue,1,5
CP503388,C103651,04-02-2026,App/Internet Banking,15,5
CP503389,C102850,19-03-2025,Card Issue,8,4
CP503390,C104261,10-05-2026,Card Issue,11,3
CP503391,C100998,12-05-2025,Card Issue,10,5
CP503392,C101268,09-05-2026,Transaction Issue,5,3
CP503393,C101879,09-03-2026,Service,14,5
CP503394,C102784,23-01-2026,Fraud/Security,4,3
CP503395,C102234,08-06-2026,Service,14,3
CP503396,C103056,30-04-2026,Loan Issue,3,4
CP503397,C100933,26-03-2025,Service,11,1
CP503398,C103327,30-06-2025,App/Internet Banking,7,5
CP503399,C103884,30-05-2025,Service,5,3
CP503400,C103465,01-06-2025,Service,12,5
CP503401,C103646,04-04-2025,Transaction Issue,10,1
CP503402,C102892,26-07-2025,Fraud/Security,15,4
CP503403,C100096,25-05-2026,Service,10,4
CP503404,C101828,10-05-2026,Fraud/Security,5,1
CP503405,C101491,20-01-2025,Fraud/Security,10,3
CP503406,C104885,11-04-2025,App/Internet Banking,13,3
CP503407,C101179,20-02-2025,Transaction Issue,14,2
CP503408,C104236,09-09-2025,Service,14,4
CP503409,C102833,02-06-2025,Transaction Issue,15,5
CP503410,C103614,04-12-2025,Transaction Issue,13,4
CP503411,C104860,09-04-2026,Card Issue,11,3
CP503412,C101706,29-05-2026,App/Internet Banking,5,4
CP503413,C104790,14-05-2025,Fraud/Security,12,4
CP503414,C101181,27-01-2026,Transaction Issue,11,5
CP503415,C103150,16-05-2025,App/Internet Banking,4,5
CP503416,C103901,13-05-2026,Card Issue,14,2
CP503417,C100432,15-03-2025,Service,15,4
CP503418,C104997,18-01-2026,Card Issue,10,3
CP503419,C103209,09-02-2026,App/Internet Banking,11,4
CP503420,C103715,17-04-2025,Loan Issue,4,4
CP503421,C104203,08-09-2025,Fraud/Security,7,2
CP503422,C101910,01-01-2026,Card Issue,14,1
CP503423,C103830,27-04-2025,Card Issue,12,5
CP503424,C101340,06-01-2026,App/Internet Banking,1,4
CP503425,C101358,03-09-2025,Transaction Issue,2,4
CP503426,C103693,16-04-2026,Card Issue,11,5
CP503427,C103818,16-09-2025,Transaction Issue,8,1
CP503428,C100014,05-08-2025,Transaction Issue,10,3
CP503429,C100629,01-01-2026,Card Issue,14,3
CP503430,C100328,15-10-2025,Transaction Issue,6,4
CP503431,C102051,15-05-2026,App/Internet Banking,12,4
CP503432,C104119,26-06-2025,App/Internet Banking,15,1
CP503433,C103020,27-02-2025,Transaction Issue,1,5
CP503434,C102808,27-05-2026,App/Internet Banking,1,4
CP503435,C101354,14-09-2025,Card Issue,6,5
CP503436,C104651,22-04-2025,Service,3,4
CP503437,C100904,13-01-2026,Service,12,4
CP503438,C104211,23-11-2025,App/Internet Banking,6,4
CP503439,C101974,02-04-2026,Transaction Issue,12,3
CP503440,C100439,28-01-2025,App/Internet Banking,5,2
CP503441,C102659,20-11-2025,Transaction Issue,12,4
CP503442,C100215,03-02-2026,Loan Issue,13,3
CP503443,C102717,05-01-2026,Card Issue,4,4
CP503444,C101512,19-10-2025,Transaction Issue,10,4
CP503445,C104735,14-03-2026,App/Internet Banking,6,2
CP503446,C101942,28-02-2025,Service,6,4
CP503447,C102464,05-12-2025,Card Issue,3,5
CP503448,C100761,14-04-2026,Transaction Issue,8,1
CP503449,C103236,14-07-2025,Card Issue,15,3
CP503450,C101207,23-02-2025,Fraud/Security,5,3
CP503451,C101307,03-09-2025,Service,9,3
CP503452,C102252,11-05-2026,App/Internet Banking,10,3
CP503453,C103427,14-06-2025,Transaction Issue,13,5
CP503454,C102683,14-08-2025,App/Internet Banking,12,5
CP503455,C103440,18-03-2025,Service,4,4
CP503456,C100324,17-01-2025,Transaction Issue,4,4
CP503457,C100790,26-08-2025,Loan Issue,3,5
CP503458,C102572,29-12-2025,Card Issue,7,4
CP503459,C103936,08-01-2026,Loan Issue,3,4
CP503460,C100955,10-03-2025,Service,15,4
CP503461,C102437,22-03-2025,App/Internet Banking,14,5
CP503462,C101351,03-07-2025,Card Issue,8,3
CP503463,C100720,19-09-2025,Fraud/Security,13,4
CP503464,C101287,06-05-2025,App/Internet Banking,9,3
CP503465,C103681,24-04-2026,Transaction Issue,7,2
CP503466,C103584,24-03-2026,Card Issue,15,5
CP503467,C104357,09-05-2025,Loan Issue,3,2
CP503468,C100321,25-03-2026,Service,15,5
CP503469,C104481,10-08-2025,Card Issue,11,5
CP503470,C104569,19-11-2025,Service,9,1
CP503471,C104145,16-06-2025,Card Issue,15,5
CP503472,C101396,16-08-2025,Loan Issue,13,2
CP503473,C102480,13-01-2026,App/Internet Banking,4,4
CP503474,C104989,26-04-2025,App/Internet Banking,1,5
CP503475,C103189,23-02-2026,App/Internet Banking,2,4
CP503476,C100612,08-01-2025,Loan Issue,4,2
CP503477,C102841,13-04-2026,Transaction Issue,5,4
CP503478,C102433,12-04-2025,Card Issue,10,3
CP503479,C102521,23-06-2026,Transaction Issue,10,4
CP503480,C104393,13-01-2025,Transaction Issue,2,4
CP503481,C104216,13-03-2025,Service,4,3
CP503482,C104261,16-10-2025,Card Issue,11,4
CP503483,C101189,05-02-2026,App/Internet Banking,14,5
CP503484,C102505,08-02-2026,Service,4,4
CP503485,C103282,15-02-2026,App/Internet Banking,11,4
CP503486,C103935,14-12-2025,Transaction Issue,2,1
CP503487,C102737,08-05-2026,Loan Issue,4,3
CP503488,C104067,01-07-2025,Fraud/Security,2,3
CP503489,C103458,18-10-2025,App/Internet Banking,10,3
CP503490,C100668,18-05-2025,Service,14,4
CP503491,C100451,10-02-2026,Service,2,4
CP503492,C101331,10-02-2026,App/Internet Banking,8,4
CP503493,C101570,22-02-2026,Transaction Issue,7,2
CP503494,C104325,26-03-2026,App/Internet Banking,3,5
CP503495,C100134,24-05-2026,Transaction Issue,5,3
CP503496,C103887,15-11-2025,Card Issue,8,4
CP503497,C104104,10-07-2025,Card Issue,9,4
CP503498,C102558,29-11-2025,Transaction Issue,5,4
CP503499,C100363,20-12-2025,Card Issue,1,3
CP503500,C104399,05-10-2025,Service,6,1
CP503501,C103371,24-05-2026,Service,7,4
CP503502,C101201,05-02-2026,App/Internet Banking,5,5
CP503503,C100607,24-03-2025,Loan Issue,11,4
CP503504,C102835,24-02-2025,App/Internet Banking,5,1
CP503505,C102211,21-06-2025,Card Issue,14,5
CP503506,C102042,10-04-2025,App/Internet Banking,15,2
CP503507,C102320,11-04-2026,Card Issue,3,5
CP503508,C103236,26-10-2025,Service,10,5
CP503509,C100969,13-04-2025,Transaction Issue,4,4
CP503510,C102958,23-01-2026,Loan Issue,10,5
CP503511,C104783,05-06-2026,Service,14,4
CP503512,C104346,08-05-2026,Transaction Issue,9,2
CP503513,C102107,14-04-2026,Transaction Issue,4,3
CP503514,C103076,30-06-2026,Fraud/Security,15,4
CP503515,C100799,10-03-2026,Card Issue,2,5
CP503516,C104545,25-08-2025,Transaction Issue,11,3
CP503517,C104936,26-02-2026,App/Internet Banking,13,4
CP503518,C103419,01-07-2025,Service,10,4
CP503519,C100932,19-12-2025,Card Issue,3,4
CP503520,C101753,27-01-2026,App/Internet Banking,6,2
CP503521,C103285,13-12-2025,App/Internet Banking,3,4
CP503522,C100324,20-03-2025,Transaction Issue,15,2
CP503523,C104954,01-05-2025,App/Internet Banking,8,3
CP503524,C104038,21-02-2025,Card Issue,3,4
CP503525,C100790,16-05-2025,Loan Issue,4,5
CP503526,C104569,29-04-2026,Service,11,2
CP503527,C103526,08-05-2025,Transaction Issue,5,3
CP503528,C100617,22-02-2026,Transaction Issue,7,4
CP503529,C104178,28-02-2025,Card Issue,9,4
CP503530,C104509,03-04-2025,Card Issue,10,4
CP503531,C101426,16-02-2026,Transaction Issue,11,2
CP503532,C101941,07-03-2025,Transaction Issue,3,2
CP503533,C102260,08-05-2025,Service,6,2
CP503534,C102824,26-10-2025,Card Issue,5,4
CP503535,C103269,22-03-2025,Service,3,1
CP503536,C103266,01-01-2026,Card Issue,14,5
CP503537,C103943,03-04-2026,App/Internet Banking,5,4
CP503538,C100431,12-07-2025,Card Issue,3,5
CP503539,C102094,05-04-2026,Card Issue,11,2
CP503540,C103046,02-07-2025,Service,13,5
CP503541,C100697,08-02-2025,Service,9,2
CP503542,C103828,15-05-2026,Loan Issue,13,4
CP503543,C101212,01-05-2026,Service,3,4
CP503544,C103944,14-09-2025,Transaction Issue,3,5
CP503545,C100819,15-12-2025,Card Issue,10,5
CP503546,C100312,12-03-2026,Transaction Issue,9,4
CP503547,C100706,09-06-2025,Service,6,5
CP503548,C100400,12-02-2025,App/Internet Banking,14,4
CP503549,C103707,21-06-2026,Loan Issue,14,4
CP503550,C100385,23-06-2025,Fraud/Security,9,4
CP503551,C101899,07-12-2025,Service,13,3
CP503552,C100574,26-06-2026,Fraud/Security,3,4
CP503553,C102005,01-03-2026,Transaction Issue,7,2
CP503554,C101876,16-10-2025,Fraud/Security,15,1
CP503555,C104493,17-01-2025,App/Internet Banking,9,2
CP503556,C103998,22-06-2026,App/Internet Banking,1,2
CP503557,C103002,17-03-2025,Service,7,3
CP503558,C101395,03-12-2025,Service,6,1
CP503559,C104976,21-11-2025,App/Internet Banking,13,1
CP503560,C101416,20-02-2026,Loan Issue,2,5
CP503561,C103460,13-01-2026,Service,4,2
CP503562,C102104,21-01-2025,Fraud/Security,1,1
CP503563,C101896,27-01-2026,Card Issue,4,5
CP503564,C102861,22-04-2025,Card Issue,10,3
CP503565,C102704,10-02-2025,Transaction Issue,11,1
CP503566,C103627,04-06-2026,Transaction Issue,9,4
CP503567,C100615,25-09-2025,Card Issue,10,4
CP503568,C100726,20-03-2026,Card Issue,13,5
CP503569,C103589,03-08-2025,Service,8,5
CP503570,C102067,23-05-2026,App/Internet Banking,10,3
CP503571,C102871,26-02-2025,Loan Issue,5,4
CP503572,C102856,20-08-2025,Fraud/Security,10,4
CP503573,C100242,29-07-2025,Card Issue,14,5
CP503574,C100092,14-05-2025,Loan Issue,13,3
CP503575,C101462,15-04-2026,Fraud/Security,3,4
CP503576,C103303,28-11-2025,Service,15,1
CP503577,C103188,31-05-2025,Service,3,3
CP503578,C103484,06-02-2025,Loan Issue,15,5
CP503579,C103465,25-03-2025,App/Internet Banking,12,3
CP503580,C104268,21-07-2025,App/Internet Banking,7,2
CP503581,C100133,04-12-2025,Transaction Issue,14,4
CP503582,C101358,12-08-2025,Service,8,2
CP503583,C101998,14-10-2025,Transaction Issue,7,1
CP503584,C104680,13-07-2025,Card Issue,6,5
CP503585,C104121,30-01-2025,Transaction Issue,6,4
CP503586,C103007,06-03-2026,Fraud/Security,10,5
CP503587,C103961,06-06-2025,Transaction Issue,11,5
CP503588,C101316,13-05-2025,Card Issue,13,5
CP503589,C102666,12-05-2026,Card Issue,9,3
CP503590,C103091,10-03-2026,Fraud/Security,11,5
CP503591,C101969,10-06-2025,Loan Issue,15,4
CP503592,C101608,12-08-2025,Transaction Issue,13,5
CP503593,C104595,25-06-2026,Loan Issue,14,5
CP503594,C104787,26-11-2025,App/Internet Banking,1,4
CP503595,C103009,21-03-2026,Transaction Issue,3,5
CP503596,C102453,25-12-2025,Loan Issue,15,5
CP503597,C102887,01-06-2025,Transaction Issue,15,3
CP503598,C103054,29-01-2025,App/Internet Banking,3,3
CP503599,C101822,20-04-2025,Transaction Issue,3,5
CP503600,C100231,03-11-2025,Card Issue,10,2
CP503601,C103980,02-01-2025,Service,10,4
CP503602,C104616,04-02-2026,Fraud/Security,14,5
CP503603,C102361,08-07-2025,App/Internet Banking,8,3
CP503604,C100834,24-12-2025,App/Internet Banking,12,4
CP503605,C103287,09-04-2026,Transaction Issue,8,4
CP503606,C101233,21-05-2026,Service,8,4
CP503607,C101685,19-02-2026,Card Issue,7,4
CP503608,C103610,14-04-2026,App/Internet Banking,11,4
CP503609,C101687,31-05-2026,App/Internet Banking,2,5
CP503610,C101636,17-02-2026,Loan Issue,5,1
CP503611,C100736,18-04-2026,Loan Issue,13,3
CP503612,C100636,12-12-2025,Transaction Issue,13,2
CP503613,C100216,08-06-2026,Loan Issue,4,2
CP503614,C102967,05-01-2026,Fraud/Security,6,4
CP503615,C103981,10-04-2025,Service,10,3
CP503616,C103838,29-07-2025,Loan Issue,8,4
CP503617,C104463,15-02-2025,Card Issue,10,5
CP503618,C100839,11-04-2025,App/Internet Banking,3,4
CP503619,C101395,12-03-2025,App/Internet Banking,6,4
CP503620,C100718,27-03-2025,App/Internet Banking,10,3
CP503621,C101878,30-12-2025,Service,7,4
CP503622,C104996,19-07-2025,Loan Issue,9,2
CP503623,C102691,25-01-2025,Service,4,3
CP503624,C102066,04-02-2026,Transaction Issue,11,3
CP503625,C103500,18-03-2025,Fraud/Security,13,2
CP503626,C100882,22-01-2025,App/Internet Banking,9,4
CP503627,C103740,06-05-2025,Transaction Issue,1,4
CP503628,C101641,08-10-2025,Loan Issue,11,2
CP503629,C101104,27-06-2025,Transaction Issue,3,4
CP503630,C100977,03-07-2025,Transaction Issue,10,1
CP503631,C103022,15-09-2025,App/Internet Banking,12,4
CP503632,C104443,04-10-2025,Service,8,2
CP503633,C104809,03-11-2025,Transaction Issue,4,4
CP503634,C100248,07-04-2026,Transaction Issue,8,4
CP503635,C104680,18-04-2025,Card Issue,11,4
CP503636,C103515,09-07-2025,Service,9,2
CP503637,C100463,26-01-2025,Loan Issue,14,5
CP503638,C103362,09-03-2025,Loan Issue,14,4
CP503639,C100957,18-09-2025,App/Internet Banking,5,2
CP503640,C101236,27-02-2026,Transaction Issue,5,4
CP503641,C104357,23-07-2025,Service,5,2
CP503642,C104923,09-04-2025,Loan Issue,8,5
CP503643,C102796,27-03-2026,Transaction Issue,15,5
CP503644,C100870,09-05-2026,Transaction Issue,2,5
CP503645,C104962,28-06-2025,Transaction Issue,6,5
CP503646,C100843,26-01-2026,Fraud/Security,2,2
CP503647,C103499,19-07-2025,App/Internet Banking,10,3
CP503648,C101964,20-07-2025,App/Internet Banking,4,3
CP503649,C103383,30-01-2026,Service,5,3
CP503650,C101334,07-06-2025,Fraud/Security,3,4
CP503651,C104855,27-03-2025,Service,12,3
CP503652,C102689,26-02-2025,Transaction Issue,4,3
CP503653,C101939,31-01-2026,Service,6,4
CP503654,C102588,22-08-2025,Loan Issue,2,3
CP503655,C100942,01-05-2026,Card Issue,7,2
CP503656,C104916,13-08-2025,Service,11,5
CP503657,C100107,31-01-2026,App/Internet Banking,6,5
CP503658,C101054,04-02-2025,Card Issue,13,5
CP503659,C100076,09-04-2026,Transaction Issue,15,3
CP503660,C100101,14-05-2025,Service,15,3
CP503661,C104195,11-05-2025,Loan Issue,10,4
CP503662,C102869,25-12-2025,App/Internet Banking,1,3
CP503663,C104462,21-05-2026,Loan Issue,13,5
CP503664,C104040,08-03-2025,Service,7,2
CP503665,C102339,01-05-2025,Card Issue,2,5
CP503666,C102632,26-08-2025,Service,10,3
CP503667,C104303,01-08-2025,Card Issue,4,3
CP503668,C103868,28-01-2026,Service,8,5
CP503669,C102688,09-02-2025,Card Issue,7,1
CP503670,C104368,18-02-2026,Card Issue,12,5
CP503671,C100008,25-04-2025,Fraud/Security,6,3
CP503672,C101100,28-07-2025,Transaction Issue,13,3
CP503673,C104513,25-05-2026,Transaction Issue,9,2
CP503674,C100176,17-07-2025,Transaction Issue,6,3
CP503675,C101272,24-03-2025,Service,10,5
CP503676,C104386,21-05-2025,Loan Issue,2,3
CP503677,C104333,07-01-2026,Transaction Issue,7,4
CP503678,C103044,05-02-2026,Loan Issue,15,5
CP503679,C101657,12-02-2026,Loan Issue,8,1
CP503680,C102781,07-06-2026,App/Internet Banking,3,4
CP503681,C101860,17-02-2025,Service,11,5
CP503682,C104168,19-11-2025,App/Internet Banking,4,4
CP503683,C102597,09-12-2025,Transaction Issue,10,4
CP503684,C103530,22-06-2025,App/Internet Banking,11,3
CP503685,C101653,25-09-2025,Card Issue,5,5
CP503686,C104294,08-12-2025,Service,9,2
CP503687,C100233,06-10-2025,App/Internet Banking,10,5
CP503688,C102930,19-11-2025,Service,2,4
CP503689,C103907,01-12-2025,App/Internet Banking,12,4
CP503690,C101451,12-03-2026,Transaction Issue,9,2
CP503691,C100533,09-02-2025,Card Issue,13,3
CP503692,C100763,20-12-2025,Fraud/Security,12,5
CP503693,C104541,24-06-2025,App/Internet Banking,5,5
CP503694,C101366,21-08-2025,Service,10,3
CP503695,C103093,02-05-2026,App/Internet Banking,7,3
CP503696,C101502,13-10-2025,Transaction Issue,5,4
CP503697,C103804,17-10-2025,Loan Issue,14,4
CP503698,C102554,18-06-2026,App/Internet Banking,9,1
CP503699,C102116,08-03-2026,Loan Issue,8,3
CP503700,C100148,21-08-2025,Loan Issue,14,5
CP503701,C100239,08-11-2025,Loan Issue,1,5
CP503702,C103605,16-02-2026,App/Internet Banking,5,4
CP503703,C102175,12-02-2026,Card Issue,4,5
CP503704,C101445,03-01-2026,Transaction Issue,9,4
CP503705,C100895,14-05-2026,App/Internet Banking,10,5
CP503706,C100669,30-12-2025,App/Internet Banking,11,5
CP503707,C104450,11-04-2025,Service,6,4
CP503708,C104072,30-03-2025,Fraud/Security,9,4
CP503709,C104951,14-03-2026,Card Issue,8,4
CP503710,C100349,28-07-2025,Transaction Issue,15,3
CP503711,C102998,25-09-2025,App/Internet Banking,2,4
CP503712,C101178,24-02-2026,App/Internet Banking,15,4
CP503713,C102144,14-05-2026,Loan Issue,12,3
CP503714,C101635,27-05-2025,Transaction Issue,4,5
CP503715,C104327,20-01-2026,Service,3,2
CP503716,C100603,21-08-2025,Service,13,5
CP503717,C101133,22-05-2026,Service,11,3
CP503718,C104176,21-06-2026,Service,2,4
CP503719,C104194,17-12-2025,Transaction Issue,11,3
CP503720,C103509,26-06-2026,Card Issue,1,4
CP503721,C103644,08-05-2026,Card Issue,4,5
CP503722,C103453,09-11-2025,Service,6,3
CP503723,C102889,12-02-2026,Loan Issue,15,2
CP503724,C100937,17-11-2025,Transaction Issue,13,5
CP503725,C101291,10-01-2026,Service,12,4
CP503726,C102329,12-09-2025,App/Internet Banking,5,5
CP503727,C100291,07-05-2025,Transaction Issue,13,4
CP503728,C103153,22-02-2026,Service,2,5
CP503729,C100267,06-05-2025,Service,2,4
CP503730,C102825,05-01-2026,App/Internet Banking,15,4
CP503731,C101023,21-02-2026,Loan Issue,14,5
CP503732,C101947,19-03-2025,Fraud/Security,4,3
CP503733,C101638,30-03-2026,Transaction Issue,8,2
CP503734,C101830,13-05-2025,Service,6,4
CP503735,C101588,05-05-2026,Fraud/Security,14,4
CP503736,C100645,06-03-2025,Loan Issue,6,5
CP503737,C103399,10-03-2026,Card Issue,5,4
CP503738,C102285,24-01-2026,Card Issue,3,1
CP503739,C103273,12-08-2025,App/Internet Banking,7,4
CP503740,C101889,11-10-2025,Card Issue,3,5
CP503741,C104104,28-03-2025,Transaction Issue,14,4
CP503742,C103191,09-06-2025,Transaction Issue,4,5
CP503743,C101906,04-01-2025,Card Issue,1,2
CP503744,C104060,19-01-2026,Loan Issue,2,3
CP503745,C100744,05-03-2026,Transaction Issue,10,5
CP503746,C101915,07-05-2026,App/Internet Banking,7,3
CP503747,C102121,06-04-2026,App/Internet Banking,14,3
CP503748,C103762,14-04-2026,Transaction Issue,15,4
CP503749,C100270,14-01-2026,Fraud/Security,6,4
CP503750,C100601,09-07-2025,Card Issue,14,3
CP503751,C100643,12-04-2025,App/Internet Banking,15,4
CP503752,C103007,08-07-2025,Transaction Issue,15,5
CP503753,C101338,29-12-2025,Card Issue,3,2
CP503754,C103954,12-08-2025,Card Issue,3,5
CP503755,C103775,09-01-2025,Fraud/Security,6,4
CP503756,C102153,04-12-2025,Loan Issue,15,5
CP503757,C104867,15-07-2025,Service,5,3
CP503758,C100025,16-05-2025,Loan Issue,10,2
CP503759,C102973,26-01-2025,Loan Issue,11,5
CP503760,C100358,11-04-2025,Card Issue,5,3
CP503761,C101164,04-01-2026,Service,14,5
CP503762,C100802,08-03-2025,App/Internet Banking,10,1
CP503763,C103533,12-06-2025,App/Internet Banking,9,5
CP503764,C102025,14-11-2025,Card Issue,1,4
CP503765,C100895,13-03-2026,App/Internet Banking,6,5
CP503766,C103361,04-05-2026,Fraud/Security,15,5
CP503767,C101161,12-09-2025,Card Issue,14,5
CP503768,C104516,28-06-2026,Transaction Issue,8,3
CP503769,C103092,10-05-2026,Card Issue,7,1
CP503770,C103264,16-04-2026,Card Issue,8,3
CP503771,C100364,04-05-2026,Card Issue,5,5
CP503772,C101424,05-09-2025,Service,12,5
CP503773,C104123,25-07-2025,Service,14,5
CP503774,C101279,26-01-2025,Loan Issue,12,5
CP503775,C103254,10-03-2025,Loan Issue,13,3
CP503776,C103633,20-06-2025,Loan Issue,15,5
CP503777,C103484,01-02-2025,Loan Issue,8,2
CP503778,C103189,17-05-2026,Service,9,3
CP503779,C100236,16-05-2025,Card Issue,7,4
CP503780,C102643,05-09-2025,Card Issue,15,4
CP503781,C101922,22-05-2026,Transaction Issue,5,3
CP503782,C100329,07-05-2025,Service,15,3
CP503783,C101756,01-05-2025,Service,14,4
CP503784,C101210,09-06-2026,App/Internet Banking,6,3
CP503785,C100638,06-08-2025,App/Internet Banking,8,5
CP503786,C100503,03-08-2025,Card Issue,14,2
CP503787,C104021,13-07-2025,Card Issue,1,2
CP503788,C104382,04-03-2025,Card Issue,3,4
CP503789,C104431,05-10-2025,Service,10,3
CP503790,C103838,06-11-2025,Service,15,3
CP503791,C101396,28-08-2025,App/Internet Banking,8,4
CP503792,C102950,25-03-2026,Card Issue,10,5
CP503793,C101622,20-01-2026,App/Internet Banking,10,4
CP503794,C100502,16-03-2026,App/Internet Banking,15,3
CP503795,C101442,21-02-2025,Service,3,4
CP503796,C100784,09-04-2026,App/Internet Banking,15,3
CP503797,C101566,20-01-2026,Loan Issue,8,5
CP503798,C102232,12-04-2026,Transaction Issue,9,4
CP503799,C101833,24-03-2025,App/Internet Banking,3,1
CP503800,C100396,15-05-2025,Service,6,3
CP503801,C100329,02-01-2025,App/Internet Banking,4,3
CP503802,C100321,02-12-2025,Loan Issue,2,4
CP503803,C101307,10-05-2026,Loan Issue,9,3
CP503804,C101085,31-01-2025,Transaction Issue,11,1
CP503805,C100806,12-06-2026,Card Issue,10,4
CP503806,C102068,06-06-2026,Transaction Issue,4,2
CP503807,C100273,21-09-2025,Transaction Issue,14,4
CP503808,C100014,06-11-2025,Service,6,5
CP503809,C101630,02-07-2025,Transaction Issue,1,1
CP503810,C102410,02-07-2025,Fraud/Security,5,5
CP503811,C101593,20-08-2025,Card Issue,15,4
CP503812,C103112,15-07-2025,Card Issue,15,2
CP503813,C100129,28-04-2026,Loan Issue,10,4
CP503814,C104753,26-06-2025,Transaction Issue,4,4
CP503815,C102906,30-04-2026,App/Internet Banking,15,3
CP503816,C103354,15-10-2025,Service,1,2
CP503817,C104785,23-09-2025,App/Internet Banking,11,2
CP503818,C103770,04-09-2025,Transaction Issue,10,5
CP503819,C102214,10-05-2025,Service,4,4
CP503820,C101005,20-11-2025,Card Issue,1,3
CP503821,C103305,09-11-2025,App/Internet Banking,7,4
CP503822,C102406,12-01-2025,Loan Issue,13,5
CP503823,C103140,24-01-2026,Service,7,1
CP503824,C102672,21-01-2025,Service,5,5
CP503825,C102886,11-12-2025,Card Issue,2,4
CP503826,C101000,19-06-2026,Transaction Issue,6,3
CP503827,C103588,06-11-2025,App/Internet Banking,3,5
CP503828,C102427,20-05-2025,Fraud/Security,1,5
CP503829,C101021,25-04-2025,Fraud/Security,12,5
CP503830,C100887,04-01-2025,App/Internet Banking,12,2
CP503831,C101712,19-11-2025,Transaction Issue,3,5
CP503832,C104725,19-11-2025,Card Issue,8,3
CP503833,C102357,15-01-2025,Transaction Issue,5,3
CP503834,C100833,29-09-2025,Service,9,5
CP503835,C102373,23-06-2026,Service,9,5
CP503836,C100564,08-11-2025,Transaction Issue,11,4
CP503837,C101685,01-04-2026,Loan Issue,6,3
CP503838,C101337,16-09-2025,Service,10,4
CP503839,C102950,27-12-2025,Service,13,4
CP503840,C104107,15-05-2025,Card Issue,4,5
CP503841,C103577,09-10-2025,App/Internet Banking,4,4
CP503842,C102843,29-03-2025,Fraud/Security,8,2
CP503843,C101594,03-02-2026,Card Issue,5,4
CP503844,C102639,17-08-2025,Card Issue,6,5
CP503845,C104547,16-06-2026,Service,1,4
CP503846,C103869,05-10-2025,Fraud/Security,12,3
CP503847,C100241,28-08-2025,Transaction Issue,2,2
CP503848,C101902,11-03-2025,Service,5,4
CP503849,C102596,08-08-2025,Service,15,4
CP503850,C104110,11-02-2026,Transaction Issue,8,2
CP503851,C104125,23-06-2026,Transaction Issue,8,5
CP503852,C102718,29-06-2025,App/Internet Banking,9,5
CP503853,C104701,08-09-2025,Loan Issue,13,3
CP503854,C104976,30-03-2025,Card Issue,14,4
CP503855,C101837,06-11-2025,Fraud/Security,6,3
CP503856,C102272,21-12-2025,Service,2,5
CP503857,C102153,14-01-2025,Loan Issue,2,4
CP503858,C100998,05-03-2026,Loan Issue,10,2
CP503859,C103818,09-04-2026,Card Issue,10,2
CP503860,C104703,14-04-2025,Fraud/Security,13,2
CP503861,C102697,03-05-2025,App/Internet Banking,7,2
CP503862,C101174,15-05-2026,Service,5,3
CP503863,C103620,01-03-2025,Loan Issue,12,4
CP503864,C100776,06-06-2026,Service,11,3
CP503865,C104707,20-10-2025,App/Internet Banking,1,5
CP503866,C103375,13-12-2025,Service,4,5
CP503867,C102352,27-10-2025,Service,1,4
CP503868,C104893,15-06-2025,Transaction Issue,4,2
CP503869,C103670,29-09-2025,Service,2,4
CP503870,C104738,06-01-2025,Fraud/Security,13,5
CP503871,C103271,22-10-2025,App/Internet Banking,1,3
CP503872,C102033,16-02-2026,Transaction Issue,6,5
CP503873,C104460,23-03-2025,Transaction Issue,7,4
CP503874,C104403,11-05-2025,App/Internet Banking,4,1
CP503875,C102236,19-06-2026,App/Internet Banking,14,1
CP503876,C100324,04-09-2025,Card Issue,10,4
CP503877,C102145,20-02-2025,Transaction Issue,10,2
CP503878,C101361,22-04-2025,Card Issue,14,3
CP503879,C100287,24-11-2025,Service,14,5
CP503880,C100073,13-09-2025,Card Issue,7,4
CP503881,C101859,21-03-2026,Transaction Issue,12,2
CP503882,C104103,19-04-2025,Transaction Issue,10,5
CP503883,C103254,26-05-2026,Loan Issue,11,4
CP503884,C103434,28-05-2026,Transaction Issue,12,3
CP503885,C102745,06-04-2026,Transaction Issue,6,4
CP503886,C103188,27-07-2025,App/Internet Banking,12,5
CP503887,C104664,03-11-2025,Transaction Issue,14,5
CP503888,C101914,22-05-2025,Loan Issue,3,4
CP503889,C103903,23-04-2025,Transaction Issue,11,1
CP503890,C101345,05-04-2025,App/Internet Banking,13,5
CP503891,C101294,29-06-2025,Card Issue,4,4
CP503892,C104021,18-12-2025,Loan Issue,5,2
CP503893,C101927,08-02-2026,App/Internet Banking,11,5
CP503894,C103668,27-02-2026,Card Issue,4,3
CP503895,C102072,03-05-2026,Card Issue,7,4
CP503896,C103068,29-03-2025,Transaction Issue,14,4
CP503897,C101102,13-10-2025,Loan Issue,13,1
CP503898,C103299,18-03-2026,Card Issue,13,5
CP503899,C101384,04-03-2026,App/Internet Banking,2,3
CP503900,C101712,23-04-2026,App/Internet Banking,11,4
CP503901,C102885,28-01-2026,Fraud/Security,2,4
CP503902,C100519,15-02-2026,Fraud/Security,3,4
CP503903,C102625,08-09-2025,Loan Issue,9,4
CP503904,C100325,08-11-2025,App/Internet Banking,6,4
CP503905,C100780,01-07-2025,Transaction Issue,11,4
CP503906,C103122,15-11-2025,Transaction Issue,5,3
CP503907,C101544,13-04-2025,Transaction Issue,12,4
CP503908,C101350,27-04-2026,Transaction Issue,10,1
CP503909,C100194,04-03-2025,Card Issue,14,4
CP503910,C100972,30-11-2025,Service,2,4
CP503911,C101129,19-08-2025,Transaction Issue,13,4
CP503912,C102933,22-12-2025,App/Internet Banking,9,4
CP503913,C103324,09-02-2026,Loan Issue,14,2
CP503914,C103121,19-12-2025,Transaction Issue,7,5
CP503915,C103272,11-06-2026,Card Issue,8,3
CP503916,C104069,26-12-2025,Card Issue,13,1
CP503917,C104221,08-03-2026,Transaction Issue,10,5
CP503918,C100992,22-05-2026,Transaction Issue,12,4
CP503919,C100483,08-11-2025,Service,2,3
CP503920,C104489,26-04-2025,App/Internet Banking,9,3
CP503921,C101946,11-07-2025,Service,6,4
CP503922,C103168,19-03-2026,Transaction Issue,7,3
CP503923,C101102,30-01-2026,Fraud/Security,13,1
CP503924,C101329,23-02-2026,Transaction Issue,9,4
CP503925,C100535,20-09-2025,Service,3,1
CP503926,C104018,14-04-2025,Service,7,3
CP503927,C100614,11-05-2025,Service,9,4
CP503928,C103045,20-08-2025,Transaction Issue,9,1
CP503929,C103671,24-06-2025,App/Internet Banking,7,4
CP503930,C104185,08-03-2025,App/Internet Banking,9,2
CP503931,C100471,27-03-2026,Transaction Issue,9,3
CP503932,C101523,10-05-2025,App/Internet Banking,1,3
CP503933,C104322,05-09-2025,Card Issue,4,5
CP503934,C100558,07-03-2025,Service,12,5
CP503935,C104760,26-02-2025,Card Issue,1,3
CP503936,C102822,30-08-2025,Service,14,3
CP503937,C103829,12-08-2025,Loan Issue,13,5
CP503938,C102148,22-06-2025,App/Internet Banking,1,5
CP503939,C102592,30-01-2026,Loan Issue,1,2
CP503940,C102299,28-12-2025,Fraud/Security,6,3
CP503941,C104485,27-02-2025,Service,11,3
CP503942,C102012,27-04-2026,Card Issue,14,1
CP503943,C101222,10-11-2025,Loan Issue,10,4
CP503944,C102370,22-04-2026,Service,10,2
CP503945,C103253,30-10-2025,Transaction Issue,7,5
CP503946,C101830,12-07-2025,Transaction Issue,11,4
CP503947,C103353,22-04-2025,Fraud/Security,13,5
CP503948,C100603,02-08-2025,Fraud/Security,1,4
CP503949,C102042,09-04-2026,Fraud/Security,6,5
CP503950,C100544,14-10-2025,Transaction Issue,7,4
CP503951,C103619,10-03-2025,Fraud/Security,10,2
CP503952,C100490,03-06-2026,Service,10,5
CP503953,C102615,03-09-2025,Card Issue,7,5
CP503954,C100083,15-03-2026,Transaction Issue,4,2
CP503955,C102770,26-02-2025,App/Internet Banking,8,1
CP503956,C104686,04-04-2025,Service,3,2
CP503957,C102070,14-05-2025,Card Issue,4,4
CP503958,C103757,27-07-2025,Fraud/Security,5,2
CP503959,C101750,05-12-2025,App/Internet Banking,3,5
CP503960,C101974,06-02-2026,Fraud/Security,2,4
CP503961,C100485,31-12-2025,Fraud/Security,4,2
CP503962,C102361,13-11-2025,Card Issue,2,4
CP503963,C103078,13-12-2025,App/Internet Banking,12,2
CP503964,C104735,09-03-2026,Fraud/Security,15,4
CP503965,C100127,17-03-2026,Transaction Issue,6,5
CP503966,C101774,04-05-2025,Service,14,3
CP503967,C103128,13-04-2026,Transaction Issue,2,5
CP503968,C103571,19-05-2026,App/Internet Banking,11,2
CP503969,C100247,18-01-2026,App/Internet Banking,9,4
CP503970,C103505,13-11-2025,Card Issue,5,2
CP503971,C103543,12-12-2025,App/Internet Banking,7,3
CP503972,C104773,30-01-2025,App/Internet Banking,11,5
CP503973,C100531,14-08-2025,Loan Issue,12,3
CP503974,C100963,27-01-2026,Fraud/Security,5,2
CP503975,C101181,01-02-2025,Transaction Issue,5,5
CP503976,C102103,28-05-2026,Loan Issue,1,5
CP503977,C101340,29-03-2025,Transaction Issue,3,4
CP503978,C100229,21-04-2026,Transaction Issue,11,3
CP503979,C103592,01-07-2025,Fraud/Security,2,4
CP503980,C103763,10-05-2025,Card Issue,6,5
CP503981,C100293,01-02-2026,App/Internet Banking,11,5
CP503982,C102657,05-02-2026,App/Internet Banking,11,5
CP503983,C103798,20-11-2025,Fraud/Security,11,2
CP503984,C103822,10-09-2025,Card Issue,4,4
CP503985,C100368,26-05-2025,Card Issue,11,3
CP503986,C100728,10-02-2025,App/Internet Banking,9,1
CP503987,C102229,12-01-2026,Transaction Issue,7,3
CP503988,C103511,10-01-2026,Transaction Issue,15,5
CP503989,C102569,20-06-2025,Transaction Issue,12,3
CP503990,C104287,29-08-2025,App/Internet Banking,5,3
CP503991,C103979,02-05-2026,Loan Issue,13,1
CP503992,C104107,06-04-2026,Fraud/Security,2,5
CP503993,C102188,04-12-2025,Service,12,3
CP503994,C103332,27-12-2025,App/Internet Banking,1,5
CP503995,C100627,20-06-2025,Card Issue,2,5
CP503996,C100580,15-04-2025,Service,1,5
CP503997,C104882,16-01-2025,Transaction Issue,13,4
CP503998,C102674,19-09-2025,App/Internet Banking,8,5
CP503999,C103410,12-07-2025,Service,7,4
CP504000,C102775,02-05-2026,Card Issue,10,5
CP504001,C101289,30-01-2026,Card Issue,2,4
CP504002,C103992,03-07-2025,Transaction Issue,15,2
CP504003,C104654,24-01-2026,Loan Issue,15,4
CP504004,C100851,15-05-2025,Transaction Issue,5,4
CP504005,C104402,25-05-2026,Card Issue,1,2
CP504006,C100613,29-04-2026,Card Issue,10,4
CP504007,C103720,26-04-2025,Service,14,3
CP504008,C103199,02-06-2026,App/Internet Banking,1,3
CP504009,C100026,31-01-2025,Transaction Issue,9,3
CP504010,C102377,13-01-2026,Transaction Issue,15,4
CP504011,C100492,06-02-2026,Transaction Issue,6,4
CP504012,C103326,22-10-2025,Transaction Issue,13,1
CP504013,C100469,04-10-2025,Card Issue,2,3
CP504014,C102211,04-01-2025,Service,4,4
CP504015,C102741,16-05-2026,Service,3,3
CP504016,C103644,02-09-2025,Fraud/Security,12,4
CP504017,C101962,06-05-2026,Card Issue,15,4
CP504018,C100426,30-09-2025,Service,15,2
CP504019,C103098,15-07-2025,App/Internet Banking,4,2
CP504020,C100090,26-01-2025,App/Internet Banking,5,2
CP504021,C103590,12-08-2025,Transaction Issue,14,3
CP504022,C101605,26-04-2025,Card Issue,8,4
CP504023,C102526,08-03-2025,Service,13,5
CP504024,C101267,25-01-2025,Transaction Issue,14,3
CP504025,C103836,11-01-2026,App/Internet Banking,11,3
CP504026,C104410,13-02-2025,Service,2,4
CP504027,C104170,27-04-2025,Card Issue,11,4
CP504028,C102486,04-07-2025,Fraud/Security,2,3
CP504029,C104967,21-04-2026,App/Internet Banking,12,5
CP504030,C101102,29-01-2026,Service,4,5
CP504031,C102042,12-10-2025,Transaction Issue,6,5
CP504032,C101940,18-03-2026,Loan Issue,6,4
CP504033,C104110,22-03-2025,Card Issue,9,2
CP504034,C102154,20-01-2025,Transaction Issue,15,5
CP504035,C102226,28-03-2025,Transaction Issue,2,3
CP504036,C102350,08-05-2025,Loan Issue,7,5
CP504037,C103933,10-04-2026,Service,2,3
CP504038,C101911,11-05-2025,Service,4,5
CP504039,C104233,04-04-2025,App/Internet Banking,15,4
CP504040,C102017,18-01-2025,Card Issue,15,4
CP504041,C104149,30-10-2025,App/Internet Banking,10,2
CP504042,C104751,06-11-2025,App/Internet Banking,13,5
CP504043,C104822,12-05-2026,App/Internet Banking,9,3
CP504044,C100359,28-02-2025,Loan Issue,14,5
CP504045,C101511,25-04-2026,App/Internet Banking,15,1
CP504046,C101073,30-06-2025,App/Internet Banking,14,3
CP504047,C100774,30-09-2025,Card Issue,5,4
CP504048,C104512,28-05-2026,Transaction Issue,13,1
CP504049,C104523,17-01-2025,Transaction Issue,7,5
CP504050,C103094,25-03-2026,Service,15,3
CP504051,C100037,20-08-2025,Card Issue,7,5
CP504052,C100727,23-03-2025,Service,13,2
CP504053,C102825,04-07-2025,Card Issue,2,3
CP504054,C102745,06-02-2025,Fraud/Security,4,2
CP504055,C100942,27-08-2025,Transaction Issue,14,5
CP504056,C100994,06-03-2025,Transaction Issue,14,4
CP504057,C102844,18-01-2025,Service,7,4
CP504058,C102373,24-11-2025,Card Issue,15,3
CP504059,C103472,15-02-2026,App/Internet Banking,10,5
CP504060,C101346,09-12-2025,Service,13,4
CP504061,C103217,16-05-2026,Card Issue,10,4
CP504062,C103000,20-01-2026,Transaction Issue,1,4
CP504063,C104948,28-04-2026,Card Issue,2,5
CP504064,C100169,19-12-2025,Service,2,2
CP504065,C101693,01-06-2025,Transaction Issue,7,4
CP504066,C102223,15-09-2025,Service,15,5
CP504067,C102508,24-06-2026,Card Issue,14,2
CP504068,C103976,11-04-2025,Card Issue,13,3
CP504069,C101981,10-01-2025,Service,10,4
CP504070,C101203,11-06-2025,Transaction Issue,15,5
CP504071,C103084,02-06-2026,Card Issue,14,4
CP504072,C101668,19-09-2025,Card Issue,7,4
CP504073,C100706,30-06-2026,Transaction Issue,6,2
CP504074,C104847,13-04-2025,App/Internet Banking,11,4
CP504075,C104918,02-05-2025,Service,7,4
CP504076,C103372,18-07-2025,App/Internet Banking,11,5
CP504077,C100175,08-05-2025,Card Issue,9,2
CP504078,C103879,05-02-2025,Transaction Issue,13,4
CP504079,C100902,17-08-2025,App/Internet Banking,14,5
CP504080,C103499,11-04-2026,Loan Issue,2,5
CP504081,C104847,16-01-2026,Loan Issue,12,4
CP504082,C101966,12-01-2025,Transaction Issue,5,4
CP504083,C102958,09-04-2025,Loan Issue,1,5
CP504084,C100419,21-06-2025,Card Issue,9,3
CP504085,C101053,11-10-2025,Service,4,3
CP504086,C102681,14-03-2026,App/Internet Banking,7,4
CP504087,C102564,01-05-2026,Fraud/Security,7,3
CP504088,C101174,26-06-2026,Service,13,5
CP504089,C102914,11-08-2025,Transaction Issue,5,4
CP504090,C100367,08-04-2026,Service,1,3
CP504091,C100921,25-05-2026,App/Internet Banking,2,3
CP504092,C104532,08-01-2025,App/Internet Banking,3,3
CP504093,C100554,21-12-2025,Card Issue,2,5
CP504094,C101221,22-10-2025,Transaction Issue,4,5
CP504095,C102877,05-03-2025,Transaction Issue,4,5
CP504096,C101837,04-06-2026,App/Internet Banking,7,1
CP504097,C104471,26-08-2025,App/Internet Banking,3,4
CP504098,C101297,12-06-2025,Loan Issue,1,5
CP504099,C101602,14-04-2025,Transaction Issue,13,5
CP504100,C101484,08-09-2025,Fraud/Security,11,3
CP504101,C100064,10-05-2025,App/Internet Banking,1,4
CP504102,C102639,26-03-2025,App/Internet Banking,8,4
CP504103,C101733,30-04-2025,Transaction Issue,5,4
CP504104,C104749,08-09-2025,App/Internet Banking,15,4
CP504105,C100687,20-04-2025,App/Internet Banking,9,4
CP504106,C100694,22-07-2025,Card Issue,2,2
CP504107,C100641,21-10-2025,Card Issue,14,5
CP504108,C100079,28-09-2025,App/Internet Banking,5,5
CP504109,C100920,29-11-2025,Transaction Issue,6,5
CP504110,C100250,18-08-2025,Card Issue,1,2
CP504111,C102996,25-02-2026,Transaction Issue,7,4
CP504112,C101028,24-06-2025,Transaction Issue,13,5
CP504113,C104726,27-01-2025,Service,1,2
CP504114,C100635,24-12-2025,App/Internet Banking,5,5
CP504115,C103880,25-06-2025,Transaction Issue,5,2
CP504116,C102035,01-05-2025,Transaction Issue,5,4
CP504117,C103183,04-07-2025,Loan Issue,5,4
CP504118,C100742,02-11-2025,App/Internet Banking,4,2
CP504119,C101604,18-06-2026,Card Issue,14,5
CP504120,C104074,21-02-2026,Service,4,5
CP504121,C104183,20-05-2025,Card Issue,4,3
CP504122,C102593,19-03-2026,Loan Issue,7,4
CP504123,C104128,13-06-2026,Loan Issue,3,5
CP504124,C100905,27-06-2025,App/Internet Banking,4,5
CP504125,C101156,29-04-2026,Service,15,4
CP504126,C101396,17-07-2025,Card Issue,4,4
CP504127,C101740,03-01-2025,Card Issue,15,4
CP504128,C101979,04-05-2026,Service,4,4
CP504129,C100207,29-05-2026,Fraud/Security,7,3
CP504130,C101592,18-05-2025,Transaction Issue,7,4
CP504131,C100907,30-01-2025,Card Issue,1,5
CP504132,C102618,06-01-2025,Loan Issue,6,3
CP504133,C102700,16-03-2026,App/Internet Banking,5,4
CP504134,C102704,19-03-2025,Transaction Issue,11,4
CP504135,C101947,24-03-2026,Service,13,5
CP504136,C102276,13-05-2026,Transaction Issue,14,3
CP504137,C104813,01-07-2025,Loan Issue,13,5
CP504138,C100465,12-12-2025,Service,14,4
CP504139,C103012,15-03-2026,App/Internet Banking,4,5
CP504140,C103873,15-12-2025,Transaction Issue,12,4
CP504141,C104607,29-12-2025,Loan Issue,3,2
CP504142,C101668,14-08-2025,App/Internet Banking,3,4
CP504143,C100206,22-05-2026,Service,9,3
CP504144,C100145,13-03-2025,Card Issue,4,3
CP504145,C100033,31-10-2025,Fraud/Security,12,1
CP504146,C101494,17-08-2025,Transaction Issue,7,3
CP504147,C102505,08-08-2025,Transaction Issue,15,3
CP504148,C102050,01-12-2025,Card Issue,5,1
CP504149,C103567,09-05-2025,Card Issue,4,5
CP504150,C100348,27-02-2025,Card Issue,4,4
CP504151,C100237,30-04-2025,Card Issue,7,4
CP504152,C104452,06-01-2026,Transaction Issue,2,4
CP504153,C104505,01-02-2025,Fraud/Security,4,3
CP504154,C104424,28-02-2025,Fraud/Security,9,1
CP504155,C104342,22-04-2025,App/Internet Banking,10,1
CP504156,C104958,02-06-2026,Loan Issue,5,5
CP504157,C103917,30-01-2025,App/Internet Banking,12,1
CP504158,C102780,22-05-2025,Loan Issue,13,3
CP504159,C102735,08-10-2025,Card Issue,5,5
CP504160,C101894,31-03-2025,Transaction Issue,6,3
CP504161,C102476,21-01-2026,App/Internet Banking,1,4
CP504162,C101826,09-08-2025,Card Issue,8,2
CP504163,C100498,21-06-2026,Service,4,5
CP504164,C100413,03-02-2025,Service,9,5
CP504165,C104330,25-11-2025,Service,9,2
CP504166,C104103,01-05-2026,Service,5,4
CP504167,C104510,17-06-2026,Service,3,3
CP504168,C100385,24-08-2025,Fraud/Security,9,5
CP504169,C101166,27-11-2025,Loan Issue,8,4
CP504170,C101386,25-04-2025,Card Issue,1,4
CP504171,C102390,05-09-2025,Service,2,3
CP504172,C100947,05-01-2025,Loan Issue,3,2
CP504173,C101665,06-12-2025,App/Internet Banking,6,4
CP504174,C102695,03-12-2025,Service,6,5
CP504175,C101381,30-01-2025,Card Issue,5,3
CP504176,C101115,02-06-2026,Fraud/Security,4,4
CP504177,C103229,17-04-2026,Card Issue,9,2
CP504178,C102151,19-06-2026,Loan Issue,7,1
CP504179,C102087,05-03-2025,Card Issue,2,2
CP504180,C101654,26-08-2025,Transaction Issue,1,2
CP504181,C101292,12-07-2025,App/Internet Banking,13,4
CP504182,C102480,17-02-2026,Transaction Issue,5,3
CP504183,C104477,07-02-2025,Transaction Issue,14,5
CP504184,C100353,13-08-2025,Service,13,3
CP504185,C104967,21-01-2025,Card Issue,15,2
CP504186,C100857,18-04-2026,Loan Issue,11,4
CP504187,C102904,20-12-2025,Transaction Issue,8,4
CP504188,C103183,06-02-2025,Loan Issue,9,4
CP504189,C101922,08-03-2025,Loan Issue,1,4
CP504190,C101623,03-06-2026,Service,7,4
CP504191,C103280,30-03-2026,App/Internet Banking,1,1
CP504192,C104569,27-03-2025,Service,13,4
CP504193,C103713,09-07-2025,Loan Issue,1,5
CP504194,C101987,31-08-2025,Fraud/Security,3,4
CP504195,C100528,01-06-2025,Transaction Issue,6,5
CP504196,C104249,01-06-2025,Fraud/Security,9,5
CP504197,C102253,20-06-2025,App/Internet Banking,8,5
CP504198,C103915,14-09-2025,Card Issue,2,3
CP504199,C101180,12-03-2025,Loan Issue,11,4
CP504200,C102145,13-02-2025,Service,6,5
CP504201,C103833,01-08-2025,Card Issue,7,4
CP504202,C100640,29-06-2026,Loan Issue,3,3
CP504203,C104344,23-06-2025,Service,14,3
CP504204,C104012,02-02-2025,App/Internet Banking,13,5
CP504205,C101185,12-01-2026,Service,13,2
CP504206,C101752,29-12-2025,Card Issue,8,3
CP504207,C101833,02-03-2026,Transaction Issue,5,5
CP504208,C104379,08-06-2025,App/Internet Banking,1,5
CP504209,C102673,09-07-2025,App/Internet Banking,12,3
CP504210,C103237,25-03-2025,Loan Issue,14,4
CP504211,C101577,13-01-2025,Fraud/Security,1,4
CP504212,C101584,20-01-2026,Fraud/Security,12,3
CP504213,C100601,29-10-2025,Transaction Issue,12,5
CP504214,C101336,05-08-2025,Transaction Issue,9,4
CP504215,C100099,13-09-2025,Fraud/Security,15,2
CP504216,C104345,16-01-2025,Loan Issue,11,3
CP504217,C102759,17-10-2025,Loan Issue,4,2
CP504218,C104623,12-05-2026,Service,4,5
CP504219,C100807,14-01-2025,Card Issue,9,2
CP504220,C103938,05-04-2025,Service,11,4
CP504221,C104855,03-07-2025,Service,7,5
CP504222,C102850,02-06-2025,Card Issue,13,3
CP504223,C103127,07-05-2026,Fraud/Security,13,4
CP504224,C100620,16-12-2025,Transaction Issue,13,3
CP504225,C102637,22-05-2025,Card Issue,2,5
CP504226,C104226,10-05-2026,App/Internet Banking,10,3
CP504227,C100723,05-02-2026,Loan Issue,9,4
CP504228,C103132,06-01-2025,Loan Issue,14,4
CP504229,C104936,03-11-2025,Service,8,4
CP504230,C102976,11-01-2026,Loan Issue,14,3
CP504231,C102274,20-02-2025,Transaction Issue,8,3
CP504232,C102008,26-02-2025,Transaction Issue,11,3
CP504233,C103982,13-02-2026,Loan Issue,13,3
CP504234,C102403,14-09-2025,Transaction Issue,11,3
CP504235,C103691,19-03-2025,App/Internet Banking,6,5
CP504236,C101890,28-05-2025,Transaction Issue,13,3
CP504237,C103849,06-12-2025,Card Issue,13,5
CP504238,C102945,05-04-2025,Service,2,5
CP504239,C102812,28-06-2026,Service,11,4
CP504240,C104154,17-08-2025,Service,3,5
CP504241,C104525,12-12-2025,Card Issue,9,2
CP504242,C103860,12-04-2026,Service,15,1
CP504243,C104963,05-06-2026,Service,11,1
CP504244,C100113,05-10-2025,Card Issue,10,3
CP504245,C103172,05-04-2026,App/Internet Banking,10,4
CP504246,C101903,14-01-2025,App/Internet Banking,5,3
CP504247,C100250,28-04-2026,App/Internet Banking,7,4
CP504248,C104319,27-06-2025,Fraud/Security,12,2
CP504249,C100481,25-01-2025,Service,9,2
CP504250,C104932,30-10-2025,Transaction Issue,5,5
CP504251,C100336,24-05-2026,App/Internet Banking,10,4
CP504252,C102096,01-03-2025,App/Internet Banking,3,5
CP504253,C101704,11-03-2026,Card Issue,5,4
CP504254,C102041,22-05-2025,App/Internet Banking,7,3
CP504255,C103616,11-08-2025,Service,11,5
CP504256,C100973,13-01-2026,Loan Issue,15,3
CP504257,C102721,18-11-2025,Transaction Issue,1,5
CP504258,C100709,17-07-2025,App/Internet Banking,1,4
CP504259,C104970,29-12-2025,Transaction Issue,10,3
CP504260,C100732,06-03-2026,Transaction Issue,7,1
CP504261,C104118,10-03-2025,Transaction Issue,9,2
CP504262,C100110,20-01-2026,App/Internet Banking,2,4
CP504263,C101134,17-08-2025,Loan Issue,15,3
CP504264,C103752,16-01-2025,Transaction Issue,12,2
CP504265,C101406,27-01-2026,Loan Issue,13,3
CP504266,C102069,14-06-2025,App/Internet Banking,8,1
CP504267,C102592,19-11-2025,Loan Issue,3,4
CP504268,C104748,01-08-2025,App/Internet Banking,9,4
CP504269,C104873,05-05-2025,Loan Issue,13,3
CP504270,C100890,09-05-2025,Loan Issue,14,1
CP504271,C102699,10-02-2026,Transaction Issue,12,4
CP504272,C100670,18-02-2026,Loan Issue,6,4
CP504273,C102988,15-07-2025,Service,15,2
CP504274,C100667,27-02-2026,App/Internet Banking,3,4
CP504275,C101339,24-03-2025,Loan Issue,9,4
CP504276,C103325,18-07-2025,Card Issue,12,4
CP504277,C100139,07-09-2025,Card Issue,1,2
CP504278,C101908,18-02-2026,App/Internet Banking,15,1
CP504279,C101061,12-04-2025,App/Internet Banking,11,4
CP504280,C100064,08-06-2025,Card Issue,11,4
CP504281,C101497,08-05-2025,Fraud/Security,10,2
CP504282,C104027,22-02-2025,App/Internet Banking,9,3
CP504283,C101012,01-09-2025,Transaction Issue,11,5
CP504284,C104473,17-04-2026,Transaction Issue,6,3
CP504285,C102762,02-04-2026,App/Internet Banking,13,1
CP504286,C100335,12-02-2026,Card Issue,6,3
CP504287,C101174,18-06-2026,Transaction Issue,5,5
CP504288,C101480,07-07-2025,Transaction Issue,10,4
CP504289,C103123,30-06-2026,Card Issue,15,4
CP504290,C102656,02-04-2026,Card Issue,12,1
CP504291,C101005,03-12-2025,Card Issue,12,3
CP504292,C104147,21-07-2025,App/Internet Banking,7,4
CP504293,C103314,12-06-2025,Service,3,4
CP504294,C102263,05-01-2025,Loan Issue,11,4
CP504295,C102378,22-03-2025,Card Issue,4,4
CP504296,C104964,13-06-2026,Service,10,4
CP504297,C100981,14-08-2025,Transaction Issue,9,4
CP504298,C101917,15-09-2025,Service,10,5
CP504299,C101924,08-01-2026,Card Issue,6,3
CP504300,C100049,20-01-2026,Loan Issue,10,4
CP504301,C101448,18-09-2025,App/Internet Banking,5,3
CP504302,C101466,23-01-2025,Loan Issue,6,5
CP504303,C102401,07-01-2026,Loan Issue,5,1
CP504304,C103165,14-03-2025,App/Internet Banking,8,4
CP504305,C103370,06-07-2025,App/Internet Banking,12,5
CP504306,C102335,27-08-2025,Transaction Issue,8,5
CP504307,C100862,23-04-2025,Transaction Issue,1,5
CP504308,C101808,07-09-2025,Transaction Issue,12,1
CP504309,C103838,09-11-2025,App/Internet Banking,8,4
CP504310,C103698,04-08-2025,Loan Issue,15,3
CP504311,C100992,13-10-2025,Transaction Issue,14,1
CP504312,C103332,27-07-2025,App/Internet Banking,9,4
CP504313,C103764,04-11-2025,Service,6,4
CP504314,C102260,18-02-2025,Transaction Issue,6,3
CP504315,C103756,23-07-2025,Service,7,5
CP504316,C101980,16-01-2025,Loan Issue,2,3
CP504317,C104723,05-12-2025,Card Issue,15,4
CP504318,C101916,21-05-2025,Card Issue,3,5
CP504319,C100971,11-12-2025,Loan Issue,8,4
CP504320,C102808,12-01-2026,Fraud/Security,4,4
CP504321,C102962,11-06-2026,Transaction Issue,11,5
CP504322,C100787,05-01-2025,Loan Issue,1,1
CP504323,C104523,18-03-2026,Service,2,5
CP504324,C103549,30-10-2025,Service,12,3
CP504325,C100075,09-06-2025,Transaction Issue,13,5
CP504326,C100058,13-09-2025,Card Issue,14,4
CP504327,C102842,30-05-2026,Transaction Issue,2,4
CP504328,C101034,18-11-2025,Card Issue,13,4
CP504329,C102354,06-03-2026,App/Internet Banking,8,5
CP504330,C104358,13-02-2026,App/Internet Banking,8,4
CP504331,C103485,25-02-2026,Card Issue,3,4
CP504332,C101397,12-05-2026,Loan Issue,10,5
CP504333,C102856,01-05-2025,Fraud/Security,8,2
CP504334,C104922,26-01-2026,Service,12,4
CP504335,C103264,28-06-2026,App/Internet Banking,13,4
CP504336,C104195,14-01-2026,Card Issue,9,5
CP504337,C102764,01-11-2025,App/Internet Banking,10,4
CP504338,C101434,21-06-2025,Card Issue,6,4
CP504339,C100686,01-02-2025,Transaction Issue,1,5
CP504340,C102859,01-06-2026,Transaction Issue,14,3
CP504341,C102270,11-07-2025,Card Issue,5,4
CP504342,C101345,17-02-2025,Service,11,5
CP504343,C103286,08-06-2025,Service,15,3
CP504344,C102071,01-04-2025,Card Issue,2,4
CP504345,C101076,03-02-2025,App/Internet Banking,3,3
CP504346,C101489,14-06-2026,Card Issue,12,1
CP504347,C104623,27-06-2025,Service,10,3
CP504348,C102732,23-06-2025,Service,13,4
CP504349,C100207,05-06-2025,Transaction Issue,2,4
CP504350,C100827,20-05-2026,Transaction Issue,5,1
CP504351,C102289,16-10-2025,Service,10,4
CP504352,C103943,01-01-2025,App/Internet Banking,10,4
CP504353,C100724,08-10-2025,App/Internet Banking,1,4
CP504354,C104111,02-02-2025,Fraud/Security,3,4
CP504355,C101447,20-01-2025,Transaction Issue,12,3
CP504356,C104455,22-01-2025,Transaction Issue,11,3
CP504357,C104077,13-04-2026,App/Internet Banking,14,2
CP504358,C102166,10-02-2025,Loan Issue,4,2
CP504359,C102794,17-05-2026,Fraud/Security,14,1
CP504360,C102999,09-09-2025,Loan Issue,6,3
CP504361,C100279,24-09-2025,Card Issue,6,1
CP504362,C103318,10-04-2025,Transaction Issue,11,2
CP504363,C102737,22-05-2025,Card Issue,3,5
CP504364,C104976,15-05-2026,Service,4,4
CP504365,C100494,07-11-2025,Transaction Issue,9,5
CP504366,C104088,16-03-2026,Card Issue,3,1
CP504367,C103292,20-02-2025,Fraud/Security,3,3
CP504368,C102825,11-06-2026,Service,4,4
CP504369,C104889,30-01-2025,Service,12,2
CP504370,C104758,06-08-2025,Card Issue,7,4
CP504371,C100186,28-02-2025,App/Internet Banking,4,4
CP504372,C103235,11-04-2026,Transaction Issue,9,4
CP504373,C102183,29-09-2025,Card Issue,9,5
CP504374,C103108,11-02-2025,Card Issue,8,2
CP504375,C103390,09-03-2026,App/Internet Banking,1,4
CP504376,C101982,28-05-2026,Transaction Issue,14,5
CP504377,C104188,16-07-2025,Card Issue,14,2
CP504378,C104837,07-08-2025,App/Internet Banking,14,3
CP504379,C101616,24-12-2025,Service,9,4
CP504380,C101050,22-06-2025,Loan Issue,11,3
CP504381,C100496,27-08-2025,Fraud/Security,10,3
CP504382,C100018,01-01-2025,Card Issue,3,4
CP504383,C104198,26-04-2026,App/Internet Banking,9,3
CP504384,C102882,02-03-2025,Card Issue,5,3
CP504385,C100355,19-02-2026,Loan Issue,6,5
CP504386,C103556,28-12-2025,App/Internet Banking,13,2
CP504387,C101712,02-07-2025,Transaction Issue,14,4
CP504388,C104228,24-11-2025,Fraud/Security,8,4
CP504389,C104076,01-06-2025,App/Internet Banking,15,4
CP504390,C103627,18-10-2025,App/Internet Banking,1,2
CP504391,C102209,14-12-2025,App/Internet Banking,9,3
CP504392,C104113,12-02-2025,Transaction Issue,7,5
CP504393,C103513,03-04-2025,App/Internet Banking,2,3
CP504394,C102415,29-03-2025,Transaction Issue,15,4
CP504395,C101757,18-03-2026,Service,11,2
CP504396,C103321,29-10-2025,Service,4,1
CP504397,C103827,21-03-2025,Transaction Issue,14,5
CP504398,C104571,06-01-2026,Card Issue,2,4
CP504399,C103477,18-04-2025,Transaction Issue,13,4
CP504400,C103718,07-05-2026,Service,11,4
CP504401,C101333,23-08-2025,Transaction Issue,6,3
CP504402,C103037,21-12-2025,Service,2,4
CP504403,C101851,29-06-2025,Transaction Issue,14,4
CP504404,C102327,22-11-2025,Service,10,4
CP504405,C101672,01-01-2025,Service,8,3
CP504406,C103882,18-06-2025,Card Issue,10,1
CP504407,C102212,26-07-2025,Fraud/Security,10,3
CP504408,C101361,01-04-2025,Card Issue,9,1
CP504409,C102353,23-03-2026,Service,13,1
CP504410,C104388,27-05-2025,App/Internet Banking,5,3
CP504411,C103689,12-06-2026,Loan Issue,9,4
CP504412,C101698,03-08-2025,Loan Issue,13,4
CP504413,C100150,13-06-2026,Service,13,4
CP504414,C102413,18-05-2026,Transaction Issue,2,5
CP504415,C103629,12-03-2025,Card Issue,10,4
CP504416,C104999,18-04-2025,Loan Issue,11,3
CP504417,C102527,02-12-2025,Transaction Issue,6,4
CP504418,C101304,10-11-2025,Service,15,4
CP504419,C102697,04-09-2025,Service,7,5
CP504420,C102225,23-10-2025,App/Internet Banking,7,4
CP504421,C102400,02-02-2025,Transaction Issue,2,3
CP504422,C104853,28-08-2025,Fraud/Security,13,3
CP504423,C103666,10-10-2025,Service,10,4
CP504424,C100757,24-12-2025,Transaction Issue,8,3
CP504425,C103382,12-05-2025,Service,10,5
CP504426,C102543,03-06-2025,Fraud/Security,7,1
CP504427,C104530,13-05-2026,Transaction Issue,14,4
CP504428,C103762,05-03-2026,Transaction Issue,10,2
CP504429,C101255,18-05-2026,Fraud/Security,7,4
CP504430,C104245,06-10-2025,App/Internet Banking,14,4
CP504431,C100341,04-05-2025,Transaction Issue,8,5
CP504432,C104145,11-01-2026,App/Internet Banking,11,4
CP504433,C100512,25-04-2025,Fraud/Security,7,5
CP504434,C104766,20-11-2025,Loan Issue,2,4
CP504435,C103972,18-09-2025,App/Internet Banking,5,4
CP504436,C102632,05-01-2026,Fraud/Security,13,5
CP504437,C104605,03-08-2025,Card Issue,14,1
CP504438,C100469,21-11-2025,Transaction Issue,8,3
CP504439,C102224,17-03-2026,Transaction Issue,2,2
CP504440,C101920,30-06-2025,App/Internet Banking,2,4
CP504441,C102045,14-03-2025,Transaction Issue,13,2
CP504442,C102653,02-09-2025,Transaction Issue,10,2
CP504443,C102343,20-04-2025,Service,13,4
CP504444,C103559,11-04-2025,Service,4,3
CP504445,C103455,01-02-2025,Loan Issue,9,3
CP504446,C101291,14-05-2025,Transaction Issue,7,3
CP504447,C103732,06-06-2026,Card Issue,11,5
CP504448,C103103,07-10-2025,Fraud/Security,14,4
CP504449,C102930,11-03-2026,Transaction Issue,1,4
CP504450,C100418,06-08-2025,Fraud/Security,9,2
CP504451,C103321,16-01-2025,Loan Issue,11,3
CP504452,C104755,14-01-2025,Service,6,4
CP504453,C101265,22-11-2025,Loan Issue,6,4
CP504454,C104066,18-02-2025,Service,10,5
CP504455,C100275,06-01-2025,Fraud/Security,2,5
CP504456,C104188,05-04-2025,Loan Issue,5,4
CP504457,C101182,16-11-2025,App/Internet Banking,14,2
CP504458,C103158,19-09-2025,Card Issue,12,5
CP504459,C101236,08-01-2026,Card Issue,13,4
CP504460,C102689,05-04-2026,Transaction Issue,12,4
CP504461,C104894,01-04-2025,Card Issue,1,5
CP504462,C104368,05-01-2026,Card Issue,6,5
CP504463,C101533,28-12-2025,Fraud/Security,15,3
CP504464,C104360,27-01-2026,App/Internet Banking,9,4
CP504465,C103911,28-11-2025,Loan Issue,4,3
CP504466,C103246,12-06-2025,Transaction Issue,8,5
CP504467,C104577,10-06-2025,Loan Issue,11,4
CP504468,C100376,13-01-2025,Loan Issue,8,5
CP504469,C100171,15-07-2025,App/Internet Banking,13,4
CP504470,C102455,25-05-2026,Card Issue,7,4
CP504471,C103134,28-06-2025,Transaction Issue,14,3
CP504472,C103580,07-03-2026,Fraud/Security,5,4
CP504473,C101066,04-05-2025,App/Internet Banking,8,4
CP504474,C101671,05-01-2025,App/Internet Banking,12,3
CP504475,C101943,27-02-2025,Card Issue,6,2
CP504476,C102424,23-02-2026,Card Issue,13,4
CP504477,C100605,18-05-2026,Transaction Issue,7,5
CP504478,C102445,22-06-2025,Service,5,5
CP504479,C102858,29-01-2026,Fraud/Security,4,3
CP504480,C104738,11-04-2025,Loan Issue,10,5
CP504481,C100642,21-02-2026,Transaction Issue,15,5
CP504482,C101344,13-07-2025,Fraud/Security,15,5
CP504483,C103222,03-11-2025,Service,9,4
CP504484,C103703,21-11-2025,Loan Issue,8,5
CP504485,C103451,31-05-2025,Transaction Issue,3,3
CP504486,C103513,30-01-2026,App/Internet Banking,6,4
CP504487,C103006,11-03-2026,App/Internet Banking,13,3
CP504488,C102496,20-03-2026,Transaction Issue,4,5
CP504489,C102875,30-01-2026,Transaction Issue,8,4
CP504490,C104215,31-01-2025,Fraud/Security,2,3
CP504491,C100745,03-10-2025,Transaction Issue,6,2
CP504492,C100568,21-09-2025,Service,9,4
CP504493,C104788,27-04-2025,Transaction Issue,14,5
CP504494,C103899,22-01-2026,Service,7,3
CP504495,C104204,12-06-2026,Card Issue,3,5
CP504496,C100781,26-05-2025,Transaction Issue,2,2
CP504497,C104933,29-01-2025,Service,11,5
CP504498,C100666,24-12-2025,Fraud/Security,5,5
CP504499,C103640,03-08-2025,App/Internet Banking,9,2
