customer_id,age,gender,city,occupation,annual_income,customer_since,state,income band
C102908,51,Female,Bengaluru,Business Owner,2561400,24-02-2020,Karnataka,High
C101971,42,Male,Delhi,IT Professional,2250900,09-06-2019,Delhi,High
C102209,50,Male,Kolkata,Government Employee,2180800,28-05-2019,West Bengal,High
C101745,46,Female,Pune,Government Employee,2163400,06-12-2024,Maharashtra,High
C103962,39,Male,Delhi,Self Employed,2149500,21-05-2022,Delhi,High
C103674,27,Male,Pune,Self Employed,2112000,08-02-2025,Maharashtra,High
C103257,21,Male,Bengaluru,Government Employee,2043100,15-01-2023,Karnataka,High
C101885,53,Other,Hyderabad,IT Professional,2007900,02-01-2019,Telangana,High
C102968,31,Male,Chennai,Self Employed,1972800,25-03-2022,Tamil Nadu,High
C102626,47,Male,Kolkata,Private Employee,1962100,14-04-2024,West Bengal,High
C101625,34,Male,Bengaluru,Government Employee,1930100,10-04-2023,Karnataka,High
C101222,39,Male,Delhi,IT Professional,1882700,18-08-2025,Delhi,High
C103682,26,Male,Ahmedabad,Student,1876200,30-04-2021,Gujarat,High
C100390,46,Female,Kochi,Private Employee,1859200,27-05-2020,Kerala,High
C102783,42,Male,Chennai,Private Employee,1854800,17-02-2021,Tamil Nadu,High
C102086,35,Female,Jaipur,Government Employee,1838800,26-01-2024,Rajasthan,High
C100224,33,Male,Jaipur,Private Employee,1838000,21-07-2025,Rajasthan,High
C103858,44,Male,Jaipur,IT Professional,1809300,18-05-2023,Rajasthan,High
C100698,21,Male,Ahmedabad,Government Employee,1798300,29-10-2024,Gujarat,High
C102473,21,Female,Bengaluru,Business Owner,1775800,28-05-2024,Karnataka,High
C101992,39,Female,Bengaluru,Private Employee,1773400,07-11-2019,Karnataka,High
C103365,41,Male,Delhi,Private Employee,1764200,02-02-2019,Delhi,High
C101196,43,Female,Hyderabad,Self Employed,1748100,23-07-2023,Telangana,High
C104851,25,Male,Delhi,Government Employee,1732300,06-11-2025,Delhi,High
C101151,34,Male,Hyderabad,Government Employee,1718400,08-12-2019,Telangana,High
C103006,37,Male,Chennai,IT Professional,1716700,10-07-2020,Tamil Nadu,High
C101249,38,Female,Hyderabad,IT Professional,1715900,06-01-2023,Telangana,High
C104364,38,Male,Kolkata,IT Professional,1710200,02-11-2021,West Bengal,High
C101925,23,Female,Ahmedabad,IT Professional,1709100,08-04-2025,Gujarat,High
C102913,39,Male,Bengaluru,IT Professional,1676900,24-07-2021,Karnataka,High
C101770,27,Female,Delhi,Business Owner,1672500,04-11-2019,Delhi,High
C101792,48,Male,Bengaluru,Self Employed,1672200,13-09-2021,Karnataka,High
C104546,37,Male,Chennai,IT Professional,1653500,28-02-2020,Tamil Nadu,High
C104467,30,Male,Kolkata,IT Professional,1647400,02-07-2022,West Bengal,High
C103299,39,Female,Ahmedabad,Other,1636000,10-06-2021,Gujarat,High
C103454,30,Female,Jaipur,Other,1629600,25-05-2023,Rajasthan,High
C100163,47,Male,Hyderabad,Government Employee,1622500,28-01-2024,Telangana,High
C102468,21,Female,Bengaluru,Private Employee,1615300,27-09-2025,Karnataka,High
C100986,46,Female,Jaipur,Government Employee,1607300,01-12-2022,Rajasthan,High
C100918,39,Female,Chennai,Business Owner,1605100,01-01-2025,Tamil Nadu,High
C100159,44,Female,Delhi,IT Professional,1593900,21-06-2024,Delhi,High
C104224,44,Male,Kolkata,Business Owner,1586400,29-05-2020,West Bengal,High
C104409,42,Female,Bengaluru,Private Employee,1576100,24-04-2021,Karnataka,High
C104196,41,Female,Mumbai,Self Employed,1575600,26-10-2019,Maharashtra,High
C103143,48,Female,Ahmedabad,Private Employee,1571800,04-10-2019,Gujarat,High
C104990,46,Male,Chennai,Private Employee,1568300,29-10-2021,Tamil Nadu,High
C102907,44,Male,Delhi,Business Owner,1564400,16-09-2021,Delhi,High
C101015,46,Male,Ahmedabad,Government Employee,1562500,17-04-2022,Gujarat,High
C103638,25,Female,Bengaluru,Government Employee,1558700,19-10-2025,Karnataka,High
C104466,21,Male,Chennai,Self Employed,1551700,15-12-2019,Tamil Nadu,High
C101493,35,Female,Chennai,Other,1548500,15-09-2021,Tamil Nadu,High
C102600,24,Male,Delhi,Government Employee,1545300,12-07-2020,Delhi,High
C103220,43,Female,Delhi,Business Owner,1544900,22-02-2019,Delhi,High
C103240,21,Female,Bengaluru,Government Employee,1523600,06-03-2025,Karnataka,High
C100199,21,Male,Mumbai,Private Employee,1518900,16-11-2025,Maharashtra,High
C100451,31,Male,Bengaluru,Private Employee,1518300,23-01-2021,Karnataka,High
C104824,27,Female,Mumbai,Business Owner,1518000,25-07-2025,Maharashtra,High
C103444,33,Male,Pune,Self Employed,1514500,22-03-2023,Maharashtra,High
C103394,31,Male,Hyderabad,Student,1512600,28-01-2020,Telangana,High
C100696,45,Male,Bengaluru,Business Owner,1507700,25-06-2020,Karnataka,High
C100537,35,Male,Delhi,Business Owner,1505700,01-03-2022,Delhi,High
C101421,31,Female,Pune,Private Employee,1499300,28-03-2023,Maharashtra,High
C103564,41,Male,Jaipur,Student,1493600,06-04-2020,Rajasthan,High
C101343,23,Female,Mumbai,Private Employee,1486300,29-04-2021,Maharashtra,High
C101018,53,Female,Pune,Private Employee,1477400,25-01-2019,Maharashtra,High
C104808,23,Male,Bengaluru,Student,1473200,15-01-2025,Karnataka,High
C100549,45,Male,Bengaluru,IT Professional,1471200,23-01-2021,Karnataka,High
C101602,47,Female,Mumbai,Other,1470600,16-12-2020,Maharashtra,High
C103725,44,Male,Chennai,IT Professional,1468600,25-11-2022,Tamil Nadu,High
C103878,23,Male,Pune,Business Owner,1462000,23-09-2022,Maharashtra,High
C104229,37,Male,Pune,Business Owner,1455200,09-03-2019,Maharashtra,High
C100381,21,Female,Hyderabad,IT Professional,1453800,10-01-2021,Telangana,High
C103757,33,Male,Bengaluru,IT Professional,1449800,26-08-2024,Karnataka,High
C100453,28,Male,Kolkata,Business Owner,1446400,31-03-2019,West Bengal,High
C100987,53,Male,Mumbai,Private Employee,1445600,28-11-2023,Maharashtra,High
C100057,40,Male,Pune,Private Employee,1442600,09-02-2023,Maharashtra,High
C104949,37,Female,Mumbai,Business Owner,1442500,14-07-2021,Maharashtra,High
C101373,36,Female,Mumbai,IT Professional,1442100,28-06-2022,Maharashtra,High
C104219,36,Male,Bengaluru,IT Professional,1441600,24-04-2019,Karnataka,High
C102618,49,Female,Bengaluru,Self Employed,1440400,30-03-2024,Karnataka,High
C104702,51,Female,Bengaluru,Student,1439300,16-09-2023,Karnataka,High
C104057,47,Male,Chennai,Private Employee,1435800,11-07-2025,Tamil Nadu,High
C103953,32,Male,Jaipur,Self Employed,1428800,27-08-2022,Rajasthan,High
C102785,28,Male,Bengaluru,Business Owner,1427700,05-05-2023,Karnataka,High
C101337,34,Male,Mumbai,Private Employee,1423700,09-11-2021,Maharashtra,High
C103213,44,Female,Bengaluru,Student,1415600,19-01-2023,Karnataka,High
C104757,34,Male,Delhi,Business Owner,1414800,26-06-2022,Delhi,High
C102122,35,Male,Hyderabad,Private Employee,1412500,04-11-2022,Telangana,High
C103167,25,Female,Chennai,Student,1412000,19-02-2025,Tamil Nadu,High
C104110,22,Male,Ahmedabad,Private Employee,1411700,09-05-2024,Gujarat,High
C104561,32,Female,Delhi,Self Employed,1411300,26-12-2024,Delhi,High
C102239,21,Female,Kolkata,Private Employee,1410800,29-06-2023,West Bengal,High
C102400,30,Female,Hyderabad,Government Employee,1409600,21-04-2022,Telangana,High
C101827,38,Male,Ahmedabad,Self Employed,1406200,05-02-2023,Gujarat,High
C101324,21,Female,Kolkata,Self Employed,1405500,03-06-2021,West Bengal,High
C102938,42,Male,Kolkata,Private Employee,1403200,01-06-2025,West Bengal,High
C101227,21,Female,Hyderabad,IT Professional,1400300,15-07-2022,Telangana,High
C100941,35,Female,Delhi,Government Employee,1398300,25-05-2025,Delhi,High
C104157,48,Male,Chennai,IT Professional,1395500,26-02-2022,Tamil Nadu,High
C103720,32,Male,Pune,Government Employee,1392300,23-04-2019,Maharashtra,High
C104063,31,Male,Ahmedabad,Student,1388200,05-12-2019,Gujarat,High
C103618,36,Female,Kolkata,Business Owner,1384600,05-12-2022,West Bengal,High
C103217,32,Male,Pune,Business Owner,1383700,09-06-2019,Maharashtra,High
C102957,32,Male,Mumbai,Self Employed,1381700,04-02-2022,Maharashtra,High
C104287,30,Female,Ahmedabad,IT Professional,1377200,31-03-2019,Gujarat,High
C104518,46,Male,Delhi,IT Professional,1377000,12-09-2023,Delhi,High
C101457,29,Male,Pune,Government Employee,1376400,06-07-2021,Maharashtra,High
C104396,45,Male,Jaipur,IT Professional,1374500,18-11-2020,Rajasthan,High
C103680,34,Female,Chennai,Private Employee,1374400,21-04-2024,Tamil Nadu,High
C103964,38,Male,Mumbai,Business Owner,1372700,26-10-2021,Maharashtra,High
C102231,25,Male,Delhi,Business Owner,1371400,31-05-2022,Delhi,High
C102106,38,Female,Delhi,Other,1369700,09-09-2021,Delhi,High
C103323,28,Female,Delhi,Self Employed,1369100,23-06-2020,Delhi,High
C100196,45,Female,Jaipur,IT Professional,1367100,31-08-2020,Rajasthan,High
C100811,30,Male,Bengaluru,Private Employee,1365700,13-05-2025,Karnataka,High
C101623,51,Female,Kochi,Business Owner,1365200,28-08-2021,Kerala,High
C100437,36,Male,Jaipur,Private Employee,1360800,15-04-2024,Rajasthan,High
C101181,21,Female,Bengaluru,IT Professional,1355800,10-02-2020,Karnataka,High
C101030,37,Male,Kolkata,Student,1351600,01-02-2023,West Bengal,High
C103052,34,Male,Delhi,Other,1346500,30-09-2021,Delhi,High
C103765,25,Male,Jaipur,Other,1344600,31-01-2023,Rajasthan,High
C103187,29,Female,Bengaluru,Business Owner,1344000,27-06-2025,Karnataka,High
C101120,37,Female,Bengaluru,Business Owner,1337000,24-10-2023,Karnataka,High
C102942,42,Male,Kolkata,IT Professional,1330500,02-10-2025,West Bengal,High
C104134,42,Male,Hyderabad,Private Employee,1330300,23-02-2019,Telangana,High
C101654,35,Female,Kolkata,Business Owner,1329600,14-08-2021,West Bengal,High
C103540,23,Male,Hyderabad,Student,1327900,15-04-2019,Telangana,High
C101789,37,Male,Pune,IT Professional,1327800,01-12-2024,Maharashtra,High
C102500,35,Male,Pune,IT Professional,1327700,20-12-2022,Maharashtra,High
C103752,28,Male,Delhi,Government Employee,1325300,16-11-2022,Delhi,High
C103103,30,Male,Mumbai,Private Employee,1325100,25-11-2020,Maharashtra,High
C101074,49,Female,Mumbai,Student,1324900,29-12-2023,Maharashtra,High
C101757,44,Female,Chennai,Business Owner,1321800,24-05-2022,Tamil Nadu,High
C102816,29,Male,Mumbai,Business Owner,1321600,19-05-2020,Maharashtra,High
C102514,27,Female,Bengaluru,Student,1320400,02-05-2021,Karnataka,High
C101923,32,Male,Mumbai,Government Employee,1318900,03-07-2021,Maharashtra,High
C101369,33,Male,Hyderabad,Self Employed,1317200,10-09-2021,Telangana,High
C101595,42,Male,Kochi,Student,1315300,09-06-2024,Kerala,High
C102284,21,Female,Delhi,IT Professional,1314000,29-10-2019,Delhi,High
C104269,21,Male,Hyderabad,Business Owner,1313200,18-02-2025,Telangana,High
C104093,32,Female,Bengaluru,Business Owner,1312200,25-07-2019,Karnataka,High
C100684,59,Male,Delhi,Self Employed,1311400,02-02-2021,Delhi,High
C103735,40,Female,Hyderabad,Self Employed,1310900,13-01-2023,Telangana,High
C103819,42,Female,Delhi,Government Employee,1304200,28-10-2019,Delhi,High
C102423,33,Male,Ahmedabad,Private Employee,1302400,26-10-2024,Gujarat,High
C101515,38,Male,Jaipur,Self Employed,1299500,11-09-2021,Rajasthan,High
C101164,63,Male,Hyderabad,Private Employee,1298500,10-05-2019,Telangana,High
C104653,40,Male,Pune,IT Professional,1297500,24-05-2021,Maharashtra,High
C101680,29,Female,Bengaluru,Government Employee,1296900,22-04-2020,Karnataka,High
C102754,35,Female,Bengaluru,Government Employee,1294400,22-07-2021,Karnataka,High
C102436,30,Male,Mumbai,Student,1292400,01-07-2023,Maharashtra,High
C103118,44,Male,Delhi,Student,1289700,07-09-2023,Delhi,High
C101957,32,Female,Mumbai,Private Employee,1289600,05-02-2019,Maharashtra,High
C102656,38,Male,Ahmedabad,Private Employee,1283600,09-11-2025,Gujarat,High
C101256,25,Male,Pune,IT Professional,1281900,09-04-2022,Maharashtra,High
C101617,45,Male,Jaipur,Private Employee,1281400,14-02-2020,Rajasthan,High
C101278,29,Female,Hyderabad,Private Employee,1279700,29-01-2019,Telangana,High
C100531,38,Male,Pune,IT Professional,1278900,27-09-2022,Maharashtra,High
C100929,22,Female,Pune,Other,1274500,11-01-2023,Maharashtra,High
C100910,28,Female,Bengaluru,Government Employee,1274200,11-08-2022,Karnataka,High
C104553,30,Male,Mumbai,Student,1273000,11-07-2019,Maharashtra,High
C103545,34,Male,Mumbai,Private Employee,1269300,29-07-2025,Maharashtra,High
C103064,28,Male,Bengaluru,Student,1269100,08-02-2022,Karnataka,High
C104534,33,Male,Pune,Self Employed,1267100,18-08-2023,Maharashtra,High
C100407,45,Male,Ahmedabad,Business Owner,1266900,11-11-2024,Gujarat,High
C103434,35,Male,Ahmedabad,Private Employee,1266700,13-05-2025,Gujarat,High
C100260,35,Male,Delhi,Private Employee,1264400,24-07-2022,Delhi,High
C100258,33,Male,Hyderabad,Private Employee,1262700,23-05-2023,Telangana,High
C102881,26,Female,Chennai,Private Employee,1262600,01-02-2020,Tamil Nadu,High
C101253,42,Male,Hyderabad,IT Professional,1261400,13-02-2025,Telangana,High
C102449,59,Male,Mumbai,Private Employee,1261100,04-12-2020,Maharashtra,High
C104160,29,Male,Bengaluru,Other,1258100,11-07-2021,Karnataka,High
C102902,47,Male,Bengaluru,Business Owner,1257100,27-12-2020,Karnataka,High
C100842,41,Male,Ahmedabad,Private Employee,1256100,27-07-2023,Gujarat,High
C102007,23,Female,Bengaluru,Private Employee,1254000,30-12-2019,Karnataka,High
C103621,25,Male,Ahmedabad,IT Professional,1252300,24-03-2024,Gujarat,High
C103818,31,Female,Chennai,Private Employee,1251600,12-01-2023,Tamil Nadu,High
C100637,21,Male,Delhi,IT Professional,1251300,22-11-2024,Delhi,High
C103036,59,Female,Chennai,Business Owner,1248000,26-11-2024,Tamil Nadu,High
C104282,32,Female,Mumbai,Self Employed,1248000,18-02-2021,Maharashtra,High
C104842,34,Male,Hyderabad,Other,1247200,21-03-2021,Telangana,High
C101688,36,Female,Delhi,Student,1246400,06-07-2020,Delhi,High
C101844,40,Male,Kochi,Other,1240700,12-01-2019,Kerala,High
C104178,35,Male,Bengaluru,Other,1237600,21-03-2023,Karnataka,High
C104529,37,Male,Delhi,Self Employed,1237200,27-12-2024,Delhi,High
C100836,23,Male,Mumbai,IT Professional,1234700,04-01-2023,Maharashtra,High
C103645,51,Male,Chennai,Private Employee,1232500,09-01-2022,Tamil Nadu,High
C102918,35,Male,Hyderabad,Government Employee,1232300,29-11-2023,Telangana,High
C104571,39,Male,Chennai,IT Professional,1231200,26-10-2021,Tamil Nadu,High
C102424,35,Female,Bengaluru,Private Employee,1230900,11-12-2024,Karnataka,High
C102696,37,Male,Delhi,IT Professional,1230500,04-05-2019,Delhi,High
C100860,37,Male,Bengaluru,Student,1230400,19-05-2019,Karnataka,High
C104572,35,Female,Chennai,IT Professional,1226300,09-02-2025,Tamil Nadu,High
C103307,32,Male,Delhi,Private Employee,1226100,25-11-2019,Delhi,High
C104543,33,Male,Bengaluru,Private Employee,1225000,28-12-2025,Karnataka,High
C101906,46,Male,Mumbai,IT Professional,1224900,24-07-2022,Maharashtra,High
C100970,21,Female,Bengaluru,Student,1224700,07-06-2025,Karnataka,High
C102389,35,Female,Bengaluru,IT Professional,1223900,25-06-2020,Karnataka,High
C103506,21,Female,Delhi,Business Owner,1223400,27-06-2025,Delhi,High
C103132,29,Male,Bengaluru,IT Professional,1221700,31-07-2021,Karnataka,High
C103672,25,Male,Bengaluru,Student,1220800,24-06-2019,Karnataka,High
C103090,43,Male,Pune,Business Owner,1219100,03-09-2021,Maharashtra,High
C101921,28,Male,Chennai,Government Employee,1218300,19-02-2019,Tamil Nadu,High
C104789,42,Female,Jaipur,Government Employee,1218100,10-11-2023,Rajasthan,High
C101608,30,Other,Delhi,Private Employee,1217800,21-04-2019,Delhi,High
C100461,29,Female,Delhi,Self Employed,1217600,25-02-2023,Delhi,High
C103486,21,Female,Ahmedabad,IT Professional,1217600,06-08-2025,Gujarat,High
C104475,36,Male,Ahmedabad,Government Employee,1213800,18-01-2020,Gujarat,High
C104234,30,Male,Hyderabad,Private Employee,1213400,22-10-2024,Telangana,High
C102619,35,Male,Delhi,Government Employee,1212000,18-11-2020,Delhi,High
C100018,40,Female,Pune,Government Employee,1209900,13-08-2021,Maharashtra,High
C100144,35,Male,Chennai,Private Employee,1209700,15-02-2025,Tamil Nadu,High
C104968,31,Male,Kolkata,Self Employed,1209000,10-04-2021,West Bengal,High
C101156,41,Female,Bengaluru,Business Owner,1207900,01-09-2020,Karnataka,High
C100418,34,Male,Mumbai,IT Professional,1207500,05-08-2022,Maharashtra,High
C104209,43,Female,Kochi,Government Employee,1205500,13-05-2020,Kerala,High
C102055,35,Female,Mumbai,Government Employee,1204400,10-05-2019,Maharashtra,High
C100271,30,Female,Jaipur,Self Employed,1203500,14-04-2020,Rajasthan,High
C100301,26,Male,Hyderabad,Business Owner,1203300,30-06-2019,Telangana,High
C101868,23,Female,Chennai,Self Employed,1203100,27-02-2021,Tamil Nadu,High
C101409,38,Male,Delhi,Private Employee,1202100,16-08-2024,Delhi,High
C101987,28,Male,Hyderabad,Student,1201500,05-01-2023,Telangana,High
C102563,51,Male,Bengaluru,Government Employee,1199800,27-12-2021,Karnataka,High
C103157,21,Other,Hyderabad,Business Owner,1198400,22-04-2023,Telangana,High
C103853,31,Male,Bengaluru,Business Owner,1198100,08-02-2022,Karnataka,High
C101408,43,Male,Mumbai,Business Owner,1195400,30-11-2020,Maharashtra,High
C102766,23,Female,Bengaluru,IT Professional,1195000,09-07-2025,Karnataka,High
C103372,40,Male,Hyderabad,Private Employee,1193900,30-08-2021,Telangana,High
C102415,44,Male,Hyderabad,Private Employee,1192500,07-07-2022,Telangana,High
C104035,40,Female,Pune,Student,1190000,10-09-2022,Maharashtra,High
C104398,35,Female,Ahmedabad,IT Professional,1189700,29-08-2021,Gujarat,High
C101552,45,Male,Bengaluru,Private Employee,1187200,21-10-2022,Karnataka,High
C100786,21,Female,Delhi,Business Owner,1187000,06-05-2019,Delhi,High
C103794,41,Male,Kochi,Student,1186200,14-03-2019,Kerala,High
C103492,25,Male,Hyderabad,Self Employed,1185600,28-11-2021,Telangana,High
C101530,41,Male,Delhi,Self Employed,1185000,10-06-2020,Delhi,High
C101805,30,Female,Delhi,Self Employed,1183800,28-07-2020,Delhi,High
C100227,37,Female,Pune,Business Owner,1183300,30-05-2021,Maharashtra,High
C101859,43,Female,Ahmedabad,Private Employee,1182200,11-10-2021,Gujarat,High
C100846,39,Male,Bengaluru,IT Professional,1182000,16-12-2023,Karnataka,High
C102063,21,Male,Delhi,IT Professional,1179900,05-08-2022,Delhi,High
C103209,34,Male,Kolkata,Government Employee,1176500,09-09-2024,West Bengal,High
C103710,29,Female,Hyderabad,IT Professional,1175800,18-03-2023,Telangana,High
C103111,37,Male,Delhi,Private Employee,1175600,04-12-2020,Delhi,High
C104707,40,Female,Bengaluru,Self Employed,1174200,15-06-2021,Karnataka,High
C101217,31,Female,Hyderabad,IT Professional,1173500,04-08-2019,Telangana,High
C102564,25,Male,Jaipur,Business Owner,1173400,16-03-2024,Rajasthan,High
C100040,42,Male,Mumbai,Private Employee,1169700,23-08-2020,Maharashtra,High
C102141,26,Male,Delhi,Business Owner,1167600,21-01-2020,Delhi,High
C104441,41,Male,Chennai,Government Employee,1167500,08-12-2025,Tamil Nadu,High
C102546,21,Male,Hyderabad,IT Professional,1167400,28-09-2020,Telangana,High
C101064,32,Female,Jaipur,Government Employee,1166700,10-04-2021,Rajasthan,High
C101558,23,Male,Pune,Private Employee,1165500,29-12-2020,Maharashtra,High
C104785,52,Male,Chennai,IT Professional,1165000,25-02-2022,Tamil Nadu,High
C104614,24,Female,Pune,IT Professional,1164000,03-05-2022,Maharashtra,High
C101245,33,Female,Bengaluru,Other,1163800,16-09-2021,Karnataka,High
C103104,21,Male,Mumbai,Private Employee,1163700,05-06-2022,Maharashtra,High
C103979,41,Male,Hyderabad,Other,1161800,26-04-2024,Telangana,High
C103246,44,Male,Pune,Private Employee,1161100,30-06-2025,Maharashtra,High
C104198,21,Female,Ahmedabad,Private Employee,1160900,19-01-2022,Gujarat,High
C103003,42,Male,Pune,Self Employed,1160000,31-10-2022,Maharashtra,High
C102061,23,Female,Jaipur,IT Professional,1157700,03-03-2021,Rajasthan,High
C102183,37,Male,Mumbai,Private Employee,1157000,28-01-2020,Maharashtra,High
C104687,28,Male,Kolkata,Private Employee,1156600,04-07-2024,West Bengal,High
C103693,49,Female,Mumbai,Government Employee,1154400,20-06-2021,Maharashtra,High
C101938,41,Other,Delhi,Private Employee,1154000,05-01-2022,Delhi,High
C100123,35,Male,Mumbai,Private Employee,1153800,07-04-2024,Maharashtra,High
C103806,24,Female,Pune,Student,1153800,01-07-2024,Maharashtra,High
C102037,42,Female,Pune,Government Employee,1152600,10-02-2020,Maharashtra,High
C100505,29,Female,Mumbai,Private Employee,1152500,26-11-2024,Maharashtra,High
C100566,38,Male,Pune,Private Employee,1152300,03-04-2021,Maharashtra,High
C103159,51,Female,Delhi,IT Professional,1151800,22-04-2023,Delhi,High
C103987,31,Female,Mumbai,Business Owner,1151400,23-10-2020,Maharashtra,High
C102869,35,Male,Chennai,Self Employed,1151100,18-10-2022,Tamil Nadu,High
C102992,25,Female,Mumbai,Private Employee,1148100,04-01-2024,Maharashtra,High
C100547,28,Female,Ahmedabad,IT Professional,1146700,22-06-2019,Gujarat,High
C100689,21,Female,Mumbai,Government Employee,1143800,22-03-2020,Maharashtra,High
C104109,39,Male,Hyderabad,IT Professional,1143400,07-12-2021,Telangana,High
C101791,21,Female,Delhi,Business Owner,1143100,10-08-2020,Delhi,High
C103907,46,Female,Mumbai,IT Professional,1141600,03-08-2024,Maharashtra,High
C101508,43,Female,Delhi,Government Employee,1138500,15-12-2023,Delhi,High
C102924,32,Male,Chennai,Self Employed,1137300,10-02-2024,Tamil Nadu,High
C101299,24,Female,Mumbai,IT Professional,1137200,26-05-2019,Maharashtra,High
C102822,32,Female,Delhi,Private Employee,1136000,10-02-2021,Delhi,High
C102327,45,Male,Ahmedabad,Private Employee,1134000,24-03-2020,Gujarat,High
C104480,41,Male,Bengaluru,Student,1131900,03-12-2019,Karnataka,High
C103435,34,Male,Bengaluru,Private Employee,1130900,01-05-2023,Karnataka,High
C104401,28,Female,Kolkata,Business Owner,1130800,23-11-2024,West Bengal,High
C100401,40,Male,Bengaluru,Self Employed,1129100,03-06-2019,Karnataka,High
C101295,46,Other,Mumbai,Private Employee,1125500,11-03-2022,Maharashtra,High
C101659,54,Male,Pune,IT Professional,1123900,13-08-2021,Maharashtra,High
C103439,30,Female,Mumbai,Self Employed,1123000,07-06-2025,Maharashtra,High
C100954,42,Male,Hyderabad,IT Professional,1122500,24-08-2024,Telangana,High
C100269,43,Female,Jaipur,Self Employed,1122100,04-04-2020,Rajasthan,High
C102746,38,Male,Ahmedabad,Student,1119300,29-01-2025,Gujarat,High
C100118,41,Male,Delhi,Other,1118100,24-01-2023,Delhi,High
C103019,21,Female,Bengaluru,IT Professional,1116200,07-12-2025,Karnataka,High
C101142,31,Male,Bengaluru,Private Employee,1114400,15-12-2024,Karnataka,High
C103620,51,Male,Mumbai,Government Employee,1114400,10-05-2020,Maharashtra,High
C101918,46,Female,Jaipur,Student,1112500,08-05-2021,Rajasthan,High
C102419,49,Female,Delhi,Self Employed,1112400,03-07-2024,Delhi,High
C101141,21,Male,Mumbai,IT Professional,1112300,16-03-2019,Maharashtra,High
C100332,41,Female,Hyderabad,Private Employee,1111200,08-06-2020,Telangana,High
C102550,37,Female,Ahmedabad,Self Employed,1109300,02-06-2024,Gujarat,High
C100542,42,Male,Mumbai,IT Professional,1107400,23-01-2025,Maharashtra,High
C100784,34,Female,Mumbai,IT Professional,1106900,08-06-2022,Maharashtra,High
C101719,51,Female,Bengaluru,IT Professional,1106600,05-12-2023,Karnataka,High
C103723,46,Female,Delhi,Private Employee,1103400,08-04-2024,Delhi,High
C100489,30,Male,Delhi,Private Employee,1103200,24-06-2023,Delhi,High
C104642,37,Male,Mumbai,IT Professional,1101500,06-08-2024,Maharashtra,High
C102472,21,Female,Mumbai,Student,1101000,12-06-2019,Maharashtra,High
C104721,25,Male,Bengaluru,IT Professional,1098700,21-07-2024,Karnataka,High
C104123,29,Male,Bengaluru,Student,1096900,09-04-2024,Karnataka,High
C101766,45,Male,Kochi,Business Owner,1095900,10-08-2022,Kerala,High
C101401,26,Female,Bengaluru,Private Employee,1095800,01-09-2023,Karnataka,High
C103583,26,Female,Chennai,Business Owner,1095200,20-09-2021,Tamil Nadu,High
C100837,47,Male,Ahmedabad,IT Professional,1095100,13-07-2019,Gujarat,High
C102709,40,Female,Pune,Government Employee,1094100,24-03-2025,Maharashtra,High
C104261,23,Male,Kolkata,Private Employee,1092300,19-12-2022,West Bengal,High
C103455,37,Female,Hyderabad,Business Owner,1088500,08-05-2025,Telangana,High
C104444,44,Female,Bengaluru,Business Owner,1088200,08-08-2019,Karnataka,High
C100366,35,Female,Hyderabad,Private Employee,1085400,18-09-2021,Telangana,High
C101432,36,Male,Chennai,Self Employed,1082100,23-03-2020,Tamil Nadu,High
C101113,29,Male,Chennai,Private Employee,1081500,15-04-2020,Tamil Nadu,High
C102559,25,Female,Bengaluru,Government Employee,1080200,13-05-2025,Karnataka,High
C101572,37,Male,Hyderabad,Private Employee,1079500,14-12-2020,Telangana,High
C103065,38,Male,Ahmedabad,IT Professional,1077000,26-12-2024,Gujarat,High
C100862,37,Female,Delhi,Business Owner,1075900,25-04-2025,Delhi,High
C104311,39,Female,Chennai,IT Professional,1073900,01-08-2021,Tamil Nadu,High
C104810,21,Male,Delhi,Business Owner,1073200,30-04-2023,Delhi,High
C101962,28,Male,Pune,IT Professional,1072200,14-03-2019,Maharashtra,High
C104601,33,Male,Ahmedabad,Private Employee,1070900,17-05-2019,Gujarat,High
C101338,36,Female,Jaipur,Private Employee,1069200,28-03-2024,Rajasthan,High
C104418,39,Male,Hyderabad,IT Professional,1068700,02-01-2023,Telangana,High
C103681,21,Male,Jaipur,Student,1068400,04-01-2020,Rajasthan,High
C103069,34,Male,Jaipur,Private Employee,1068100,09-05-2025,Rajasthan,High
C104946,42,Male,Delhi,Private Employee,1067200,21-09-2020,Delhi,High
C102390,30,Male,Kochi,Government Employee,1066600,30-08-2022,Kerala,High
C103414,26,Female,Bengaluru,Business Owner,1066300,05-05-2020,Karnataka,High
C104419,43,Female,Delhi,Student,1066200,05-01-2024,Delhi,High
C101570,39,Male,Bengaluru,Business Owner,1065900,14-01-2022,Karnataka,High
C104840,34,Male,Delhi,Self Employed,1065500,22-03-2020,Delhi,High
C101901,28,Male,Chennai,IT Professional,1065400,10-04-2022,Tamil Nadu,High
C104348,29,Female,Jaipur,IT Professional,1064800,06-08-2020,Rajasthan,High
C100439,36,Male,Mumbai,Business Owner,1063600,18-04-2023,Maharashtra,High
C101173,45,Male,Kochi,Self Employed,1063600,20-08-2024,Kerala,High
C100422,26,Female,Bengaluru,Private Employee,1063500,21-11-2023,Karnataka,High
C103183,21,Male,Bengaluru,Other,1063000,25-12-2021,Karnataka,High
C103598,24,Male,Hyderabad,Private Employee,1061700,01-08-2023,Telangana,High
C103974,30,Male,Hyderabad,Business Owner,1061700,09-11-2025,Telangana,High
C103931,36,Male,Hyderabad,Private Employee,1061600,25-07-2024,Telangana,High
C100476,33,Female,Delhi,IT Professional,1060800,15-05-2025,Delhi,High
C102621,45,Female,Bengaluru,Government Employee,1060800,26-04-2025,Karnataka,High
C102687,25,Female,Bengaluru,Other,1059300,27-04-2020,Karnataka,High
C101913,47,Female,Hyderabad,Business Owner,1059000,15-07-2023,Telangana,High
C101645,35,Male,Delhi,Private Employee,1058100,10-11-2024,Delhi,High
C104235,33,Female,Mumbai,Private Employee,1057300,26-07-2020,Maharashtra,High
C103988,44,Male,Ahmedabad,IT Professional,1055400,27-01-2021,Gujarat,High
C103519,36,Male,Chennai,IT Professional,1055300,23-11-2019,Tamil Nadu,High
C100345,28,Male,Delhi,Other,1054500,29-12-2023,Delhi,High
C104951,38,Male,Mumbai,Self Employed,1054000,11-12-2023,Maharashtra,High
C102136,40,Male,Pune,IT Professional,1052400,07-11-2025,Maharashtra,High
C104684,41,Male,Bengaluru,Other,1049200,20-09-2023,Karnataka,High
C102320,23,Female,Ahmedabad,Private Employee,1046600,08-02-2022,Gujarat,High
C101277,29,Male,Delhi,Business Owner,1045200,24-03-2021,Delhi,High
C101107,47,Female,Hyderabad,Government Employee,1044100,28-05-2020,Telangana,High
C102374,44,Male,Mumbai,Government Employee,1043700,09-06-2020,Maharashtra,High
C102230,25,Male,Bengaluru,Student,1041900,12-08-2025,Karnataka,High
C102024,37,Female,Chennai,Private Employee,1041700,21-05-2023,Tamil Nadu,High
C101668,21,Male,Delhi,Self Employed,1041200,03-12-2023,Delhi,High
C102005,44,Male,Delhi,Student,1040100,26-06-2024,Delhi,High
C104864,36,Male,Mumbai,Government Employee,1040100,17-04-2025,Maharashtra,High
C104878,35,Female,Mumbai,Private Employee,1038500,29-05-2023,Maharashtra,High
C101441,37,Other,Mumbai,Government Employee,1038200,01-06-2022,Maharashtra,High
C101291,31,Female,Delhi,Private Employee,1037700,09-07-2021,Delhi,High
C104082,25,Female,Mumbai,Business Owner,1037700,08-07-2025,Maharashtra,High
C103897,27,Female,Delhi,Other,1037600,24-10-2022,Delhi,High
C104344,36,Male,Delhi,Self Employed,1037600,21-02-2021,Delhi,High
C100871,41,Female,Bengaluru,Student,1036500,22-08-2024,Karnataka,High
C100752,37,Male,Bengaluru,IT Professional,1036000,16-09-2020,Karnataka,High
C100763,21,Male,Chennai,Self Employed,1034100,26-10-2024,Tamil Nadu,High
C102654,47,Female,Hyderabad,IT Professional,1033800,19-10-2022,Telangana,High
C104609,34,Male,Delhi,IT Professional,1032500,01-01-2022,Delhi,High
C101646,30,Female,Bengaluru,Private Employee,1031400,05-06-2024,Karnataka,High
C101190,21,Other,Bengaluru,Business Owner,1031100,26-02-2025,Karnataka,High
C101730,37,Female,Kochi,Self Employed,1028400,29-04-2023,Kerala,High
C104726,33,Male,Mumbai,Self Employed,1028300,30-07-2024,Maharashtra,High
C102691,39,Female,Ahmedabad,Self Employed,1027600,06-12-2021,Gujarat,High
C102229,27,Female,Mumbai,Government Employee,1027500,18-09-2021,Maharashtra,High
C101840,34,Male,Chennai,IT Professional,1027300,06-11-2025,Tamil Nadu,High
C104667,30,Female,Pune,IT Professional,1026300,05-10-2021,Maharashtra,High
C104118,30,Male,Delhi,Private Employee,1026200,19-05-2022,Delhi,High
C100028,29,Female,Mumbai,IT Professional,1026100,02-09-2021,Maharashtra,High
C103860,27,Male,Bengaluru,Business Owner,1025600,21-10-2022,Karnataka,High
C104847,37,Male,Hyderabad,Student,1024400,19-03-2021,Telangana,High
C102547,41,Female,Bengaluru,Business Owner,1023100,10-08-2020,Karnataka,High
C102120,48,Female,Bengaluru,Government Employee,1022500,18-11-2024,Karnataka,High
C104073,46,Male,Hyderabad,IT Professional,1022500,19-01-2020,Telangana,High
C102459,30,Male,Mumbai,IT Professional,1021900,26-01-2024,Maharashtra,High
C103796,40,Female,Hyderabad,Government Employee,1021700,13-07-2020,Telangana,High
C102829,36,Female,Delhi,Self Employed,1019000,31-03-2022,Delhi,High
C100990,36,Male,Hyderabad,IT Professional,1018300,03-10-2025,Telangana,High
C104071,22,Male,Bengaluru,Private Employee,1018300,09-06-2022,Karnataka,High
C104268,40,Male,Bengaluru,IT Professional,1018300,12-04-2021,Karnataka,High
C102222,22,Male,Bengaluru,Self Employed,1018200,08-07-2022,Karnataka,High
C104984,21,Male,Pune,Private Employee,1018200,20-04-2021,Maharashtra,High
C102019,22,Male,Delhi,IT Professional,1017100,04-03-2023,Delhi,High
C104365,37,Female,Kolkata,IT Professional,1016200,05-02-2019,West Bengal,High
C104397,31,Male,Ahmedabad,Private Employee,1015800,13-06-2020,Gujarat,High
C101907,42,Female,Bengaluru,Private Employee,1015600,28-05-2022,Karnataka,High
C100197,37,Female,Delhi,IT Professional,1015500,21-02-2022,Delhi,High
C102842,38,Male,Bengaluru,Business Owner,1015400,16-03-2020,Karnataka,High
C100357,38,Female,Hyderabad,Self Employed,1014900,13-12-2021,Telangana,High
C102772,31,Female,Bengaluru,IT Professional,1014800,05-12-2023,Karnataka,High
C102627,54,Male,Hyderabad,Business Owner,1014300,26-02-2022,Telangana,High
C104807,57,Female,Chennai,Government Employee,1014100,20-06-2019,Tamil Nadu,High
C103450,23,Male,Jaipur,Private Employee,1013500,28-09-2024,Rajasthan,High
C104383,34,Female,Pune,Private Employee,1013500,17-05-2024,Maharashtra,High
C101713,21,Male,Mumbai,Student,1011500,16-06-2024,Maharashtra,High
C103551,34,Female,Bengaluru,IT Professional,1008700,04-08-2021,Karnataka,High
C102965,45,Male,Hyderabad,Private Employee,1008600,29-12-2023,Telangana,High
C102336,25,Male,Ahmedabad,IT Professional,1008300,28-03-2025,Gujarat,High
C102753,37,Male,Pune,Other,1008300,17-02-2022,Maharashtra,High
C103741,30,Male,Bengaluru,Self Employed,1008300,03-08-2019,Karnataka,High
C104451,21,Female,Mumbai,Business Owner,1008000,10-02-2020,Maharashtra,High
C104679,30,Male,Pune,Self Employed,1008000,19-05-2021,Maharashtra,High
C100403,36,Female,Delhi,Student,1007400,23-09-2021,Delhi,High
C102032,29,Female,Pune,Other,1007300,22-09-2023,Maharashtra,High
C103098,42,Male,Pune,Business Owner,1007300,03-01-2025,Maharashtra,High
C101453,42,Male,Ahmedabad,Private Employee,1006600,19-06-2022,Gujarat,High
C101189,47,Female,Mumbai,Government Employee,1005600,26-04-2020,Maharashtra,High
C102700,39,Male,Mumbai,Private Employee,1004800,01-10-2020,Maharashtra,High
C102463,45,Female,Delhi,Private Employee,1003900,11-09-2021,Delhi,High
C102444,24,Female,Chennai,Business Owner,1003700,03-08-2020,Tamil Nadu,High
C101372,52,Female,Mumbai,Student,1003300,03-07-2025,Maharashtra,High
C103996,33,Female,Mumbai,IT Professional,1002900,01-08-2023,Maharashtra,High
C100446,29,Female,Kolkata,Self Employed,1002100,12-10-2019,West Bengal,High
C101184,33,Female,Delhi,IT Professional,1002100,21-11-2023,Delhi,High
C103857,29,Male,Bengaluru,Student,1001500,20-10-2021,Karnataka,High
C100749,35,Male,Kolkata,Self Employed,1000200,15-11-2021,West Bengal,High
C103885,29,Female,Bengaluru,IT Professional,999500,16-06-2024,Karnataka,Upper-Middle
C102365,30,Male,Bengaluru,IT Professional,998900,20-05-2021,Karnataka,Upper-Middle
C101722,36,Male,Hyderabad,IT Professional,998600,29-07-2020,Telangana,Upper-Middle
C104862,21,Female,Delhi,Government Employee,998300,03-04-2023,Delhi,Upper-Middle
C101027,34,Female,Hyderabad,Business Owner,998100,29-09-2021,Telangana,Upper-Middle
C101820,51,Female,Jaipur,Self Employed,997700,29-09-2022,Rajasthan,Upper-Middle
C103483,25,Male,Mumbai,Self Employed,997600,18-07-2021,Maharashtra,Upper-Middle
C104947,46,Female,Bengaluru,IT Professional,997200,28-02-2024,Karnataka,Upper-Middle
C104247,32,Female,Kochi,Self Employed,996800,17-11-2023,Kerala,Upper-Middle
C103786,31,Female,Ahmedabad,IT Professional,996300,04-01-2025,Gujarat,Upper-Middle
C104051,39,Female,Hyderabad,Self Employed,995800,13-03-2022,Telangana,Upper-Middle
C102465,45,Male,Delhi,Business Owner,995700,02-12-2022,Delhi,Upper-Middle
C102175,27,Male,Bengaluru,IT Professional,995600,04-11-2023,Karnataka,Upper-Middle
C100124,28,Male,Pune,IT Professional,995500,24-10-2023,Maharashtra,Upper-Middle
C101254,41,Female,Hyderabad,Self Employed,995200,26-01-2022,Telangana,Upper-Middle
C102862,37,Male,Jaipur,Business Owner,995100,10-06-2021,Rajasthan,Upper-Middle
C103197,29,Female,Jaipur,IT Professional,994700,23-05-2022,Rajasthan,Upper-Middle
C100007,49,Male,Bengaluru,Private Employee,992900,23-05-2022,Karnataka,Upper-Middle
C104052,31,Male,Bengaluru,Other,992700,03-09-2024,Karnataka,Upper-Middle
C101013,24,Female,Pune,IT Professional,992600,25-05-2021,Maharashtra,Upper-Middle
C101993,25,Male,Chennai,Business Owner,991600,27-07-2019,Tamil Nadu,Upper-Middle
C100387,44,Female,Bengaluru,Business Owner,989900,23-07-2023,Karnataka,Upper-Middle
C103449,21,Female,Kolkata,IT Professional,989700,08-07-2025,West Bengal,Upper-Middle
C104492,32,Male,Jaipur,Self Employed,989400,08-02-2022,Rajasthan,Upper-Middle
C100980,41,Male,Hyderabad,Self Employed,989100,07-02-2024,Telangana,Upper-Middle
C102255,60,Female,Pune,IT Professional,988500,16-01-2025,Maharashtra,Upper-Middle
C100715,56,Male,Delhi,Private Employee,988400,17-06-2024,Delhi,Upper-Middle
C100889,32,Male,Pune,Student,987800,06-03-2022,Maharashtra,Upper-Middle
C101598,36,Female,Bengaluru,Other,987800,18-08-2024,Karnataka,Upper-Middle
C101883,40,Female,Chennai,IT Professional,986500,14-12-2022,Tamil Nadu,Upper-Middle
C104766,32,Female,Delhi,Government Employee,985800,02-10-2025,Delhi,Upper-Middle
C103522,49,Female,Bengaluru,Business Owner,984900,20-09-2020,Karnataka,Upper-Middle
C103753,37,Female,Delhi,IT Professional,984100,15-03-2025,Delhi,Upper-Middle
C100388,33,Male,Hyderabad,Other,983800,17-12-2021,Telangana,Upper-Middle
C102417,38,Male,Bengaluru,Private Employee,983400,11-11-2023,Karnataka,Upper-Middle
C102586,27,Female,Bengaluru,IT Professional,983100,23-08-2025,Karnataka,Upper-Middle
C100700,21,Male,Ahmedabad,Government Employee,983000,07-03-2021,Gujarat,Upper-Middle
C103026,23,Male,Kochi,IT Professional,982000,24-02-2021,Kerala,Upper-Middle
C101581,26,Female,Mumbai,IT Professional,981900,03-12-2024,Maharashtra,Upper-Middle
C103131,28,Female,Bengaluru,Government Employee,981200,02-11-2021,Karnataka,Upper-Middle
C103341,40,Male,Bengaluru,Business Owner,981200,02-02-2020,Karnataka,Upper-Middle
C102601,31,Female,Mumbai,IT Professional,980700,21-05-2024,Maharashtra,Upper-Middle
C103665,41,Male,Jaipur,Other,979400,25-09-2022,Rajasthan,Upper-Middle
C103891,28,Male,Bengaluru,Government Employee,979400,21-11-2020,Karnataka,Upper-Middle
C101358,33,Female,Mumbai,Private Employee,977900,14-09-2021,Maharashtra,Upper-Middle
C102371,43,Male,Chennai,IT Professional,977200,16-12-2021,Tamil Nadu,Upper-Middle
C104167,35,Male,Ahmedabad,IT Professional,977200,30-06-2024,Gujarat,Upper-Middle
C104420,40,Male,Mumbai,Private Employee,977200,06-07-2019,Maharashtra,Upper-Middle
C101095,28,Female,Mumbai,Government Employee,976300,02-04-2021,Maharashtra,Upper-Middle
C102088,21,Female,Delhi,Private Employee,976300,25-01-2020,Delhi,Upper-Middle
C100215,26,Male,Delhi,Private Employee,975300,08-12-2023,Delhi,Upper-Middle
C102722,21,Male,Delhi,IT Professional,973600,20-09-2025,Delhi,Upper-Middle
C101380,28,Male,Pune,Self Employed,972500,06-03-2021,Maharashtra,Upper-Middle
C104335,35,Female,Kolkata,Private Employee,972500,23-05-2024,West Bengal,Upper-Middle
C100643,58,Male,Mumbai,Business Owner,971700,23-06-2024,Maharashtra,Upper-Middle
C102408,38,Male,Bengaluru,Private Employee,971400,28-08-2021,Karnataka,Upper-Middle
C104431,27,Male,Delhi,Other,970500,13-10-2021,Delhi,Upper-Middle
C101830,33,Female,Kochi,Business Owner,970300,05-01-2021,Kerala,Upper-Middle
C102897,32,Female,Chennai,Student,970300,03-06-2020,Tamil Nadu,Upper-Middle
C104736,21,Male,Bengaluru,Student,969800,16-06-2022,Karnataka,Upper-Middle
C102363,58,Male,Mumbai,Other,968500,01-04-2021,Maharashtra,Upper-Middle
C103247,29,Female,Chennai,Business Owner,967800,07-06-2021,Tamil Nadu,Upper-Middle
C102084,38,Male,Pune,IT Professional,967200,25-04-2021,Maharashtra,Upper-Middle
C102172,38,Female,Hyderabad,Private Employee,965300,15-09-2020,Telangana,Upper-Middle
C104493,36,Male,Mumbai,IT Professional,965000,19-02-2021,Maharashtra,Upper-Middle
C103232,48,Male,Kolkata,Private Employee,964100,03-01-2022,West Bengal,Upper-Middle
C100760,42,Male,Ahmedabad,Business Owner,963700,09-06-2020,Gujarat,Upper-Middle
C103016,38,Male,Kolkata,Private Employee,963500,29-06-2021,West Bengal,Upper-Middle
C103494,54,Male,Jaipur,Student,963200,21-02-2024,Rajasthan,Upper-Middle
C100068,43,Male,Pune,Self Employed,963000,29-06-2022,Maharashtra,Upper-Middle
C103859,30,Male,Pune,IT Professional,961900,02-08-2024,Maharashtra,Upper-Middle
C104292,21,Male,Pune,Other,961700,02-08-2021,Maharashtra,Upper-Middle
C101676,31,Male,Bengaluru,Self Employed,961600,13-06-2020,Karnataka,Upper-Middle
C103304,38,Male,Delhi,Government Employee,961600,28-01-2022,Delhi,Upper-Middle
C104387,46,Female,Mumbai,Government Employee,961400,17-09-2021,Maharashtra,Upper-Middle
C104296,26,Male,Bengaluru,IT Professional,960900,18-11-2021,Karnataka,Upper-Middle
C103237,43,Male,Bengaluru,Business Owner,960100,28-02-2024,Karnataka,Upper-Middle
C104019,38,Female,Mumbai,Business Owner,959600,03-08-2021,Maharashtra,Upper-Middle
C101135,35,Male,Mumbai,Business Owner,959400,25-07-2022,Maharashtra,Upper-Middle
C103464,38,Male,Mumbai,Business Owner,959300,13-06-2023,Maharashtra,Upper-Middle
C103228,35,Male,Delhi,Government Employee,958900,01-11-2021,Delhi,Upper-Middle
C101692,21,Male,Chennai,Private Employee,958500,16-01-2020,Tamil Nadu,Upper-Middle
C102814,36,Female,Pune,IT Professional,958500,23-04-2023,Maharashtra,Upper-Middle
C103442,55,Male,Pune,Other,957700,12-08-2024,Maharashtra,Upper-Middle
C104176,23,Female,Ahmedabad,Government Employee,957200,30-08-2020,Gujarat,Upper-Middle
C101785,25,Male,Delhi,Private Employee,957100,16-06-2025,Delhi,Upper-Middle
C102573,23,Male,Hyderabad,Student,956400,06-10-2024,Telangana,Upper-Middle
C103787,65,Male,Bengaluru,Private Employee,956300,07-02-2020,Karnataka,Upper-Middle
C104197,38,Female,Mumbai,IT Professional,956100,14-08-2021,Maharashtra,Upper-Middle
C100377,31,Female,Kolkata,Student,955700,16-12-2023,West Bengal,Upper-Middle
C100391,21,Male,Bengaluru,Self Employed,955600,24-01-2022,Karnataka,Upper-Middle
C100152,41,Female,Chennai,Private Employee,955500,19-01-2023,Tamil Nadu,Upper-Middle
C102388,33,Female,Kolkata,Other,955100,04-01-2022,West Bengal,Upper-Middle
C101895,38,Male,Bengaluru,IT Professional,954800,05-02-2019,Karnataka,Upper-Middle
C101989,28,Male,Kolkata,Business Owner,954700,12-02-2024,West Bengal,Upper-Middle
C100693,27,Male,Bengaluru,Student,954400,15-06-2019,Karnataka,Upper-Middle
C100431,40,Female,Delhi,Student,954300,24-04-2025,Delhi,Upper-Middle
C102877,44,Female,Hyderabad,Private Employee,954300,05-05-2021,Telangana,Upper-Middle
C100943,21,Male,Chennai,Student,954100,21-02-2025,Tamil Nadu,Upper-Middle
C100618,49,Female,Jaipur,Private Employee,953300,02-11-2025,Rajasthan,Upper-Middle
C103144,38,Male,Bengaluru,Student,952200,22-06-2024,Karnataka,Upper-Middle
C102856,30,Male,Kolkata,Business Owner,951300,18-08-2022,West Bengal,Upper-Middle
C104652,33,Male,Jaipur,Student,950100,18-10-2024,Rajasthan,Upper-Middle
C104199,30,Male,Bengaluru,Government Employee,950000,02-12-2025,Karnataka,Upper-Middle
C100353,40,Female,Delhi,Student,949000,10-06-2025,Delhi,Upper-Middle
C102853,40,Male,Hyderabad,IT Professional,948600,01-12-2020,Telangana,Upper-Middle
C102430,49,Male,Ahmedabad,IT Professional,948500,14-05-2020,Gujarat,Upper-Middle
C102176,52,Male,Mumbai,IT Professional,948000,30-12-2022,Maharashtra,Upper-Middle
C101894,41,Female,Chennai,Government Employee,947200,09-08-2021,Tamil Nadu,Upper-Middle
C101652,26,Male,Delhi,IT Professional,946900,08-06-2019,Delhi,Upper-Middle
C101455,27,Female,Bengaluru,Business Owner,946500,17-02-2025,Karnataka,Upper-Middle
C100019,57,Female,Mumbai,Other,946100,13-05-2025,Maharashtra,Upper-Middle
C102930,40,Male,Delhi,Government Employee,945900,13-04-2023,Delhi,Upper-Middle
C100000,35,Male,Hyderabad,IT Professional,945600,10-05-2021,Telangana,Upper-Middle
C100042,32,Male,Mumbai,Private Employee,945600,23-08-2024,Maharashtra,Upper-Middle
C100413,41,Female,Delhi,Self Employed,945600,26-11-2025,Delhi,Upper-Middle
C101463,43,Female,Mumbai,Self Employed,945000,11-06-2025,Maharashtra,Upper-Middle
C103314,25,Male,Bengaluru,Business Owner,944700,08-11-2023,Karnataka,Upper-Middle
C103550,21,Female,Mumbai,Business Owner,943500,12-10-2020,Maharashtra,Upper-Middle
C104921,37,Female,Jaipur,IT Professional,941200,17-03-2019,Rajasthan,Upper-Middle
C102250,26,Male,Delhi,Private Employee,941000,20-02-2023,Delhi,Upper-Middle
C101321,24,Male,Jaipur,Private Employee,940300,14-05-2023,Rajasthan,Upper-Middle
C104279,37,Female,Delhi,Private Employee,939500,10-01-2020,Delhi,Upper-Middle
C100777,47,Female,Delhi,IT Professional,939300,13-07-2023,Delhi,Upper-Middle
C100393,32,Male,Kolkata,Government Employee,938500,13-07-2020,West Bengal,Upper-Middle
C100284,34,Male,Mumbai,Student,938300,13-02-2023,Maharashtra,Upper-Middle
C101826,42,Male,Hyderabad,IT Professional,938300,05-07-2021,Telangana,Upper-Middle
C104313,35,Female,Delhi,Self Employed,937700,19-04-2022,Delhi,Upper-Middle
C102021,33,Male,Mumbai,Private Employee,937400,25-04-2020,Maharashtra,Upper-Middle
C100782,27,Male,Chennai,IT Professional,937200,30-05-2024,Tamil Nadu,Upper-Middle
C101503,45,Male,Jaipur,Self Employed,936900,22-07-2021,Rajasthan,Upper-Middle
C103963,31,Female,Hyderabad,IT Professional,936100,17-05-2019,Telangana,Upper-Middle
C101716,29,Male,Delhi,Government Employee,935900,11-05-2021,Delhi,Upper-Middle
C101041,32,Female,Hyderabad,Private Employee,935300,23-11-2019,Telangana,Upper-Middle
C100937,34,Female,Chennai,Private Employee,935100,24-02-2020,Tamil Nadu,Upper-Middle
C102199,33,Female,Delhi,Private Employee,934900,10-12-2022,Delhi,Upper-Middle
C101160,31,Female,Jaipur,Self Employed,934300,30-03-2020,Rajasthan,Upper-Middle
C101519,30,Male,Delhi,Business Owner,934200,16-11-2021,Delhi,Upper-Middle
C104275,28,Male,Mumbai,Private Employee,933400,13-10-2025,Maharashtra,Upper-Middle
C103063,21,Male,Kolkata,Private Employee,933300,27-06-2021,West Bengal,Upper-Middle
C100392,44,Female,Pune,Other,933000,15-02-2022,Maharashtra,Upper-Middle
C101007,33,Male,Mumbai,Private Employee,933000,21-01-2020,Maharashtra,Upper-Middle
C104708,53,Male,Pune,Self Employed,932900,02-01-2023,Maharashtra,Upper-Middle
C103617,35,Male,Jaipur,Business Owner,932200,09-02-2022,Rajasthan,Upper-Middle
C100323,30,Female,Chennai,Private Employee,930300,23-02-2021,Tamil Nadu,Upper-Middle
C101435,33,Female,Jaipur,Self Employed,929200,04-10-2021,Rajasthan,Upper-Middle
C100864,45,Male,Pune,Private Employee,929100,20-11-2020,Maharashtra,Upper-Middle
C101382,37,Male,Mumbai,Business Owner,928700,15-08-2020,Maharashtra,Upper-Middle
C100417,27,Male,Jaipur,Private Employee,928500,24-06-2023,Rajasthan,Upper-Middle
C102095,47,Female,Hyderabad,IT Professional,928400,21-03-2023,Telangana,Upper-Middle
C101216,34,Male,Chennai,IT Professional,927800,03-09-2022,Tamil Nadu,Upper-Middle
C103169,31,Male,Kolkata,Business Owner,927000,30-07-2021,West Bengal,Upper-Middle
C102477,33,Male,Jaipur,IT Professional,926800,07-07-2024,Rajasthan,Upper-Middle
C100309,48,Female,Jaipur,Student,926700,29-06-2024,Rajasthan,Upper-Middle
C100394,25,Male,Delhi,Business Owner,926400,02-05-2020,Delhi,Upper-Middle
C103127,39,Female,Ahmedabad,Private Employee,926100,19-04-2021,Gujarat,Upper-Middle
C100651,40,Female,Bengaluru,Private Employee,925400,16-03-2024,Karnataka,Upper-Middle
C101243,34,Female,Kochi,Government Employee,925300,27-12-2020,Kerala,Upper-Middle
C103056,46,Female,Pune,Business Owner,925100,25-12-2019,Maharashtra,Upper-Middle
C102078,43,Female,Ahmedabad,Self Employed,924900,20-06-2020,Gujarat,Upper-Middle
C102931,39,Female,Delhi,IT Professional,924900,09-02-2021,Delhi,Upper-Middle
C102879,25,Male,Delhi,Private Employee,924700,02-07-2019,Delhi,Upper-Middle
C100668,30,Male,Bengaluru,Other,924600,05-12-2024,Karnataka,Upper-Middle
C104328,29,Male,Mumbai,Private Employee,924600,25-08-2022,Maharashtra,Upper-Middle
C103276,32,Female,Bengaluru,IT Professional,923700,06-06-2020,Karnataka,Upper-Middle
C101395,33,Female,Kolkata,Business Owner,923400,05-08-2022,West Bengal,Upper-Middle
C104603,25,Other,Delhi,Business Owner,923100,03-07-2019,Delhi,Upper-Middle
C102196,32,Male,Hyderabad,IT Professional,921800,20-03-2019,Telangana,Upper-Middle
C104180,35,Male,Hyderabad,Private Employee,921300,20-11-2020,Telangana,Upper-Middle
C101527,48,Female,Delhi,IT Professional,921000,23-11-2020,Delhi,Upper-Middle
C104788,43,Male,Chennai,Other,920500,07-04-2020,Tamil Nadu,Upper-Middle
C103713,36,Female,Pune,Self Employed,919900,19-04-2021,Maharashtra,Upper-Middle
C102467,54,Male,Bengaluru,Student,918400,09-09-2020,Karnataka,Upper-Middle
C102344,49,Female,Pune,Self Employed,918000,10-11-2019,Maharashtra,Upper-Middle
C100521,21,Male,Hyderabad,IT Professional,917800,26-01-2025,Telangana,Upper-Middle
C100156,42,Female,Kolkata,Student,917700,11-06-2022,West Bengal,Upper-Middle
C104003,35,Male,Delhi,Government Employee,917500,13-04-2025,Delhi,Upper-Middle
C102353,33,Female,Kolkata,Private Employee,917400,28-11-2020,West Bengal,Upper-Middle
C101874,49,Female,Ahmedabad,Private Employee,917100,31-03-2024,Gujarat,Upper-Middle
C104944,35,Female,Mumbai,Private Employee,917100,31-03-2019,Maharashtra,Upper-Middle
C103306,28,Other,Kolkata,IT Professional,917000,10-10-2020,West Bengal,Upper-Middle
C100344,46,Female,Chennai,Private Employee,915600,13-04-2021,Tamil Nadu,Upper-Middle
C104353,30,Female,Pune,Government Employee,915600,26-12-2019,Maharashtra,Upper-Middle
C100349,35,Female,Bengaluru,Student,915300,28-07-2020,Karnataka,Upper-Middle
C101470,31,Male,Bengaluru,Private Employee,915300,05-08-2021,Karnataka,Upper-Middle
C101686,26,Male,Delhi,Government Employee,915300,10-01-2020,Delhi,Upper-Middle
C100594,44,Female,Delhi,Government Employee,914800,29-10-2020,Delhi,Upper-Middle
C103469,31,Female,Hyderabad,Self Employed,914800,04-06-2021,Telangana,Upper-Middle
C102740,30,Female,Hyderabad,Private Employee,914700,21-05-2024,Telangana,Upper-Middle
C104315,26,Female,Bengaluru,Private Employee,914600,15-03-2023,Karnataka,Upper-Middle
C102644,42,Female,Mumbai,IT Professional,914200,23-04-2024,Maharashtra,Upper-Middle
C103802,44,Female,Bengaluru,IT Professional,914000,24-04-2025,Karnataka,Upper-Middle
C103055,30,Female,Hyderabad,Self Employed,913900,19-05-2019,Telangana,Upper-Middle
C104731,49,Female,Pune,Government Employee,913400,10-05-2020,Maharashtra,Upper-Middle
C101769,44,Female,Bengaluru,Private Employee,913300,20-07-2023,Karnataka,Upper-Middle
C103942,50,Male,Bengaluru,Private Employee,912800,27-12-2024,Karnataka,Upper-Middle
C102392,21,Female,Bengaluru,IT Professional,912700,14-02-2022,Karnataka,Upper-Middle
C103575,35,Female,Chennai,Private Employee,912300,28-03-2024,Tamil Nadu,Upper-Middle
C103061,40,Other,Mumbai,Private Employee,912100,27-07-2022,Maharashtra,Upper-Middle
C103318,47,Male,Bengaluru,Student,912000,02-01-2024,Karnataka,Upper-Middle
C102337,50,Male,Bengaluru,Government Employee,911700,21-10-2023,Karnataka,Upper-Middle
C102364,37,Female,Kolkata,IT Professional,911300,16-07-2024,West Bengal,Upper-Middle
C103795,31,Female,Hyderabad,Private Employee,910800,25-04-2020,Telangana,Upper-Middle
C104668,28,Male,Mumbai,IT Professional,910800,25-12-2025,Maharashtra,Upper-Middle
C104719,51,Male,Hyderabad,Business Owner,909600,22-01-2019,Telangana,Upper-Middle
C100146,29,Male,Chennai,Government Employee,909100,01-11-2022,Tamil Nadu,Upper-Middle
C102837,41,Female,Kolkata,IT Professional,908900,19-09-2019,West Bengal,Upper-Middle
C100288,44,Female,Mumbai,Government Employee,908700,30-06-2020,Maharashtra,Upper-Middle
C102692,36,Male,Bengaluru,Government Employee,908700,12-05-2024,Karnataka,Upper-Middle
C102794,36,Female,Kolkata,Student,908700,12-04-2024,West Bengal,Upper-Middle
C102200,23,Male,Bengaluru,Private Employee,908300,01-11-2025,Karnataka,Upper-Middle
C104821,24,Male,Chennai,Private Employee,908300,20-06-2019,Tamil Nadu,Upper-Middle
C103060,47,Male,Bengaluru,Private Employee,908200,05-06-2024,Karnataka,Upper-Middle
C101998,41,Male,Kolkata,Government Employee,908000,24-11-2022,West Bengal,Upper-Middle
C100656,39,Female,Delhi,Government Employee,907300,09-01-2023,Delhi,Upper-Middle
C102100,46,Female,Mumbai,Private Employee,907300,20-11-2020,Maharashtra,Upper-Middle
C104511,30,Female,Jaipur,Business Owner,906600,30-01-2023,Rajasthan,Upper-Middle
C103331,21,Female,Delhi,Private Employee,905600,29-03-2023,Delhi,Upper-Middle
C104683,41,Female,Mumbai,Private Employee,905300,26-12-2019,Maharashtra,Upper-Middle
C103293,39,Male,Bengaluru,IT Professional,904900,28-02-2023,Karnataka,Upper-Middle
C102878,34,Male,Kolkata,IT Professional,903900,18-12-2023,West Bengal,Upper-Middle
C100140,49,Male,Delhi,Private Employee,903800,22-07-2023,Delhi,Upper-Middle
C104605,21,Female,Chennai,Business Owner,903400,30-10-2022,Tamil Nadu,Upper-Middle
C104487,24,Female,Pune,Business Owner,903200,21-10-2023,Maharashtra,Upper-Middle
C102972,21,Female,Kolkata,Other,902900,03-08-2024,West Bengal,Upper-Middle
C100720,31,Male,Mumbai,Private Employee,902800,08-10-2019,Maharashtra,Upper-Middle
C101446,42,Male,Mumbai,Private Employee,902800,30-05-2022,Maharashtra,Upper-Middle
C101427,41,Male,Chennai,Private Employee,902700,10-02-2022,Tamil Nadu,Upper-Middle
C102699,32,Female,Delhi,Private Employee,902000,04-05-2021,Delhi,Upper-Middle
C104512,56,Male,Bengaluru,Private Employee,901600,23-05-2019,Karnataka,Upper-Middle
C104426,40,Male,Kolkata,Private Employee,901400,25-07-2024,West Bengal,Upper-Middle
C104799,35,Male,Delhi,Student,901400,31-07-2022,Delhi,Upper-Middle
C101458,32,Female,Delhi,Private Employee,901200,14-09-2025,Delhi,Upper-Middle
C101718,35,Female,Kolkata,Private Employee,900700,20-12-2024,West Bengal,Upper-Middle
C104738,36,Male,Bengaluru,Business Owner,900600,16-10-2020,Karnataka,Upper-Middle
C100151,37,Male,Mumbai,IT Professional,899500,10-12-2020,Maharashtra,Upper-Middle
C101811,41,Male,Mumbai,Private Employee,899500,08-05-2020,Maharashtra,Upper-Middle
C103726,33,Male,Hyderabad,Private Employee,899500,31-05-2020,Telangana,Upper-Middle
C104172,43,Male,Mumbai,Other,899500,27-01-2020,Maharashtra,Upper-Middle
C100885,26,Female,Kochi,Private Employee,899400,23-05-2024,Kerala,Upper-Middle
C101736,32,Male,Delhi,Business Owner,898700,11-09-2020,Delhi,Upper-Middle
C102863,34,Female,Chennai,Self Employed,898000,24-08-2020,Tamil Nadu,Upper-Middle
C103379,28,Male,Pune,Private Employee,897000,18-12-2021,Maharashtra,Upper-Middle
C103350,35,Male,Ahmedabad,Private Employee,896300,09-01-2021,Gujarat,Upper-Middle
C102332,51,Male,Delhi,Self Employed,896000,23-05-2021,Delhi,Upper-Middle
C100710,34,Male,Bengaluru,Business Owner,895100,12-02-2019,Karnataka,Upper-Middle
C102161,37,Female,Hyderabad,Self Employed,894100,30-11-2020,Telangana,Upper-Middle
C100228,31,Other,Pune,IT Professional,893700,11-08-2024,Maharashtra,Upper-Middle
C103716,35,Male,Delhi,Private Employee,893200,17-08-2020,Delhi,Upper-Middle
C101085,27,Female,Bengaluru,IT Professional,893100,13-11-2024,Karnataka,Upper-Middle
C100282,26,Male,Jaipur,Other,893000,20-05-2025,Rajasthan,Upper-Middle
C104686,47,Male,Bengaluru,Business Owner,893000,08-12-2023,Karnataka,Upper-Middle
C104211,52,Female,Delhi,Government Employee,892800,17-06-2024,Delhi,Upper-Middle
C103699,39,Male,Bengaluru,IT Professional,892300,19-05-2025,Karnataka,Upper-Middle
C101893,42,Female,Delhi,Private Employee,892200,03-06-2025,Delhi,Upper-Middle
C102593,30,Female,Mumbai,Private Employee,892000,08-01-2019,Maharashtra,Upper-Middle
C100951,38,Female,Bengaluru,Private Employee,891800,25-03-2025,Karnataka,Upper-Middle
C102653,39,Female,Mumbai,Self Employed,890600,13-01-2023,Maharashtra,Upper-Middle
C100729,41,Male,Bengaluru,Other,890200,26-08-2020,Karnataka,Upper-Middle
C101985,31,Male,Kolkata,Student,890200,26-04-2019,West Bengal,Upper-Middle
C100100,28,Female,Delhi,Private Employee,889500,18-02-2021,Delhi,Upper-Middle
C100208,40,Male,Mumbai,Private Employee,889500,01-10-2023,Maharashtra,Upper-Middle
C104514,47,Male,Ahmedabad,IT Professional,889500,01-12-2025,Gujarat,Upper-Middle
C101860,29,Male,Mumbai,Private Employee,889400,02-12-2019,Maharashtra,Upper-Middle
C100706,40,Female,Hyderabad,Private Employee,888900,01-10-2024,Telangana,Upper-Middle
C104363,21,Male,Mumbai,Business Owner,888200,28-09-2020,Maharashtra,Upper-Middle
C100462,28,Female,Ahmedabad,IT Professional,887900,17-02-2020,Gujarat,Upper-Middle
C104377,27,Male,Ahmedabad,Private Employee,887300,17-02-2025,Gujarat,Upper-Middle
C101289,43,Male,Mumbai,Private Employee,886900,21-08-2025,Maharashtra,Upper-Middle
C104557,39,Male,Jaipur,IT Professional,886800,10-06-2022,Rajasthan,Upper-Middle
C100577,44,Male,Hyderabad,IT Professional,886700,21-03-2019,Telangana,Upper-Middle
C101202,36,Male,Bengaluru,Government Employee,886500,25-01-2019,Karnataka,Upper-Middle
C103300,28,Male,Kolkata,Business Owner,886200,18-01-2023,West Bengal,Upper-Middle
C102813,46,Female,Kolkata,Business Owner,885300,29-03-2025,West Bengal,Upper-Middle
C101899,39,Female,Jaipur,Self Employed,884400,20-01-2024,Rajasthan,Upper-Middle
C100195,38,Female,Mumbai,IT Professional,884300,31-12-2024,Maharashtra,Upper-Middle
C103744,37,Male,Mumbai,IT Professional,884200,08-05-2019,Maharashtra,Upper-Middle
C103912,47,Female,Kolkata,Private Employee,884200,20-09-2022,West Bengal,Upper-Middle
C104838,32,Female,Kolkata,Student,884000,26-10-2021,West Bengal,Upper-Middle
C102493,32,Male,Kochi,Business Owner,883900,23-11-2022,Kerala,Upper-Middle
C101284,29,Female,Pune,IT Professional,883800,17-01-2021,Maharashtra,Upper-Middle
C103561,27,Male,Delhi,Business Owner,883500,10-01-2025,Delhi,Upper-Middle
C104458,58,Female,Kolkata,Private Employee,883400,14-05-2022,West Bengal,Upper-Middle
C101973,43,Female,Hyderabad,IT Professional,883200,02-10-2023,Telangana,Upper-Middle
C102300,21,Female,Delhi,Business Owner,881900,10-10-2019,Delhi,Upper-Middle
C103138,25,Male,Mumbai,Private Employee,881500,16-10-2023,Maharashtra,Upper-Middle
C101130,28,Other,Delhi,Government Employee,881200,05-01-2021,Delhi,Upper-Middle
C100912,34,Male,Jaipur,IT Professional,881100,05-10-2025,Rajasthan,Upper-Middle
C101413,36,Female,Ahmedabad,Private Employee,881000,20-11-2021,Gujarat,Upper-Middle
C101497,47,Male,Mumbai,Other,881000,25-03-2019,Maharashtra,Upper-Middle
C102953,49,Female,Bengaluru,Private Employee,880700,09-03-2023,Karnataka,Upper-Middle
C100755,38,Female,Chennai,Self Employed,880100,12-09-2023,Tamil Nadu,Upper-Middle
C104992,64,Male,Kolkata,Business Owner,879500,23-01-2020,West Bengal,Upper-Middle
C102271,53,Female,Delhi,Private Employee,879300,26-06-2024,Delhi,Upper-Middle
C101909,55,Female,Delhi,Government Employee,879200,12-12-2023,Delhi,Upper-Middle
C101884,25,Female,Hyderabad,Government Employee,878700,09-08-2023,Telangana,Upper-Middle
C104293,21,Female,Bengaluru,Government Employee,878400,01-02-2024,Karnataka,Upper-Middle
C103095,41,Female,Mumbai,Business Owner,878300,14-10-2021,Maharashtra,Upper-Middle
C102082,45,Male,Delhi,IT Professional,878200,02-04-2019,Delhi,Upper-Middle
C101665,23,Female,Bengaluru,Private Employee,878100,16-03-2023,Karnataka,Upper-Middle
C102584,47,Male,Mumbai,Business Owner,878100,12-02-2021,Maharashtra,Upper-Middle
C101024,39,Female,Mumbai,Business Owner,878000,02-02-2025,Maharashtra,Upper-Middle
C104498,29,Female,Hyderabad,Self Employed,877700,05-06-2021,Telangana,Upper-Middle
C101838,33,Other,Delhi,Government Employee,877600,03-07-2025,Delhi,Upper-Middle
C100850,28,Female,Pune,Government Employee,877300,23-04-2019,Maharashtra,Upper-Middle
C101154,42,Male,Bengaluru,Private Employee,876300,31-12-2020,Karnataka,Upper-Middle
C101011,49,Male,Hyderabad,Private Employee,876000,27-07-2021,Telangana,Upper-Middle
C104124,32,Male,Chennai,Business Owner,875500,14-09-2025,Tamil Nadu,Upper-Middle
C104428,40,Female,Bengaluru,IT Professional,875300,14-11-2022,Karnataka,Upper-Middle
C103017,35,Male,Hyderabad,Self Employed,875100,02-09-2019,Telangana,Upper-Middle
C102562,33,Female,Mumbai,Private Employee,874300,27-08-2025,Maharashtra,Upper-Middle
C104257,42,Male,Bengaluru,Other,874100,23-11-2025,Karnataka,Upper-Middle
C100723,33,Male,Chennai,Private Employee,873900,03-04-2019,Tamil Nadu,Upper-Middle
C103265,24,Male,Pune,Private Employee,873700,15-04-2020,Maharashtra,Upper-Middle
C101781,28,Male,Delhi,Government Employee,873500,31-05-2020,Delhi,Upper-Middle
C101176,43,Male,Hyderabad,Self Employed,873400,04-06-2022,Telangana,Upper-Middle
C102224,39,Female,Delhi,IT Professional,873400,25-07-2025,Delhi,Upper-Middle
C104274,49,Male,Kolkata,Self Employed,872800,03-04-2019,West Bengal,Upper-Middle
C102150,57,Male,Delhi,IT Professional,872600,10-03-2025,Delhi,Upper-Middle
C100825,21,Female,Kolkata,Private Employee,872000,12-04-2020,West Bengal,Upper-Middle
C103910,42,Female,Kochi,Government Employee,871600,01-07-2023,Kerala,Upper-Middle
C104700,27,Female,Kolkata,Private Employee,871200,06-09-2020,West Bengal,Upper-Middle
C100659,33,Female,Mumbai,Business Owner,871100,02-05-2020,Maharashtra,Upper-Middle
C103073,28,Female,Hyderabad,Student,870600,14-06-2019,Telangana,Upper-Middle
C101320,33,Female,Mumbai,Private Employee,870200,10-02-2021,Maharashtra,Upper-Middle
C102637,59,Male,Delhi,Student,869400,25-10-2023,Delhi,Upper-Middle
C102597,42,Female,Jaipur,Private Employee,869200,20-01-2025,Rajasthan,Upper-Middle
C104685,41,Male,Bengaluru,Business Owner,868400,08-09-2024,Karnataka,Upper-Middle
C104114,25,Female,Delhi,Private Employee,868100,07-03-2024,Delhi,Upper-Middle
C104627,30,Female,Kolkata,Self Employed,868100,28-03-2019,West Bengal,Upper-Middle
C100240,32,Female,Hyderabad,Other,867800,24-08-2023,Telangana,Upper-Middle
C102489,38,Female,Delhi,Private Employee,867700,04-01-2023,Delhi,Upper-Middle
C104339,21,Male,Mumbai,Self Employed,867700,01-02-2021,Maharashtra,Upper-Middle
C102906,37,Female,Hyderabad,Business Owner,867300,09-09-2022,Telangana,Upper-Middle
C103526,43,Female,Delhi,Self Employed,867000,26-04-2019,Delhi,Upper-Middle
C101131,40,Female,Delhi,Government Employee,866100,04-06-2020,Delhi,Upper-Middle
C101732,52,Male,Bengaluru,Private Employee,866100,12-01-2025,Karnataka,Upper-Middle
C100690,39,Male,Hyderabad,Business Owner,865700,10-07-2024,Telangana,Upper-Middle
C103053,33,Male,Hyderabad,Private Employee,865500,06-04-2023,Telangana,Upper-Middle
C101693,33,Male,Bengaluru,Student,865300,05-07-2023,Karnataka,Upper-Middle
C103924,48,Male,Kolkata,IT Professional,864900,13-11-2023,West Bengal,Upper-Middle
C100820,36,Female,Chennai,Private Employee,864700,29-11-2021,Tamil Nadu,Upper-Middle
C101393,43,Male,Kolkata,Government Employee,864700,19-06-2024,West Bengal,Upper-Middle
C104523,47,Male,Chennai,Private Employee,864400,22-10-2022,Tamil Nadu,Upper-Middle
C100352,27,Male,Jaipur,Business Owner,864100,19-06-2025,Rajasthan,Upper-Middle
C102720,35,Male,Hyderabad,Private Employee,864000,07-10-2020,Telangana,Upper-Middle
C104481,37,Male,Mumbai,Private Employee,862800,27-05-2024,Maharashtra,Upper-Middle
C100136,38,Female,Mumbai,Government Employee,862700,02-07-2023,Maharashtra,Upper-Middle
C103780,33,Male,Hyderabad,Other,862400,07-08-2019,Telangana,Upper-Middle
C102590,38,Male,Mumbai,Student,862300,17-02-2021,Maharashtra,Upper-Middle
C103256,22,Male,Ahmedabad,Private Employee,862100,03-03-2020,Gujarat,Upper-Middle
C102195,35,Female,Hyderabad,Business Owner,861900,25-02-2025,Telangana,Upper-Middle
C102198,39,Female,Bengaluru,Private Employee,861600,19-11-2025,Karnataka,Upper-Middle
C103560,31,Male,Delhi,Government Employee,861600,02-07-2025,Delhi,Upper-Middle
C104632,22,Female,Bengaluru,Business Owner,861600,23-06-2022,Karnataka,Upper-Middle
C101545,25,Male,Mumbai,Business Owner,861200,30-01-2020,Maharashtra,Upper-Middle
C100826,48,Male,Hyderabad,Business Owner,861000,22-10-2023,Telangana,Upper-Middle
C104960,29,Female,Mumbai,Other,860900,09-09-2020,Maharashtra,Upper-Middle
C100325,52,Male,Mumbai,Private Employee,860700,09-02-2023,Maharashtra,Upper-Middle
C100475,21,Male,Delhi,Business Owner,860700,29-03-2023,Delhi,Upper-Middle
C100256,28,Female,Hyderabad,IT Professional,860400,01-09-2023,Telangana,Upper-Middle
C102440,35,Male,Chennai,Business Owner,860000,15-03-2024,Tamil Nadu,Upper-Middle
C104662,29,Female,Delhi,IT Professional,860000,14-08-2023,Delhi,Upper-Middle
C103458,21,Male,Hyderabad,Private Employee,859900,29-06-2022,Telangana,Upper-Middle
C103503,44,Female,Mumbai,Private Employee,859600,26-01-2025,Maharashtra,Upper-Middle
C103536,34,Female,Hyderabad,Government Employee,859500,28-11-2022,Telangana,Upper-Middle
C100356,33,Male,Delhi,IT Professional,858500,17-04-2021,Delhi,Upper-Middle
C102232,31,Female,Mumbai,IT Professional,858400,26-12-2019,Maharashtra,Upper-Middle
C101850,44,Female,Chennai,IT Professional,858000,18-07-2025,Tamil Nadu,Upper-Middle
C101203,29,Female,Bengaluru,Business Owner,857900,28-11-2021,Karnataka,Upper-Middle
C101828,36,Female,Mumbai,IT Professional,855800,11-12-2022,Maharashtra,Upper-Middle
C103124,31,Female,Mumbai,Private Employee,855700,26-04-2019,Maharashtra,Upper-Middle
C103669,36,Male,Bengaluru,Government Employee,855700,14-07-2020,Karnataka,Upper-Middle
C100634,40,Male,Delhi,IT Professional,855000,19-11-2020,Delhi,Upper-Middle
C103059,29,Male,Hyderabad,Self Employed,854000,16-06-2023,Telangana,Upper-Middle
C102011,56,Male,Pune,Private Employee,853900,12-01-2022,Maharashtra,Upper-Middle
C103301,24,Female,Delhi,IT Professional,853800,02-11-2021,Delhi,Upper-Middle
C103262,25,Male,Bengaluru,Private Employee,853200,17-07-2019,Karnataka,Upper-Middle
C100833,22,Male,Chennai,Private Employee,853100,26-12-2025,Tamil Nadu,Upper-Middle
C103142,21,Female,Mumbai,Business Owner,853000,06-05-2019,Maharashtra,Upper-Middle
C101560,57,Female,Pune,Student,852900,12-04-2019,Maharashtra,Upper-Middle
C101485,45,Female,Pune,Business Owner,852500,08-02-2019,Maharashtra,Upper-Middle
C104771,43,Male,Bengaluru,Government Employee,852400,26-08-2023,Karnataka,Upper-Middle
C101042,35,Female,Delhi,IT Professional,852200,28-11-2023,Delhi,Upper-Middle
C103548,31,Male,Pune,Government Employee,852200,23-05-2023,Maharashtra,Upper-Middle
C100249,42,Female,Delhi,Government Employee,851900,09-04-2019,Delhi,Upper-Middle
C103146,39,Male,Chennai,Other,851500,19-02-2025,Tamil Nadu,Upper-Middle
C103015,31,Female,Delhi,Student,850800,12-12-2024,Delhi,Upper-Middle
C102812,34,Female,Chennai,Private Employee,850700,10-02-2020,Tamil Nadu,Upper-Middle
C101728,31,Male,Mumbai,Self Employed,850500,10-06-2025,Maharashtra,Upper-Middle
C100805,31,Other,Bengaluru,Other,850200,29-05-2024,Karnataka,Upper-Middle
C101059,61,Male,Pune,Private Employee,850200,14-09-2021,Maharashtra,Upper-Middle
C102710,39,Female,Kolkata,Government Employee,850200,29-08-2022,West Bengal,Upper-Middle
C103828,45,Female,Delhi,Private Employee,850100,25-06-2019,Delhi,Upper-Middle
C103594,37,Female,Bengaluru,Self Employed,848700,04-04-2021,Karnataka,Upper-Middle
C104142,23,Female,Kolkata,Student,847800,05-06-2025,West Bengal,Upper-Middle
C102567,32,Male,Hyderabad,Business Owner,847600,06-08-2023,Telangana,Upper-Middle
C102223,48,Male,Bengaluru,Student,847500,11-02-2021,Karnataka,Upper-Middle
C102442,33,Male,Delhi,Self Employed,847000,30-06-2020,Delhi,Upper-Middle
C104233,44,Female,Delhi,IT Professional,846900,19-01-2019,Delhi,Upper-Middle
C103782,37,Female,Kolkata,Other,846100,27-02-2023,West Bengal,Upper-Middle
C103870,45,Male,Bengaluru,Self Employed,844600,30-03-2022,Karnataka,Upper-Middle
C104577,39,Male,Pune,IT Professional,844600,06-10-2024,Maharashtra,Upper-Middle
C100593,37,Male,Pune,Government Employee,844500,24-12-2019,Maharashtra,Upper-Middle
C103152,41,Female,Delhi,Self Employed,844300,23-04-2019,Delhi,Upper-Middle
C104759,34,Female,Hyderabad,Government Employee,844200,25-01-2023,Telangana,Upper-Middle
C103808,39,Male,Ahmedabad,Other,844000,31-03-2021,Gujarat,Upper-Middle
C104703,43,Male,Hyderabad,Student,843700,04-11-2020,Telangana,Upper-Middle
C104472,36,Male,Hyderabad,IT Professional,843400,04-02-2021,Telangana,Upper-Middle
C104556,33,Female,Bengaluru,Private Employee,843300,02-10-2023,Karnataka,Upper-Middle
C102742,39,Female,Mumbai,Business Owner,842900,20-12-2022,Maharashtra,Upper-Middle
C104078,21,Female,Delhi,Business Owner,842300,01-01-2021,Delhi,Upper-Middle
C103083,47,Male,Bengaluru,Self Employed,841900,24-09-2019,Karnataka,Upper-Middle
C102354,42,Male,Mumbai,Self Employed,841600,19-12-2024,Maharashtra,Upper-Middle
C101980,50,Male,Jaipur,Self Employed,841500,10-04-2022,Rajasthan,Upper-Middle
C104338,30,Female,Pune,Government Employee,841000,31-12-2023,Maharashtra,Upper-Middle
C104033,35,Female,Bengaluru,Private Employee,840700,12-03-2019,Karnataka,Upper-Middle
C103452,46,Female,Pune,Private Employee,840500,12-05-2021,Maharashtra,Upper-Middle
C104519,36,Male,Kochi,Self Employed,839900,21-02-2020,Kerala,Upper-Middle
C100129,25,Female,Delhi,Self Employed,839800,25-11-2021,Delhi,Upper-Middle
C104414,47,Female,Bengaluru,Private Employee,839800,27-10-2025,Karnataka,Upper-Middle
C104080,35,Female,Pune,Other,839500,15-11-2020,Maharashtra,Upper-Middle
C102050,40,Female,Bengaluru,Private Employee,838900,14-05-2019,Karnataka,Upper-Middle
C104295,26,Other,Delhi,Private Employee,838900,13-05-2024,Delhi,Upper-Middle
C100813,21,Male,Jaipur,IT Professional,838600,25-05-2023,Rajasthan,Upper-Middle
C104228,41,Male,Ahmedabad,Private Employee,837600,05-12-2019,Gujarat,Upper-Middle
C101225,35,Male,Mumbai,Other,837400,18-11-2025,Maharashtra,Upper-Middle
C104666,47,Male,Delhi,IT Professional,837200,11-12-2019,Delhi,Upper-Middle
C102560,34,Male,Delhi,IT Professional,836300,15-06-2020,Delhi,Upper-Middle
C101182,41,Male,Kolkata,IT Professional,836100,17-10-2024,West Bengal,Upper-Middle
C101467,21,Male,Hyderabad,IT Professional,835600,16-12-2020,Telangana,Upper-Middle
C104858,24,Male,Chennai,Government Employee,835600,17-11-2022,Tamil Nadu,Upper-Middle
C102048,50,Male,Ahmedabad,IT Professional,835200,01-01-2024,Gujarat,Upper-Middle
C100184,36,Male,Chennai,Business Owner,835000,10-12-2022,Tamil Nadu,Upper-Middle
C100257,29,Female,Jaipur,IT Professional,835000,10-06-2019,Rajasthan,Upper-Middle
C102107,39,Female,Hyderabad,Private Employee,834100,31-10-2024,Telangana,Upper-Middle
C102033,26,Other,Pune,Business Owner,834000,17-08-2023,Maharashtra,Upper-Middle
C104166,44,Female,Jaipur,Self Employed,833900,17-04-2021,Rajasthan,Upper-Middle
C102240,34,Male,Mumbai,Business Owner,833600,25-01-2025,Maharashtra,Upper-Middle
C100819,30,Male,Jaipur,Other,833100,31-08-2019,Rajasthan,Upper-Middle
C101323,35,Male,Delhi,Business Owner,833100,26-08-2022,Delhi,Upper-Middle
C104076,24,Male,Mumbai,IT Professional,832900,10-03-2024,Maharashtra,Upper-Middle
C100376,27,Male,Mumbai,Private Employee,832300,10-04-2021,Maharashtra,Upper-Middle
C101627,32,Female,Mumbai,IT Professional,832100,20-06-2022,Maharashtra,Upper-Middle
C100762,36,Male,Delhi,Private Employee,832000,28-01-2019,Delhi,Upper-Middle
C102152,27,Female,Bengaluru,Private Employee,832000,30-08-2019,Karnataka,Upper-Middle
C100033,32,Male,Bengaluru,Government Employee,831800,21-06-2022,Karnataka,Upper-Middle
C100507,22,Male,Jaipur,IT Professional,831600,24-04-2022,Rajasthan,Upper-Middle
C102976,48,Female,Kochi,Private Employee,831500,27-04-2024,Kerala,Upper-Middle
C103712,43,Female,Mumbai,Business Owner,831400,09-11-2019,Maharashtra,Upper-Middle
C101267,43,Male,Hyderabad,IT Professional,830900,07-11-2019,Telangana,Upper-Middle
C100021,21,Male,Ahmedabad,IT Professional,830800,04-04-2020,Gujarat,Upper-Middle
C101309,59,Male,Mumbai,Self Employed,830300,03-01-2024,Maharashtra,Upper-Middle
C100739,39,Male,Mumbai,Business Owner,829900,15-04-2025,Maharashtra,Upper-Middle
C101139,36,Male,Chennai,IT Professional,829700,07-09-2024,Tamil Nadu,Upper-Middle
C101119,33,Male,Bengaluru,Other,829500,03-07-2022,Karnataka,Upper-Middle
C104978,48,Female,Mumbai,Self Employed,829500,24-03-2024,Maharashtra,Upper-Middle
C101831,46,Female,Kolkata,Self Employed,828900,27-05-2025,West Bengal,Upper-Middle
C102215,32,Male,Kolkata,Government Employee,828700,11-03-2020,West Bengal,Upper-Middle
C100175,32,Female,Mumbai,IT Professional,827500,04-05-2021,Maharashtra,Upper-Middle
C101556,34,Male,Bengaluru,Student,827200,20-08-2024,Karnataka,Upper-Middle
C104133,30,Male,Mumbai,Government Employee,826400,03-05-2025,Maharashtra,Upper-Middle
C103012,21,Female,Bengaluru,Private Employee,826000,16-01-2024,Karnataka,Upper-Middle
C100579,24,Female,Bengaluru,Private Employee,825600,06-06-2022,Karnataka,Upper-Middle
C101721,32,Male,Delhi,Self Employed,825400,18-06-2025,Delhi,Upper-Middle
C102603,39,Female,Hyderabad,Student,825300,01-02-2022,Telangana,Upper-Middle
C103635,35,Male,Hyderabad,IT Professional,825300,10-01-2019,Telangana,Upper-Middle
C104623,46,Male,Jaipur,IT Professional,825300,26-07-2025,Rajasthan,Upper-Middle
C103101,41,Female,Jaipur,Private Employee,824800,13-05-2021,Rajasthan,Upper-Middle
C103816,24,Female,Hyderabad,Private Employee,824700,21-07-2024,Telangana,Upper-Middle
C101237,42,Male,Ahmedabad,Government Employee,824500,26-01-2020,Gujarat,Upper-Middle
C101514,28,Female,Bengaluru,IT Professional,824300,13-10-2025,Karnataka,Upper-Middle
C102352,28,Male,Ahmedabad,IT Professional,824000,29-01-2022,Gujarat,Upper-Middle
C103141,41,Female,Delhi,Other,824000,25-06-2025,Delhi,Upper-Middle
C101385,29,Male,Mumbai,Government Employee,823900,21-03-2025,Maharashtra,Upper-Middle
C104524,23,Female,Mumbai,Private Employee,823600,03-12-2021,Maharashtra,Upper-Middle
C101296,40,Male,Mumbai,Self Employed,823500,11-01-2020,Maharashtra,Upper-Middle
C103155,41,Male,Chennai,Private Employee,823400,24-12-2021,Tamil Nadu,Upper-Middle
C104883,33,Male,Jaipur,Student,823300,10-01-2020,Rajasthan,Upper-Middle
C102404,39,Female,Kolkata,Business Owner,823200,10-07-2023,West Bengal,Upper-Middle
C100931,38,Female,Delhi,Government Employee,823000,20-08-2023,Delhi,Upper-Middle
C100709,35,Male,Jaipur,Self Employed,822700,13-12-2024,Rajasthan,Upper-Middle
C104036,39,Male,Delhi,Student,822700,01-11-2019,Delhi,Upper-Middle
C103313,50,Female,Hyderabad,Private Employee,822600,11-04-2022,Telangana,Upper-Middle
C101788,34,Female,Jaipur,Other,821900,16-06-2024,Rajasthan,Upper-Middle
C102659,30,Female,Chennai,IT Professional,821500,28-02-2022,Tamil Nadu,Upper-Middle
C102340,21,Female,Delhi,Self Employed,821300,02-11-2021,Delhi,Upper-Middle
C104132,26,Female,Bengaluru,IT Professional,821100,02-09-2023,Karnataka,Upper-Middle
C101150,30,Male,Kolkata,IT Professional,820900,11-06-2023,West Bengal,Upper-Middle
C101780,34,Female,Ahmedabad,Private Employee,820800,13-10-2022,Gujarat,Upper-Middle
C104674,58,Male,Mumbai,IT Professional,820600,13-09-2023,Maharashtra,Upper-Middle
C100993,35,Male,Pune,IT Professional,820500,20-07-2020,Maharashtra,Upper-Middle
C101402,36,Female,Delhi,IT Professional,820500,29-12-2019,Delhi,Upper-Middle
C103390,31,Male,Mumbai,Student,820200,26-05-2022,Maharashtra,Upper-Middle
C102739,25,Female,Ahmedabad,Private Employee,820000,23-10-2020,Gujarat,Upper-Middle
C102726,29,Male,Mumbai,IT Professional,819900,15-05-2020,Maharashtra,Upper-Middle
C100745,28,Male,Bengaluru,Self Employed,819800,25-07-2025,Karnataka,Upper-Middle
C103216,35,Female,Kolkata,Private Employee,819100,21-10-2020,West Bengal,Upper-Middle
C100334,24,Male,Hyderabad,Private Employee,819000,05-02-2019,Telangana,Upper-Middle
C101426,49,Male,Bengaluru,Private Employee,818900,18-08-2023,Karnataka,Upper-Middle
C102191,39,Male,Bengaluru,Private Employee,818400,27-02-2021,Karnataka,Upper-Middle
C102238,33,Male,Hyderabad,Self Employed,818200,02-06-2023,Telangana,Upper-Middle
C102732,42,Male,Bengaluru,Private Employee,817800,18-08-2020,Karnataka,Upper-Middle
C104097,41,Female,Mumbai,Government Employee,817700,05-10-2020,Maharashtra,Upper-Middle
C101201,34,Female,Kolkata,IT Professional,817400,20-09-2024,West Bengal,Upper-Middle
C101274,35,Female,Mumbai,Self Employed,817300,21-07-2022,Maharashtra,Upper-Middle
C100778,44,Female,Mumbai,Student,816800,29-04-2020,Maharashtra,Upper-Middle
C101260,41,Male,Chennai,Private Employee,816400,19-12-2025,Tamil Nadu,Upper-Middle
C100766,39,Male,Bengaluru,IT Professional,816200,28-08-2022,Karnataka,Upper-Middle
C100578,45,Female,Chennai,Private Employee,815700,22-07-2019,Tamil Nadu,Upper-Middle
C100104,21,Female,Jaipur,Private Employee,815600,15-03-2021,Rajasthan,Upper-Middle
C100948,31,Male,Delhi,Private Employee,815500,15-02-2022,Delhi,Upper-Middle
C102234,50,Male,Mumbai,IT Professional,815300,04-07-2025,Maharashtra,Upper-Middle
C100630,40,Male,Mumbai,Private Employee,815100,08-12-2023,Maharashtra,Upper-Middle
C102323,34,Male,Bengaluru,IT Professional,814800,16-12-2024,Karnataka,Upper-Middle
C103781,33,Male,Pune,Student,814800,30-10-2020,Maharashtra,Upper-Middle
C104094,40,Female,Pune,Private Employee,814800,30-01-2024,Maharashtra,Upper-Middle
C102118,57,Female,Pune,Other,814600,27-06-2023,Maharashtra,Upper-Middle
C103245,38,Male,Delhi,IT Professional,814600,03-09-2025,Delhi,Upper-Middle
C103335,47,Male,Kolkata,Private Employee,814000,01-08-2023,West Bengal,Upper-Middle
C101528,38,Female,Mumbai,Other,813900,09-04-2023,Maharashtra,Upper-Middle
C101624,33,Female,Mumbai,Private Employee,813900,04-11-2024,Maharashtra,Upper-Middle
C104429,26,Female,Kolkata,Student,813900,05-09-2021,West Bengal,Upper-Middle
C100427,50,Male,Jaipur,Self Employed,813800,10-09-2022,Rajasthan,Upper-Middle
C103653,22,Male,Mumbai,Business Owner,813800,02-11-2022,Maharashtra,Upper-Middle
C100266,40,Male,Hyderabad,Government Employee,813300,03-05-2022,Telangana,Upper-Middle
C102880,43,Other,Pune,Government Employee,813100,24-04-2023,Maharashtra,Upper-Middle
C103089,40,Male,Mumbai,IT Professional,813000,20-04-2020,Maharashtra,Upper-Middle
C104231,48,Male,Bengaluru,Business Owner,812300,14-04-2023,Karnataka,Upper-Middle
C100984,26,Male,Kochi,Business Owner,812200,10-10-2021,Kerala,Upper-Middle
C104027,33,Male,Kochi,Other,811800,27-12-2022,Kerala,Upper-Middle
C103941,39,Female,Chennai,Other,811600,15-07-2019,Tamil Nadu,Upper-Middle
C104384,21,Male,Chennai,Private Employee,811600,26-01-2024,Tamil Nadu,Upper-Middle
C104190,48,Female,Jaipur,Government Employee,811300,06-07-2025,Rajasthan,Upper-Middle
C103194,28,Male,Delhi,Student,810600,30-12-2025,Delhi,Upper-Middle
C100748,23,Female,Mumbai,Government Employee,809500,03-12-2019,Maharashtra,Upper-Middle
C104478,35,Female,Bengaluru,Self Employed,809300,03-10-2019,Karnataka,Upper-Middle
C101621,35,Male,Hyderabad,Government Employee,809000,23-05-2021,Telangana,Upper-Middle
C102622,22,Male,Jaipur,Private Employee,808800,10-08-2025,Rajasthan,Upper-Middle
C101246,26,Female,Hyderabad,Other,808700,16-08-2025,Telangana,Upper-Middle
C100131,28,Male,Pune,Private Employee,808100,19-09-2023,Maharashtra,Upper-Middle
C104509,31,Male,Delhi,Private Employee,808000,06-07-2023,Delhi,Upper-Middle
C103898,40,Male,Mumbai,IT Professional,807900,14-09-2023,Maharashtra,Upper-Middle
C100869,34,Male,Chennai,Business Owner,807800,01-08-2023,Tamil Nadu,Upper-Middle
C100037,39,Female,Bengaluru,Government Employee,807600,23-01-2025,Karnataka,Upper-Middle
C103114,36,Male,Mumbai,IT Professional,807400,26-05-2024,Maharashtra,Upper-Middle
C100069,41,Male,Delhi,Private Employee,807300,13-10-2021,Delhi,Upper-Middle
C101195,45,Female,Bengaluru,IT Professional,806600,06-11-2021,Karnataka,Upper-Middle
C103156,33,Male,Bengaluru,IT Professional,806300,25-01-2019,Karnataka,Upper-Middle
C100487,24,Female,Pune,Business Owner,805900,29-11-2020,Maharashtra,Upper-Middle
C103659,43,Male,Chennai,Business Owner,805900,11-11-2020,Tamil Nadu,Upper-Middle
C100841,22,Male,Chennai,IT Professional,805700,29-01-2025,Tamil Nadu,Upper-Middle
C100329,26,Male,Delhi,Self Employed,805500,16-01-2024,Delhi,Upper-Middle
C102866,50,Female,Mumbai,Private Employee,805400,22-05-2024,Maharashtra,Upper-Middle
C102630,25,Male,Bengaluru,Private Employee,805300,09-10-2021,Karnataka,Upper-Middle
C101891,36,Female,Delhi,Government Employee,805200,17-06-2025,Delhi,Upper-Middle
C101378,28,Female,Pune,Private Employee,804900,06-02-2019,Maharashtra,Upper-Middle
C100657,41,Male,Chennai,Business Owner,804500,24-03-2020,Tamil Nadu,Upper-Middle
C101086,32,Female,Kolkata,Student,804400,16-01-2022,West Bengal,Upper-Middle
C101103,44,Male,Chennai,IT Professional,804300,03-07-2021,Tamil Nadu,Upper-Middle
C101649,37,Female,Mumbai,Student,804100,21-06-2021,Maharashtra,Upper-Middle
C100109,42,Female,Pune,Business Owner,804000,25-01-2023,Maharashtra,Upper-Middle
C102960,30,Female,Mumbai,Private Employee,803900,10-01-2020,Maharashtra,Upper-Middle
C101663,29,Male,Bengaluru,Private Employee,803800,03-10-2025,Karnataka,Upper-Middle
C100852,33,Female,Mumbai,Self Employed,803600,12-07-2020,Maharashtra,Upper-Middle
C101329,32,Female,Delhi,Other,803500,25-07-2021,Delhi,Upper-Middle
C102409,54,Female,Hyderabad,Private Employee,803500,16-10-2021,Telangana,Upper-Middle
C102278,41,Male,Bengaluru,IT Professional,803400,08-02-2019,Karnataka,Upper-Middle
C101934,24,Male,Chennai,IT Professional,803200,14-09-2021,Tamil Nadu,Upper-Middle
C103706,36,Male,Mumbai,Business Owner,803200,09-06-2021,Maharashtra,Upper-Middle
C103373,51,Male,Bengaluru,Government Employee,803000,03-11-2019,Karnataka,Upper-Middle
C103868,22,Male,Mumbai,IT Professional,803000,03-08-2021,Maharashtra,Upper-Middle
C103495,45,Male,Bengaluru,Self Employed,802300,10-11-2024,Karnataka,Upper-Middle
C100188,34,Male,Bengaluru,Self Employed,802000,03-05-2019,Karnataka,Upper-Middle
C100231,33,Female,Hyderabad,Self Employed,800900,28-03-2020,Telangana,Upper-Middle
C103628,35,Male,Chennai,Private Employee,800800,28-12-2023,Tamil Nadu,Upper-Middle
C104694,35,Male,Chennai,Private Employee,800600,17-08-2021,Tamil Nadu,Upper-Middle
C103161,29,Male,Ahmedabad,IT Professional,800500,03-11-2023,Gujarat,Upper-Middle
C103833,25,Male,Mumbai,IT Professional,800500,02-10-2024,Maharashtra,Upper-Middle
C100664,40,Female,Delhi,Private Employee,800400,10-01-2025,Delhi,Upper-Middle
C104845,21,Male,Mumbai,Government Employee,800200,16-08-2021,Maharashtra,Upper-Middle
C103667,44,Female,Kolkata,Other,799700,11-04-2025,West Bengal,Upper-Middle
C102802,40,Female,Hyderabad,Government Employee,799300,09-12-2019,Telangana,Upper-Middle
C102839,38,Female,Hyderabad,Business Owner,799300,10-10-2019,Telangana,Upper-Middle
C100654,36,Female,Kolkata,Private Employee,799000,15-11-2020,West Bengal,Upper-Middle
C100509,45,Male,Bengaluru,Government Employee,798800,25-09-2020,Karnataka,Upper-Middle
C100415,22,Male,Bengaluru,Private Employee,798700,16-07-2025,Karnataka,Upper-Middle
C101702,24,Female,Bengaluru,Student,798700,14-10-2024,Karnataka,Upper-Middle
C103694,37,Male,Pune,Private Employee,798600,19-09-2021,Maharashtra,Upper-Middle
C103145,37,Female,Bengaluru,Private Employee,798000,12-05-2022,Karnataka,Upper-Middle
C101134,31,Female,Delhi,Other,797300,17-11-2023,Delhi,Upper-Middle
C104357,46,Female,Bengaluru,Government Employee,797300,22-06-2021,Karnataka,Upper-Middle
C104971,41,Male,Mumbai,IT Professional,797300,22-02-2021,Maharashtra,Upper-Middle
C100847,43,Female,Pune,IT Professional,797200,24-12-2020,Maharashtra,Upper-Middle
C103281,42,Male,Delhi,Government Employee,797200,03-10-2023,Delhi,Upper-Middle
C103280,51,Male,Kolkata,Private Employee,797100,18-06-2023,West Bengal,Upper-Middle
C104069,26,Male,Bengaluru,IT Professional,797000,25-06-2020,Karnataka,Upper-Middle
C102841,40,Female,Chennai,Government Employee,796800,28-12-2019,Tamil Nadu,Upper-Middle
C102345,42,Female,Ahmedabad,Government Employee,796400,06-03-2025,Gujarat,Upper-Middle
C104973,36,Female,Delhi,Business Owner,796400,14-02-2019,Delhi,Upper-Middle
C102208,36,Male,Kolkata,IT Professional,795900,27-07-2023,West Bengal,Upper-Middle
C103647,44,Male,Bengaluru,Business Owner,795800,13-06-2021,Karnataka,Upper-Middle
C104743,21,Male,Hyderabad,Private Employee,795500,12-10-2021,Telangana,Upper-Middle
C101003,46,Other,Kochi,Self Employed,795400,10-04-2025,Kerala,Upper-Middle
C104115,35,Female,Pune,Self Employed,795300,28-01-2024,Maharashtra,Upper-Middle
C100733,39,Male,Delhi,Government Employee,794900,07-06-2020,Delhi,Upper-Middle
C102996,42,Male,Kochi,Student,794900,18-07-2021,Kerala,Upper-Middle
C100607,31,Male,Hyderabad,Business Owner,794400,17-07-2021,Telangana,Upper-Middle
C101679,27,Female,Bengaluru,Private Employee,794200,17-11-2024,Karnataka,Upper-Middle
C104106,37,Male,Ahmedabad,Government Employee,793800,14-02-2023,Gujarat,Upper-Middle
C104290,29,Female,Delhi,Government Employee,793500,01-02-2024,Delhi,Upper-Middle
C102306,27,Female,Pune,Self Employed,792800,14-05-2025,Maharashtra,Upper-Middle
C100829,36,Female,Bengaluru,IT Professional,792500,14-02-2024,Karnataka,Upper-Middle
C101240,33,Female,Ahmedabad,Business Owner,792400,17-05-2019,Gujarat,Upper-Middle
C103388,49,Male,Hyderabad,Other,792400,21-02-2022,Telangana,Upper-Middle
C101815,56,Male,Bengaluru,IT Professional,792100,10-09-2025,Karnataka,Upper-Middle
C101092,35,Female,Bengaluru,Government Employee,791900,01-07-2019,Karnataka,Upper-Middle
C100515,29,Male,Ahmedabad,Private Employee,791000,11-08-2021,Gujarat,Upper-Middle
C101855,33,Male,Pune,Self Employed,790700,10-10-2025,Maharashtra,Upper-Middle
C104354,23,Male,Hyderabad,Business Owner,790600,14-04-2024,Telangana,Upper-Middle
C100616,31,Other,Chennai,Private Employee,790500,13-01-2024,Tamil Nadu,Upper-Middle
C102631,45,Female,Delhi,IT Professional,789600,31-10-2020,Delhi,Upper-Middle
C104716,33,Male,Bengaluru,Private Employee,788500,09-02-2020,Karnataka,Upper-Middle
C104108,31,Female,Mumbai,Self Employed,788400,19-12-2020,Maharashtra,Upper-Middle
C103387,27,Male,Mumbai,Private Employee,788300,07-01-2022,Maharashtra,Upper-Middle
C103691,32,Female,Chennai,Student,788300,28-01-2021,Tamil Nadu,Upper-Middle
C104835,31,Female,Bengaluru,Government Employee,787700,31-10-2023,Karnataka,Upper-Middle
C103524,32,Male,Bengaluru,Private Employee,787600,01-10-2019,Karnataka,Upper-Middle
C100882,43,Male,Hyderabad,IT Professional,787500,24-05-2023,Telangana,Upper-Middle
C103165,46,Male,Chennai,IT Professional,787400,14-09-2019,Tamil Nadu,Upper-Middle
C102867,38,Male,Chennai,Private Employee,787100,04-12-2020,Tamil Nadu,Upper-Middle
C104860,34,Male,Delhi,Private Employee,786700,21-08-2020,Delhi,Upper-Middle
C104297,44,Female,Delhi,Self Employed,786600,23-10-2019,Delhi,Upper-Middle
C103319,31,Female,Kolkata,Government Employee,785900,10-05-2025,West Bengal,Upper-Middle
C100952,50,Male,Mumbai,Private Employee,785600,15-03-2024,Maharashtra,Upper-Middle
C104141,42,Male,Mumbai,Business Owner,785400,11-10-2020,Maharashtra,Upper-Middle
C103908,30,Male,Kolkata,IT Professional,785300,10-11-2020,West Bengal,Upper-Middle
C100330,43,Male,Hyderabad,Private Employee,785100,09-07-2021,Telangana,Upper-Middle
C103562,32,Female,Chennai,Private Employee,785100,05-07-2020,Tamil Nadu,Upper-Middle
C100169,55,Female,Kolkata,Private Employee,784100,29-11-2020,West Bengal,Upper-Middle
C101192,42,Male,Hyderabad,Other,783900,05-03-2023,Telangana,Upper-Middle
C101093,28,Female,Delhi,Self Employed,783600,21-11-2025,Delhi,Upper-Middle
C103008,51,Male,Chennai,Private Employee,783500,30-07-2024,Tamil Nadu,Upper-Middle
C100724,21,Male,Pune,Business Owner,782900,02-11-2020,Maharashtra,Upper-Middle
C103746,28,Female,Jaipur,Private Employee,782900,29-01-2021,Rajasthan,Upper-Middle
C102697,31,Female,Ahmedabad,Business Owner,782700,10-08-2024,Gujarat,Upper-Middle
C101282,32,Male,Hyderabad,Student,782400,14-11-2019,Telangana,Upper-Middle
C102270,38,Female,Kolkata,IT Professional,782100,27-09-2025,West Bengal,Upper-Middle
C103615,52,Female,Chennai,Business Owner,781700,02-11-2019,Tamil Nadu,Upper-Middle
C101726,28,Male,Delhi,Business Owner,781600,13-07-2024,Delhi,Upper-Middle
C103976,37,Male,Pune,Student,781300,28-08-2023,Maharashtra,Upper-Middle
C101806,21,Male,Chennai,Student,781200,28-05-2023,Tamil Nadu,Upper-Middle
C101333,31,Male,Bengaluru,Private Employee,781100,02-12-2023,Karnataka,Upper-Middle
C102133,41,Female,Chennai,Government Employee,781000,11-01-2025,Tamil Nadu,Upper-Middle
C103174,41,Female,Delhi,Student,781000,28-06-2021,Delhi,Upper-Middle
C103355,36,Female,Pune,IT Professional,780500,21-11-2024,Maharashtra,Upper-Middle
C104713,36,Female,Hyderabad,IT Professional,780500,29-08-2025,Telangana,Upper-Middle
C101803,28,Female,Chennai,Business Owner,780300,06-10-2021,Tamil Nadu,Upper-Middle
C101976,26,Male,Delhi,Student,780000,25-08-2025,Delhi,Upper-Middle
C103360,48,Male,Chennai,IT Professional,779800,25-08-2023,Tamil Nadu,Upper-Middle
C100496,37,Male,Mumbai,IT Professional,779600,18-12-2020,Maharashtra,Upper-Middle
C101935,44,Male,Kochi,Government Employee,779600,27-03-2023,Kerala,Upper-Middle
C101585,31,Female,Hyderabad,Business Owner,779500,06-09-2023,Telangana,Upper-Middle
C100128,26,Male,Hyderabad,Business Owner,779000,24-06-2020,Telangana,Upper-Middle
C102677,30,Male,Mumbai,Private Employee,778900,15-05-2025,Maharashtra,Upper-Middle
C100725,41,Male,Kolkata,IT Professional,778700,23-05-2024,West Bengal,Upper-Middle
C102762,46,Male,Bengaluru,Business Owner,778500,05-08-2023,Karnataka,Upper-Middle
C100085,42,Male,Delhi,Self Employed,778200,20-07-2024,Delhi,Upper-Middle
C102558,48,Male,Chennai,Student,778200,04-09-2025,Tamil Nadu,Upper-Middle
C104850,34,Female,Chennai,Private Employee,777800,26-12-2020,Tamil Nadu,Upper-Middle
C100727,39,Male,Bengaluru,IT Professional,777600,25-10-2021,Karnataka,Upper-Middle
C100674,32,Female,Delhi,IT Professional,777500,24-01-2020,Delhi,Upper-Middle
C103651,21,Female,Bengaluru,Government Employee,777500,03-10-2021,Karnataka,Upper-Middle
C102358,29,Male,Hyderabad,Private Employee,777300,13-04-2024,Telangana,Upper-Middle
C103032,51,Female,Jaipur,Private Employee,777300,28-02-2019,Rajasthan,Upper-Middle
C101105,30,Female,Jaipur,Student,776500,01-08-2022,Rajasthan,Upper-Middle
C101995,30,Male,Bengaluru,IT Professional,776400,24-09-2020,Karnataka,Upper-Middle
C104255,32,Male,Kolkata,IT Professional,776200,10-05-2023,West Bengal,Upper-Middle
C103771,30,Female,Chennai,Private Employee,776000,15-11-2024,Tamil Nadu,Upper-Middle
C103431,37,Male,Jaipur,Other,775900,30-04-2024,Rajasthan,Upper-Middle
C101428,35,Male,Mumbai,Private Employee,775400,10-06-2022,Maharashtra,Upper-Middle
C104885,26,Female,Mumbai,Private Employee,775000,14-11-2021,Maharashtra,Upper-Middle
C101950,36,Female,Bengaluru,IT Professional,774800,07-06-2025,Karnataka,Upper-Middle
C102502,39,Female,Bengaluru,Government Employee,774700,14-06-2021,Karnataka,Upper-Middle
C100217,47,Male,Mumbai,IT Professional,773500,23-05-2024,Maharashtra,Upper-Middle
C102387,42,Female,Mumbai,Private Employee,773500,06-02-2022,Maharashtra,Upper-Middle
C104340,47,Male,Bengaluru,IT Professional,773500,12-05-2025,Karnataka,Upper-Middle
C103969,21,Male,Bengaluru,Private Employee,773400,28-03-2019,Karnataka,Upper-Middle
C104531,43,Male,Kolkata,Government Employee,773400,13-10-2021,West Bengal,Upper-Middle
C104332,29,Male,Ahmedabad,Student,773300,22-04-2024,Gujarat,Upper-Middle
C100254,44,Female,Bengaluru,Business Owner,772800,04-12-2019,Karnataka,Upper-Middle
C100207,26,Male,Bengaluru,Private Employee,772300,27-05-2019,Karnataka,Upper-Middle
C101250,21,Female,Bengaluru,Private Employee,772300,06-09-2020,Karnataka,Upper-Middle
C101025,32,Male,Chennai,Private Employee,772100,12-10-2019,Tamil Nadu,Upper-Middle
C102105,22,Male,Delhi,IT Professional,771400,01-04-2020,Delhi,Upper-Middle
C102420,39,Male,Pune,Self Employed,771000,03-02-2020,Maharashtra,Upper-Middle
C101231,23,Male,Ahmedabad,Private Employee,770800,16-02-2021,Gujarat,Upper-Middle
C100119,45,Female,Chennai,Business Owner,770300,13-05-2021,Tamil Nadu,Upper-Middle
C100608,29,Female,Kochi,IT Professional,770100,29-07-2024,Kerala,Upper-Middle
C103980,32,Male,Mumbai,Business Owner,770000,04-12-2021,Maharashtra,Upper-Middle
C103733,28,Male,Delhi,IT Professional,769900,26-12-2020,Delhi,Upper-Middle
C104206,22,Female,Mumbai,IT Professional,769800,19-03-2024,Maharashtra,Upper-Middle
C101615,26,Female,Pune,Other,769000,18-06-2021,Maharashtra,Upper-Middle
C101438,49,Other,Chennai,IT Professional,768900,27-09-2025,Tamil Nadu,Upper-Middle
C100576,31,Female,Mumbai,Self Employed,768800,18-03-2022,Maharashtra,Upper-Middle
C104706,23,Male,Jaipur,Private Employee,768500,31-05-2023,Rajasthan,Upper-Middle
C102144,28,Male,Jaipur,IT Professional,768200,12-04-2025,Rajasthan,Upper-Middle
C104325,36,Female,Ahmedabad,Self Employed,768200,10-08-2025,Gujarat,Upper-Middle
C102360,31,Female,Bengaluru,Student,767500,15-08-2019,Karnataka,Upper-Middle
C103601,21,Female,Chennai,Government Employee,767200,11-05-2024,Tamil Nadu,Upper-Middle
C104870,44,Female,Hyderabad,Student,766900,28-12-2021,Telangana,Upper-Middle
C102541,31,Female,Kolkata,Business Owner,766800,31-08-2024,West Bengal,Upper-Middle
C103398,29,Female,Pune,Private Employee,766700,09-03-2020,Maharashtra,Upper-Middle
C104715,35,Male,Ahmedabad,Private Employee,766700,20-12-2022,Gujarat,Upper-Middle
C103195,28,Female,Pune,Self Employed,766300,06-08-2022,Maharashtra,Upper-Middle
C100640,41,Male,Ahmedabad,Government Employee,766200,09-02-2020,Gujarat,Upper-Middle
C100757,25,Female,Bengaluru,Other,766200,30-09-2020,Karnataka,Upper-Middle
C101466,33,Female,Hyderabad,Self Employed,765300,12-10-2019,Telangana,Upper-Middle
C102474,32,Male,Delhi,Self Employed,765300,27-09-2019,Delhi,Upper-Middle
C102660,47,Female,Ahmedabad,Private Employee,765300,10-08-2020,Gujarat,Upper-Middle
C103129,21,Female,Hyderabad,IT Professional,765000,08-09-2022,Telangana,Upper-Middle
C101468,27,Female,Mumbai,IT Professional,764300,01-02-2021,Maharashtra,Upper-Middle
C103850,34,Male,Mumbai,Business Owner,764100,17-09-2024,Maharashtra,Upper-Middle
C104326,43,Female,Hyderabad,Student,764100,12-05-2025,Telangana,Upper-Middle
C104853,39,Male,Chennai,Self Employed,763900,06-01-2025,Tamil Nadu,Upper-Middle
C104214,28,Female,Mumbai,Student,763700,20-08-2022,Maharashtra,Upper-Middle
C101609,27,Male,Bengaluru,Business Owner,763600,08-09-2019,Karnataka,Upper-Middle
C101879,41,Male,Mumbai,Student,763000,25-03-2022,Maharashtra,Upper-Middle
C103175,30,Male,Delhi,Private Employee,762900,07-07-2019,Delhi,Upper-Middle
C102376,55,Male,Delhi,Private Employee,762800,14-12-2021,Delhi,Upper-Middle
C103791,23,Female,Jaipur,Self Employed,762800,03-03-2022,Rajasthan,Upper-Middle
C100485,26,Male,Bengaluru,Business Owner,762700,27-09-2022,Karnataka,Upper-Middle
C103364,33,Male,Hyderabad,Self Employed,762500,26-10-2020,Telangana,Upper-Middle
C103473,42,Female,Pune,Private Employee,762400,07-07-2022,Maharashtra,Upper-Middle
C100083,33,Male,Pune,Private Employee,762200,29-09-2022,Maharashtra,Upper-Middle
C100899,24,Male,Delhi,IT Professional,762000,25-12-2020,Delhi,Upper-Middle
C101759,44,Male,Pune,Business Owner,761800,06-05-2019,Maharashtra,Upper-Middle
C104547,29,Female,Bengaluru,Private Employee,761600,11-05-2023,Karnataka,Upper-Middle
C103190,48,Female,Hyderabad,IT Professional,761500,02-11-2021,Telangana,Upper-Middle
C104464,35,Male,Jaipur,IT Professional,761100,06-04-2021,Rajasthan,Upper-Middle
C100358,33,Male,Mumbai,IT Professional,759900,27-10-2025,Maharashtra,Upper-Middle
C104989,21,Female,Hyderabad,IT Professional,759800,28-05-2019,Telangana,Upper-Middle
C103383,52,Female,Bengaluru,Business Owner,759700,03-05-2020,Karnataka,Upper-Middle
C104526,38,Female,Bengaluru,Government Employee,759700,26-01-2022,Karnataka,Upper-Middle
C100468,34,Female,Pune,Private Employee,759600,27-01-2022,Maharashtra,Upper-Middle
C101148,37,Male,Pune,IT Professional,759400,02-11-2022,Maharashtra,Upper-Middle
C101386,25,Female,Pune,IT Professional,759300,14-11-2019,Maharashtra,Upper-Middle
C102672,34,Female,Bengaluru,Private Employee,759300,12-06-2025,Karnataka,Upper-Middle
C102865,24,Male,Pune,Student,759000,07-12-2019,Maharashtra,Upper-Middle
C104893,21,Female,Mumbai,Private Employee,758600,09-06-2023,Maharashtra,Upper-Middle
C101912,22,Female,Kolkata,Self Employed,758500,22-08-2025,West Bengal,Upper-Middle
C104244,21,Female,Hyderabad,Student,758500,12-08-2023,Telangana,Upper-Middle
C103200,40,Male,Pune,Other,758400,10-05-2023,Maharashtra,Upper-Middle
C104826,33,Female,Bengaluru,Business Owner,757000,16-07-2023,Karnataka,Upper-Middle
C101235,55,Female,Delhi,Government Employee,756800,23-12-2023,Delhi,Upper-Middle
C104336,30,Male,Chennai,Government Employee,756600,30-12-2021,Tamil Nadu,Upper-Middle
C100137,33,Male,Kolkata,Private Employee,756500,25-09-2022,West Bengal,Upper-Middle
C104243,36,Male,Ahmedabad,IT Professional,756300,19-06-2021,Gujarat,Upper-Middle
C102704,39,Female,Ahmedabad,IT Professional,756200,28-04-2024,Gujarat,Upper-Middle
C102380,53,Female,Pune,Private Employee,756100,22-04-2024,Maharashtra,Upper-Middle
C101339,28,Male,Bengaluru,Self Employed,756000,12-11-2023,Karnataka,Upper-Middle
C100171,21,Female,Mumbai,IT Professional,755300,02-01-2019,Maharashtra,Upper-Middle
C101522,39,Male,Kochi,Business Owner,755300,24-02-2025,Kerala,Upper-Middle
C104034,39,Female,Kochi,Private Employee,755100,16-07-2022,Kerala,Upper-Middle
C100665,31,Male,Kolkata,IT Professional,755000,07-09-2019,West Bengal,Upper-Middle
C102828,44,Female,Kolkata,IT Professional,754500,30-06-2024,West Bengal,Upper-Middle
C103678,39,Female,Bengaluru,Other,754400,17-04-2023,Karnataka,Upper-Middle
C104099,30,Female,Mumbai,IT Professional,754400,22-03-2024,Maharashtra,Upper-Middle
C102407,21,Male,Kolkata,Private Employee,754300,19-08-2022,West Bengal,Upper-Middle
C103675,52,Male,Bengaluru,Student,754200,11-07-2019,Karnataka,Upper-Middle
C102412,27,Female,Mumbai,IT Professional,754100,10-06-2019,Maharashtra,Upper-Middle
C101200,34,Female,Mumbai,Private Employee,753200,28-06-2023,Maharashtra,Upper-Middle
C102777,45,Male,Delhi,Private Employee,753200,29-11-2025,Delhi,Upper-Middle
C101738,46,Female,Jaipur,Other,753100,14-08-2021,Rajasthan,Upper-Middle
C103971,28,Female,Kolkata,Private Employee,753000,24-10-2024,West Bengal,Upper-Middle
C101305,51,Male,Mumbai,IT Professional,752600,03-02-2020,Maharashtra,Upper-Middle
C103162,37,Female,Hyderabad,Business Owner,752600,09-10-2020,Telangana,Upper-Middle
C102782,47,Male,Kochi,Private Employee,752500,24-11-2021,Kerala,Upper-Middle
C104307,33,Male,Bengaluru,Student,752500,02-09-2021,Karnataka,Upper-Middle
C103982,42,Male,Hyderabad,Business Owner,752400,19-08-2020,Telangana,Upper-Middle
C101842,48,Male,Delhi,Self Employed,752200,23-03-2022,Delhi,Upper-Middle
C100213,39,Male,Mumbai,Student,751800,13-07-2025,Maharashtra,Upper-Middle
C102582,23,Female,Pune,Private Employee,751800,08-10-2021,Maharashtra,Upper-Middle
C103352,38,Male,Ahmedabad,Private Employee,750900,27-03-2025,Gujarat,Upper-Middle
C102038,33,Male,Hyderabad,Private Employee,750700,30-12-2024,Telangana,Upper-Middle
C101075,36,Female,Hyderabad,IT Professional,750500,16-04-2022,Telangana,Upper-Middle
C103554,29,Male,Kochi,IT Professional,750100,18-05-2025,Kerala,Upper-Middle
C102604,35,Male,Chennai,Private Employee,749800,18-05-2022,Tamil Nadu,Upper-Middle
C101332,40,Male,Jaipur,Government Employee,749400,26-03-2024,Rajasthan,Upper-Middle
C102394,36,Female,Chennai,IT Professional,748900,28-08-2024,Tamil Nadu,Upper-Middle
C102498,35,Male,Kolkata,Private Employee,748800,01-08-2021,West Bengal,Upper-Middle
C101117,33,Male,Jaipur,Private Employee,748500,15-03-2021,Rajasthan,Upper-Middle
C100001,31,Female,Delhi,Private Employee,747800,18-07-2022,Delhi,Upper-Middle
C104259,39,Male,Delhi,Private Employee,747700,13-05-2025,Delhi,Upper-Middle
C103170,33,Female,Jaipur,Business Owner,747500,18-02-2020,Rajasthan,Upper-Middle
C103630,39,Female,Pune,Business Owner,747300,18-03-2020,Maharashtra,Upper-Middle
C103252,35,Female,Hyderabad,IT Professional,747200,01-07-2023,Telangana,Upper-Middle
C102235,30,Male,Delhi,Private Employee,747100,15-11-2025,Delhi,Upper-Middle
C104904,44,Female,Ahmedabad,Private Employee,746600,16-09-2022,Gujarat,Upper-Middle
C100425,26,Female,Ahmedabad,Business Owner,746500,20-06-2023,Gujarat,Upper-Middle
C102616,45,Male,Delhi,Self Employed,746500,11-10-2021,Delhi,Upper-Middle
C102330,33,Male,Bengaluru,Business Owner,746000,01-06-2022,Karnataka,Upper-Middle
C101507,64,Male,Jaipur,Private Employee,745300,02-03-2021,Rajasthan,Upper-Middle
C103490,26,Female,Bengaluru,Government Employee,745200,09-05-2020,Karnataka,Upper-Middle
C104121,36,Other,Kolkata,Other,745200,12-07-2022,West Bengal,Upper-Middle
C102334,30,Male,Chennai,Government Employee,744700,29-11-2022,Tamil Nadu,Upper-Middle
C103632,36,Female,Mumbai,IT Professional,744400,11-09-2019,Maharashtra,Upper-Middle
C104411,21,Male,Bengaluru,Student,744400,26-02-2025,Karnataka,Upper-Middle
C102283,34,Female,Pune,IT Professional,744200,11-04-2024,Maharashtra,Upper-Middle
C104289,43,Other,Ahmedabad,Government Employee,744100,13-01-2019,Gujarat,Upper-Middle
C101854,33,Other,Delhi,Self Employed,743800,09-06-2021,Delhi,Upper-Middle
C102461,33,Female,Mumbai,Government Employee,743700,08-06-2023,Maharashtra,Upper-Middle
C102950,35,Female,Delhi,Student,743600,24-02-2022,Delhi,Upper-Middle
C100450,36,Male,Delhi,Other,743500,21-12-2025,Delhi,Upper-Middle
C100785,21,Female,Jaipur,Student,743300,03-11-2024,Rajasthan,Upper-Middle
C102159,38,Female,Pune,Government Employee,743200,09-04-2020,Maharashtra,Upper-Middle
C102054,21,Male,Delhi,IT Professional,743100,29-11-2022,Delhi,Upper-Middle
C100940,50,Male,Bengaluru,Private Employee,742700,08-08-2021,Karnataka,Upper-Middle
C101553,34,Female,Bengaluru,IT Professional,742700,29-08-2020,Karnataka,Upper-Middle
C103589,35,Male,Chennai,Private Employee,742300,03-08-2020,Tamil Nadu,Upper-Middle
C104999,21,Female,Pune,Other,741700,31-12-2023,Maharashtra,Upper-Middle
C103020,42,Male,Bengaluru,Government Employee,741600,09-12-2024,Karnataka,Upper-Middle
C102165,41,Male,Bengaluru,Government Employee,741300,13-06-2025,Karnataka,Upper-Middle
C101737,43,Male,Jaipur,IT Professional,741200,28-06-2022,Rajasthan,Upper-Middle
C103724,30,Female,Jaipur,Government Employee,741200,20-05-2019,Rajasthan,Upper-Middle
C103033,35,Male,Kolkata,Student,741100,14-10-2025,West Bengal,Upper-Middle
C103308,21,Female,Pune,Private Employee,740200,22-01-2023,Maharashtra,Upper-Middle
C104072,34,Female,Bengaluru,Private Employee,740100,18-10-2025,Karnataka,Upper-Middle
C100600,46,Male,Kochi,Student,739900,23-06-2020,Kerala,Upper-Middle
C100061,38,Male,Delhi,Private Employee,739800,11-06-2019,Delhi,Upper-Middle
C103477,21,Female,Chennai,Self Employed,739500,12-12-2024,Tamil Nadu,Upper-Middle
C100503,26,Male,Mumbai,IT Professional,739400,13-03-2022,Maharashtra,Upper-Middle
C100927,26,Female,Chennai,IT Professional,739300,04-09-2025,Tamil Nadu,Upper-Middle
C103661,24,Male,Delhi,IT Professional,739300,21-10-2024,Delhi,Upper-Middle
C101796,38,Female,Bengaluru,Private Employee,739200,10-06-2024,Karnataka,Upper-Middle
C102755,60,Male,Kolkata,IT Professional,739100,31-12-2022,West Bengal,Upper-Middle
C100917,47,Female,Kolkata,Self Employed,738600,19-09-2021,West Bengal,Upper-Middle
C102433,42,Male,Bengaluru,Other,738500,28-09-2024,Karnataka,Upper-Middle
C100064,46,Male,Bengaluru,Self Employed,738100,22-09-2021,Karnataka,Upper-Middle
C101776,37,Female,Pune,Private Employee,738100,26-09-2022,Maharashtra,Upper-Middle
C104615,38,Female,Jaipur,Private Employee,737600,31-05-2024,Rajasthan,Upper-Middle
C100803,36,Female,Pune,IT Professional,737300,29-07-2022,Maharashtra,Upper-Middle
C104813,39,Male,Bengaluru,IT Professional,737300,15-08-2025,Karnataka,Upper-Middle
C102462,30,Male,Mumbai,Student,737100,15-08-2023,Maharashtra,Upper-Middle
C103986,34,Female,Hyderabad,Private Employee,737100,18-06-2023,Telangana,Upper-Middle
C101841,42,Male,Bengaluru,Government Employee,736900,01-05-2024,Karnataka,Upper-Middle
C100103,31,Male,Bengaluru,IT Professional,736500,18-10-2023,Karnataka,Upper-Middle
C102051,23,Female,Pune,Self Employed,736400,05-08-2021,Maharashtra,Upper-Middle
C100030,30,Female,Delhi,Government Employee,736300,09-07-2019,Delhi,Upper-Middle
C101423,21,Male,Chennai,Private Employee,736300,08-06-2024,Tamil Nadu,Upper-Middle
C103371,25,Male,Jaipur,Business Owner,736100,28-04-2020,Rajasthan,Upper-Middle
C104669,37,Female,Pune,Self Employed,736100,22-07-2019,Maharashtra,Upper-Middle
C103163,41,Male,Mumbai,Other,735700,13-02-2025,Maharashtra,Upper-Middle
C101787,40,Male,Bengaluru,Business Owner,735300,10-10-2025,Karnataka,Upper-Middle
C102592,37,Female,Delhi,Government Employee,735200,04-05-2025,Delhi,Upper-Middle
C100278,45,Male,Bengaluru,Business Owner,735100,05-12-2023,Karnataka,Upper-Middle
C101818,50,Female,Delhi,IT Professional,735100,20-10-2022,Delhi,Upper-Middle
C102026,36,Female,Chennai,IT Professional,735100,07-12-2019,Tamil Nadu,Upper-Middle
C100557,21,Male,Pune,Student,734900,16-10-2022,Maharashtra,Upper-Middle
C102795,36,Female,Pune,Private Employee,734800,09-09-2022,Maharashtra,Upper-Middle
C103845,38,Male,Mumbai,Private Employee,734100,21-08-2025,Maharashtra,Upper-Middle
C102053,37,Female,Jaipur,Private Employee,733900,03-02-2020,Rajasthan,Upper-Middle
C100761,41,Female,Hyderabad,Private Employee,733800,18-04-2020,Telangana,Upper-Middle
C100779,44,Male,Delhi,Private Employee,733600,06-09-2024,Delhi,Upper-Middle
C104500,31,Male,Chennai,Government Employee,733500,01-07-2021,Tamil Nadu,Upper-Middle
C103305,21,Female,Pune,Private Employee,733400,09-09-2024,Maharashtra,Upper-Middle
C104969,24,Female,Bengaluru,Private Employee,732500,02-04-2022,Karnataka,Upper-Middle
C101890,29,Female,Jaipur,Private Employee,732400,15-01-2025,Rajasthan,Upper-Middle
C102262,43,Female,Bengaluru,Self Employed,732100,09-05-2025,Karnataka,Upper-Middle
C102322,44,Male,Kolkata,Private Employee,731900,28-12-2019,West Bengal,Upper-Middle
C100075,28,Female,Mumbai,Private Employee,731800,14-03-2025,Maharashtra,Upper-Middle
C103582,31,Male,Kolkata,IT Professional,731700,14-02-2025,West Bengal,Upper-Middle
C102515,40,Female,Pune,Private Employee,731400,19-01-2020,Maharashtra,Upper-Middle
C103186,46,Female,Mumbai,IT Professional,731000,11-06-2019,Maharashtra,Upper-Middle
C103274,39,Female,Mumbai,Private Employee,730600,29-01-2022,Maharashtra,Upper-Middle
C103778,40,Male,Pune,Private Employee,730200,03-06-2019,Maharashtra,Upper-Middle
C103357,21,Male,Bengaluru,Private Employee,729400,02-09-2023,Karnataka,Upper-Middle
C103732,32,Male,Delhi,Business Owner,729300,19-01-2019,Delhi,Upper-Middle
C101892,27,Male,Chennai,IT Professional,729200,20-03-2020,Tamil Nadu,Upper-Middle
C100930,28,Female,Mumbai,Business Owner,729000,05-07-2023,Maharashtra,Upper-Middle
C101381,35,Female,Bengaluru,Private Employee,728200,30-08-2021,Karnataka,Upper-Middle
C104635,41,Female,Hyderabad,Student,728000,29-05-2019,Telangana,Upper-Middle
C101159,35,Female,Bengaluru,Business Owner,727700,02-08-2024,Karnataka,Upper-Middle
C102557,43,Female,Chennai,Government Employee,726500,10-09-2024,Tamil Nadu,Upper-Middle
C103655,46,Male,Chennai,Private Employee,726500,23-05-2020,Tamil Nadu,Upper-Middle
C100622,49,Male,Kolkata,Private Employee,725700,25-10-2021,West Bengal,Upper-Middle
C100975,24,Female,Mumbai,Business Owner,725600,11-09-2021,Maharashtra,Upper-Middle
C101926,44,Female,Bengaluru,Self Employed,725600,03-08-2020,Karnataka,Upper-Middle
C103202,48,Male,Jaipur,Private Employee,725600,08-05-2023,Rajasthan,Upper-Middle
C101653,40,Female,Ahmedabad,Self Employed,725500,31-05-2024,Gujarat,Upper-Middle
C101774,21,Male,Mumbai,IT Professional,725500,10-01-2020,Maharashtra,Upper-Middle
C104463,37,Male,Pune,IT Professional,725400,15-04-2022,Maharashtra,Upper-Middle
C102945,43,Male,Bengaluru,Business Owner,725100,21-06-2024,Karnataka,Upper-Middle
C103154,42,Female,Delhi,Self Employed,724200,01-08-2020,Delhi,Upper-Middle
C101501,22,Male,Delhi,Private Employee,723900,11-03-2023,Delhi,Upper-Middle
C100048,46,Male,Delhi,IT Professional,723800,18-01-2023,Delhi,Upper-Middle
C101109,21,Female,Kolkata,IT Professional,723700,23-04-2024,West Bengal,Upper-Middle
C101122,36,Female,Pune,IT Professional,723600,12-12-2021,Maharashtra,Upper-Middle
C103149,30,Female,Pune,Government Employee,723600,26-02-2019,Maharashtra,Upper-Middle
C102023,40,Male,Pune,Private Employee,723500,01-12-2024,Maharashtra,Upper-Middle
C101410,43,Male,Ahmedabad,IT Professional,723000,20-12-2024,Gujarat,Upper-Middle
C100790,30,Male,Mumbai,Other,722500,23-05-2023,Maharashtra,Upper-Middle
C101125,51,Female,Jaipur,Self Employed,722500,19-10-2022,Rajasthan,Upper-Middle
C104187,33,Female,Hyderabad,Private Employee,722100,18-03-2019,Telangana,Upper-Middle
C102425,28,Male,Bengaluru,Self Employed,721900,16-03-2019,Karnataka,Upper-Middle
C101319,29,Male,Hyderabad,Business Owner,721800,23-03-2025,Telangana,Upper-Middle
C102539,30,Female,Mumbai,IT Professional,721700,02-05-2021,Maharashtra,Upper-Middle
C103329,32,Female,Delhi,Government Employee,721700,23-08-2019,Delhi,Upper-Middle
C102835,26,Male,Hyderabad,Business Owner,721200,20-04-2024,Telangana,Upper-Middle
C103084,44,Male,Hyderabad,Private Employee,721000,20-01-2024,Telangana,Upper-Middle
C100613,52,Female,Mumbai,IT Professional,720800,06-06-2023,Maharashtra,Upper-Middle
C101417,36,Female,Ahmedabad,Student,720600,30-10-2024,Gujarat,Upper-Middle
C102506,55,Male,Delhi,Government Employee,720500,19-06-2025,Delhi,Upper-Middle
C100492,44,Male,Hyderabad,Private Employee,720000,17-03-2019,Telangana,Upper-Middle
C103310,46,Male,Jaipur,Self Employed,720000,28-06-2024,Rajasthan,Upper-Middle
C102448,37,Female,Hyderabad,Student,719700,27-09-2024,Telangana,Upper-Middle
C103847,32,Female,Mumbai,Self Employed,719500,26-01-2025,Maharashtra,Upper-Middle
C103284,33,Female,Chennai,Student,719400,03-08-2023,Tamil Nadu,Upper-Middle
C101396,40,Female,Kolkata,Self Employed,719200,09-07-2022,West Bengal,Upper-Middle
C102104,31,Female,Hyderabad,Business Owner,718700,26-01-2023,Telangana,Upper-Middle
C104154,21,Male,Mumbai,Government Employee,718700,27-08-2019,Maharashtra,Upper-Middle
C103443,31,Female,Hyderabad,Private Employee,718500,16-09-2021,Telangana,Upper-Middle
C101566,36,Male,Bengaluru,Private Employee,718300,14-09-2025,Karnataka,Upper-Middle
C103935,45,Male,Hyderabad,Student,718300,08-06-2025,Telangana,Upper-Middle
C101972,43,Male,Bengaluru,Self Employed,718200,05-01-2025,Karnataka,Upper-Middle
C102765,32,Female,Bengaluru,Private Employee,718200,29-10-2023,Karnataka,Upper-Middle
C101174,23,Female,Bengaluru,Self Employed,718100,10-02-2022,Karnataka,Upper-Middle
C103445,43,Female,Bengaluru,Self Employed,717900,21-01-2022,Karnataka,Upper-Middle
C100293,26,Female,Bengaluru,Private Employee,717600,29-11-2025,Karnataka,Upper-Middle
C104002,21,Male,Mumbai,Private Employee,717400,03-03-2025,Maharashtra,Upper-Middle
C100354,28,Male,Hyderabad,IT Professional,717200,12-09-2023,Telangana,Upper-Middle
C100877,25,Female,Hyderabad,IT Professional,717200,04-07-2025,Telangana,Upper-Middle
C103041,31,Female,Jaipur,Business Owner,717100,31-12-2019,Rajasthan,Upper-Middle
C100769,45,Male,Delhi,Private Employee,716600,23-10-2021,Delhi,Upper-Middle
C104127,41,Male,Delhi,Business Owner,716500,07-05-2021,Delhi,Upper-Middle
C101140,52,Female,Ahmedabad,Private Employee,716400,15-03-2021,Gujarat,Upper-Middle
C100442,37,Female,Delhi,Other,716300,15-07-2022,Delhi,Upper-Middle
C104612,41,Male,Hyderabad,IT Professional,716300,01-06-2019,Telangana,Upper-Middle
C101436,41,Male,Bengaluru,IT Professional,716200,11-09-2022,Karnataka,Upper-Middle
C102028,54,Male,Hyderabad,IT Professional,715800,01-11-2025,Telangana,Upper-Middle
C100361,36,Male,Chennai,Private Employee,715700,05-01-2019,Tamil Nadu,Upper-Middle
C102357,42,Female,Pune,Private Employee,715500,09-11-2021,Maharashtra,Upper-Middle
C101966,36,Female,Ahmedabad,Business Owner,715300,08-10-2025,Gujarat,Upper-Middle
C103007,25,Female,Hyderabad,Student,715000,24-03-2022,Telangana,Upper-Middle
C101251,31,Male,Bengaluru,Other,714600,20-07-2022,Karnataka,Upper-Middle
C104030,25,Female,Pune,Self Employed,714600,22-10-2019,Maharashtra,Upper-Middle
C100582,34,Male,Bengaluru,Government Employee,714000,10-08-2023,Karnataka,Upper-Middle
C101100,35,Male,Ahmedabad,IT Professional,713900,13-02-2021,Gujarat,Upper-Middle
C102537,34,Male,Kolkata,Private Employee,713900,26-02-2023,West Bengal,Upper-Middle
C102900,50,Female,Pune,Government Employee,713900,28-09-2022,Maharashtra,Upper-Middle
C104096,21,Female,Bengaluru,IT Professional,713800,07-10-2024,Karnataka,Upper-Middle
C104712,40,Female,Delhi,Business Owner,713700,28-11-2024,Delhi,Upper-Middle
C101475,35,Female,Jaipur,IT Professional,713500,25-06-2021,Rajasthan,Upper-Middle
C103701,30,Male,Bengaluru,Private Employee,713400,26-09-2021,Karnataka,Upper-Middle
C102431,36,Male,Hyderabad,Business Owner,713300,16-05-2023,Telangana,Upper-Middle
C101211,33,Male,Bengaluru,Other,713200,25-06-2023,Karnataka,Upper-Middle
C103500,32,Female,Bengaluru,Self Employed,713100,25-06-2023,Karnataka,Upper-Middle
C104852,39,Male,Mumbai,Government Employee,712500,01-05-2022,Maharashtra,Upper-Middle
C100410,53,Male,Bengaluru,Government Employee,711900,28-03-2020,Karnataka,Upper-Middle
C100597,24,Male,Delhi,Private Employee,711800,19-02-2022,Delhi,Upper-Middle
C103874,38,Female,Mumbai,IT Professional,711700,18-06-2023,Maharashtra,Upper-Middle
C100270,21,Male,Bengaluru,Private Employee,711500,12-08-2021,Karnataka,Upper-Middle
C101492,30,Female,Chennai,IT Professional,711200,12-04-2023,Tamil Nadu,Upper-Middle
C104956,24,Male,Pune,Private Employee,710700,14-07-2019,Maharashtra,Upper-Middle
C103380,31,Female,Bengaluru,IT Professional,710500,05-10-2020,Karnataka,Upper-Middle
C100925,35,Female,Kolkata,Private Employee,709300,17-07-2019,West Bengal,Upper-Middle
C100080,41,Male,Chennai,IT Professional,709100,26-03-2022,Tamil Nadu,Upper-Middle
C101288,37,Female,Kochi,Private Employee,709100,16-06-2022,Kerala,Upper-Middle
C101224,60,Male,Bengaluru,Government Employee,708800,08-05-2022,Karnataka,Upper-Middle
C102184,44,Female,Mumbai,Government Employee,708500,29-02-2020,Maharashtra,Upper-Middle
C103148,42,Male,Bengaluru,Self Employed,708300,02-08-2022,Karnataka,Upper-Middle
C103420,36,Male,Kolkata,Private Employee,708300,11-12-2025,West Bengal,Upper-Middle
C102466,30,Male,Kolkata,Business Owner,707900,25-05-2021,West Bengal,Upper-Middle
C103890,23,Male,Bengaluru,Private Employee,707700,05-12-2023,Karnataka,Upper-Middle
C101768,35,Female,Pune,Self Employed,707200,28-08-2025,Maharashtra,Upper-Middle
C100200,21,Female,Ahmedabad,Government Employee,707100,30-11-2023,Gujarat,Upper-Middle
C103176,29,Female,Chennai,Government Employee,707100,08-07-2024,Tamil Nadu,Upper-Middle
C100924,25,Male,Jaipur,Private Employee,707000,24-05-2024,Rajasthan,Upper-Middle
C104903,55,Male,Chennai,Private Employee,706900,02-10-2024,Tamil Nadu,Upper-Middle
C103100,48,Male,Pune,IT Professional,706700,07-11-2023,Maharashtra,Upper-Middle
C100623,21,Male,Mumbai,Business Owner,706500,12-10-2021,Maharashtra,Upper-Middle
C100273,55,Female,Pune,IT Professional,706200,21-08-2023,Maharashtra,Upper-Middle
C103369,38,Female,Delhi,Private Employee,706200,20-12-2020,Delhi,Upper-Middle
C104330,23,Male,Bengaluru,IT Professional,706200,02-08-2021,Karnataka,Upper-Middle
C102490,34,Male,Kolkata,Other,706000,21-02-2025,West Bengal,Upper-Middle
C101215,45,Female,Delhi,IT Professional,705900,12-01-2019,Delhi,Upper-Middle
C101504,37,Male,Bengaluru,Private Employee,705500,03-06-2024,Karnataka,Upper-Middle
C101845,36,Female,Mumbai,Student,705500,02-03-2022,Maharashtra,Upper-Middle
C103296,38,Female,Delhi,Self Employed,705300,15-08-2019,Delhi,Upper-Middle
C104753,45,Female,Mumbai,Private Employee,705100,11-01-2023,Maharashtra,Upper-Middle
C100276,42,Male,Kochi,Student,705000,16-07-2020,Kerala,Upper-Middle
C102551,30,Female,Jaipur,Self Employed,704900,24-07-2020,Rajasthan,Upper-Middle
C103613,21,Female,Bengaluru,Government Employee,704900,16-04-2024,Karnataka,Upper-Middle
C103960,43,Female,Bengaluru,Government Employee,704700,10-11-2019,Karnataka,Upper-Middle
C100737,32,Male,Bengaluru,Private Employee,704100,20-10-2023,Karnataka,Upper-Middle
C104822,38,Male,Bengaluru,Private Employee,704100,29-01-2025,Karnataka,Upper-Middle
C104735,51,Male,Bengaluru,Self Employed,704000,10-08-2025,Karnataka,Upper-Middle
C104760,42,Female,Pune,Private Employee,703300,22-08-2024,Maharashtra,Upper-Middle
C102212,36,Male,Kolkata,Other,703200,04-05-2024,West Bengal,Upper-Middle
C100056,46,Male,Delhi,Private Employee,702800,03-02-2022,Delhi,Upper-Middle
C102016,41,Female,Delhi,Private Employee,702600,30-03-2022,Delhi,Upper-Middle
C101740,46,Female,Delhi,Private Employee,702500,09-07-2025,Delhi,Upper-Middle
C103815,31,Female,Chennai,IT Professional,702300,25-01-2019,Tamil Nadu,Upper-Middle
C102507,48,Female,Hyderabad,Self Employed,702100,30-08-2024,Telangana,Upper-Middle
C103814,24,Male,Delhi,Business Owner,702100,27-09-2025,Delhi,Upper-Middle
C100385,28,Female,Ahmedabad,IT Professional,701800,15-04-2024,Gujarat,Upper-Middle
C104449,21,Female,Delhi,IT Professional,701700,14-06-2022,Delhi,Upper-Middle
C104316,38,Male,Hyderabad,Private Employee,701600,01-01-2022,Telangana,Upper-Middle
C103532,44,Female,Pune,IT Professional,701500,01-12-2024,Maharashtra,Upper-Middle
C104322,35,Male,Bengaluru,Student,701100,10-11-2023,Karnataka,Upper-Middle
C100428,35,Male,Bengaluru,IT Professional,701000,30-05-2020,Karnataka,Upper-Middle
C101194,62,Female,Delhi,Private Employee,700800,01-06-2025,Delhi,Upper-Middle
C101804,39,Female,Ahmedabad,Private Employee,700700,04-12-2020,Gujarat,Upper-Middle
C102804,37,Female,Hyderabad,Student,700300,07-07-2025,Telangana,Upper-Middle
C104018,52,Female,Kolkata,Private Employee,700300,02-05-2024,West Bengal,Upper-Middle
C104769,31,Male,Mumbai,Business Owner,700100,23-04-2024,Maharashtra,Upper-Middle
C103604,39,Female,Jaipur,Business Owner,699900,19-01-2020,Rajasthan,Upper-Middle
C104112,33,Male,Delhi,IT Professional,699600,07-09-2019,Delhi,Upper-Middle
C104501,26,Male,Chennai,Government Employee,699600,20-05-2021,Tamil Nadu,Upper-Middle
C104875,31,Female,Hyderabad,Business Owner,699100,10-07-2024,Telangana,Upper-Middle
C100423,32,Male,Delhi,Private Employee,698900,17-11-2023,Delhi,Upper-Middle
C100639,37,Male,Mumbai,Business Owner,698500,20-01-2020,Maharashtra,Upper-Middle
C100832,49,Other,Kochi,Business Owner,698200,18-06-2023,Kerala,Upper-Middle
C102763,38,Female,Chennai,Government Employee,698200,11-05-2022,Tamil Nadu,Upper-Middle
C104555,39,Female,Bengaluru,Government Employee,697400,01-04-2021,Karnataka,Upper-Middle
C100648,21,Male,Delhi,Business Owner,697000,24-03-2019,Delhi,Upper-Middle
C103476,43,Female,Mumbai,Private Employee,697000,07-03-2021,Maharashtra,Upper-Middle
C104037,25,Male,Bengaluru,Self Employed,696800,27-10-2021,Karnataka,Upper-Middle
C103079,43,Male,Bengaluru,Student,696700,08-08-2024,Karnataka,Upper-Middle
C103115,39,Male,Mumbai,Private Employee,696500,23-03-2019,Maharashtra,Upper-Middle
C100255,32,Male,Mumbai,Student,696300,14-08-2021,Maharashtra,Upper-Middle
C102091,25,Male,Kolkata,Government Employee,696200,11-09-2019,West Bengal,Upper-Middle
C104536,30,Female,Pune,Self Employed,696100,06-09-2022,Maharashtra,Upper-Middle
C101603,34,Female,Ahmedabad,Self Employed,695600,11-07-2022,Gujarat,Upper-Middle
C102264,42,Male,Mumbai,Student,695600,08-02-2025,Maharashtra,Upper-Middle
C100409,25,Male,Delhi,Private Employee,695500,15-08-2021,Delhi,Upper-Middle
C100740,35,Male,Hyderabad,IT Professional,695300,25-09-2024,Telangana,Upper-Middle
C101707,21,Male,Chennai,Business Owner,695300,18-12-2022,Tamil Nadu,Upper-Middle
C104924,25,Female,Hyderabad,Private Employee,695300,17-11-2023,Telangana,Upper-Middle
C101186,23,Male,Bengaluru,Private Employee,695200,29-10-2023,Karnataka,Upper-Middle
C100565,36,Male,Bengaluru,Other,694700,12-03-2023,Karnataka,Upper-Middle
C103126,43,Female,Bengaluru,Government Employee,694700,30-05-2021,Karnataka,Upper-Middle
C103578,56,Male,Mumbai,IT Professional,694700,04-04-2024,Maharashtra,Upper-Middle
C103886,40,Female,Hyderabad,Self Employed,694200,19-05-2021,Telangana,Upper-Middle
C101557,23,Male,Bengaluru,Private Employee,694000,17-08-2022,Karnataka,Upper-Middle
C104937,51,Female,Mumbai,Private Employee,693800,22-12-2021,Maharashtra,Upper-Middle
C100539,44,Male,Bengaluru,Self Employed,693700,16-12-2023,Karnataka,Upper-Middle
C102578,24,Female,Bengaluru,Government Employee,693600,01-07-2022,Karnataka,Upper-Middle
C104590,40,Male,Hyderabad,IT Professional,693600,04-08-2024,Telangana,Upper-Middle
C102544,38,Male,Chennai,IT Professional,693300,18-03-2024,Tamil Nadu,Upper-Middle
C101949,55,Female,Jaipur,Student,693200,30-11-2020,Rajasthan,Upper-Middle
C102110,29,Male,Kolkata,Self Employed,693200,14-09-2022,West Bengal,Upper-Middle
C104709,33,Female,Kolkata,IT Professional,693200,05-10-2019,West Bengal,Upper-Middle
C104940,36,Female,Pune,Private Employee,693200,11-01-2020,Maharashtra,Upper-Middle
C100536,34,Male,Kolkata,IT Professional,692900,17-08-2022,West Bengal,Upper-Middle
C102096,26,Male,Jaipur,Government Employee,692300,07-05-2024,Rajasthan,Upper-Middle
C103939,35,Female,Pune,IT Professional,692100,10-03-2019,Maharashtra,Upper-Middle
C102060,32,Male,Pune,Private Employee,692000,08-06-2024,Maharashtra,Upper-Middle
C102089,41,Female,Delhi,Business Owner,692000,28-02-2024,Delhi,Upper-Middle
C101345,34,Male,Pune,Business Owner,691500,13-03-2025,Maharashtra,Upper-Middle
C103634,30,Male,Chennai,IT Professional,691000,03-09-2021,Tamil Nadu,Upper-Middle
C104868,21,Female,Mumbai,Private Employee,690600,11-01-2022,Maharashtra,Upper-Middle
C100235,42,Female,Delhi,Government Employee,690000,05-03-2025,Delhi,Upper-Middle
C100756,47,Male,Jaipur,Private Employee,689900,30-10-2019,Rajasthan,Upper-Middle
C104705,34,Male,Hyderabad,IT Professional,689900,07-05-2023,Telangana,Upper-Middle
C101685,35,Male,Hyderabad,Student,689700,02-01-2019,Telangana,Upper-Middle
C100544,42,Male,Delhi,Government Employee,689500,14-12-2020,Delhi,Upper-Middle
C104857,34,Female,Pune,Private Employee,689500,19-03-2023,Maharashtra,Upper-Middle
C104965,51,Female,Mumbai,IT Professional,689500,11-08-2023,Maharashtra,Upper-Middle
C100624,41,Male,Mumbai,Private Employee,689300,30-12-2023,Maharashtra,Upper-Middle
C101049,34,Male,Chennai,IT Professional,689300,10-09-2024,Tamil Nadu,Upper-Middle
C102073,33,Male,Bengaluru,Business Owner,689300,14-05-2024,Karnataka,Upper-Middle
C104740,34,Female,Pune,IT Professional,689000,12-11-2023,Maharashtra,Upper-Middle
C100502,33,Male,Mumbai,Business Owner,688700,01-02-2023,Maharashtra,Upper-Middle
C101152,49,Female,Chennai,Private Employee,688700,05-09-2024,Tamil Nadu,Upper-Middle
C102064,41,Male,Bengaluru,Private Employee,687900,13-06-2019,Karnataka,Upper-Middle
C102888,29,Male,Pune,Business Owner,687600,19-01-2019,Maharashtra,Upper-Middle
C104517,21,Female,Bengaluru,Self Employed,686900,28-08-2025,Karnataka,Upper-Middle
C104347,50,Male,Delhi,Government Employee,686400,06-01-2024,Delhi,Upper-Middle
C103533,30,Male,Jaipur,Government Employee,686200,28-11-2023,Rajasthan,Upper-Middle
C100953,34,Female,Delhi,Business Owner,686100,13-03-2025,Delhi,Upper-Middle
C101112,30,Female,Chennai,Student,685900,07-12-2020,Tamil Nadu,Upper-Middle
C101297,32,Female,Bengaluru,IT Professional,685900,26-07-2024,Karnataka,Upper-Middle
C104346,44,Female,Delhi,Student,685900,02-08-2024,Delhi,Upper-Middle
C100516,46,Female,Hyderabad,IT Professional,685700,14-12-2025,Telangana,Upper-Middle
C103014,25,Male,Pune,IT Professional,685500,25-01-2024,Maharashtra,Upper-Middle
C104349,27,Female,Delhi,Self Employed,685500,12-08-2022,Delhi,Upper-Middle
C103863,39,Female,Jaipur,Private Employee,685100,01-08-2021,Rajasthan,Upper-Middle
C104506,42,Male,Mumbai,Self Employed,684900,22-01-2022,Maharashtra,Upper-Middle
C101837,21,Female,Pune,Private Employee,684700,02-11-2024,Maharashtra,Upper-Middle
C104792,30,Female,Bengaluru,Government Employee,684700,06-07-2019,Karnataka,Upper-Middle
C100211,21,Male,Bengaluru,Business Owner,684600,13-05-2024,Karnataka,Upper-Middle
C103291,37,Male,Bengaluru,Government Employee,684600,26-04-2023,Karnataka,Upper-Middle
C101091,38,Male,Mumbai,Private Employee,684500,14-06-2019,Maharashtra,Upper-Middle
C101106,27,Male,Mumbai,IT Professional,684500,23-03-2019,Maharashtra,Upper-Middle
C101248,21,Female,Kochi,Government Employee,684500,06-02-2020,Kerala,Upper-Middle
C104584,42,Female,Chennai,Private Employee,684400,31-10-2024,Tamil Nadu,Upper-Middle
C100373,46,Female,Mumbai,Government Employee,684300,10-08-2023,Maharashtra,Upper-Middle
C101521,36,Female,Mumbai,Other,684200,28-07-2024,Maharashtra,Upper-Middle
C103279,29,Female,Chennai,Private Employee,684100,03-03-2021,Tamil Nadu,Upper-Middle
C100374,26,Female,Hyderabad,Private Employee,684000,18-10-2020,Telangana,Upper-Middle
C100474,48,Male,Bengaluru,Private Employee,683900,06-02-2019,Karnataka,Upper-Middle
C100294,24,Female,Bengaluru,Student,683600,05-12-2021,Karnataka,Upper-Middle
C102182,23,Female,Mumbai,Self Employed,683600,17-01-2019,Maharashtra,Upper-Middle
C104009,25,Male,Chennai,IT Professional,683100,13-03-2023,Tamil Nadu,Upper-Middle
C100002,26,Female,Ahmedabad,Self Employed,683000,04-02-2022,Gujarat,Upper-Middle
C102927,28,Female,Jaipur,Business Owner,682900,28-06-2021,Rajasthan,Upper-Middle
C103075,46,Male,Mumbai,Private Employee,682900,31-07-2022,Maharashtra,Upper-Middle
C102383,29,Male,Bengaluru,Government Employee,682600,16-03-2024,Karnataka,Upper-Middle
C104251,37,Male,Mumbai,Government Employee,682600,03-11-2021,Maharashtra,Upper-Middle
C103081,32,Female,Pune,Private Employee,682400,14-02-2022,Maharashtra,Upper-Middle
C100934,41,Male,Chennai,Private Employee,682200,22-04-2020,Tamil Nadu,Upper-Middle
C104930,39,Female,Hyderabad,Government Employee,682200,25-03-2024,Telangana,Upper-Middle
C103235,28,Male,Delhi,Private Employee,682100,17-09-2021,Delhi,Upper-Middle
C104192,38,Female,Jaipur,Private Employee,682100,11-06-2021,Rajasthan,Upper-Middle
C104049,35,Female,Chennai,Self Employed,681800,29-09-2025,Tamil Nadu,Upper-Middle
C104541,62,Female,Delhi,Private Employee,681700,13-02-2023,Delhi,Upper-Middle
C102581,27,Male,Kolkata,Private Employee,681600,27-04-2023,West Bengal,Upper-Middle
C101459,34,Male,Bengaluru,IT Professional,681400,04-06-2021,Karnataka,Upper-Middle
C102233,29,Male,Chennai,Government Employee,681300,09-07-2021,Tamil Nadu,Upper-Middle
C104203,42,Male,Bengaluru,Government Employee,681200,26-08-2023,Karnataka,Upper-Middle
C104300,30,Male,Hyderabad,Government Employee,681200,15-07-2025,Telangana,Upper-Middle
C102092,40,Female,Delhi,Other,681100,19-12-2021,Delhi,Upper-Middle
C103160,38,Male,Hyderabad,Business Owner,680900,21-05-2019,Telangana,Upper-Middle
C100861,31,Male,Chennai,Business Owner,680200,19-07-2024,Tamil Nadu,Upper-Middle
C103855,31,Female,Delhi,IT Professional,680000,30-12-2022,Delhi,Upper-Middle
C104996,33,Female,Jaipur,Private Employee,679800,05-10-2019,Rajasthan,Upper-Middle
C104895,43,Male,Pune,Self Employed,679600,15-11-2020,Maharashtra,Upper-Middle
C101611,21,Male,Delhi,Self Employed,679400,16-08-2024,Delhi,Upper-Middle
C102830,24,Other,Kochi,Self Employed,679400,22-07-2025,Kerala,Upper-Middle
C102725,38,Female,Jaipur,Other,679300,22-05-2019,Rajasthan,Upper-Middle
C104604,43,Male,Chennai,IT Professional,679200,24-11-2025,Tamil Nadu,Upper-Middle
C101071,37,Male,Mumbai,Student,679000,18-01-2025,Maharashtra,Upper-Middle
C100881,50,Female,Kochi,Government Employee,678800,23-01-2022,Kerala,Upper-Middle
C101512,43,Female,Mumbai,IT Professional,678600,27-05-2023,Maharashtra,Upper-Middle
C100230,23,Female,Hyderabad,IT Professional,678100,20-04-2025,Telangana,Upper-Middle
C102399,34,Male,Kolkata,Student,678100,30-11-2024,West Bengal,Upper-Middle
C103068,35,Female,Bengaluru,Self Employed,678100,31-12-2025,Karnataka,Upper-Middle
C100065,37,Male,Pune,Private Employee,678000,06-05-2025,Maharashtra,Upper-Middle
C104370,46,Male,Chennai,Private Employee,678000,27-08-2025,Tamil Nadu,Upper-Middle
C101292,43,Female,Mumbai,Other,677900,06-12-2019,Maharashtra,Upper-Middle
C100994,36,Female,Hyderabad,Self Employed,677800,15-08-2025,Telangana,Upper-Middle
C102517,42,Male,Pune,Business Owner,677400,28-10-2025,Maharashtra,Upper-Middle
C104455,52,Female,Pune,Private Employee,677400,28-01-2024,Maharashtra,Upper-Middle
C102396,21,Female,Kolkata,Student,677100,09-01-2021,West Bengal,Upper-Middle
C104823,37,Other,Mumbai,IT Professional,677100,28-03-2020,Maharashtra,Upper-Middle
C104570,38,Female,Hyderabad,Private Employee,676900,30-09-2019,Telangana,Upper-Middle
C100015,35,Female,Bengaluru,IT Professional,676800,24-02-2023,Karnataka,Upper-Middle
C104253,36,Female,Kolkata,Private Employee,676800,15-10-2019,West Bengal,Upper-Middle
C101012,28,Female,Kolkata,Self Employed,676200,12-08-2021,West Bengal,Upper-Middle
C101524,37,Female,Jaipur,Self Employed,676200,15-12-2019,Rajasthan,Upper-Middle
C101616,27,Female,Hyderabad,IT Professional,676100,22-01-2019,Telangana,Upper-Middle
C100436,33,Female,Delhi,Student,675800,15-08-2023,Delhi,Upper-Middle
C104913,21,Male,Ahmedabad,Other,675400,28-04-2025,Gujarat,Upper-Middle
C102797,29,Male,Delhi,Student,675200,03-09-2021,Delhi,Upper-Middle
C104918,25,Female,Bengaluru,Self Employed,675100,27-08-2019,Karnataka,Upper-Middle
C102186,29,Male,Mumbai,Private Employee,675000,25-07-2020,Maharashtra,Upper-Middle
C100900,27,Male,Hyderabad,Private Employee,674900,14-08-2024,Telangana,Upper-Middle
C104495,40,Male,Bengaluru,IT Professional,674700,05-06-2019,Karnataka,Upper-Middle
C101614,37,Male,Hyderabad,Business Owner,674500,27-07-2019,Telangana,Upper-Middle
C101888,35,Female,Kochi,Private Employee,674400,10-07-2022,Kerala,Upper-Middle
C102076,29,Male,Kolkata,Business Owner,674400,04-12-2025,West Bengal,Upper-Middle
C103824,31,Female,Bengaluru,IT Professional,674200,04-04-2024,Karnataka,Upper-Middle
C104066,37,Male,Pune,Student,674100,04-03-2020,Maharashtra,Upper-Middle
C103516,21,Male,Bengaluru,Government Employee,673600,03-03-2023,Karnataka,Upper-Middle
C103663,35,Female,Kolkata,Business Owner,673600,04-08-2020,West Bengal,Upper-Middle
C104908,47,Male,Ahmedabad,Government Employee,673300,03-04-2023,Gujarat,Upper-Middle
C100730,45,Female,Jaipur,Private Employee,673200,12-11-2020,Rajasthan,Upper-Middle
C101138,31,Female,Mumbai,Government Employee,673200,17-03-2020,Maharashtra,Upper-Middle
C103531,44,Male,Kochi,IT Professional,673100,29-06-2025,Kerala,Upper-Middle
C103328,21,Female,Hyderabad,Business Owner,672800,22-12-2019,Telangana,Upper-Middle
C101414,26,Female,Bengaluru,Private Employee,672600,01-03-2020,Karnataka,Upper-Middle
C102188,42,Female,Pune,Business Owner,672300,25-01-2022,Maharashtra,Upper-Middle
C101687,38,Female,Hyderabad,IT Professional,672200,29-05-2025,Telangana,Upper-Middle
C104260,40,Male,Pune,Student,671900,28-07-2021,Maharashtra,Upper-Middle
C101022,45,Male,Hyderabad,Private Employee,671700,23-02-2024,Telangana,Upper-Middle
C103984,38,Male,Mumbai,Student,671100,29-04-2020,Maharashtra,Upper-Middle
C103705,30,Female,Pune,IT Professional,671000,20-10-2020,Maharashtra,Upper-Middle
C101234,39,Female,Bengaluru,IT Professional,670800,05-02-2020,Karnataka,Upper-Middle
C102068,45,Male,Bengaluru,IT Professional,670600,11-07-2025,Karnataka,Upper-Middle
C102277,28,Female,Mumbai,Private Employee,670500,30-05-2022,Maharashtra,Upper-Middle
C101518,44,Male,Bengaluru,IT Professional,670400,13-08-2020,Karnataka,Upper-Middle
C103698,40,Female,Jaipur,Private Employee,670400,16-01-2023,Rajasthan,Upper-Middle
C102339,26,Male,Kolkata,Private Employee,670100,29-11-2024,West Bengal,Upper-Middle
C103569,29,Female,Chennai,IT Professional,670100,09-08-2019,Tamil Nadu,Upper-Middle
C104271,40,Male,Kolkata,IT Professional,669900,07-09-2020,West Bengal,Upper-Middle
C101594,24,Male,Bengaluru,IT Professional,669700,13-11-2019,Karnataka,Upper-Middle
C103193,33,Female,Mumbai,Government Employee,669700,04-05-2024,Maharashtra,Upper-Middle
C104817,39,Male,Mumbai,Private Employee,669700,21-01-2023,Maharashtra,Upper-Middle
C100669,45,Female,Mumbai,Other,669600,09-02-2021,Maharashtra,Upper-Middle
C101312,50,Male,Pune,Student,669600,10-12-2020,Maharashtra,Upper-Middle
C103530,38,Female,Hyderabad,Business Owner,669600,10-01-2022,Telangana,Upper-Middle
C104579,35,Male,Pune,Government Employee,669600,04-11-2019,Maharashtra,Upper-Middle
C102428,36,Male,Chennai,Private Employee,669500,16-04-2021,Tamil Nadu,Upper-Middle
C102926,36,Male,Delhi,Business Owner,669400,13-07-2022,Delhi,Upper-Middle
C103002,23,Male,Bengaluru,IT Professional,669100,28-12-2022,Karnataka,Upper-Middle
C103487,28,Female,Delhi,Government Employee,668800,08-01-2019,Delhi,Upper-Middle
C100603,51,Male,Hyderabad,Government Employee,668500,09-01-2021,Telangana,Upper-Middle
C100629,47,Male,Delhi,Other,668200,02-02-2025,Delhi,Upper-Middle
C100823,33,Male,Delhi,Other,668200,31-05-2022,Delhi,Upper-Middle
C104246,38,Female,Mumbai,Government Employee,668100,07-04-2024,Maharashtra,Upper-Middle
C103338,24,Female,Chennai,Government Employee,667900,11-07-2020,Tamil Nadu,Upper-Middle
C100481,37,Male,Delhi,IT Professional,667800,10-10-2024,Delhi,Upper-Middle
C104846,21,Male,Pune,Student,667700,15-01-2023,Maharashtra,Upper-Middle
C104988,28,Female,Pune,Student,667300,24-10-2025,Maharashtra,Upper-Middle
C101889,30,Male,Delhi,IT Professional,667100,28-11-2021,Delhi,Upper-Middle
C102527,29,Male,Jaipur,Government Employee,667000,15-08-2023,Rajasthan,Upper-Middle
C104329,28,Male,Hyderabad,Government Employee,667000,13-07-2023,Telangana,Upper-Middle
C102094,32,Male,Mumbai,Private Employee,666900,23-05-2025,Maharashtra,Upper-Middle
C102688,35,Male,Jaipur,Self Employed,666900,24-07-2021,Rajasthan,Upper-Middle
C100719,27,Female,Mumbai,Self Employed,666700,16-09-2023,Maharashtra,Upper-Middle
C100764,41,Male,Kolkata,Private Employee,666700,31-12-2019,West Bengal,Upper-Middle
C102893,39,Male,Hyderabad,Self Employed,666600,28-10-2025,Telangana,Upper-Middle
C100598,27,Male,Delhi,Student,666400,03-10-2022,Delhi,Upper-Middle
C101779,47,Male,Kochi,Private Employee,666100,05-12-2023,Kerala,Upper-Middle
C102509,21,Female,Mumbai,IT Professional,666100,20-10-2023,Maharashtra,Upper-Middle
C102131,33,Male,Kolkata,IT Professional,666000,06-08-2024,West Bengal,Upper-Middle
C102789,33,Male,Chennai,Self Employed,666000,10-09-2022,Tamil Nadu,Upper-Middle
C103205,31,Female,Chennai,Government Employee,666000,12-03-2020,Tamil Nadu,Upper-Middle
C103429,44,Female,Mumbai,Private Employee,665900,24-08-2023,Maharashtra,Upper-Middle
C103485,35,Other,Bengaluru,Private Employee,665900,03-06-2020,Karnataka,Upper-Middle
C100135,39,Female,Ahmedabad,IT Professional,665800,17-11-2021,Gujarat,Upper-Middle
C104189,36,Female,Hyderabad,Private Employee,665800,21-04-2024,Telangana,Upper-Middle
C102124,34,Male,Hyderabad,Private Employee,665700,30-03-2021,Telangana,Upper-Middle
C104661,45,Female,Mumbai,IT Professional,665300,21-05-2021,Maharashtra,Upper-Middle
C103022,44,Male,Kolkata,Government Employee,664700,22-04-2023,West Bengal,Upper-Middle
C104554,41,Male,Hyderabad,IT Professional,664700,13-05-2020,Telangana,Upper-Middle
C100027,47,Female,Kolkata,Private Employee,664600,09-08-2024,West Bengal,Upper-Middle
C100115,39,Female,Bengaluru,IT Professional,664600,26-07-2019,Karnataka,Upper-Middle
C104086,23,Male,Chennai,IT Professional,664300,09-08-2019,Tamil Nadu,Upper-Middle
C103423,27,Male,Mumbai,IT Professional,664200,14-08-2024,Maharashtra,Upper-Middle
C104595,28,Male,Delhi,Student,663800,30-10-2025,Delhi,Upper-Middle
C102684,25,Male,Kochi,Government Employee,663700,08-05-2025,Kerala,Upper-Middle
C101662,34,Female,Hyderabad,IT Professional,663600,30-08-2020,Telangana,Upper-Middle
C100337,40,Male,Jaipur,IT Professional,663200,26-06-2025,Rajasthan,Upper-Middle
C104711,33,Male,Delhi,Business Owner,662900,25-06-2023,Delhi,Upper-Middle
C104321,29,Female,Bengaluru,IT Professional,662600,09-04-2020,Karnataka,Upper-Middle
C101981,48,Male,Hyderabad,Self Employed,662500,17-05-2022,Telangana,Upper-Middle
C103178,39,Female,Kolkata,Government Employee,662400,23-09-2024,West Bengal,Upper-Middle
C104909,21,Female,Mumbai,Self Employed,662200,27-04-2020,Maharashtra,Upper-Middle
C101964,43,Male,Bengaluru,Private Employee,662000,29-03-2024,Karnataka,Upper-Middle
C101584,33,Male,Ahmedabad,Private Employee,661700,31-03-2019,Gujarat,Upper-Middle
C102056,27,Male,Bengaluru,Private Employee,661600,17-12-2023,Karnataka,Upper-Middle
C101316,34,Male,Mumbai,Private Employee,661200,11-01-2019,Maharashtra,Upper-Middle
C100020,33,Female,Pune,IT Professional,660900,30-03-2022,Maharashtra,Upper-Middle
C104486,41,Male,Mumbai,Business Owner,659900,26-07-2024,Maharashtra,Upper-Middle
C104745,27,Male,Hyderabad,Government Employee,659600,06-01-2019,Telangana,Upper-Middle
C104873,32,Female,Mumbai,Government Employee,659500,30-01-2019,Maharashtra,Upper-Middle
C103956,36,Male,Bengaluru,Private Employee,659200,21-04-2023,Karnataka,Upper-Middle
C100859,21,Female,Mumbai,Private Employee,658900,01-04-2024,Maharashtra,Upper-Middle
C103658,39,Male,Ahmedabad,Self Employed,658900,01-02-2021,Gujarat,Upper-Middle
C101177,34,Male,Bengaluru,Student,658700,26-08-2022,Karnataka,Upper-Middle
C103959,21,Female,Mumbai,Private Employee,658700,15-04-2022,Maharashtra,Upper-Middle
C103973,42,Male,Bengaluru,Private Employee,658200,27-09-2025,Karnataka,Upper-Middle
C104319,49,Male,Hyderabad,IT Professional,658000,03-01-2024,Telangana,Upper-Middle
C104638,41,Male,Bengaluru,IT Professional,658000,27-12-2022,Karnataka,Upper-Middle
C100185,31,Male,Hyderabad,Other,657900,13-04-2025,Telangana,Upper-Middle
C100612,35,Female,Kolkata,Business Owner,657800,25-01-2020,West Bengal,Upper-Middle
C104222,26,Female,Bengaluru,Business Owner,657800,04-03-2025,Karnataka,Upper-Middle
C101731,40,Female,Chennai,Private Employee,657400,22-01-2024,Tamil Nadu,Upper-Middle
C103758,28,Female,Bengaluru,Government Employee,657400,27-06-2025,Karnataka,Upper-Middle
C102031,51,Female,Pune,Private Employee,657100,18-04-2022,Maharashtra,Upper-Middle
C101867,30,Female,Delhi,IT Professional,657000,20-11-2019,Delhi,Upper-Middle
C102401,34,Other,Mumbai,Private Employee,656900,03-12-2025,Maharashtra,Upper-Middle
C103409,26,Male,Bengaluru,IT Professional,656800,05-04-2020,Karnataka,Upper-Middle
C100114,21,Female,Chennai,IT Professional,656600,28-01-2020,Tamil Nadu,Upper-Middle
C103538,35,Female,Hyderabad,Student,656500,11-11-2019,Telangana,Upper-Middle
C104324,29,Female,Bengaluru,IT Professional,656500,03-06-2021,Karnataka,Upper-Middle
C101495,30,Male,Mumbai,Private Employee,656100,08-06-2025,Maharashtra,Upper-Middle
C102102,21,Female,Pune,Business Owner,656100,04-05-2024,Maharashtra,Upper-Middle
C102414,29,Male,Pune,Private Employee,655900,17-07-2019,Maharashtra,Upper-Middle
C101626,45,Female,Chennai,Government Employee,655300,17-08-2022,Tamil Nadu,Upper-Middle
C102521,27,Female,Jaipur,Government Employee,655000,13-06-2021,Rajasthan,Upper-Middle
C101367,41,Male,Bengaluru,Other,654900,19-11-2022,Karnataka,Upper-Middle
C102378,26,Female,Bengaluru,Other,654900,11-06-2019,Karnataka,Upper-Middle
C104023,39,Male,Mumbai,Self Employed,654900,04-04-2024,Maharashtra,Upper-Middle
C100311,42,Male,Pune,Student,654700,08-05-2019,Maharashtra,Upper-Middle
C101604,26,Male,Ahmedabad,Business Owner,654700,10-09-2023,Gujarat,Upper-Middle
C102503,35,Male,Mumbai,Government Employee,654500,29-12-2024,Maharashtra,Upper-Middle
C100101,33,Male,Chennai,Self Employed,654400,17-05-2020,Tamil Nadu,Upper-Middle
C100319,31,Male,Bengaluru,IT Professional,654400,14-08-2023,Karnataka,Upper-Middle
C102018,36,Female,Mumbai,IT Professional,654100,12-11-2025,Maharashtra,Upper-Middle
C104656,55,Female,Chennai,Government Employee,654000,10-06-2024,Tamil Nadu,Upper-Middle
C104723,40,Male,Bengaluru,Government Employee,654000,17-08-2024,Karnataka,Upper-Middle
C100514,31,Female,Delhi,IT Professional,653800,20-01-2021,Delhi,Upper-Middle
C102846,42,Female,Bengaluru,Private Employee,653700,18-12-2022,Karnataka,Upper-Middle
C101175,40,Female,Hyderabad,Private Employee,653500,06-07-2019,Telangana,Upper-Middle
C104218,34,Male,Hyderabad,Private Employee,653500,08-07-2021,Telangana,Upper-Middle
C101952,37,Male,Delhi,Government Employee,653300,26-05-2022,Delhi,Upper-Middle
C104169,29,Male,Hyderabad,IT Professional,653200,15-07-2025,Telangana,Upper-Middle
C103168,43,Male,Delhi,Business Owner,653100,12-03-2021,Delhi,Upper-Middle
C100824,22,Male,Chennai,IT Professional,653000,06-01-2019,Tamil Nadu,Upper-Middle
C101597,34,Male,Ahmedabad,Business Owner,652900,09-04-2024,Gujarat,Upper-Middle
C101786,32,Female,Pune,IT Professional,652900,16-02-2022,Maharashtra,Upper-Middle
C100251,29,Female,Delhi,Business Owner,652300,28-02-2024,Delhi,Upper-Middle
C104784,45,Female,Bengaluru,Self Employed,652300,10-03-2021,Karnataka,Upper-Middle
C103428,31,Female,Mumbai,IT Professional,652200,09-05-2023,Maharashtra,Upper-Middle
C100793,47,Female,Hyderabad,Private Employee,652000,26-11-2024,Telangana,Upper-Middle
C102784,48,Female,Ahmedabad,Private Employee,651900,08-05-2020,Gujarat,Upper-Middle
C100967,23,Female,Chennai,Private Employee,651800,01-09-2024,Tamil Nadu,Upper-Middle
C103362,39,Female,Bengaluru,Business Owner,651800,26-10-2023,Karnataka,Upper-Middle
C100039,47,Male,Kolkata,IT Professional,651600,01-09-2025,West Bengal,Upper-Middle
C101283,35,Female,Mumbai,Student,651400,02-09-2019,Maharashtra,Upper-Middle
C101819,44,Female,Delhi,IT Professional,651200,16-09-2022,Delhi,Upper-Middle
C100759,30,Male,Hyderabad,Private Employee,651100,26-12-2020,Telangana,Upper-Middle
C102859,35,Male,Kochi,Private Employee,651100,05-03-2022,Kerala,Upper-Middle
C101447,35,Male,Bengaluru,IT Professional,650900,15-09-2024,Karnataka,Upper-Middle
C102406,34,Male,Mumbai,Government Employee,650900,20-04-2020,Maharashtra,Upper-Middle
C104979,32,Male,Bengaluru,IT Professional,650300,18-03-2025,Karnataka,Upper-Middle
C102014,34,Female,Ahmedabad,Student,650200,02-11-2023,Gujarat,Upper-Middle
C104889,45,Female,Pune,IT Professional,650100,07-12-2023,Maharashtra,Upper-Middle
C102529,30,Male,Bengaluru,IT Professional,649900,06-09-2024,Karnataka,Upper-Middle
C103287,48,Female,Ahmedabad,Private Employee,649900,29-01-2022,Gujarat,Upper-Middle
C104056,40,Male,Kochi,Student,649900,10-06-2023,Kerala,Upper-Middle
C101742,48,Male,Chennai,Other,649700,09-08-2022,Tamil Nadu,Upper-Middle
C103689,27,Female,Hyderabad,IT Professional,649600,04-11-2020,Telangana,Upper-Middle
C103505,25,Female,Bengaluru,Private Employee,649500,21-05-2021,Karnataka,Upper-Middle
C101618,35,Male,Chennai,Student,649300,13-06-2021,Tamil Nadu,Upper-Middle
C101983,27,Female,Bengaluru,Private Employee,649300,03-02-2023,Karnataka,Upper-Middle
C102156,36,Male,Bengaluru,Other,648600,22-06-2019,Karnataka,Upper-Middle
C103354,36,Female,Delhi,IT Professional,648500,17-11-2025,Delhi,Upper-Middle
C100488,33,Female,Pune,Private Employee,648300,02-02-2025,Maharashtra,Upper-Middle
C102959,43,Female,Delhi,Private Employee,648300,03-10-2025,Delhi,Upper-Middle
C104145,35,Female,Mumbai,Student,647900,09-09-2025,Maharashtra,Upper-Middle
C101342,41,Female,Mumbai,Self Employed,647700,02-10-2025,Maharashtra,Upper-Middle
C103838,30,Female,Delhi,Other,647700,02-01-2020,Delhi,Upper-Middle
C102168,21,Female,Delhi,IT Professional,647600,20-09-2020,Delhi,Upper-Middle
C100303,39,Female,Chennai,Student,647000,30-11-2020,Tamil Nadu,Upper-Middle
C102821,48,Male,Kolkata,Government Employee,646700,23-07-2025,West Bengal,Upper-Middle
C103411,21,Male,Delhi,IT Professional,646000,27-12-2021,Delhi,Upper-Middle
C104045,21,Female,Hyderabad,Government Employee,645900,27-01-2025,Telangana,Upper-Middle
C104143,43,Male,Hyderabad,IT Professional,645900,30-01-2020,Telangana,Upper-Middle
C101756,25,Male,Delhi,Self Employed,645800,08-04-2025,Delhi,Upper-Middle
C101638,49,Female,Bengaluru,Self Employed,645700,02-07-2020,Karnataka,Upper-Middle
C101904,37,Male,Mumbai,IT Professional,645600,17-10-2022,Maharashtra,Upper-Middle
C100500,30,Male,Delhi,IT Professional,645100,03-06-2021,Delhi,Upper-Middle
C100306,56,Male,Bengaluru,IT Professional,645000,10-07-2019,Karnataka,Upper-Middle
C102426,40,Female,Chennai,Private Employee,645000,24-12-2024,Tamil Nadu,Upper-Middle
C100153,37,Female,Kolkata,Other,644900,05-12-2022,West Bengal,Upper-Middle
C100802,36,Female,Delhi,Student,644900,22-03-2023,Delhi,Upper-Middle
C101588,28,Male,Jaipur,Private Employee,644800,16-04-2019,Rajasthan,Upper-Middle
C103607,47,Female,Mumbai,Self Employed,644700,13-01-2024,Maharashtra,Upper-Middle
C102850,34,Male,Chennai,Government Employee,644600,19-02-2024,Tamil Nadu,Upper-Middle
C104304,51,Male,Delhi,Private Employee,644400,30-07-2021,Delhi,Upper-Middle
C100621,47,Male,Delhi,Government Employee,643700,26-05-2021,Delhi,Upper-Middle
C103250,26,Female,Delhi,Government Employee,643600,29-10-2020,Delhi,Upper-Middle
C103843,55,Male,Bengaluru,Government Employee,643600,09-05-2021,Karnataka,Upper-Middle
C100164,35,Female,Pune,Self Employed,643400,01-03-2023,Maharashtra,Upper-Middle
C104212,24,Male,Kolkata,Private Employee,642900,08-08-2024,West Bengal,Upper-Middle
C104459,39,Male,Hyderabad,Student,642900,17-04-2023,Telangana,Upper-Middle
C103518,38,Female,Pune,Private Employee,642700,23-08-2020,Maharashtra,Upper-Middle
C101118,25,Male,Kolkata,Private Employee,642500,22-07-2021,West Bengal,Upper-Middle
C104828,26,Other,Bengaluru,IT Professional,642000,15-08-2024,Karnataka,Upper-Middle
C100681,21,Male,Hyderabad,Private Employee,641900,23-10-2024,Telangana,Upper-Middle
C101072,36,Male,Bengaluru,Government Employee,641600,04-11-2024,Karnataka,Upper-Middle
C104162,30,Female,Chennai,Self Employed,641600,01-09-2021,Tamil Nadu,Upper-Middle
C100346,23,Male,Delhi,Private Employee,641400,05-06-2024,Delhi,Upper-Middle
C103731,34,Male,Bengaluru,IT Professional,641200,19-02-2019,Karnataka,Upper-Middle
C101226,28,Male,Delhi,Other,641100,17-01-2022,Delhi,Upper-Middle
C103128,40,Male,Pune,Private Employee,640800,03-01-2025,Maharashtra,Upper-Middle
C101108,31,Female,Bengaluru,Government Employee,640700,04-04-2024,Karnataka,Upper-Middle
C102538,37,Female,Bengaluru,Student,640700,17-07-2019,Karnataka,Upper-Middle
C102671,39,Male,Bengaluru,Self Employed,640700,10-02-2019,Karnataka,Upper-Middle
C104378,31,Female,Mumbai,Private Employee,640300,30-04-2020,Maharashtra,Upper-Middle
C104288,30,Female,Kochi,IT Professional,639900,22-01-2022,Kerala,Upper-Middle
C104724,37,Female,Chennai,IT Professional,639900,14-12-2023,Tamil Nadu,Upper-Middle
C102542,36,Female,Delhi,Government Employee,639800,16-12-2021,Delhi,Upper-Middle
C101711,35,Female,Kolkata,IT Professional,639500,21-09-2020,West Bengal,Upper-Middle
C102845,33,Male,Delhi,Self Employed,639500,16-05-2021,Delhi,Upper-Middle
C102112,21,Female,Pune,Self Employed,639200,09-07-2019,Maharashtra,Upper-Middle
C104580,21,Female,Bengaluru,Business Owner,639100,03-09-2021,Karnataka,Upper-Middle
C100096,49,Female,Mumbai,Private Employee,639000,19-09-2024,Maharashtra,Upper-Middle
C104503,49,Female,Delhi,IT Professional,638900,12-05-2020,Delhi,Upper-Middle
C102167,31,Male,Pune,Private Employee,638400,02-07-2019,Maharashtra,Upper-Middle
C103497,40,Female,Chennai,Self Employed,638400,17-05-2019,Tamil Nadu,Upper-Middle
C101516,28,Female,Chennai,Business Owner,638100,08-08-2023,Tamil Nadu,Upper-Middle
C103091,49,Female,Delhi,Self Employed,638000,22-04-2022,Delhi,Upper-Middle
C104277,33,Female,Bengaluru,Private Employee,638000,09-03-2020,Karnataka,Upper-Middle
C102070,46,Female,Mumbai,Student,637900,26-08-2019,Maharashtra,Upper-Middle
C104084,39,Male,Bengaluru,Self Employed,637800,15-06-2020,Karnataka,Upper-Middle
C104087,29,Male,Pune,Student,637400,26-09-2020,Maharashtra,Upper-Middle
C104751,28,Female,Bengaluru,Student,637400,25-01-2020,Karnataka,Upper-Middle
C104174,33,Female,Jaipur,Student,637300,29-12-2021,Rajasthan,Upper-Middle
C100898,50,Female,Kochi,Private Employee,637100,07-08-2022,Kerala,Upper-Middle
C100233,21,Male,Mumbai,Self Employed,636900,18-08-2024,Maharashtra,Upper-Middle
C100774,36,Male,Kolkata,Business Owner,636900,12-03-2023,West Bengal,Upper-Middle
C101783,29,Male,Hyderabad,Private Employee,636900,27-03-2019,Telangana,Upper-Middle
C102579,42,Female,Bengaluru,Private Employee,636900,14-06-2024,Karnataka,Upper-Middle
C103677,31,Male,Jaipur,Self Employed,636900,06-02-2023,Rajasthan,Upper-Middle
C100470,40,Other,Mumbai,Government Employee,636800,04-09-2021,Maharashtra,Upper-Middle
C100817,50,Male,Hyderabad,Government Employee,636700,06-03-2022,Telangana,Upper-Middle
C103119,43,Male,Mumbai,Private Employee,636700,08-08-2024,Maharashtra,Upper-Middle
C101048,42,Male,Delhi,Private Employee,636400,23-12-2020,Delhi,Upper-Middle
C101647,38,Female,Mumbai,Private Employee,636300,15-05-2022,Maharashtra,Upper-Middle
C103932,35,Female,Mumbai,Private Employee,636300,30-08-2024,Maharashtra,Upper-Middle
C102641,27,Male,Ahmedabad,Private Employee,636200,18-12-2024,Gujarat,Upper-Middle
C101127,21,Male,Mumbai,Private Employee,636100,15-08-2020,Maharashtra,Upper-Middle
C100567,34,Male,Hyderabad,Other,636000,17-07-2021,Telangana,Upper-Middle
C102716,40,Female,Chennai,IT Professional,636000,23-11-2023,Tamil Nadu,Upper-Middle
C103211,32,Female,Mumbai,Government Employee,636000,02-07-2019,Maharashtra,Upper-Middle
C102041,49,Female,Kolkata,IT Professional,635900,01-09-2019,West Bengal,Upper-Middle
C103555,27,Female,Ahmedabad,Private Employee,635900,16-09-2025,Gujarat,Upper-Middle
C101123,27,Female,Mumbai,Self Employed,635400,05-03-2024,Maharashtra,Upper-Middle
C103316,32,Female,Bengaluru,Student,635300,18-10-2023,Karnataka,Upper-Middle
C103135,41,Female,Delhi,IT Professional,635200,11-02-2022,Delhi,Upper-Middle
C101304,21,Female,Ahmedabad,Private Employee,635100,21-06-2024,Gujarat,Upper-Middle
C103785,37,Male,Delhi,Business Owner,635100,07-08-2021,Delhi,Upper-Middle
C104161,42,Male,Mumbai,Business Owner,635000,29-05-2023,Maharashtra,Upper-Middle
C103692,34,Male,Bengaluru,Business Owner,634900,07-04-2024,Karnataka,Upper-Middle
C103513,38,Female,Kochi,Government Employee,634800,10-01-2019,Kerala,Upper-Middle
C102729,46,Female,Pune,Self Employed,634700,15-04-2023,Maharashtra,Upper-Middle
C100253,22,Male,Mumbai,Private Employee,634000,27-05-2021,Maharashtra,Upper-Middle
C102570,42,Female,Mumbai,Private Employee,633500,27-10-2024,Maharashtra,Upper-Middle
C103251,40,Female,Delhi,Other,633500,24-09-2020,Delhi,Upper-Middle
C100905,25,Female,Hyderabad,Private Employee,633300,01-12-2021,Telangana,Upper-Middle
C100130,43,Male,Mumbai,Government Employee,633100,29-03-2022,Maharashtra,Upper-Middle
C104164,40,Male,Bengaluru,Private Employee,633100,01-09-2025,Karnataka,Upper-Middle
C101397,43,Female,Ahmedabad,Government Employee,632900,04-08-2019,Gujarat,Upper-Middle
C103269,25,Male,Mumbai,Government Employee,632700,03-07-2024,Maharashtra,Upper-Middle
C102297,27,Male,Mumbai,IT Professional,632300,01-08-2019,Maharashtra,Upper-Middle
C103468,39,Male,Delhi,Self Employed,632000,19-05-2021,Delhi,Upper-Middle
C101936,21,Male,Hyderabad,Self Employed,631900,11-10-2020,Telangana,Upper-Middle
C103521,28,Male,Hyderabad,Government Employee,631900,17-09-2025,Telangana,Upper-Middle
C102281,54,Male,Bengaluru,Private Employee,631800,10-06-2022,Karnataka,Upper-Middle
C100705,47,Female,Delhi,Private Employee,631700,10-03-2019,Delhi,Upper-Middle
C103261,36,Male,Delhi,Self Employed,631600,02-02-2025,Delhi,Upper-Middle
C104948,31,Female,Delhi,IT Professional,631600,17-03-2019,Delhi,Upper-Middle
C101191,26,Female,Kolkata,IT Professional,631400,03-06-2019,West Bengal,Upper-Middle
C100562,31,Male,Delhi,IT Professional,631300,09-07-2019,Delhi,Upper-Middle
C103021,42,Male,Kolkata,Private Employee,631100,12-12-2024,West Bengal,Upper-Middle
C102805,37,Female,Delhi,Private Employee,630800,21-10-2025,Delhi,Upper-Middle
C104620,40,Male,Chennai,Business Owner,630800,15-04-2019,Tamil Nadu,Upper-Middle
C101450,24,Female,Hyderabad,Private Employee,630600,04-05-2022,Telangana,Upper-Middle
C101149,42,Female,Delhi,Business Owner,630300,10-08-2020,Delhi,Upper-Middle
C103196,23,Male,Hyderabad,Business Owner,630000,31-05-2025,Telangana,Upper-Middle
C104007,53,Female,Hyderabad,Business Owner,630000,15-08-2023,Telangana,Upper-Middle
C102532,32,Female,Bengaluru,Government Employee,629900,06-10-2025,Karnataka,Upper-Middle
C100433,28,Female,Mumbai,Private Employee,629800,14-06-2021,Maharashtra,Upper-Middle
C101916,32,Female,Mumbai,IT Professional,629800,20-12-2020,Maharashtra,Upper-Middle
C104573,31,Female,Bengaluru,Self Employed,629800,17-11-2021,Karnataka,Upper-Middle
C104986,33,Male,Pune,IT Professional,629600,23-04-2023,Maharashtra,Upper-Middle
C100772,47,Male,Chennai,Private Employee,629400,07-08-2025,Tamil Nadu,Upper-Middle
C101301,22,Female,Jaipur,Business Owner,629200,20-10-2019,Rajasthan,Upper-Middle
C102317,28,Other,Kolkata,Self Employed,629200,05-01-2024,West Bengal,Upper-Middle
C103923,33,Male,Kochi,Self Employed,629200,31-08-2021,Kerala,Upper-Middle
C103339,39,Male,Delhi,Other,629100,21-12-2023,Delhi,Upper-Middle
C102774,36,Female,Bengaluru,IT Professional,629000,14-07-2023,Karnataka,Upper-Middle
C100606,47,Male,Delhi,Private Employee,628800,09-05-2022,Delhi,Upper-Middle
C102633,38,Male,Bengaluru,Business Owner,628800,07-07-2022,Karnataka,Upper-Middle
C103662,51,Male,Pune,Private Employee,628500,10-03-2022,Maharashtra,Upper-Middle
C102545,37,Female,Pune,Self Employed,628400,10-03-2020,Maharashtra,Upper-Middle
C103666,45,Male,Pune,IT Professional,628400,24-08-2022,Maharashtra,Upper-Middle
C101031,29,Female,Pune,Business Owner,628300,24-08-2021,Maharashtra,Upper-Middle
C100887,26,Male,Chennai,IT Professional,627900,23-03-2024,Tamil Nadu,Upper-Middle
C100853,27,Female,Jaipur,Private Employee,627700,10-08-2024,Rajasthan,Upper-Middle
C101171,30,Male,Delhi,Self Employed,627400,29-05-2019,Delhi,Upper-Middle
C103715,46,Male,Kolkata,Student,627400,26-03-2020,West Bengal,Upper-Middle
C101739,46,Female,Jaipur,Private Employee,627100,23-04-2024,Rajasthan,Upper-Middle
C104337,42,Female,Delhi,Business Owner,627100,08-08-2025,Delhi,Upper-Middle
C102386,35,Male,Mumbai,Government Employee,627000,25-10-2020,Maharashtra,Upper-Middle
C100662,37,Female,Bengaluru,Private Employee,626800,12-11-2024,Karnataka,Upper-Middle
C101852,29,Male,Pune,IT Professional,626600,20-12-2025,Maharashtra,Upper-Middle
C102905,25,Female,Jaipur,Business Owner,626500,09-08-2023,Rajasthan,Upper-Middle
C101344,45,Male,Ahmedabad,Self Employed,626400,10-10-2024,Gujarat,Upper-Middle
C103415,44,Female,Delhi,Student,626400,08-12-2021,Delhi,Upper-Middle
C103830,29,Male,Mumbai,Government Employee,626300,21-04-2021,Maharashtra,Upper-Middle
C104385,41,Other,Mumbai,Business Owner,626300,09-01-2023,Maharashtra,Upper-Middle
C101434,25,Male,Chennai,Private Employee,626200,05-11-2020,Tamil Nadu,Upper-Middle
C101784,45,Male,Kolkata,Business Owner,626200,13-04-2022,West Bengal,Upper-Middle
C104803,25,Male,Jaipur,Government Employee,626200,09-02-2021,Rajasthan,Upper-Middle
C104600,21,Female,Bengaluru,Student,626000,11-07-2021,Karnataka,Upper-Middle
C104977,42,Female,Bengaluru,Private Employee,626000,09-04-2021,Karnataka,Upper-Middle
C102928,35,Male,Mumbai,Government Employee,625800,29-07-2019,Maharashtra,Upper-Middle
C101101,33,Male,Bengaluru,IT Professional,625300,07-01-2025,Karnataka,Upper-Middle
C101002,31,Female,Mumbai,Self Employed,625200,28-07-2020,Maharashtra,Upper-Middle
C104092,21,Female,Mumbai,Student,625000,14-09-2023,Maharashtra,Upper-Middle
C101959,32,Female,Bengaluru,Student,624900,31-10-2023,Karnataka,Upper-Middle
C104525,46,Male,Mumbai,Private Employee,624800,10-02-2024,Maharashtra,Upper-Middle
C104645,45,Female,Mumbai,Private Employee,624800,24-11-2023,Maharashtra,Upper-Middle
C101703,21,Female,Delhi,Business Owner,624700,06-06-2022,Delhi,Upper-Middle
C102166,47,Female,Bengaluru,Business Owner,624700,27-11-2023,Karnataka,Upper-Middle
C104308,48,Male,Hyderabad,Self Employed,624700,12-08-2021,Telangana,Upper-Middle
C103700,24,Female,Hyderabad,Private Employee,624600,25-01-2020,Telangana,Upper-Middle
C103826,35,Female,Hyderabad,IT Professional,624600,09-09-2020,Telangana,Upper-Middle
C100560,33,Male,Mumbai,Private Employee,624500,19-06-2024,Maharashtra,Upper-Middle
C103028,32,Male,Mumbai,Private Employee,624300,26-02-2025,Maharashtra,Upper-Middle
C100493,48,Male,Pune,IT Professional,623800,22-09-2019,Maharashtra,Upper-Middle
C100996,32,Male,Kochi,IT Professional,623600,18-04-2024,Kerala,Upper-Middle
C100732,21,Female,Ahmedabad,Private Employee,623500,30-03-2025,Gujarat,Upper-Middle
C104356,26,Female,Bengaluru,Private Employee,623500,11-07-2019,Karnataka,Upper-Middle
C103285,27,Male,Delhi,IT Professional,623300,09-08-2022,Delhi,Upper-Middle
C104993,28,Male,Kolkata,IT Professional,623300,17-02-2024,West Bengal,Upper-Middle
C104629,37,Male,Delhi,IT Professional,623200,08-02-2025,Delhi,Upper-Middle
C100906,40,Female,Mumbai,Private Employee,623100,06-11-2024,Maharashtra,Upper-Middle
C101533,37,Male,Kolkata,Private Employee,622500,13-06-2022,West Bengal,Upper-Middle
C104744,29,Female,Hyderabad,Other,622400,19-12-2021,Telangana,Upper-Middle
C104470,45,Male,Bengaluru,Government Employee,622100,14-05-2024,Karnataka,Upper-Middle
C104922,40,Male,Bengaluru,IT Professional,621900,18-09-2022,Karnataka,Upper-Middle
C100463,37,Male,Ahmedabad,Private Employee,621500,29-12-2020,Gujarat,Upper-Middle
C103748,36,Female,Chennai,Student,621500,21-12-2023,Tamil Nadu,Upper-Middle
C101236,51,Male,Bengaluru,IT Professional,621400,07-09-2019,Karnataka,Upper-Middle
C100286,31,Female,Chennai,Business Owner,621000,26-03-2021,Tamil Nadu,Upper-Middle
C104672,34,Female,Kolkata,Private Employee,620900,14-08-2024,West Bengal,Upper-Middle
C103110,40,Male,Kolkata,Self Employed,620800,15-12-2020,West Bengal,Upper-Middle
C100072,47,Male,Kochi,Private Employee,620600,28-05-2021,Kerala,Upper-Middle
C101600,36,Female,Chennai,IT Professional,620500,10-12-2022,Tamil Nadu,Upper-Middle
C102035,38,Male,Delhi,Business Owner,620500,19-09-2019,Delhi,Upper-Middle
C102312,27,Male,Delhi,Private Employee,620300,12-07-2023,Delhi,Upper-Middle
C100609,30,Male,Kochi,IT Professional,620200,13-11-2025,Kerala,Upper-Middle
C104704,40,Male,Pune,Business Owner,620000,24-06-2022,Maharashtra,Upper-Middle
C102311,39,Male,Delhi,Private Employee,619800,03-12-2020,Delhi,Upper-Middle
C104697,46,Female,Kolkata,Self Employed,619800,01-01-2021,West Bengal,Upper-Middle
C102887,33,Male,Delhi,Self Employed,619600,01-01-2019,Delhi,Upper-Middle
C104043,26,Male,Hyderabad,Other,619300,12-11-2023,Telangana,Upper-Middle
C103105,33,Male,Ahmedabad,Private Employee,619100,30-05-2023,Gujarat,Upper-Middle
C102247,48,Female,Chennai,Student,618700,05-01-2025,Tamil Nadu,Upper-Middle
C103611,42,Female,Bengaluru,IT Professional,618600,24-02-2020,Karnataka,Upper-Middle
C100834,32,Male,Kolkata,Business Owner,618500,14-07-2024,West Bengal,Upper-Middle
C102758,42,Male,Chennai,Private Employee,618400,13-10-2019,Tamil Nadu,Upper-Middle
C101167,43,Male,Hyderabad,IT Professional,618300,23-11-2020,Telangana,Upper-Middle
C101132,51,Female,Delhi,IT Professional,618100,25-08-2019,Delhi,Upper-Middle
C102675,53,Male,Bengaluru,IT Professional,617700,30-08-2022,Karnataka,Upper-Middle
C103058,51,Male,Hyderabad,Private Employee,617700,03-03-2023,Telangana,Upper-Middle
C100546,34,Female,Delhi,Student,617600,08-02-2019,Delhi,Upper-Middle
C101347,26,Female,Mumbai,IT Professional,617600,09-06-2019,Maharashtra,Upper-Middle
C104551,48,Male,Pune,IT Professional,617600,05-09-2020,Maharashtra,Upper-Middle
C104906,21,Female,Ahmedabad,IT Professional,617600,29-08-2019,Gujarat,Upper-Middle
C103130,21,Male,Chennai,Private Employee,617500,26-10-2025,Tamil Nadu,Upper-Middle
C102482,32,Male,Bengaluru,Self Employed,617400,20-04-2021,Karnataka,Upper-Middle
C101268,45,Male,Mumbai,Private Employee,617300,08-01-2021,Maharashtra,Upper-Middle
C102066,39,Male,Mumbai,Other,617300,11-12-2023,Maharashtra,Upper-Middle
C101640,29,Male,Bengaluru,Private Employee,617100,18-12-2021,Karnataka,Upper-Middle
C101810,55,Female,Bengaluru,Business Owner,616900,09-09-2022,Karnataka,Upper-Middle
C102849,25,Male,Mumbai,Private Employee,616400,26-12-2022,Maharashtra,Upper-Middle
C102686,24,Male,Pune,Self Employed,616300,25-12-2021,Maharashtra,Upper-Middle
C100299,29,Female,Delhi,Self Employed,616200,19-12-2025,Delhi,Upper-Middle
C100771,25,Female,Hyderabad,Business Owner,616200,07-07-2021,Telangana,Upper-Middle
C103447,43,Male,Bengaluru,IT Professional,616200,11-09-2020,Karnataka,Upper-Middle
C104301,38,Female,Mumbai,Student,616100,19-09-2020,Maharashtra,Upper-Middle
C100088,38,Other,unknown,Other,616000,03-03-2023,Karnataka,Upper-Middle
C103862,21,Female,Chennai,Private Employee,616000,04-06-2025,Tamil Nadu,Upper-Middle
C102331,43,Male,Bengaluru,Government Employee,615700,30-01-2024,Karnataka,Upper-Middle
C103320,41,Female,Hyderabad,IT Professional,615600,17-11-2021,Telangana,Upper-Middle
C103648,40,Male,Hyderabad,Self Employed,615500,16-01-2022,Telangana,Upper-Middle
C102129,44,Male,Delhi,Other,615400,17-05-2023,Delhi,Upper-Middle
C101005,32,Male,Delhi,Business Owner,615100,14-06-2023,Delhi,Upper-Middle
C103038,30,Female,Bengaluru,Private Employee,615000,09-03-2019,Karnataka,Upper-Middle
C104284,21,Male,Mumbai,IT Professional,615000,15-02-2022,Maharashtra,Upper-Middle
C103633,21,Female,Bengaluru,Private Employee,614800,04-06-2020,Karnataka,Upper-Middle
C103966,44,Female,Bengaluru,Other,614600,23-10-2020,Karnataka,Upper-Middle
C104538,40,Male,Pune,IT Professional,614500,01-06-2021,Maharashtra,Upper-Middle
C102040,31,Male,Chennai,Private Employee,614400,01-09-2022,Tamil Nadu,Upper-Middle
C100586,28,Female,Mumbai,Self Employed,614300,30-03-2023,Maharashtra,Upper-Middle
C101583,41,Male,Jaipur,Government Employee,614300,19-02-2025,Rajasthan,Upper-Middle
C103991,26,Male,Bengaluru,Student,614300,29-09-2020,Karnataka,Upper-Middle
C101094,29,Female,Bengaluru,Private Employee,614100,28-06-2021,Karnataka,Upper-Middle
C101360,41,Female,Hyderabad,Self Employed,614100,09-07-2021,Telangana,Upper-Middle
C100611,45,Female,Hyderabad,IT Professional,613700,01-05-2023,Telangana,Upper-Middle
C104925,42,Female,Delhi,Student,613400,06-04-2021,Delhi,Upper-Middle
C104569,31,Male,Bengaluru,Student,613100,04-08-2024,Karnataka,Upper-Middle
C102260,29,Female,Jaipur,Government Employee,613000,05-06-2020,Rajasthan,Upper-Middle
C102427,29,Female,Bengaluru,Private Employee,612700,24-08-2020,Karnataka,Upper-Middle
C100575,50,Female,Delhi,Self Employed,612600,25-03-2021,Delhi,Upper-Middle
C101419,43,Male,Bengaluru,Private Employee,612500,11-08-2020,Karnataka,Upper-Middle
C103457,38,Other,Delhi,IT Professional,612500,05-03-2024,Delhi,Upper-Middle
C100052,41,Female,Kolkata,Private Employee,612300,03-03-2025,West Bengal,Upper-Middle
C104474,26,Male,Hyderabad,Private Employee,612300,08-06-2023,Telangana,Upper-Middle
C100046,21,Male,Bengaluru,Private Employee,612100,09-11-2024,Karnataka,Upper-Middle
C102591,48,Female,Jaipur,Self Employed,612000,26-12-2025,Rajasthan,Upper-Middle
C101046,32,Male,Mumbai,IT Professional,611700,18-10-2025,Maharashtra,Upper-Middle
C101986,38,Female,Jaipur,Private Employee,611700,23-10-2020,Rajasthan,Upper-Middle
C102177,45,Male,Delhi,IT Professional,611700,02-05-2024,Delhi,Upper-Middle
C101063,32,Male,Bengaluru,Self Employed,611500,04-08-2021,Karnataka,Upper-Middle
C102162,49,Male,Pune,Self Employed,611500,08-09-2025,Maharashtra,Upper-Middle
C101994,34,Male,Jaipur,Private Employee,611200,29-10-2025,Rajasthan,Upper-Middle
C101307,21,Male,Kolkata,Private Employee,611100,12-02-2025,West Bengal,Upper-Middle
C104131,48,Female,Ahmedabad,Self Employed,611100,02-02-2023,Gujarat,Upper-Middle
C100147,45,Male,Mumbai,Student,611000,30-07-2022,Maharashtra,Upper-Middle
C103626,33,Female,Kolkata,Business Owner,610800,14-06-2024,West Bengal,Upper-Middle
C101452,34,Female,Bengaluru,IT Professional,610700,28-04-2020,Karnataka,Upper-Middle
C101682,31,Other,Kolkata,IT Professional,610700,28-07-2021,West Bengal,Upper-Middle
C101941,33,Female,Mumbai,Private Employee,610700,09-07-2021,Maharashtra,Upper-Middle
C103010,33,Female,Delhi,Private Employee,610700,31-10-2025,Delhi,Upper-Middle
C101897,41,Male,Bengaluru,Private Employee,610600,15-01-2023,Karnataka,Upper-Middle
C103044,35,Male,Hyderabad,Government Employee,610500,18-07-2025,Telangana,Upper-Middle
C103954,27,Male,Bengaluru,Private Employee,610500,12-01-2024,Karnataka,Upper-Middle
C101004,50,Male,Bengaluru,Business Owner,610400,20-06-2020,Karnataka,Upper-Middle
C104621,49,Male,Delhi,Government Employee,610400,07-09-2023,Delhi,Upper-Middle
C100113,38,Male,Delhi,Student,610200,20-05-2021,Delhi,Upper-Middle
C104048,21,Male,Pune,Private Employee,610200,19-07-2024,Maharashtra,Upper-Middle
C103242,36,Female,Chennai,Private Employee,610100,28-03-2021,Tamil Nadu,Upper-Middle
C102492,49,Other,Mumbai,Other,610000,03-07-2024,Maharashtra,Upper-Middle
C102873,50,Female,Mumbai,Private Employee,609900,29-09-2022,Maharashtra,Upper-Middle
C101762,25,Female,Kolkata,Private Employee,609700,31-05-2022,West Bengal,Upper-Middle
C103043,35,Other,Delhi,Private Employee,609700,03-11-2022,Delhi,Upper-Middle
C103547,41,Female,Kolkata,Student,609200,14-05-2024,West Bengal,Upper-Middle
C101276,41,Male,Bengaluru,Private Employee,609000,29-03-2024,Karnataka,Upper-Middle
C101311,27,Male,Mumbai,Private Employee,609000,27-07-2021,Maharashtra,Upper-Middle
C103070,44,Male,Kochi,Private Employee,608900,21-11-2024,Kerala,Upper-Middle
C103259,36,Male,Jaipur,Self Employed,608900,28-12-2024,Rajasthan,Upper-Middle
C101650,34,Male,Chennai,Government Employee,608800,17-09-2022,Tamil Nadu,Upper-Middle
C103511,35,Male,Ahmedabad,IT Professional,608800,04-08-2023,Gujarat,Upper-Middle
C102935,34,Male,Pune,Self Employed,608700,29-08-2023,Maharashtra,Upper-Middle
C102964,24,Female,Kolkata,Government Employee,608700,04-03-2024,West Bengal,Upper-Middle
C100815,34,Male,Mumbai,Private Employee,608500,25-07-2025,Maharashtra,Upper-Middle
C104024,48,Male,Mumbai,Business Owner,608400,03-04-2019,Maharashtra,Upper-Middle
C104041,23,Female,Chennai,Private Employee,608100,31-03-2021,Tamil Nadu,Upper-Middle
C102213,21,Female,Bengaluru,Private Employee,607800,01-01-2020,Karnataka,Upper-Middle
C101587,46,Other,Bengaluru,Government Employee,607500,23-05-2019,Karnataka,Upper-Middle
C102536,43,Male,Kolkata,Private Employee,607500,23-08-2021,West Bengal,Upper-Middle
C102221,26,Male,Mumbai,Government Employee,606900,25-10-2025,Maharashtra,Upper-Middle
C103900,21,Female,Mumbai,Government Employee,606700,17-02-2024,Maharashtra,Upper-Middle
C104776,21,Male,Delhi,Private Employee,606700,27-04-2024,Delhi,Upper-Middle
C102895,36,Male,Jaipur,Private Employee,606500,20-11-2024,Rajasthan,Upper-Middle
C104081,45,Male,Delhi,Self Employed,606500,23-03-2019,Delhi,Upper-Middle
C103985,39,Female,Mumbai,Private Employee,606400,07-10-2020,Maharashtra,Upper-Middle
C101057,26,Male,Kolkata,Other,606300,13-07-2019,West Bengal,Upper-Middle
C102370,30,Male,Pune,Other,606300,07-07-2019,Maharashtra,Upper-Middle
C100013,54,Female,Ahmedabad,Other,606200,08-02-2021,Gujarat,Upper-Middle
C102737,32,Female,Bengaluru,Private Employee,606100,03-06-2019,Karnataka,Upper-Middle
C100142,26,Female,Bengaluru,Business Owner,606000,31-07-2024,Karnataka,Upper-Middle
C103684,21,Female,Jaipur,Private Employee,606000,22-03-2024,Rajasthan,Upper-Middle
C100367,21,Male,Jaipur,Self Employed,605900,16-02-2019,Rajasthan,Upper-Middle
C101922,37,Male,Kolkata,Business Owner,605800,26-05-2019,West Bengal,Upper-Middle
C101955,37,Male,Mumbai,Government Employee,605700,05-04-2022,Maharashtra,Upper-Middle
C102226,30,Female,Chennai,Private Employee,605600,05-09-2022,Tamil Nadu,Upper-Middle
C100692,35,Female,Pune,Private Employee,605500,06-09-2019,Maharashtra,Upper-Middle
C103108,27,Male,Hyderabad,IT Professional,605200,03-02-2020,Telangana,Upper-Middle
C104539,26,Female,Pune,Government Employee,605100,19-05-2019,Maharashtra,Upper-Middle
C101565,45,Male,Kolkata,Government Employee,604900,26-04-2023,West Bengal,Upper-Middle
C103413,41,Male,Chennai,Business Owner,604900,17-06-2024,Tamil Nadu,Upper-Middle
C102267,40,Male,Hyderabad,Business Owner,604700,25-01-2024,Telangana,Upper-Middle
C103831,38,Male,Bengaluru,Other,604600,05-01-2020,Karnataka,Upper-Middle
C104651,39,Male,Mumbai,Student,604400,07-06-2021,Maharashtra,Upper-Middle
C103639,38,Female,Kochi,Private Employee,603800,08-02-2022,Kerala,Upper-Middle
C103745,25,Male,Chennai,Government Employee,603800,20-01-2024,Tamil Nadu,Upper-Middle
C100506,21,Male,Bengaluru,Private Employee,603700,01-12-2021,Karnataka,Upper-Middle
C101366,29,Female,Bengaluru,Government Employee,603600,10-04-2023,Karnataka,Upper-Middle
C104241,28,Male,Delhi,Private Employee,603600,20-09-2021,Delhi,Upper-Middle
C104504,34,Male,Ahmedabad,Self Employed,602800,23-10-2023,Gujarat,Upper-Middle
C101498,40,Male,Bengaluru,IT Professional,602600,10-08-2023,Karnataka,Upper-Middle
C103253,52,Male,Pune,Private Employee,602600,17-05-2019,Maharashtra,Upper-Middle
C100494,36,Male,Bengaluru,IT Professional,602500,07-11-2025,Karnataka,Upper-Middle
C103835,37,Female,Kolkata,Student,602500,15-11-2023,West Bengal,Upper-Middle
C100498,32,Female,Chennai,IT Professional,602400,22-10-2022,Tamil Nadu,Upper-Middle
C100443,28,Male,Ahmedabad,Private Employee,602300,11-12-2022,Gujarat,Upper-Middle
C102508,42,Male,Kolkata,IT Professional,602300,10-01-2022,West Bengal,Upper-Middle
C102516,50,Female,Bengaluru,Government Employee,602200,15-04-2024,Karnataka,Upper-Middle
C104594,37,Male,Bengaluru,Self Employed,602200,29-07-2019,Karnataka,Upper-Middle
C103133,43,Female,Mumbai,Self Employed,601700,21-09-2023,Maharashtra,Upper-Middle
C101144,30,Female,Chennai,Student,601500,11-10-2022,Tamil Nadu,Upper-Middle
C100880,26,Female,Hyderabad,Private Employee,601400,31-07-2024,Telangana,Upper-Middle
C104252,33,Female,Bengaluru,IT Professional,601400,05-10-2023,Karnataka,Upper-Middle
C101052,31,Male,Hyderabad,Business Owner,601200,09-02-2023,Telangana,Upper-Middle
C103198,25,Female,Delhi,Private Employee,601100,31-08-2021,Delhi,Upper-Middle
C101275,32,Male,Kolkata,Self Employed,601000,20-06-2023,West Bengal,Upper-Middle
C101754,33,Male,Chennai,Private Employee,601000,04-05-2020,Tamil Nadu,Upper-Middle
C100238,40,Female,Bengaluru,Other,600800,08-01-2025,Karnataka,Upper-Middle
C103515,34,Male,Bengaluru,IT Professional,600700,28-10-2020,Karnataka,Upper-Middle
C100950,34,Male,Kochi,Private Employee,600500,25-03-2021,Kerala,Upper-Middle
C100526,21,Male,Mumbai,Private Employee,600400,16-12-2022,Maharashtra,Upper-Middle
C102187,35,Male,Delhi,Self Employed,600300,07-09-2024,Delhi,Upper-Middle
C102488,43,Female,Jaipur,Student,600300,24-05-2021,Rajasthan,Upper-Middle
C101562,30,Male,Mumbai,Self Employed,600100,17-02-2021,Maharashtra,Upper-Middle
C100143,39,Male,Bengaluru,Business Owner,599900,05-02-2023,Karnataka,Lower-Middle
C102391,21,Female,Mumbai,Private Employee,599500,24-09-2021,Maharashtra,Lower-Middle
C100875,27,Female,Bengaluru,Private Employee,599300,04-09-2022,Karnataka,Lower-Middle
C104628,22,Male,Delhi,IT Professional,599200,08-09-2023,Delhi,Lower-Middle
C100775,33,Female,Jaipur,Self Employed,599100,21-03-2024,Rajasthan,Lower-Middle
C101632,51,Male,Bengaluru,Government Employee,599000,14-06-2025,Karnataka,Lower-Middle
C104699,21,Male,Delhi,IT Professional,598900,09-11-2025,Delhi,Lower-Middle
C100893,39,Female,Chennai,Self Employed,598800,04-10-2022,Tamil Nadu,Lower-Middle
C101813,29,Female,Hyderabad,IT Professional,598700,26-06-2023,Telangana,Lower-Middle
C103921,37,Male,Bengaluru,Self Employed,598700,05-11-2024,Karnataka,Lower-Middle
C102940,47,Female,Delhi,IT Professional,598400,09-01-2022,Delhi,Lower-Middle
C100245,40,Female,Jaipur,IT Professional,598200,16-12-2022,Rajasthan,Lower-Middle
C100363,32,Female,Bengaluru,Government Employee,598200,04-05-2022,Karnataka,Lower-Middle
C100989,21,Male,Mumbai,IT Professional,598200,04-07-2023,Maharashtra,Lower-Middle
C103719,46,Male,Mumbai,Private Employee,598100,08-04-2020,Maharashtra,Lower-Middle
C100714,32,Male,Delhi,Private Employee,598000,12-11-2024,Delhi,Lower-Middle
C101812,42,Male,Bengaluru,Government Employee,598000,26-07-2023,Karnataka,Lower-Middle
C104859,21,Male,Chennai,Self Employed,597900,24-10-2024,Tamil Nadu,Lower-Middle
C102308,36,Female,Delhi,IT Professional,597700,21-09-2023,Delhi,Lower-Middle
C103877,40,Male,Delhi,Student,597600,01-08-2023,Delhi,Lower-Middle
C100300,53,Female,Chennai,Private Employee,597400,29-10-2019,Tamil Nadu,Lower-Middle
C104939,30,Male,Chennai,IT Professional,597200,09-04-2020,Tamil Nadu,Lower-Middle
C102876,37,Female,Bengaluru,Private Employee,597100,06-07-2020,Karnataka,Lower-Middle
C102775,39,Male,Bengaluru,Government Employee,597000,02-07-2022,Karnataka,Lower-Middle
C104829,34,Male,Delhi,Student,597000,15-10-2019,Delhi,Lower-Middle
C100074,43,Male,Pune,Private Employee,596900,02-03-2021,Maharashtra,Lower-Middle
C103467,38,Male,Ahmedabad,Private Employee,596900,16-06-2025,Gujarat,Lower-Middle
C104927,27,Other,Delhi,Government Employee,596900,13-08-2020,Delhi,Lower-Middle
C104320,56,Female,Delhi,Other,596800,11-06-2022,Delhi,Lower-Middle
C102963,48,Male,Hyderabad,Business Owner,596400,19-11-2021,Telangana,Lower-Middle
C102995,28,Female,Bengaluru,Other,596400,16-11-2022,Karnataka,Lower-Middle
C102257,39,Male,Bengaluru,Private Employee,596300,04-08-2022,Karnataka,Lower-Middle
C104608,33,Female,Chennai,Private Employee,596300,27-06-2022,Tamil Nadu,Lower-Middle
C100141,21,Male,Delhi,Private Employee,595500,10-03-2023,Delhi,Lower-Middle
C102207,41,Female,Chennai,Other,595500,12-02-2020,Tamil Nadu,Lower-Middle
C102948,28,Female,Bengaluru,Business Owner,595500,27-07-2020,Karnataka,Lower-Middle
C102329,39,Male,Delhi,Private Employee,595400,15-02-2023,Delhi,Lower-Middle
C102393,32,Other,Chennai,Private Employee,595400,17-05-2021,Tamil Nadu,Lower-Middle
C104549,36,Male,Jaipur,Self Employed,595400,08-12-2019,Rajasthan,Lower-Middle
C102689,32,Male,Bengaluru,Other,595300,14-04-2025,Karnataka,Lower-Middle
C103577,36,Male,Mumbai,Self Employed,595200,04-10-2025,Maharashtra,Lower-Middle
C101942,38,Male,Kolkata,Business Owner,595100,08-02-2021,West Bengal,Lower-Middle
C102577,42,Female,Hyderabad,Business Owner,594900,19-11-2023,Telangana,Lower-Middle
C103889,45,Male,Mumbai,Private Employee,594600,25-08-2020,Maharashtra,Lower-Middle
C100631,37,Male,Kolkata,Self Employed,594400,02-05-2021,West Bengal,Lower-Middle
C102047,41,Female,Bengaluru,Self Employed,594200,23-12-2022,Karnataka,Lower-Middle
C103823,38,Female,Ahmedabad,Private Employee,594000,24-03-2019,Gujarat,Lower-Middle
C102470,34,Female,Hyderabad,Private Employee,593900,28-05-2022,Telangana,Lower-Middle
C101619,43,Male,Ahmedabad,Student,593800,29-05-2020,Gujarat,Lower-Middle
C102898,36,Male,Mumbai,Business Owner,593800,08-05-2021,Maharashtra,Lower-Middle
C103914,25,Male,Chennai,Government Employee,593700,04-03-2019,Tamil Nadu,Lower-Middle
C100844,36,Female,Pune,Government Employee,593500,04-12-2022,Maharashtra,Lower-Middle
C103992,49,Female,Chennai,Student,593500,01-04-2025,Tamil Nadu,Lower-Middle
C102228,41,Female,Bengaluru,Business Owner,593400,23-04-2023,Karnataka,Lower-Middle
C100660,37,Female,Jaipur,Private Employee,593100,29-12-2023,Rajasthan,Lower-Middle
C103629,41,Male,Jaipur,IT Professional,593000,10-09-2024,Rajasthan,Lower-Middle
C104473,34,Male,Ahmedabad,Student,592800,25-12-2020,Gujarat,Lower-Middle
C102817,37,Female,Hyderabad,Private Employee,592700,28-06-2019,Telangana,Lower-Middle
C102526,22,Male,Delhi,Business Owner,592500,15-08-2020,Delhi,Lower-Middle
C102434,32,Female,Delhi,Government Employee,592400,30-11-2023,Delhi,Lower-Middle
C103191,21,Male,Mumbai,Self Employed,592400,09-02-2025,Maharashtra,Lower-Middle
C101257,44,Male,Kolkata,Self Employed,592300,02-07-2019,West Bengal,Lower-Middle
C102574,23,Male,Ahmedabad,Government Employee,592200,30-05-2021,Gujarat,Lower-Middle
C100232,35,Male,Bengaluru,IT Professional,592100,29-03-2022,Karnataka,Lower-Middle
C104272,34,Male,Pune,Self Employed,592100,10-02-2020,Maharashtra,Lower-Middle
C102085,40,Female,Jaipur,Private Employee,591900,09-08-2023,Rajasthan,Lower-Middle
C100971,30,Male,Kolkata,IT Professional,591800,29-12-2019,West Bengal,Lower-Middle
C100888,21,Female,Delhi,IT Professional,591700,11-01-2020,Delhi,Lower-Middle
C102030,21,Male,Bengaluru,Business Owner,591600,14-04-2021,Karnataka,Lower-Middle
C103549,33,Female,Pune,Self Employed,591600,09-12-2020,Maharashtra,Lower-Middle
C103054,43,Female,Kolkata,Business Owner,591200,27-10-2019,West Bengal,Lower-Middle
C101520,45,Female,Mumbai,Private Employee,591000,06-09-2023,Maharashtra,Lower-Middle
C101750,25,Male,Delhi,Self Employed,590900,30-03-2022,Delhi,Lower-Middle
C103708,27,Male,Delhi,IT Professional,590600,27-03-2020,Delhi,Lower-Middle
C104636,28,Male,Mumbai,Private Employee,590600,11-09-2021,Maharashtra,Lower-Middle
C100903,21,Female,Ahmedabad,Government Employee,590400,23-08-2020,Gujarat,Lower-Middle
C103134,27,Female,Kolkata,Government Employee,590400,23-05-2025,West Bengal,Lower-Middle
C100708,32,Female,Delhi,Private Employee,590200,24-07-2019,Delhi,Lower-Middle
C101681,33,Male,Kolkata,Private Employee,589700,11-06-2023,West Bengal,Lower-Middle
C102823,25,Female,Bengaluru,Private Employee,589500,30-11-2022,Karnataka,Lower-Middle
C101079,47,Male,Pune,Business Owner,589100,30-06-2024,Maharashtra,Lower-Middle
C102002,21,Male,Delhi,IT Professional,589000,14-12-2019,Delhi,Lower-Middle
C102635,21,Female,Pune,IT Professional,589000,30-01-2022,Maharashtra,Lower-Middle
C100212,46,Female,Ahmedabad,IT Professional,588900,22-07-2023,Gujarat,Lower-Middle
C104159,32,Male,Pune,IT Professional,588800,05-06-2019,Maharashtra,Lower-Middle
C103654,41,Other,Bengaluru,IT Professional,588700,16-06-2019,Karnataka,Lower-Middle
C101960,25,Male,Mumbai,Private Employee,588500,19-12-2019,Maharashtra,Lower-Middle
C103882,44,Male,Bengaluru,IT Professional,588500,24-06-2025,Karnataka,Lower-Middle
C103278,46,Male,Bengaluru,IT Professional,588400,06-03-2020,Karnataka,Lower-Middle
C102075,41,Female,Bengaluru,Government Employee,588100,04-08-2023,Karnataka,Lower-Middle
C103353,38,Female,Hyderabad,Business Owner,588100,29-04-2019,Telangana,Lower-Middle
C101163,27,Male,Delhi,Student,588000,19-05-2023,Delhi,Lower-Middle
C101777,30,Male,Pune,Business Owner,587900,09-05-2019,Maharashtra,Lower-Middle
C100097,25,Female,Delhi,IT Professional,587800,22-12-2024,Delhi,Lower-Middle
C103559,29,Male,Bengaluru,IT Professional,587700,31-07-2024,Karnataka,Lower-Middle
C100372,39,Male,Delhi,Student,587500,21-08-2023,Delhi,Lower-Middle
C100969,29,Female,Bengaluru,Government Employee,587500,12-12-2019,Karnataka,Lower-Middle
C103760,21,Female,Kolkata,IT Professional,587500,10-09-2022,West Bengal,Lower-Middle
C102288,44,Male,Mumbai,Private Employee,587400,02-04-2025,Maharashtra,Lower-Middle
C101061,39,Male,Bengaluru,Student,587100,01-12-2024,Karnataka,Lower-Middle
C100081,38,Male,Bengaluru,IT Professional,586800,24-08-2024,Karnataka,Lower-Middle
C103873,25,Female,Chennai,Business Owner,586700,04-12-2019,Tamil Nadu,Lower-Middle
C100524,36,Female,Bengaluru,Government Employee,586600,21-03-2023,Karnataka,Lower-Middle
C100317,42,Female,Bengaluru,Private Employee,586200,10-03-2024,Karnataka,Lower-Middle
C101555,36,Male,Kolkata,Government Employee,586200,17-04-2023,West Bengal,Lower-Middle
C104058,44,Female,Delhi,Self Employed,586000,08-10-2025,Delhi,Lower-Middle
C100513,43,Male,Mumbai,Private Employee,585900,23-08-2019,Maharashtra,Lower-Middle
C104777,32,Female,Jaipur,Business Owner,585400,02-09-2022,Rajasthan,Lower-Middle
C100005,26,Male,Mumbai,Business Owner,585000,09-12-2024,Maharashtra,Lower-Middle
C103255,51,Male,Delhi,IT Professional,585000,25-08-2023,Delhi,Lower-Middle
C104565,21,Female,Kolkata,Student,585000,14-04-2019,West Bengal,Lower-Middle
C100957,38,Female,Mumbai,Student,584500,10-05-2019,Maharashtra,Lower-Middle
C103325,33,Male,Mumbai,Self Employed,584200,01-04-2021,Maharashtra,Lower-Middle
C104872,39,Female,Mumbai,Self Employed,584100,17-10-2023,Maharashtra,Lower-Middle
C104236,50,Male,Mumbai,IT Professional,583900,23-07-2022,Maharashtra,Lower-Middle
C102587,21,Female,Hyderabad,Private Employee,583700,16-04-2022,Telangana,Lower-Middle
C104631,42,Female,Pune,Student,583700,09-05-2019,Maharashtra,Lower-Middle
C103609,41,Female,Bengaluru,IT Professional,583600,23-04-2021,Karnataka,Lower-Middle
C100173,30,Male,Mumbai,Business Owner,583500,17-03-2025,Maharashtra,Lower-Middle
C104869,21,Male,Mumbai,Private Employee,583500,05-05-2019,Maharashtra,Lower-Middle
C102666,40,Male,Jaipur,Business Owner,583300,09-07-2019,Rajasthan,Lower-Middle
C104537,42,Female,Pune,Private Employee,583300,24-11-2024,Maharashtra,Lower-Middle
C103266,32,Male,Bengaluru,Private Employee,583200,15-03-2025,Karnataka,Lower-Middle
C104884,42,Male,Mumbai,Student,583100,14-05-2024,Maharashtra,Lower-Middle
C103424,30,Male,Mumbai,Business Owner,583000,18-01-2024,Maharashtra,Lower-Middle
C100735,24,Male,Chennai,Other,582800,22-05-2024,Tamil Nadu,Lower-Middle
C100571,23,Male,Delhi,Student,582600,06-10-2024,Delhi,Lower-Middle
C102595,28,Female,Mumbai,Private Employee,582400,20-04-2020,Maharashtra,Lower-Middle
C101325,27,Female,Delhi,Self Employed,582100,21-10-2022,Delhi,Lower-Middle
C101717,29,Male,Bengaluru,Business Owner,581900,04-07-2022,Karnataka,Lower-Middle
C103546,44,Other,Hyderabad,Business Owner,581800,08-11-2023,Telangana,Lower-Middle
C103841,36,Female,Delhi,IT Professional,581800,14-03-2019,Delhi,Lower-Middle
C100360,29,Female,Delhi,Private Employee,581700,15-05-2023,Delhi,Lower-Middle
C100797,41,Male,Pune,Self Employed,581500,21-04-2019,Maharashtra,Lower-Middle
C101542,30,Male,Jaipur,Business Owner,581500,30-08-2025,Rajasthan,Lower-Middle
C104671,44,Male,Pune,Business Owner,581500,11-07-2019,Maharashtra,Lower-Middle
C101000,41,Male,Mumbai,Private Employee,580900,27-04-2019,Maharashtra,Lower-Middle
C100272,25,Male,Kolkata,IT Professional,580700,11-11-2021,West Bengal,Lower-Middle
C101945,41,Female,Delhi,Self Employed,580700,20-09-2019,Delhi,Lower-Middle
C100315,35,Female,Chennai,Business Owner,580600,23-07-2020,Tamil Nadu,Lower-Middle
C100666,22,Female,Mumbai,Private Employee,580600,04-11-2020,Maharashtra,Lower-Middle
C102132,42,Male,Kolkata,Private Employee,580400,05-12-2025,West Bengal,Lower-Middle
C102894,30,Male,Kochi,Self Employed,580300,06-05-2024,Kerala,Lower-Middle
C101878,38,Female,Kolkata,Government Employee,580100,20-08-2023,West Bengal,Lower-Middle
C102639,35,Male,Delhi,Student,580100,04-09-2019,Delhi,Lower-Middle
C100968,33,Male,Delhi,Private Employee,579600,25-03-2021,Delhi,Lower-Middle
C104566,33,Male,Kolkata,Private Employee,579600,18-02-2024,West Bengal,Lower-Middle
C100504,34,Male,Bengaluru,Business Owner,579500,28-11-2021,Karnataka,Lower-Middle
C100858,36,Female,Bengaluru,Private Employee,579500,03-01-2024,Karnataka,Lower-Middle
C104055,34,Male,Mumbai,IT Professional,579500,19-05-2020,Maharashtra,Lower-Middle
C104693,37,Female,Bengaluru,Private Employee,579500,05-06-2024,Karnataka,Lower-Middle
C103593,38,Male,Pune,Private Employee,579400,11-11-2020,Maharashtra,Lower-Middle
C100831,33,Male,Chennai,IT Professional,578900,28-04-2019,Tamil Nadu,Lower-Middle
C103544,39,Female,Mumbai,Private Employee,578700,25-11-2022,Maharashtra,Lower-Middle
C100321,53,Male,Bengaluru,Other,578300,12-12-2025,Karnataka,Lower-Middle
C102871,25,Male,Mumbai,Business Owner,577700,30-03-2025,Maharashtra,Lower-Middle
C100259,35,Female,Mumbai,Self Employed,577600,02-02-2020,Maharashtra,Lower-Middle
C100522,45,Female,Pune,Private Employee,577500,17-11-2022,Maharashtra,Lower-Middle
C103619,42,Female,Mumbai,Business Owner,577400,25-07-2019,Maharashtra,Lower-Middle
C102854,48,Male,Chennai,IT Professional,577300,24-09-2021,Tamil Nadu,Lower-Middle
C103813,29,Female,Chennai,Private Employee,577300,01-09-2020,Tamil Nadu,Lower-Middle
C100117,47,Male,Chennai,Government Employee,577100,25-02-2024,Tamil Nadu,Lower-Middle
C101823,36,Female,Kochi,Self Employed,577100,13-06-2023,Kerala,Lower-Middle
C102676,33,Male,Bengaluru,IT Professional,576900,03-01-2022,Karnataka,Lower-Middle
C104646,33,Male,Pune,Private Employee,576600,07-09-2019,Maharashtra,Lower-Middle
C104998,44,Male,Bengaluru,Business Owner,576600,03-02-2024,Karnataka,Lower-Middle
C101543,38,Female,Mumbai,IT Professional,576400,29-09-2022,Maharashtra,Lower-Middle
C102437,36,Male,Bengaluru,Student,576300,29-02-2024,Karnataka,Lower-Middle
C104691,24,Male,Kolkata,Private Employee,576300,09-06-2021,West Bengal,Lower-Middle
C101433,52,Female,Mumbai,IT Professional,576200,09-08-2025,Maharashtra,Lower-Middle
C104521,47,Male,Kolkata,Private Employee,576200,13-06-2025,West Bengal,Lower-Middle
C100292,35,Female,Delhi,Self Employed,576100,14-01-2025,Delhi,Lower-Middle
C101047,40,Male,Bengaluru,Private Employee,576000,09-08-2021,Karnataka,Lower-Middle
C103461,27,Female,Ahmedabad,Private Employee,575800,17-09-2022,Gujarat,Lower-Middle
C104256,38,Female,Delhi,Self Employed,575800,12-10-2023,Delhi,Lower-Middle
C101407,31,Male,Chennai,IT Professional,575700,05-10-2025,Tamil Nadu,Lower-Middle
C100380,25,Female,Delhi,Business Owner,575400,01-10-2022,Delhi,Lower-Middle
C104692,46,Female,Hyderabad,Other,575400,14-06-2024,Telangana,Lower-Middle
C100223,36,Female,Chennai,IT Professional,575300,31-12-2024,Tamil Nadu,Lower-Middle
C104882,50,Female,Hyderabad,Other,575100,28-08-2020,Telangana,Lower-Middle
C100974,28,Female,Bengaluru,Self Employed,575000,28-12-2024,Karnataka,Lower-Middle
C104660,47,Male,Jaipur,Private Employee,575000,08-01-2021,Rajasthan,Lower-Middle
C101689,39,Female,Hyderabad,Business Owner,574900,23-06-2025,Telangana,Lower-Middle
C102901,29,Female,Delhi,Private Employee,574700,14-10-2025,Delhi,Lower-Middle
C104091,43,Female,Pune,Other,574700,03-01-2019,Maharashtra,Lower-Middle
C102043,47,Male,Kochi,Government Employee,574500,12-01-2019,Kerala,Lower-Middle
C101043,23,Other,Kolkata,Business Owner,574200,26-10-2023,West Bengal,Lower-Middle
C102730,41,Male,Delhi,IT Professional,574200,08-08-2024,Delhi,Lower-Middle
C104559,30,Male,Mumbai,Private Employee,574000,15-08-2019,Maharashtra,Lower-Middle
C100202,37,Male,Ahmedabad,Student,573900,09-05-2024,Gujarat,Lower-Middle
C100605,38,Female,Mumbai,Government Employee,573900,24-12-2025,Maharashtra,Lower-Middle
C104920,31,Male,Ahmedabad,Business Owner,573800,03-06-2025,Gujarat,Lower-Middle
C100120,28,Male,Mumbai,IT Professional,573600,17-07-2020,Maharashtra,Lower-Middle
C100508,36,Male,Chennai,Student,573400,11-09-2025,Tamil Nadu,Lower-Middle
C104650,34,Female,Pune,IT Professional,573300,10-09-2021,Maharashtra,Lower-Middle
C104886,23,Other,Chennai,Business Owner,573300,19-09-2022,Tamil Nadu,Lower-Middle
C101490,34,Female,Delhi,Private Employee,573100,07-09-2023,Delhi,Lower-Middle
C104107,32,Male,Mumbai,Private Employee,572900,22-06-2025,Maharashtra,Lower-Middle
C101990,21,Male,Hyderabad,IT Professional,572800,23-05-2025,Telangana,Lower-Middle
C100722,27,Female,Delhi,Self Employed,572400,28-10-2020,Delhi,Lower-Middle
C103496,37,Female,Delhi,Student,572400,27-03-2019,Delhi,Lower-Middle
C104285,27,Male,Kolkata,Private Employee,572400,15-06-2020,West Bengal,Lower-Middle
C101238,42,Female,Pune,Private Employee,572200,01-12-2019,Maharashtra,Lower-Middle
C102921,41,Female,Kolkata,Private Employee,572200,21-07-2019,West Bengal,Lower-Middle
C100038,46,Female,Kochi,Government Employee,572000,21-07-2022,Kerala,Lower-Middle
C103418,29,Female,Mumbai,Private Employee,572000,12-05-2023,Maharashtra,Lower-Middle
C101505,35,Female,Pune,Self Employed,571900,30-01-2024,Maharashtra,Lower-Middle
C104798,39,Female,Hyderabad,Self Employed,571900,04-03-2020,Telangana,Lower-Middle
C102413,39,Female,Hyderabad,Government Employee,571700,14-09-2025,Telangana,Lower-Middle
C100049,39,Male,Bengaluru,IT Professional,571500,31-12-2025,Karnataka,Lower-Middle
C104402,39,Female,Kolkata,Private Employee,571500,18-07-2022,West Bengal,Lower-Middle
C101592,32,Female,Ahmedabad,IT Professional,571300,10-03-2024,Gujarat,Lower-Middle
C102512,26,Male,Bengaluru,Private Employee,571300,06-01-2020,Karnataka,Lower-Middle
C103385,38,Female,Jaipur,IT Professional,571200,03-06-2022,Rajasthan,Lower-Middle
C104809,31,Female,Hyderabad,Private Employee,571200,26-02-2025,Telangana,Lower-Middle
C104756,26,Male,Pune,Other,571100,12-11-2022,Maharashtra,Lower-Middle
C104905,50,Male,Pune,IT Professional,570600,22-02-2021,Maharashtra,Lower-Middle
C100045,38,Female,Pune,Private Employee,570500,25-09-2022,Maharashtra,Lower-Middle
C104407,30,Male,Bengaluru,IT Professional,570500,09-02-2019,Karnataka,Lower-Middle
C102313,30,Male,Kolkata,Self Employed,570400,28-08-2024,West Bengal,Lower-Middle
C103027,21,Male,Hyderabad,IT Professional,570400,05-08-2024,Telangana,Lower-Middle
C102770,30,Male,Mumbai,Private Employee,570100,09-03-2019,Maharashtra,Lower-Middle
C100902,29,Male,Jaipur,IT Professional,570000,12-05-2019,Rajasthan,Lower-Middle
C102151,39,Male,Hyderabad,Business Owner,570000,02-07-2024,Telangana,Lower-Middle
C104068,28,Other,Kolkata,Private Employee,570000,19-05-2019,West Bengal,Lower-Middle
C101199,48,Male,Bengaluru,Student,569700,27-07-2021,Karnataka,Lower-Middle
C102289,56,Male,Bengaluru,Business Owner,569700,26-10-2023,Karnataka,Lower-Middle
C103905,44,Male,Chennai,IT Professional,569400,26-04-2022,Tamil Nadu,Lower-Middle
C102206,49,Female,Mumbai,Private Employee,569300,21-09-2024,Maharashtra,Lower-Middle
C102711,35,Male,Chennai,Government Employee,569300,06-08-2021,Tamil Nadu,Lower-Middle
C104764,45,Male,Delhi,Student,569200,28-07-2020,Delhi,Lower-Middle
C103051,50,Female,Pune,Government Employee,569100,18-01-2020,Maharashtra,Lower-Middle
C100896,35,Male,Delhi,Business Owner,569000,06-05-2025,Delhi,Lower-Middle
C103481,36,Male,Chennai,Self Employed,568900,02-09-2019,Tamil Nadu,Lower-Middle
C101302,26,Female,Ahmedabad,Private Employee,568400,07-03-2020,Gujarat,Lower-Middle
C101593,37,Female,Bengaluru,Self Employed,568200,17-06-2024,Karnataka,Lower-Middle
C102752,27,Male,Hyderabad,Self Employed,568100,02-02-2020,Telangana,Lower-Middle
C100304,46,Male,Chennai,Student,568000,19-09-2021,Tamil Nadu,Lower-Middle
C101361,47,Male,Chennai,Government Employee,567900,17-09-2022,Tamil Nadu,Lower-Middle
C102833,47,Male,Ahmedabad,IT Professional,567900,15-01-2022,Gujarat,Lower-Middle
C100655,28,Male,Delhi,Private Employee,567700,17-12-2020,Delhi,Lower-Middle
C104782,36,Female,Mumbai,Business Owner,567700,24-12-2021,Maharashtra,Lower-Middle
C101876,39,Male,Pune,IT Professional,567600,08-01-2020,Maharashtra,Lower-Middle
C102049,27,Female,Delhi,Private Employee,567600,21-08-2023,Delhi,Lower-Middle
C103214,38,Male,Mumbai,IT Professional,567400,09-05-2023,Maharashtra,Lower-Middle
C100520,45,Male,Bengaluru,IT Professional,567300,06-04-2022,Karnataka,Lower-Middle
C101471,35,Female,Delhi,Business Owner,566900,25-08-2025,Delhi,Lower-Middle
C102858,42,Male,Jaipur,Private Employee,566800,28-04-2022,Rajasthan,Lower-Middle
C100400,45,Female,Mumbai,Self Employed,566400,13-04-2025,Maharashtra,Lower-Middle
C100928,27,Male,Mumbai,IT Professional,566300,17-04-2022,Maharashtra,Lower-Middle
C100983,32,Male,Ahmedabad,Government Employee,566200,12-04-2024,Gujarat,Lower-Middle
C101454,30,Male,Bengaluru,Private Employee,566200,31-12-2020,Karnataka,Lower-Middle
C102069,30,Female,Mumbai,IT Professional,565900,01-04-2021,Maharashtra,Lower-Middle
C102728,43,Female,Delhi,Self Employed,565900,10-08-2023,Delhi,Lower-Middle
C103102,21,Female,Bengaluru,Private Employee,565900,04-08-2020,Karnataka,Lower-Middle
C103112,45,Male,Hyderabad,Other,565700,21-12-2025,Telangana,Lower-Middle
C104701,38,Female,Chennai,IT Professional,565600,27-06-2024,Tamil Nadu,Lower-Middle
C104818,36,Female,Mumbai,Private Employee,565600,19-10-2020,Maharashtra,Lower-Middle
C101567,29,Male,Kochi,Private Employee,565400,23-08-2023,Kerala,Lower-Middle
C101961,29,Male,Delhi,Government Employee,565400,06-04-2024,Delhi,Lower-Middle
C101880,26,Male,Jaipur,Private Employee,565300,27-05-2025,Rajasthan,Lower-Middle
C100699,39,Female,Bengaluru,Government Employee,565100,20-12-2024,Karnataka,Lower-Middle
C103029,37,Female,Delhi,Private Employee,565100,13-08-2025,Delhi,Lower-Middle
C103502,34,Male,Chennai,IT Professional,565100,18-10-2023,Tamil Nadu,Lower-Middle
C102298,38,Male,Pune,Private Employee,565000,07-04-2020,Maharashtra,Lower-Middle
C101674,46,Male,Kolkata,IT Professional,564900,28-09-2020,West Bengal,Lower-Middle
C102748,49,Male,Bengaluru,Self Employed,564800,30-10-2022,Karnataka,Lower-Middle
C101308,57,Male,Pune,Private Employee,564700,03-08-2024,Maharashtra,Lower-Middle
C104728,33,Male,Pune,Self Employed,564700,18-10-2020,Maharashtra,Lower-Middle
C100219,32,Female,Pune,Private Employee,564600,09-12-2022,Maharashtra,Lower-Middle
C100384,40,Female,Mumbai,Private Employee,564400,24-02-2022,Maharashtra,Lower-Middle
C100591,46,Male,Mumbai,Private Employee,564400,15-09-2022,Maharashtra,Lower-Middle
C101088,39,Female,Jaipur,Student,564300,13-12-2025,Rajasthan,Lower-Middle
C103004,35,Male,Mumbai,IT Professional,564300,18-03-2020,Maharashtra,Lower-Middle
C103491,24,Female,Mumbai,IT Professional,564200,18-06-2023,Maharashtra,Lower-Middle
C103241,21,Female,Ahmedabad,Private Employee,563800,16-01-2022,Gujarat,Lower-Middle
C100919,41,Male,Chennai,Private Employee,563700,02-06-2022,Tamil Nadu,Lower-Middle
C101869,35,Male,Hyderabad,Other,563700,21-05-2019,Telangana,Lower-Middle
C101967,39,Male,Mumbai,Self Employed,563700,08-12-2020,Maharashtra,Lower-Middle
C104827,34,Male,Jaipur,IT Professional,563700,16-12-2025,Rajasthan,Lower-Middle
C104031,52,Female,Bengaluru,IT Professional,563600,05-05-2021,Karnataka,Lower-Middle
C100014,34,Male,Jaipur,IT Professional,563500,19-07-2025,Rajasthan,Lower-Middle
C100127,59,Male,Hyderabad,Self Employed,563100,06-08-2023,Telangana,Lower-Middle
C103872,40,Male,Chennai,Student,563100,01-04-2023,Tamil Nadu,Lower-Middle
C101070,33,Male,Bengaluru,Government Employee,562900,16-03-2024,Karnataka,Lower-Middle
C102324,44,Female,Delhi,IT Professional,562800,14-03-2024,Delhi,Lower-Middle
C104929,21,Other,Pune,Self Employed,562800,17-03-2024,Maharashtra,Lower-Middle
C102149,50,Male,Bengaluru,Private Employee,562700,13-10-2024,Karnataka,Lower-Middle
C104210,36,Female,Bengaluru,IT Professional,562300,07-08-2021,Karnataka,Lower-Middle
C102810,41,Female,Jaipur,IT Professional,562100,04-09-2024,Rajasthan,Lower-Middle
C102599,24,Male,Ahmedabad,Self Employed,562000,23-06-2021,Gujarat,Lower-Middle
C103623,35,Female,Chennai,IT Professional,562000,11-11-2021,Tamil Nadu,Lower-Middle
C104911,53,Female,Kolkata,Government Employee,562000,06-07-2019,West Bengal,Lower-Middle
C102818,27,Female,Delhi,Private Employee,561800,12-05-2019,Delhi,Lower-Middle
C100592,35,Female,Ahmedabad,Government Employee,561700,25-08-2021,Gujarat,Lower-Middle
C101350,24,Female,Hyderabad,IT Professional,561700,23-07-2024,Telangana,Lower-Middle
C102773,37,Female,Delhi,Private Employee,561700,10-06-2023,Delhi,Lower-Middle
C102936,39,Male,Bengaluru,Private Employee,561700,22-01-2020,Karnataka,Lower-Middle
C102989,33,Male,Bengaluru,IT Professional,561700,06-05-2019,Karnataka,Lower-Middle
C100583,23,Male,Bengaluru,Private Employee,561600,05-04-2023,Karnataka,Lower-Middle
C103085,41,Female,Delhi,IT Professional,561200,05-09-2023,Delhi,Lower-Middle
C101371,21,Female,Delhi,Business Owner,561000,07-02-2019,Delhi,Lower-Middle
C104011,38,Male,Delhi,Self Employed,560900,19-01-2019,Delhi,Lower-Middle
C103199,37,Male,Kolkata,Student,560800,23-09-2020,West Bengal,Lower-Middle
C102614,23,Male,Kolkata,Private Employee,560300,08-12-2025,West Bengal,Lower-Middle
C100302,44,Male,Mumbai,Private Employee,559900,29-08-2020,Maharashtra,Lower-Middle
C103393,44,Male,Bengaluru,Government Employee,559900,01-02-2022,Karnataka,Lower-Middle
C104591,44,Female,Bengaluru,Self Employed,559800,06-03-2021,Karnataka,Lower-Middle
C100913,32,Female,Kolkata,Other,559700,03-03-2024,West Bengal,Lower-Middle
C101746,35,Female,Ahmedabad,IT Professional,559700,24-11-2021,Gujarat,Lower-Middle
C101864,38,Male,Mumbai,IT Professional,559700,02-01-2024,Maharashtra,Lower-Middle
C102125,45,Female,Pune,Student,559600,24-02-2020,Maharashtra,Lower-Middle
C102510,40,Male,Ahmedabad,Private Employee,559100,10-06-2025,Gujarat,Lower-Middle
C103171,26,Female,Bengaluru,Government Employee,559100,07-07-2024,Karnataka,Lower-Middle
C103967,32,Female,Pune,Student,559100,08-10-2025,Maharashtra,Lower-Middle
C102649,27,Male,Hyderabad,Business Owner,558700,28-12-2022,Telangana,Lower-Middle
C100776,34,Male,Chennai,Government Employee,558500,30-04-2022,Tamil Nadu,Lower-Middle
C100170,26,Female,Pune,Business Owner,558400,30-11-2024,Maharashtra,Lower-Middle
C103565,41,Female,Delhi,IT Professional,558300,19-12-2024,Delhi,Lower-Middle
C100511,27,Female,Delhi,Private Employee,558200,23-05-2022,Delhi,Lower-Middle
C101636,30,Male,Pune,Self Employed,558100,12-06-2024,Maharashtra,Lower-Middle
C101300,37,Female,Mumbai,Private Employee,557600,04-06-2024,Maharashtra,Lower-Middle
C104168,21,Male,Bengaluru,IT Professional,557600,25-09-2022,Karnataka,Lower-Middle
C101496,25,Male,Delhi,Business Owner,557400,18-05-2021,Delhi,Lower-Middle
C100348,25,Female,Ahmedabad,Private Employee,557100,20-02-2019,Gujarat,Lower-Middle
C100585,39,Female,Kolkata,IT Professional,557000,10-06-2022,West Bengal,Lower-Middle
C101877,34,Male,Jaipur,IT Professional,557000,16-12-2025,Rajasthan,Lower-Middle
C103958,41,Male,Pune,Student,556700,18-07-2024,Maharashtra,Lower-Middle
C104902,31,Other,Delhi,Business Owner,556700,04-09-2021,Delhi,Lower-Middle
C101116,37,Female,Chennai,Business Owner,556600,27-04-2025,Tamil Nadu,Lower-Middle
C101082,35,Male,Hyderabad,Self Employed,556500,26-11-2023,Telangana,Lower-Middle
C102525,41,Male,Delhi,Self Employed,556300,25-05-2025,Delhi,Lower-Middle
C101677,65,Female,Hyderabad,Government Employee,556200,30-08-2024,Telangana,Lower-Middle
C102792,25,Male,Bengaluru,Government Employee,555700,09-06-2024,Karnataka,Lower-Middle
C104468,38,Female,Ahmedabad,Self Employed,555700,04-11-2019,Gujarat,Lower-Middle
C102891,21,Male,Kolkata,Student,555300,29-07-2024,West Bengal,Lower-Middle
C104491,35,Male,Pune,Self Employed,555100,11-11-2019,Maharashtra,Lower-Middle
C101356,51,Male,Pune,Government Employee,555000,29-06-2023,Maharashtra,Lower-Middle
C104306,28,Male,Mumbai,Private Employee,554800,06-11-2023,Maharashtra,Lower-Middle
C101026,34,Male,Delhi,Government Employee,554700,04-03-2019,Delhi,Lower-Middle
C101034,30,Female,Chennai,Government Employee,554700,19-11-2020,Tamil Nadu,Lower-Middle
C101124,21,Male,Pune,Private Employee,554700,04-03-2023,Maharashtra,Lower-Middle
C103392,34,Female,Mumbai,Student,554700,14-06-2023,Maharashtra,Lower-Middle
C104843,23,Male,Ahmedabad,Other,554500,25-11-2022,Gujarat,Lower-Middle
C104148,29,Male,Mumbai,IT Professional,554200,01-03-2021,Maharashtra,Lower-Middle
C104866,32,Female,Bengaluru,IT Professional,554100,20-12-2023,Karnataka,Lower-Middle
C101198,40,Male,Bengaluru,Private Employee,554000,02-03-2019,Karnataka,Lower-Middle
C102291,32,Male,Ahmedabad,IT Professional,554000,13-09-2019,Gujarat,Lower-Middle
C102487,27,Female,Bengaluru,Business Owner,554000,16-04-2025,Karnataka,Lower-Middle
C104249,34,Male,Mumbai,IT Professional,553900,26-01-2025,Maharashtra,Lower-Middle
C100094,47,Male,Chennai,Business Owner,553800,02-12-2023,Tamil Nadu,Lower-Middle
C102615,28,Male,Hyderabad,Private Employee,553800,17-03-2025,Telangana,Lower-Middle
C101782,52,Male,Mumbai,Self Employed,553700,27-02-2023,Maharashtra,Lower-Middle
C102450,45,Female,Delhi,Private Employee,553700,27-04-2025,Delhi,Lower-Middle
C103400,53,Other,Kolkata,Government Employee,553700,21-08-2019,West Bengal,Lower-Middle
C104648,31,Male,Bengaluru,Self Employed,553400,01-09-2021,Karnataka,Lower-Middle
C101465,29,Female,Delhi,Private Employee,552600,17-11-2020,Delhi,Lower-Middle
C101814,36,Female,Chennai,Business Owner,552500,19-01-2019,Tamil Nadu,Lower-Middle
C102258,47,Female,Hyderabad,Student,552200,03-06-2022,Telangana,Lower-Middle
C104375,26,Female,Pune,Private Employee,552000,13-11-2024,Maharashtra,Lower-Middle
C103656,38,Female,Mumbai,Private Employee,551900,20-07-2023,Maharashtra,Lower-Middle
C103484,26,Female,Jaipur,IT Professional,551700,24-06-2022,Rajasthan,Lower-Middle
C100172,49,Male,Delhi,IT Professional,551600,03-10-2020,Delhi,Lower-Middle
C103739,36,Male,Pune,Self Employed,551500,12-01-2022,Maharashtra,Lower-Middle
C102778,22,Other,Bengaluru,Student,551300,21-12-2021,Karnataka,Lower-Middle
C101999,37,Female,Chennai,IT Professional,551200,15-04-2024,Tamil Nadu,Lower-Middle
C102648,37,Male,Bengaluru,Private Employee,551200,27-10-2022,Karnataka,Lower-Middle
C102190,46,Male,Bengaluru,IT Professional,550800,29-03-2025,Karnataka,Lower-Middle
C104144,47,Male,Chennai,IT Professional,550700,21-09-2022,Tamil Nadu,Lower-Middle
C100979,41,Female,Chennai,Private Employee,550400,09-09-2022,Tamil Nadu,Lower-Middle
C104238,37,Male,Kolkata,Other,550200,27-04-2024,West Bengal,Lower-Middle
C104832,40,Female,Pune,IT Professional,550000,28-03-2024,Maharashtra,Lower-Middle
C100632,45,Male,Hyderabad,IT Professional,549800,04-03-2019,Telangana,Lower-Middle
C104812,53,Male,Jaipur,Government Employee,549800,25-05-2021,Rajasthan,Lower-Middle
C104000,32,Female,Hyderabad,Government Employee,549300,03-10-2023,Telangana,Lower-Middle
C104040,45,Other,Kochi,Self Employed,549200,31-01-2022,Kerala,Lower-Middle
C104139,29,Male,Ahmedabad,Self Employed,549200,30-08-2025,Gujarat,Lower-Middle
C102499,33,Female,Chennai,Business Owner,549100,24-02-2025,Tamil Nadu,Lower-Middle
C103812,34,Female,Bengaluru,Private Employee,549100,19-12-2023,Karnataka,Lower-Middle
C100216,40,Female,Delhi,Student,549000,25-11-2025,Delhi,Lower-Middle
C103125,36,Female,Kolkata,Private Employee,548900,12-07-2025,West Bengal,Lower-Middle
C103783,35,Male,Jaipur,Business Owner,548900,27-03-2025,Rajasthan,Lower-Middle
C100465,48,Male,Bengaluru,Private Employee,548600,07-03-2024,Karnataka,Lower-Middle
C104352,34,Male,Delhi,Business Owner,548600,26-04-2024,Delhi,Lower-Middle
C104732,30,Female,Mumbai,Student,548600,12-08-2020,Maharashtra,Lower-Middle
C103366,30,Male,Jaipur,Business Owner,548100,03-10-2024,Rajasthan,Lower-Middle
C100248,21,Male,Hyderabad,Private Employee,548000,05-02-2023,Telangana,Lower-Middle
C101579,24,Other,Hyderabad,Self Employed,547800,04-11-2023,Telangana,Lower-Middle
C103528,33,Male,Bengaluru,IT Professional,547800,26-06-2024,Karnataka,Lower-Middle
C102612,29,Male,Bengaluru,Business Owner,547600,13-03-2024,Karnataka,Lower-Middle
C102661,33,Female,Kolkata,Self Employed,547600,20-04-2020,West Bengal,Lower-Middle
C100454,31,Male,Ahmedabad,IT Professional,547300,14-02-2021,Gujarat,Lower-Middle
C102451,27,Male,Chennai,Private Employee,547300,31-07-2025,Tamil Nadu,Lower-Middle
C100326,33,Male,Delhi,Private Employee,547200,02-09-2023,Delhi,Lower-Middle
C102707,35,Male,Delhi,Self Employed,547200,30-12-2024,Delhi,Lower-Middle
C103034,40,Male,Delhi,Business Owner,547200,04-03-2023,Delhi,Lower-Middle
C102402,25,Male,Mumbai,Business Owner,547100,15-03-2022,Maharashtra,Lower-Middle
C103587,36,Male,Kolkata,IT Professional,546900,23-11-2025,West Bengal,Lower-Middle
C100029,35,Other,Chennai,Private Employee,546800,12-12-2023,Tamil Nadu,Lower-Middle
C103879,36,Male,Pune,Self Employed,546400,23-04-2023,Maharashtra,Lower-Middle
C100106,45,Female,Mumbai,Private Employee,546300,10-03-2024,Maharashtra,Lower-Middle
C104165,29,Female,Hyderabad,Business Owner,546300,20-12-2023,Telangana,Lower-Middle
C100435,27,Male,Bengaluru,Private Employee,546000,01-05-2021,Karnataka,Lower-Middle
C100916,48,Female,Mumbai,Government Employee,545800,30-12-2024,Maharashtra,Lower-Middle
C100781,43,Other,Mumbai,Business Owner,545700,28-11-2021,Maharashtra,Lower-Middle
C103153,34,Male,Mumbai,Self Employed,545400,25-06-2020,Maharashtra,Lower-Middle
C103479,46,Male,Chennai,Self Employed,545400,10-09-2020,Tamil Nadu,Lower-Middle
C103113,54,Male,Jaipur,Government Employee,545300,11-09-2023,Rajasthan,Lower-Middle
C102701,42,Female,Mumbai,Private Employee,544800,16-02-2025,Maharashtra,Lower-Middle
C100395,26,Male,Chennai,Business Owner,544600,15-06-2021,Tamil Nadu,Lower-Middle
C102915,21,Female,Delhi,Private Employee,544600,10-02-2022,Delhi,Lower-Middle
C104406,28,Male,Jaipur,Government Employee,544600,06-09-2025,Rajasthan,Lower-Middle
C101073,37,Male,Pune,Private Employee,544500,24-02-2019,Maharashtra,Lower-Middle
C104750,45,Female,Bengaluru,Student,544400,12-09-2021,Karnataka,Lower-Middle
C100670,37,Male,Pune,Student,544300,25-09-2019,Maharashtra,Lower-Middle
C101547,41,Male,Bengaluru,Self Employed,544300,13-03-2019,Karnataka,Lower-Middle
C101473,31,Male,Pune,IT Professional,544100,27-10-2021,Maharashtra,Lower-Middle
C100333,36,Male,Pune,Student,544000,10-03-2023,Maharashtra,Lower-Middle
C100814,48,Female,Chennai,Private Employee,543800,07-03-2023,Tamil Nadu,Lower-Middle
C103904,53,Female,Delhi,Government Employee,543800,10-12-2024,Delhi,Lower-Middle
C104137,36,Female,Mumbai,Student,543800,23-01-2024,Maharashtra,Lower-Middle
C100438,36,Female,Kochi,Private Employee,543500,24-08-2025,Kerala,Lower-Middle
C100909,21,Female,Pune,Government Employee,543500,07-02-2024,Maharashtra,Lower-Middle
C103766,41,Male,Ahmedabad,Private Employee,543400,29-02-2020,Gujarat,Lower-Middle
C104912,26,Male,Mumbai,IT Professional,543400,25-02-2024,Maharashtra,Lower-Middle
C104183,38,Female,Ahmedabad,Business Owner,543100,01-01-2020,Gujarat,Lower-Middle
C100827,28,Female,Bengaluru,Student,542900,16-03-2019,Karnataka,Lower-Middle
C104861,45,Male,Kolkata,Business Owner,542900,13-08-2019,West Bengal,Lower-Middle
C101672,37,Female,Bengaluru,Private Employee,542800,05-07-2019,Karnataka,Lower-Middle
C104589,47,Female,Mumbai,Government Employee,542500,16-09-2023,Maharashtra,Lower-Middle
C101944,28,Male,Mumbai,IT Professional,542400,01-01-2024,Maharashtra,Lower-Middle
C100093,21,Male,Bengaluru,Private Employee,542200,14-01-2020,Karnataka,Lower-Middle
C103446,29,Female,Mumbai,Private Employee,542200,07-05-2020,Maharashtra,Lower-Middle
C104670,40,Female,Mumbai,Government Employee,542100,26-07-2020,Maharashtra,Lower-Middle
C101591,35,Female,Delhi,Self Employed,542000,21-08-2022,Delhi,Lower-Middle
C102922,36,Female,Chennai,Self Employed,541900,02-11-2025,Tamil Nadu,Lower-Middle
C103185,51,Male,Mumbai,IT Professional,541900,19-08-2025,Maharashtra,Lower-Middle
C101857,32,Male,Bengaluru,Government Employee,541700,21-01-2019,Karnataka,Lower-Middle
C103224,28,Female,Chennai,Business Owner,541700,26-04-2025,Tamil Nadu,Lower-Middle
C103854,37,Female,Pune,Student,541400,12-02-2023,Maharashtra,Lower-Middle
C104177,28,Male,Mumbai,Business Owner,541400,03-06-2023,Maharashtra,Lower-Middle
C101207,33,Female,Mumbai,Business Owner,541300,21-06-2019,Maharashtra,Lower-Middle
C102246,21,Female,Jaipur,Self Employed,540900,07-12-2023,Rajasthan,Lower-Middle
C102310,44,Female,Pune,Private Employee,540900,29-05-2020,Maharashtra,Lower-Middle
C101765,61,Male,Chennai,Private Employee,540700,07-07-2021,Tamil Nadu,Lower-Middle
C103537,38,Female,Bengaluru,Private Employee,540600,13-07-2022,Karnataka,Lower-Middle
C104754,43,Female,Chennai,Government Employee,540600,23-01-2021,Tamil Nadu,Lower-Middle
C102993,41,Female,Pune,IT Professional,540500,29-07-2020,Maharashtra,Lower-Middle
C104413,42,Male,Delhi,IT Professional,540500,19-05-2022,Delhi,Lower-Middle
C100694,25,Male,Ahmedabad,Self Employed,540100,20-09-2022,Gujarat,Lower-Middle
C103581,28,Male,Kolkata,Business Owner,540100,05-06-2024,West Bengal,Lower-Middle
C100244,39,Female,Ahmedabad,Self Employed,539800,14-12-2022,Gujarat,Lower-Middle
C102645,39,Female,Hyderabad,IT Professional,539800,18-07-2021,Telangana,Lower-Middle
C102800,40,Male,Delhi,Student,539800,02-12-2025,Delhi,Lower-Middle
C100031,33,Male,Mumbai,Self Employed,539600,16-07-2020,Maharashtra,Lower-Middle
C103944,33,Female,Bengaluru,IT Professional,539500,17-06-2025,Karnataka,Lower-Middle
C104619,31,Female,Chennai,Government Employee,539500,04-04-2020,Tamil Nadu,Lower-Middle
C101629,44,Male,Kochi,Self Employed,539400,19-01-2021,Kerala,Lower-Middle
C103097,35,Other,Jaipur,Government Employee,539300,01-06-2021,Rajasthan,Lower-Middle
C102180,40,Female,Hyderabad,IT Professional,539200,15-04-2019,Telangana,Lower-Middle
C103595,45,Male,Delhi,IT Professional,539100,30-11-2020,Delhi,Lower-Middle
C100976,37,Male,Mumbai,Student,539000,28-06-2023,Maharashtra,Lower-Middle
C104578,37,Male,Hyderabad,Business Owner,539000,16-07-2022,Telangana,Lower-Middle
C104567,36,Female,Chennai,Business Owner,538700,20-05-2021,Tamil Nadu,Lower-Middle
C103747,44,Male,Kolkata,Private Employee,538300,17-09-2025,West Bengal,Lower-Middle
C102636,39,Female,Mumbai,Government Employee,538200,10-03-2023,Maharashtra,Lower-Middle
C101633,43,Male,Hyderabad,IT Professional,538000,25-11-2020,Telangana,Lower-Middle
C103151,35,Male,Hyderabad,Self Employed,538000,30-04-2025,Telangana,Lower-Middle
C100194,25,Male,Mumbai,IT Professional,537600,14-04-2024,Maharashtra,Lower-Middle
C104128,27,Female,Pune,Other,537300,14-03-2021,Maharashtra,Lower-Middle
C102799,45,Female,Pune,Private Employee,537200,28-12-2020,Maharashtra,Lower-Middle
C103951,41,Female,Bengaluru,Government Employee,537000,09-01-2025,Karnataka,Lower-Middle
C104038,39,Female,Bengaluru,Self Employed,536800,30-08-2022,Karnataka,Lower-Middle
C101357,27,Male,Hyderabad,IT Professional,536700,09-08-2021,Telangana,Lower-Middle
C100543,28,Male,Mumbai,Private Employee,536600,01-04-2019,Maharashtra,Lower-Middle
C103950,21,Female,Ahmedabad,IT Professional,536600,30-09-2024,Gujarat,Lower-Middle
C104424,37,Male,Delhi,Government Employee,536500,16-04-2024,Delhi,Lower-Middle
C104281,31,Female,Jaipur,Other,536400,26-07-2019,Rajasthan,Lower-Middle
C100738,41,Female,Kolkata,IT Professional,536200,11-01-2024,West Bengal,Lower-Middle
C103949,54,Female,Jaipur,IT Professional,536100,28-03-2024,Rajasthan,Lower-Middle
C104520,24,Male,Hyderabad,Private Employee,535900,23-01-2024,Telangana,Lower-Middle
C100308,41,Female,Chennai,IT Professional,535800,07-09-2021,Tamil Nadu,Lower-Middle
C100132,44,Male,Mumbai,Student,535700,25-12-2023,Maharashtra,Lower-Middle
C102982,39,Male,Bengaluru,Self Employed,535500,12-04-2021,Karnataka,Lower-Middle
C101068,32,Male,Ahmedabad,Private Employee,535400,16-02-2021,Gujarat,Lower-Middle
C104185,41,Male,Mumbai,Private Employee,535400,30-03-2020,Maharashtra,Lower-Middle
C100789,29,Female,Chennai,Private Employee,535300,03-09-2024,Tamil Nadu,Lower-Middle
C102885,45,Male,Delhi,Student,535100,18-09-2022,Delhi,Lower-Middle
C104245,40,Female,Bengaluru,Private Employee,534700,05-05-2023,Karnataka,Lower-Middle
C104898,26,Male,Bengaluru,IT Professional,534700,19-05-2023,Karnataka,Lower-Middle
C100564,45,Female,Bengaluru,Private Employee,534600,29-04-2022,Karnataka,Lower-Middle
C100685,36,Male,Chennai,Other,534600,22-08-2022,Tamil Nadu,Lower-Middle
C104215,40,Male,Kochi,Other,534600,23-12-2025,Kerala,Lower-Middle
C103009,26,Male,Ahmedabad,IT Professional,534500,29-12-2019,Gujarat,Lower-Middle
C103999,33,Female,Kochi,Private Employee,534300,04-11-2020,Kerala,Lower-Middle
C104881,37,Female,Hyderabad,Private Employee,534200,30-08-2022,Telangana,Lower-Middle
C100430,39,Female,Bengaluru,IT Professional,533900,18-11-2023,Karnataka,Lower-Middle
C104242,25,Male,Bengaluru,Government Employee,533800,31-08-2022,Karnataka,Lower-Middle
C101028,32,Male,Delhi,Business Owner,533500,23-10-2020,Delhi,Lower-Middle
C104516,23,Female,Kolkata,Self Employed,533300,23-11-2025,West Bengal,Lower-Middle
C100946,40,Female,Mumbai,Other,533200,17-07-2023,Maharashtra,Lower-Middle
C101044,44,Female,Bengaluru,Business Owner,533200,16-09-2021,Karnataka,Lower-Middle
C101330,32,Male,Bengaluru,Private Employee,533200,28-12-2025,Karnataka,Lower-Middle
C100822,48,Male,Kolkata,IT Professional,533100,08-07-2021,West Bengal,Lower-Middle
C102269,29,Female,Mumbai,Self Employed,533100,11-12-2024,Maharashtra,Lower-Middle
C101214,25,Female,Chennai,Self Employed,532900,01-03-2023,Tamil Nadu,Lower-Middle
C101273,37,Male,Hyderabad,IT Professional,532900,10-12-2023,Telangana,Lower-Middle
C104032,28,Female,Bengaluru,Private Employee,532900,26-08-2024,Karnataka,Lower-Middle
C101293,35,Female,Mumbai,Private Employee,532800,24-01-2020,Maharashtra,Lower-Middle
C101069,33,Female,Kochi,Student,532700,21-01-2023,Kerala,Lower-Middle
C101462,48,Male,Chennai,IT Professional,532700,07-03-2025,Tamil Nadu,Lower-Middle
C102218,43,Male,Chennai,Government Employee,532700,15-11-2022,Tamil Nadu,Lower-Middle
C102761,37,Male,Pune,Private Employee,532700,06-11-2024,Maharashtra,Lower-Middle
C103940,21,Male,Bengaluru,Private Employee,532700,26-02-2022,Karnataka,Lower-Middle
C104775,42,Female,Kolkata,IT Professional,532700,10-03-2024,West Bengal,Lower-Middle
C100198,47,Male,Bengaluru,Government Employee,532500,06-07-2019,Karnataka,Lower-Middle
C100988,36,Female,Chennai,IT Professional,532400,25-06-2023,Tamil Nadu,Lower-Middle
C101326,53,Male,Mumbai,Private Employee,532200,14-08-2019,Maharashtra,Lower-Middle
C103512,28,Male,Jaipur,Private Employee,532100,11-04-2022,Rajasthan,Lower-Middle
C103762,22,Female,Hyderabad,Government Employee,532100,03-09-2022,Telangana,Lower-Middle
C104961,43,Male,Kolkata,Government Employee,532100,05-03-2019,West Bengal,Lower-Middle
C101104,21,Male,Delhi,IT Professional,532000,21-04-2023,Delhi,Lower-Middle
C101272,34,Male,Hyderabad,Student,531900,28-01-2021,Telangana,Lower-Middle
C100529,41,Female,Mumbai,Private Employee,531700,20-10-2022,Maharashtra,Lower-Middle
C101968,37,Female,Ahmedabad,Private Employee,531700,10-12-2023,Gujarat,Lower-Middle
C103642,33,Female,Jaipur,Self Employed,531700,31-01-2024,Rajasthan,Lower-Middle
C104149,56,Male,Chennai,Private Employee,531700,19-10-2020,Tamil Nadu,Lower-Middle
C104942,38,Female,Delhi,Private Employee,531400,03-06-2020,Delhi,Lower-Middle
C100587,21,Male,Kolkata,Private Employee,531300,12-03-2022,West Bengal,Lower-Middle
C101110,37,Female,Delhi,Other,531300,15-01-2021,Delhi,Lower-Middle
C101569,36,Male,Jaipur,Self Employed,531300,26-08-2022,Rajasthan,Lower-Middle
C102457,48,Other,Mumbai,IT Professional,531300,20-04-2022,Maharashtra,Lower-Middle
C102738,34,Female,Pune,Private Employee,531300,17-10-2023,Maharashtra,Lower-Middle
C102481,40,Female,Delhi,IT Professional,531200,29-04-2023,Delhi,Lower-Middle
C103404,21,Female,Pune,Private Employee,531200,06-08-2025,Maharashtra,Lower-Middle
C101213,42,Female,Kochi,IT Professional,531100,26-11-2019,Kerala,Lower-Middle
C103697,41,Female,Chennai,Private Employee,531000,18-02-2025,Tamil Nadu,Lower-Middle
C104502,54,Female,Mumbai,Government Employee,530700,13-01-2019,Maharashtra,Lower-Middle
C104564,40,Male,Bengaluru,Private Employee,530600,22-12-2021,Karnataka,Lower-Middle
C104585,37,Male,Hyderabad,IT Professional,530400,24-04-2022,Telangana,Lower-Middle
C100105,33,Male,Mumbai,Student,530200,16-11-2024,Maharashtra,Lower-Middle
C102920,52,Male,Chennai,Other,530000,15-04-2019,Tamil Nadu,Lower-Middle
C104026,40,Male,Delhi,Private Employee,529900,24-07-2019,Delhi,Lower-Middle
C104147,44,Female,Mumbai,Government Employee,529900,07-05-2021,Maharashtra,Lower-Middle
C104280,39,Male,Bengaluru,Private Employee,529900,02-12-2021,Karnataka,Lower-Middle
C100191,26,Male,Kolkata,Self Employed,529700,21-10-2019,West Bengal,Lower-Middle
C103282,51,Female,Kolkata,Government Employee,529600,16-06-2020,West Bengal,Lower-Middle
C100523,34,Female,Delhi,Private Employee,529400,02-05-2022,Delhi,Lower-Middle
C101571,37,Male,Bengaluru,Self Employed,529400,09-11-2024,Karnataka,Lower-Middle
C103926,44,Male,Hyderabad,Government Employee,529400,26-06-2023,Telangana,Lower-Middle
C102831,30,Male,Jaipur,IT Professional,529300,16-10-2022,Rajasthan,Lower-Middle
C101825,27,Female,Hyderabad,Private Employee,529000,30-12-2024,Telangana,Lower-Middle
C103489,36,Female,Chennai,Government Employee,529000,12-07-2024,Tamil Nadu,Lower-Middle
C102099,34,Female,Mumbai,Private Employee,528800,26-08-2025,Maharashtra,Lower-Middle
C102377,21,Female,Bengaluru,Private Employee,528500,22-12-2025,Karnataka,Lower-Middle
C100098,31,Male,Kochi,Other,528300,20-07-2019,Kerala,Lower-Middle
C102504,41,Female,Hyderabad,Government Employee,528300,29-08-2022,Telangana,Lower-Middle
C100991,36,Male,Hyderabad,Government Employee,528200,20-04-2022,Telangana,Lower-Middle
C103072,37,Male,Delhi,Business Owner,528100,20-11-2023,Delhi,Lower-Middle
C100907,24,Male,Delhi,Private Employee,528000,15-09-2025,Delhi,Lower-Middle
C103534,39,Female,Mumbai,Private Employee,527900,03-06-2019,Maharashtra,Lower-Middle
C104452,53,Female,Hyderabad,Self Employed,527900,05-10-2025,Telangana,Lower-Middle
C104791,35,Female,Delhi,Private Employee,527800,18-03-2021,Delhi,Lower-Middle
C100713,57,Male,Bengaluru,Government Employee,527700,30-01-2021,Karnataka,Lower-Middle
C101511,44,Female,Jaipur,Self Employed,527700,05-03-2025,Rajasthan,Lower-Middle
C102548,36,Female,Kolkata,Private Employee,527600,10-12-2019,West Bengal,Lower-Middle
C102667,39,Female,Hyderabad,Private Employee,527600,11-12-2022,Telangana,Lower-Middle
C104299,43,Male,Hyderabad,Other,527600,01-10-2020,Telangana,Lower-Middle
C101099,43,Female,Bengaluru,Government Employee,527400,26-11-2019,Karnataka,Lower-Middle
C100563,41,Male,Jaipur,Self Employed,527300,19-05-2020,Rajasthan,Lower-Middle
C104390,43,Female,Bengaluru,Business Owner,527300,23-11-2024,Karnataka,Lower-Middle
C103315,48,Male,Bengaluru,Other,527200,11-06-2019,Karnataka,Lower-Middle
C103784,30,Male,Ahmedabad,Self Employed,527100,29-08-2024,Gujarat,Lower-Middle
C100281,30,Male,Delhi,Business Owner,526900,08-03-2021,Delhi,Lower-Middle
C100412,37,Male,Jaipur,Private Employee,526600,15-03-2025,Rajasthan,Lower-Middle
C100530,40,Male,Kolkata,Government Employee,526500,31-01-2024,West Bengal,Lower-Middle
C100596,54,Female,Chennai,Private Employee,526500,28-10-2021,Tamil Nadu,Lower-Middle
C104598,41,Male,Bengaluru,Private Employee,526100,16-04-2020,Karnataka,Lower-Middle
C104399,35,Male,Bengaluru,Government Employee,526000,24-07-2021,Karnataka,Lower-Middle
C100678,38,Male,Mumbai,Private Employee,525800,15-09-2020,Maharashtra,Lower-Middle
C101037,40,Male,Hyderabad,IT Professional,525700,28-11-2025,Telangana,Lower-Middle
C101822,40,Male,Ahmedabad,Government Employee,525700,30-03-2020,Gujarat,Lower-Middle
C100704,39,Female,Delhi,Private Employee,525600,19-02-2024,Delhi,Lower-Middle
C102819,47,Male,Pune,Business Owner,525400,21-01-2024,Maharashtra,Lower-Middle
C103709,28,Female,Mumbai,IT Professional,525300,11-10-2025,Maharashtra,Lower-Middle
C101376,43,Female,Chennai,Private Employee,525200,02-07-2021,Tamil Nadu,Lower-Middle
C101667,44,Female,Ahmedabad,Self Employed,525200,12-12-2022,Gujarat,Lower-Middle
C100133,39,Female,Ahmedabad,IT Professional,525100,17-05-2023,Gujarat,Lower-Middle
C100158,29,Male,Pune,Government Employee,524900,25-10-2020,Maharashtra,Lower-Middle
C100595,35,Male,Chennai,Private Employee,524800,08-01-2020,Tamil Nadu,Lower-Middle
C100405,32,Other,Chennai,Business Owner,524700,28-12-2021,Tamil Nadu,Lower-Middle
C104765,21,Male,Hyderabad,Private Employee,524700,30-09-2021,Telangana,Lower-Middle
C103136,28,Male,Mumbai,Government Employee,524500,02-12-2025,Maharashtra,Lower-Middle
C100973,29,Female,Hyderabad,IT Professional,524400,15-03-2025,Telangana,Lower-Middle
C102780,35,Female,Delhi,Student,523900,21-08-2023,Delhi,Lower-Middle
C103466,37,Female,Delhi,Private Employee,523900,29-06-2024,Delhi,Lower-Middle
C102606,38,Female,Chennai,Self Employed,523400,30-08-2025,Tamil Nadu,Lower-Middle
C102006,28,Male,Chennai,Other,523300,25-06-2022,Tamil Nadu,Lower-Middle
C103690,36,Male,Chennai,IT Professional,523300,01-12-2020,Tamil Nadu,Lower-Middle
C103888,47,Male,Delhi,Student,523200,26-03-2024,Delhi,Lower-Middle
C104014,38,Female,Mumbai,IT Professional,523200,13-05-2024,Maharashtra,Lower-Middle
C104120,46,Male,Pune,Private Employee,523000,05-08-2020,Maharashtra,Lower-Middle
C100945,45,Female,Jaipur,Business Owner,522900,31-05-2020,Rajasthan,Lower-Middle
C102844,37,Male,Kolkata,Private Employee,522600,03-07-2023,West Bengal,Lower-Middle
C100263,35,Male,Hyderabad,Student,522300,03-04-2024,Telangana,Lower-Middle
C104262,44,Female,Jaipur,IT Professional,522000,24-07-2020,Rajasthan,Lower-Middle
C102629,40,Male,Ahmedabad,IT Professional,521900,25-03-2024,Gujarat,Lower-Middle
C104059,55,Male,Jaipur,IT Professional,521900,21-12-2025,Rajasthan,Lower-Middle
C104021,42,Female,Bengaluru,IT Professional,521800,03-03-2023,Karnataka,Lower-Middle
C103177,28,Male,Delhi,Business Owner,521600,06-08-2022,Delhi,Lower-Middle
C104376,47,Male,Jaipur,Business Owner,521500,05-11-2025,Rajasthan,Lower-Middle
C103887,27,Female,Delhi,Private Employee,521400,11-10-2021,Delhi,Lower-Middle
C104780,33,Female,Mumbai,Government Employee,521400,07-08-2025,Maharashtra,Lower-Middle
C103395,44,Female,Bengaluru,Student,521200,22-09-2020,Karnataka,Lower-Middle
C101370,22,Male,Bengaluru,Other,521000,01-09-2021,Karnataka,Lower-Middle
C101573,42,Female,Bengaluru,IT Professional,521000,24-07-2021,Karnataka,Lower-Middle
C100396,27,Male,Delhi,IT Professional,520900,27-04-2022,Delhi,Lower-Middle
C104294,43,Male,Jaipur,Business Owner,520600,30-05-2023,Rajasthan,Lower-Middle
C103221,30,Male,Bengaluru,IT Professional,520500,21-09-2025,Karnataka,Lower-Middle
C101710,21,Female,Bengaluru,Student,520400,23-05-2025,Karnataka,Lower-Middle
C102469,26,Female,Pune,Business Owner,520300,27-09-2022,Maharashtra,Lower-Middle
C103610,32,Female,Delhi,Business Owner,520300,15-03-2023,Delhi,Lower-Middle
C103734,35,Female,Delhi,Self Employed,520300,22-02-2025,Delhi,Lower-Middle
C100753,23,Male,Mumbai,Business Owner,520200,05-03-2024,Maharashtra,Lower-Middle
C103865,32,Female,Delhi,Government Employee,520100,01-06-2025,Delhi,Lower-Middle
C100602,26,Female,Bengaluru,Self Employed,519900,10-02-2019,Karnataka,Lower-Middle
C100958,30,Male,Hyderabad,Private Employee,519700,05-04-2019,Telangana,Lower-Middle
C104953,44,Female,Chennai,Private Employee,519500,30-12-2021,Tamil Nadu,Lower-Middle
C101437,31,Female,Pune,Government Employee,519400,19-11-2025,Maharashtra,Lower-Middle
C100677,33,Male,Bengaluru,Other,519300,14-09-2025,Karnataka,Lower-Middle
C101476,39,Female,Mumbai,Government Employee,519300,27-10-2024,Maharashtra,Lower-Middle
C104877,32,Female,Mumbai,Self Employed,519300,09-05-2020,Maharashtra,Lower-Middle
C102217,24,Female,Delhi,Private Employee,519100,19-05-2022,Delhi,Lower-Middle
C102178,40,Male,Mumbai,Private Employee,518800,30-08-2024,Maharashtra,Lower-Middle
C103076,26,Male,Delhi,IT Professional,518700,18-10-2020,Delhi,Lower-Middle
C103514,52,Male,Bengaluru,Government Employee,518500,01-01-2023,Karnataka,Lower-Middle
C101271,54,Male,Bengaluru,Private Employee,518400,08-09-2019,Karnataka,Lower-Middle
C102832,41,Male,Bengaluru,Private Employee,518200,28-11-2023,Karnataka,Lower-Middle
C102986,22,Female,Hyderabad,Business Owner,518000,13-12-2022,Telangana,Lower-Middle
C103975,35,Female,Chennai,Self Employed,518000,01-08-2022,Tamil Nadu,Lower-Middle
C104062,31,Male,Bengaluru,IT Professional,517900,18-12-2020,Karnataka,Lower-Middle
C104417,31,Female,Mumbai,Private Employee,517900,17-02-2019,Maharashtra,Lower-Middle
C104657,38,Male,Bengaluru,Private Employee,517900,01-04-2019,Karnataka,Lower-Middle
C101362,36,Male,Jaipur,Private Employee,517800,19-06-2019,Rajasthan,Lower-Middle
C103981,49,Female,Jaipur,Business Owner,517700,25-11-2022,Rajasthan,Lower-Middle
C100821,35,Male,Kochi,Self Employed,517600,17-08-2019,Kerala,Lower-Middle
C101863,21,Other,Delhi,Business Owner,517600,12-09-2025,Delhi,Lower-Middle
C102910,24,Female,Jaipur,Business Owner,517500,07-12-2025,Rajasthan,Lower-Middle
C104879,31,Male,Bengaluru,Private Employee,517300,18-12-2020,Karnataka,Lower-Middle
C103475,40,Female,Ahmedabad,Private Employee,517200,01-06-2021,Gujarat,Lower-Middle
C101429,31,Male,Delhi,Private Employee,516800,26-08-2024,Delhi,Lower-Middle
C104111,45,Male,Bengaluru,IT Professional,516500,05-03-2022,Karnataka,Lower-Middle
C104696,34,Female,Chennai,IT Professional,516300,01-01-2023,Tamil Nadu,Lower-Middle
C102429,43,Other,Kochi,IT Professional,516200,09-03-2023,Kerala,Lower-Middle
C104490,32,Male,Pune,Private Employee,516200,05-12-2023,Maharashtra,Lower-Middle
C101564,30,Male,Mumbai,IT Professional,516000,16-01-2022,Maharashtra,Lower-Middle
C100464,46,Male,Hyderabad,Student,515500,06-11-2020,Telangana,Lower-Middle
C103474,55,Male,Bengaluru,Private Employee,515500,11-09-2020,Karnataka,Lower-Middle
C104039,45,Female,Hyderabad,Government Employee,515500,27-03-2021,Telangana,Lower-Middle
C100295,40,Female,Delhi,Government Employee,515400,16-11-2024,Delhi,Lower-Middle
C101388,21,Female,Bengaluru,Self Employed,515400,02-12-2024,Karnataka,Lower-Middle
C102342,25,Female,Bengaluru,Private Employee,515400,22-12-2025,Karnataka,Lower-Middle
C101550,26,Female,Bengaluru,Self Employed,515200,05-09-2022,Karnataka,Lower-Middle
C103696,28,Male,Mumbai,IT Professional,515100,14-07-2025,Maharashtra,Lower-Middle
C100926,28,Female,Jaipur,Private Employee,515000,28-07-2023,Rajasthan,Lower-Middle
C102609,37,Female,Ahmedabad,IT Professional,515000,16-09-2019,Gujarat,Lower-Middle
C103727,24,Male,Chennai,Business Owner,515000,01-05-2024,Tamil Nadu,Lower-Middle
C100601,33,Male,Hyderabad,IT Professional,514900,18-05-2021,Telangana,Lower-Middle
C101767,38,Female,Delhi,Self Employed,514900,07-01-2025,Delhi,Lower-Middle
C102369,25,Female,Mumbai,Self Employed,514900,01-12-2023,Maharashtra,Lower-Middle
C102556,22,Female,Pune,Business Owner,514900,17-08-2021,Maharashtra,Lower-Middle
C104897,35,Male,Mumbai,Other,514900,11-01-2023,Maharashtra,Lower-Middle
C104768,39,Male,Mumbai,IT Professional,514800,22-04-2024,Maharashtra,Lower-Middle
C100206,22,Male,Bengaluru,IT Professional,514700,15-03-2023,Karnataka,Lower-Middle
C104270,27,Female,Bengaluru,Business Owner,514700,06-08-2023,Karnataka,Lower-Middle
C103147,40,Male,Kolkata,Self Employed,514600,26-11-2020,West Bengal,Lower-Middle
C103750,39,Female,Bengaluru,Private Employee,514600,27-12-2019,Karnataka,Lower-Middle
C102348,27,Female,Chennai,Self Employed,514300,15-07-2023,Tamil Nadu,Lower-Middle
C103501,27,Female,Delhi,Business Owner,514300,27-01-2025,Delhi,Lower-Middle
C103770,37,Male,Mumbai,IT Professional,514300,16-02-2021,Maharashtra,Lower-Middle
C100581,44,Male,Pune,Self Employed,514200,04-06-2022,Maharashtra,Lower-Middle
C101331,40,Male,Delhi,Business Owner,514200,25-04-2025,Delhi,Lower-Middle
C101364,22,Other,Mumbai,IT Professional,514200,26-01-2023,Maharashtra,Lower-Middle
C102744,30,Male,Hyderabad,IT Professional,514100,20-05-2025,Telangana,Lower-Middle
C102170,28,Male,Bengaluru,Self Employed,513800,29-06-2020,Karnataka,Lower-Middle
C103236,49,Female,Chennai,Other,513700,18-06-2022,Tamil Nadu,Lower-Middle
C102362,36,Other,Mumbai,Student,513200,01-02-2023,Maharashtra,Lower-Middle
C100788,39,Female,Pune,Student,513000,01-01-2025,Maharashtra,Lower-Middle
C104113,26,Other,Kolkata,Private Employee,513000,19-06-2025,West Bengal,Lower-Middle
C100584,29,Male,Mumbai,Self Employed,512900,25-09-2024,Maharashtra,Lower-Middle
C102000,35,Female,Jaipur,Private Employee,512800,07-08-2023,Rajasthan,Lower-Middle
C100830,31,Male,Pune,Government Employee,512600,07-10-2020,Maharashtra,Lower-Middle
C102693,25,Male,Kolkata,Private Employee,512600,06-11-2025,West Bengal,Lower-Middle
C104535,21,Other,Ahmedabad,IT Professional,512400,15-07-2022,Gujarat,Lower-Middle
C101535,42,Female,Delhi,Other,512300,30-10-2023,Delhi,Lower-Middle
C102883,40,Male,Ahmedabad,Private Employee,512300,26-02-2023,Gujarat,Lower-Middle
C103023,21,Male,Delhi,Other,512200,26-01-2025,Delhi,Lower-Middle
C100058,46,Female,Delhi,Self Employed,511900,03-12-2020,Delhi,Lower-Middle
C100533,42,Male,Mumbai,Business Owner,511900,08-08-2023,Maharashtra,Lower-Middle
C103462,37,Male,Delhi,IT Professional,511900,08-03-2022,Delhi,Lower-Middle
C104815,55,Male,Mumbai,IT Professional,511900,28-09-2021,Maharashtra,Lower-Middle
C100111,28,Male,Chennai,Private Employee,511800,17-05-2020,Tamil Nadu,Lower-Middle
C100997,40,Female,Jaipur,IT Professional,511800,25-08-2022,Rajasthan,Lower-Middle
C104739,39,Male,Bengaluru,Private Employee,511800,26-09-2019,Karnataka,Lower-Middle
C101644,38,Female,Chennai,Private Employee,511700,20-03-2020,Tamil Nadu,Lower-Middle
C103756,30,Female,Mumbai,IT Professional,511700,21-07-2019,Maharashtra,Lower-Middle
C103377,26,Female,Mumbai,Private Employee,511600,13-08-2019,Maharashtra,Lower-Middle
C104758,33,Male,Jaipur,Private Employee,511600,09-06-2020,Rajasthan,Lower-Middle
C102034,54,Male,Hyderabad,Private Employee,511500,07-11-2019,Telangana,Lower-Middle
C104899,44,Female,Mumbai,Other,511500,24-04-2025,Maharashtra,Lower-Middle
C101045,47,Female,Delhi,Business Owner,511400,12-03-2025,Delhi,Lower-Middle
C103807,37,Female,Kochi,Private Employee,511400,02-05-2025,Kerala,Lower-Middle
C104568,33,Male,Pune,Business Owner,511200,29-10-2020,Maharashtra,Lower-Middle
C101425,29,Female,Kolkata,Business Owner,511000,29-03-2023,West Bengal,Lower-Middle
C103948,34,Male,Bengaluru,Private Employee,510800,02-03-2019,Karnataka,Lower-Middle
C100683,34,Female,Delhi,IT Professional,510500,20-11-2024,Delhi,Lower-Middle
C104122,49,Male,Pune,IT Professional,510500,08-08-2019,Maharashtra,Lower-Middle
C103288,35,Male,Chennai,Business Owner,510200,06-03-2023,Tamil Nadu,Lower-Middle
C101038,28,Male,Jaipur,IT Professional,510100,22-12-2021,Rajasthan,Lower-Middle
C103842,35,Female,Bengaluru,Business Owner,510100,25-06-2022,Karnataka,Lower-Middle
C101056,37,Male,Mumbai,IT Professional,509800,26-10-2022,Maharashtra,Lower-Middle
C101834,26,Male,Ahmedabad,Business Owner,509800,02-07-2024,Gujarat,Lower-Middle
C101808,26,Female,Hyderabad,Government Employee,509500,18-11-2020,Telangana,Lower-Middle
C100680,42,Female,Ahmedabad,Other,509400,31-07-2020,Gujarat,Lower-Middle
C103082,24,Male,Kochi,Private Employee,509400,04-03-2024,Kerala,Lower-Middle
C104150,46,Female,Mumbai,Government Employee,509300,24-10-2022,Maharashtra,Lower-Middle
C101390,36,Female,Chennai,Other,509200,11-05-2023,Tamil Nadu,Lower-Middle
C103283,41,Female,Pune,Government Employee,509100,13-10-2023,Maharashtra,Lower-Middle
C101696,38,Female,Delhi,Business Owner,508800,28-03-2025,Delhi,Lower-Middle
C102114,31,Female,Mumbai,Self Employed,508800,29-04-2025,Maharashtra,Lower-Middle
C103249,29,Male,Bengaluru,IT Professional,508800,26-03-2022,Karnataka,Lower-Middle
C104367,46,Female,Ahmedabad,Private Employee,508800,23-09-2022,Gujarat,Lower-Middle
C102398,50,Female,Chennai,IT Professional,508700,02-07-2019,Tamil Nadu,Lower-Middle
C104175,58,Male,Kochi,IT Professional,508700,09-02-2020,Kerala,Lower-Middle
C102350,39,Male,Kochi,IT Professional,508600,11-10-2021,Kerala,Lower-Middle
C100872,36,Female,Mumbai,Other,508500,06-04-2022,Maharashtra,Lower-Middle
C102552,43,Female,Kolkata,Business Owner,508500,02-09-2020,West Bengal,Lower-Middle
C102757,45,Male,Kochi,Private Employee,508400,17-11-2025,Kerala,Lower-Middle
C103374,33,Male,Bengaluru,Student,508400,01-04-2020,Karnataka,Lower-Middle
C100280,33,Female,Ahmedabad,Private Employee,508300,14-08-2019,Gujarat,Lower-Middle
C101060,43,Female,Hyderabad,Other,507900,10-02-2022,Telangana,Lower-Middle
C101939,33,Male,Bengaluru,Self Employed,507600,31-12-2025,Karnataka,Lower-Middle
C102745,43,Female,Hyderabad,Student,507600,06-09-2021,Telangana,Lower-Middle
C104658,39,Female,Mumbai,Student,507600,13-06-2020,Maharashtra,Lower-Middle
C104079,37,Male,Delhi,Private Employee,507200,03-12-2024,Delhi,Lower-Middle
C100671,26,Female,Chennai,Other,507100,07-06-2024,Tamil Nadu,Lower-Middle
C103875,36,Female,Ahmedabad,Private Employee,507100,20-08-2022,Gujarat,Lower-Middle
C104075,31,Female,Bengaluru,Student,507000,10-02-2025,Karnataka,Lower-Middle
C103349,32,Female,Hyderabad,Private Employee,506800,22-09-2025,Telangana,Lower-Middle
C104855,21,Female,Chennai,IT Professional,506800,17-02-2021,Tamil Nadu,Lower-Middle
C103631,26,Female,Mumbai,Private Employee,506700,18-01-2025,Maharashtra,Lower-Middle
C104408,34,Male,Bengaluru,Private Employee,506400,10-01-2022,Karnataka,Lower-Middle
C102464,30,Female,Ahmedabad,Business Owner,506200,01-07-2020,Gujarat,Lower-Middle
C104371,33,Female,Mumbai,Private Employee,506100,23-02-2024,Maharashtra,Lower-Middle
C100313,48,Female,Ahmedabad,Private Employee,506000,22-12-2023,Gujarat,Lower-Middle
C103539,36,Male,Mumbai,Government Employee,506000,30-11-2021,Maharashtra,Lower-Middle
C100728,55,Male,Kochi,IT Professional,505900,29-01-2023,Kerala,Lower-Middle
C102079,38,Female,Hyderabad,Private Employee,505900,23-05-2023,Telangana,Lower-Middle
C103600,24,Female,Mumbai,IT Professional,505800,27-06-2023,Maharashtra,Lower-Middle
C103303,24,Female,Chennai,Private Employee,505700,01-02-2020,Tamil Nadu,Lower-Middle
C103422,23,Female,Hyderabad,Self Employed,505400,12-11-2023,Telangana,Lower-Middle
C100166,38,Female,Bengaluru,Government Employee,505100,17-07-2020,Karnataka,Lower-Middle
C101232,57,Male,Jaipur,Self Employed,505000,05-11-2021,Rajasthan,Lower-Middle
C100340,33,Male,Mumbai,Private Employee,504800,21-03-2024,Maharashtra,Lower-Middle
C102566,49,Male,Bengaluru,Government Employee,504700,11-03-2025,Karnataka,Lower-Middle
C103121,23,Male,Chennai,Private Employee,504500,31-12-2019,Tamil Nadu,Lower-Middle
C104457,33,Female,Jaipur,Student,504500,15-08-2024,Rajasthan,Lower-Middle
C104837,33,Female,Jaipur,IT Professional,504500,20-05-2022,Rajasthan,Lower-Middle
C104158,35,Male,Delhi,Private Employee,504300,08-07-2024,Delhi,Lower-Middle
C100799,43,Male,Ahmedabad,Private Employee,504000,12-09-2024,Gujarat,Lower-Middle
C102941,41,Female,Mumbai,Government Employee,504000,25-09-2019,Maharashtra,Lower-Middle
C102301,29,Male,Delhi,Private Employee,503900,26-01-2023,Delhi,Lower-Middle
C101172,23,Female,Hyderabad,IT Professional,503800,12-08-2022,Telangana,Lower-Middle
C103714,35,Male,Kolkata,Private Employee,503800,10-01-2020,West Bengal,Lower-Middle
C103346,34,Male,Chennai,Self Employed,503700,02-06-2021,Tamil Nadu,Lower-Middle
C103480,49,Male,Bengaluru,Student,503700,09-01-2024,Karnataka,Lower-Middle
C104140,45,Female,Ahmedabad,Private Employee,503700,18-06-2023,Gujarat,Lower-Middle
C104360,42,Female,Mumbai,IT Professional,503500,19-12-2021,Maharashtra,Lower-Middle
C102243,36,Female,Mumbai,IT Professional,503400,29-04-2019,Maharashtra,Lower-Middle
C101489,42,Male,Bengaluru,Private Employee,503300,29-12-2023,Karnataka,Lower-Middle
C100457,34,Male,Pune,Private Employee,503100,25-04-2019,Maharashtra,Lower-Middle
C102884,30,Male,Hyderabad,Student,502900,25-06-2021,Telangana,Lower-Middle
C100050,34,Male,Chennai,Government Employee,502800,14-02-2021,Tamil Nadu,Lower-Middle
C104499,43,Male,Bengaluru,Private Employee,502800,22-12-2020,Karnataka,Lower-Middle
C100568,36,Male,Mumbai,Government Employee,502700,22-07-2021,Maharashtra,Lower-Middle
C103602,39,Female,Bengaluru,Private Employee,502700,31-07-2019,Karnataka,Lower-Middle
C101228,24,Female,Jaipur,Self Employed,502100,03-05-2020,Rajasthan,Lower-Middle
C102628,42,Female,Bengaluru,Self Employed,502000,28-07-2020,Karnataka,Lower-Middle
C103793,26,Male,Delhi,Self Employed,501900,30-07-2022,Delhi,Lower-Middle
C100590,35,Male,Hyderabad,IT Professional,501800,01-11-2021,Telangana,Lower-Middle
C104179,57,Female,Chennai,IT Professional,501800,12-01-2024,Tamil Nadu,Lower-Middle
C100262,37,Male,Bengaluru,Private Employee,501500,08-03-2023,Karnataka,Lower-Middle
C101532,54,Female,Hyderabad,Private Employee,501500,07-11-2025,Telangana,Lower-Middle
C104153,39,Male,Pune,IT Professional,501500,27-12-2025,Maharashtra,Lower-Middle
C101021,31,Female,Bengaluru,Business Owner,501400,10-12-2020,Karnataka,Lower-Middle
C101394,43,Male,Delhi,Private Employee,501400,08-11-2023,Delhi,Lower-Middle
C104191,28,Female,Kolkata,IT Professional,501400,20-04-2022,West Bengal,Lower-Middle
C104945,36,Female,Bengaluru,Self Employed,501400,20-12-2020,Karnataka,Lower-Middle
C100222,32,Female,Pune,Student,501000,23-11-2023,Maharashtra,Lower-Middle
C103755,31,Male,Bengaluru,Private Employee,501000,20-08-2023,Karnataka,Lower-Middle
C102356,30,Male,Delhi,Business Owner,500800,01-03-2022,Delhi,Lower-Middle
C103263,40,Male,Kolkata,Private Employee,500800,18-06-2024,West Bengal,Lower-Middle
C103343,37,Male,Mumbai,Government Employee,500700,22-01-2020,Maharashtra,Lower-Middle
C101695,44,Female,Bengaluru,IT Professional,500500,18-05-2020,Karnataka,Lower-Middle
C100047,50,Male,Bengaluru,Private Employee,500300,22-10-2022,Karnataka,Lower-Middle
C103243,30,Male,Mumbai,Private Employee,500300,05-12-2023,Maharashtra,Lower-Middle
C101354,42,Male,Chennai,Private Employee,500200,12-10-2022,Tamil Nadu,Lower-Middle
C104103,45,Male,Mumbai,Business Owner,500200,03-07-2022,Maharashtra,Lower-Middle
C101752,36,Female,Bengaluru,Private Employee,500000,14-05-2022,Karnataka,Lower-Middle
C104064,40,Male,Pune,Other,500000,20-10-2020,Maharashtra,Lower-Middle
C103358,31,Female,Mumbai,Private Employee,499900,19-09-2023,Maharashtra,Lower-Middle
C102991,30,Male,Kochi,Government Employee,499500,27-03-2021,Kerala,Lower-Middle
C100783,40,Female,Hyderabad,IT Professional,499400,20-07-2022,Telangana,Lower-Middle
C102080,52,Male,Delhi,Other,499200,02-06-2024,Delhi,Lower-Middle
C102146,50,Male,Kochi,Business Owner,499100,26-03-2024,Kerala,Lower-Middle
C101444,34,Male,Hyderabad,IT Professional,499000,25-07-2020,Telangana,Lower-Middle
C101669,32,Male,Hyderabad,Student,499000,22-10-2019,Telangana,Lower-Middle
C100017,30,Female,Hyderabad,Unknown,498900,30-04-2022,Telangana,Lower-Middle
C101794,38,Male,Pune,Business Owner,498900,11-12-2019,Maharashtra,Lower-Middle
C104488,25,Male,Hyderabad,Student,498800,19-04-2019,Telangana,Lower-Middle
C104341,28,Male,Pune,Business Owner,498700,19-02-2019,Maharashtra,Lower-Middle
C101055,40,Female,Bengaluru,Student,498600,07-02-2021,Karnataka,Lower-Middle
C103419,40,Female,Kolkata,IT Professional,498600,08-06-2019,West Bengal,Lower-Middle
C103775,29,Female,Mumbai,Private Employee,498600,18-07-2023,Maharashtra,Lower-Middle
C102531,27,Female,Bengaluru,IT Professional,498400,01-09-2023,Karnataka,Lower-Middle
C101924,30,Female,Mumbai,IT Professional,498300,02-01-2023,Maharashtra,Lower-Middle
C100955,39,Other,Bengaluru,Self Employed,498200,25-09-2024,Karnataka,Lower-Middle
C102680,45,Female,Chennai,IT Professional,498000,02-08-2023,Tamil Nadu,Lower-Middle
C103192,45,Male,Chennai,IT Professional,498000,28-11-2024,Tamil Nadu,Lower-Middle
C103769,45,Other,Chennai,Student,497900,31-08-2025,Tamil Nadu,Lower-Middle
C104437,35,Male,Hyderabad,IT Professional,497900,05-08-2024,Telangana,Lower-Middle
C103525,32,Male,Mumbai,Private Employee,497700,15-11-2020,Maharashtra,Lower-Middle
C100768,27,Male,Mumbai,Self Employed,497600,27-10-2021,Maharashtra,Lower-Middle
C102077,43,Male,Bengaluru,IT Professional,497600,21-08-2021,Karnataka,Lower-Middle
C102946,23,Male,Chennai,Private Employee,497600,12-10-2022,Tamil Nadu,Lower-Middle
C103239,33,Male,Mumbai,IT Professional,497400,30-05-2025,Maharashtra,Lower-Middle
C102596,26,Male,Bengaluru,IT Professional,497200,13-08-2022,Karnataka,Lower-Middle
C102875,39,Female,Chennai,IT Professional,497000,27-03-2021,Tamil Nadu,Lower-Middle
C103347,43,Other,Bengaluru,Self Employed,497000,24-06-2020,Karnataka,Lower-Middle
C104755,22,Female,Bengaluru,Private Employee,496800,02-01-2025,Karnataka,Lower-Middle
C103580,35,Female,Pune,Private Employee,496600,09-02-2019,Maharashtra,Lower-Middle
C103612,24,Female,Kolkata,Other,496600,11-06-2024,West Bengal,Lower-Middle
C102494,41,Female,Delhi,Government Employee,496500,24-06-2024,Delhi,Lower-Middle
C104454,26,Female,Chennai,IT Professional,496300,13-03-2019,Tamil Nadu,Lower-Middle
C101483,45,Male,Mumbai,Other,496000,23-06-2024,Maharashtra,Lower-Middle
C101577,32,Male,Bengaluru,Private Employee,496000,02-01-2019,Karnataka,Lower-Middle
C102202,38,Female,Hyderabad,IT Professional,496000,18-11-2024,Telangana,Lower-Middle
C100347,32,Female,Delhi,Government Employee,495900,03-05-2021,Delhi,Lower-Middle
C103351,27,Male,Pune,IT Professional,495400,02-11-2022,Maharashtra,Lower-Middle
C101761,35,Male,Bengaluru,Private Employee,495300,23-04-2022,Karnataka,Lower-Middle
C101170,38,Female,Mumbai,Government Employee,495200,29-01-2019,Maharashtra,Lower-Middle
C103182,39,Male,Chennai,IT Professional,495200,01-04-2023,Tamil Nadu,Lower-Middle
C103071,22,Female,Chennai,IT Professional,494800,22-05-2022,Tamil Nadu,Lower-Middle
C103416,40,Male,Bengaluru,Government Employee,494800,04-08-2019,Karnataka,Lower-Middle
C101317,33,Male,Chennai,Government Employee,494700,21-12-2021,Tamil Nadu,Lower-Middle
C103311,24,Male,Hyderabad,Private Employee,494700,09-07-2024,Telangana,Lower-Middle
C100316,38,Female,Bengaluru,Private Employee,494500,08-09-2022,Karnataka,Lower-Middle
C103222,47,Male,Mumbai,Government Employee,494500,11-11-2021,Maharashtra,Lower-Middle
C104393,36,Male,Mumbai,Government Employee,494500,14-08-2019,Maharashtra,Lower-Middle
C104358,39,Male,Delhi,Business Owner,494300,21-01-2022,Delhi,Lower-Middle
C103348,48,Female,Bengaluru,IT Professional,494200,20-06-2019,Karnataka,Lower-Middle
C100558,43,Male,Mumbai,IT Professional,494100,12-05-2024,Maharashtra,Lower-Middle
C102314,21,Male,Delhi,Private Employee,493900,23-01-2019,Delhi,Lower-Middle
C102252,37,Male,Mumbai,Private Employee,493800,18-08-2025,Maharashtra,Lower-Middle
C103238,44,Female,Hyderabad,Other,493800,15-12-2023,Telangana,Lower-Middle
C103470,41,Male,Bengaluru,Government Employee,493700,24-06-2024,Karnataka,Lower-Middle
C100298,45,Female,Bengaluru,Self Employed,493600,16-05-2025,Karnataka,Lower-Middle
C100274,41,Female,Bengaluru,Business Owner,493500,16-09-2024,Karnataka,Lower-Middle
C102439,48,Female,Pune,Government Employee,493400,21-07-2024,Maharashtra,Lower-Middle
C103933,45,Male,Bengaluru,Self Employed,493400,30-08-2019,Karnataka,Lower-Middle
C101220,35,Male,Chennai,Student,493300,17-10-2023,Tamil Nadu,Lower-Middle
C101684,35,Female,Bengaluru,Student,493200,09-07-2025,Karnataka,Lower-Middle
C102682,38,Male,Jaipur,Government Employee,493100,16-10-2019,Rajasthan,Lower-Middle
C102985,23,Other,Bengaluru,Student,493100,04-07-2024,Karnataka,Lower-Middle
C104044,38,Female,Kochi,IT Professional,493000,12-06-2020,Kerala,Lower-Middle
C104436,41,Female,Bengaluru,Private Employee,492900,06-11-2019,Karnataka,Lower-Middle
C102741,35,Female,Bengaluru,Business Owner,492600,24-03-2019,Karnataka,Lower-Middle
C102788,21,Female,Delhi,IT Professional,492300,22-10-2020,Delhi,Lower-Middle
C102912,28,Male,Pune,Private Employee,492100,25-09-2025,Maharashtra,Lower-Middle
C101115,41,Male,Mumbai,Other,491900,05-04-2023,Maharashtra,Lower-Middle
C104761,38,Female,Ahmedabad,Self Employed,491900,28-08-2025,Gujarat,Lower-Middle
C101318,24,Male,Bengaluru,Private Employee,491800,12-02-2024,Karnataka,Lower-Middle
C100122,48,Female,Bengaluru,Self Employed,491600,06-04-2019,Karnataka,Lower-Middle
C102733,31,Female,Mumbai,Private Employee,491200,19-03-2024,Maharashtra,Lower-Middle
C100016,21,Male,Kolkata,Government Employee,491000,30-08-2025,West Bengal,Lower-Middle
C104673,27,Female,Kolkata,Private Employee,491000,28-03-2024,West Bengal,Lower-Middle
C102003,28,Female,Bengaluru,Self Employed,490500,21-09-2020,Karnataka,Lower-Middle
C101355,36,Male,Bengaluru,Self Employed,490400,14-07-2022,Karnataka,Lower-Middle
C103965,34,Male,Pune,Private Employee,490100,26-11-2024,Maharashtra,Lower-Middle
C100534,26,Male,Jaipur,IT Professional,490000,25-05-2020,Rajasthan,Lower-Middle
C101341,27,Female,Kolkata,Student,489900,29-03-2024,West Bengal,Lower-Middle
C100189,31,Female,Kolkata,Private Employee,489800,05-02-2020,West Bengal,Lower-Middle
C102889,21,Female,Chennai,Student,489800,06-08-2020,Tamil Nadu,Lower-Middle
C104530,46,Female,Ahmedabad,Business Owner,489800,13-02-2023,Gujarat,Lower-Middle
C102533,37,Female,Kolkata,IT Professional,489600,26-06-2019,West Bengal,Lower-Middle
C100378,40,Female,Delhi,IT Professional,489300,17-12-2021,Delhi,Lower-Middle
C102321,25,Male,Jaipur,IT Professional,489300,23-12-2024,Rajasthan,Lower-Middle
C104793,36,Male,Chennai,Student,489200,10-10-2023,Tamil Nadu,Lower-Middle
C102128,46,Male,Kolkata,Government Employee,489000,17-02-2023,West Bengal,Lower-Middle
C100469,35,Male,Delhi,IT Professional,488800,21-04-2023,Delhi,Lower-Middle
C104278,25,Female,Kolkata,Government Employee,488700,09-02-2022,West Bengal,Lower-Middle
C101179,26,Male,Mumbai,Private Employee,488600,24-02-2019,Maharashtra,Lower-Middle
C100012,35,Male,Kochi,Private Employee,488500,13-08-2023,Kerala,Lower-Middle
C103367,26,Female,Bengaluru,IT Professional,488500,21-08-2024,Karnataka,Lower-Middle
C101001,50,Male,Mumbai,Self Employed,488000,25-07-2021,Maharashtra,Lower-Middle
C101126,23,Male,Delhi,Self Employed,487800,27-07-2022,Delhi,Lower-Middle
C104588,31,Female,Jaipur,Student,487700,09-11-2023,Rajasthan,Lower-Middle
C104654,32,Female,Mumbai,Business Owner,487600,19-08-2022,Maharashtra,Lower-Middle
C102638,21,Female,Hyderabad,IT Professional,487500,14-05-2023,Telangana,Lower-Middle
C102984,33,Male,Kolkata,IT Professional,487500,02-07-2021,West Bengal,Lower-Middle
C104952,21,Female,Chennai,Private Employee,487500,27-08-2021,Tamil Nadu,Lower-Middle
C102513,32,Male,Bengaluru,Self Employed,487400,24-02-2024,Karnataka,Lower-Middle
C103722,29,Male,Pune,Self Employed,487400,06-07-2025,Maharashtra,Lower-Middle
C103883,49,Male,Chennai,Private Employee,487400,26-12-2025,Tamil Nadu,Lower-Middle
C101529,27,Male,Hyderabad,Private Employee,487000,13-01-2020,Telangana,Lower-Middle
C102290,41,Male,Pune,IT Professional,487000,28-02-2025,Maharashtra,Lower-Middle
C101538,27,Male,Bengaluru,Business Owner,486600,13-10-2021,Karnataka,Lower-Middle
C100553,45,Male,Delhi,Business Owner,486500,28-11-2025,Delhi,Lower-Middle
C102143,38,Male,Jaipur,Self Employed,486400,18-09-2025,Rajasthan,Lower-Middle
C101799,40,Female,Mumbai,Business Owner,486300,05-08-2023,Maharashtra,Lower-Middle
C101965,48,Female,Mumbai,Government Employee,486300,29-12-2021,Maharashtra,Lower-Middle
C104006,44,Female,Mumbai,Self Employed,486300,16-02-2020,Maharashtra,Lower-Middle
C100676,31,Male,Kolkata,Business Owner,486100,23-01-2024,West Bengal,Lower-Middle
C100090,26,Male,Ahmedabad,Government Employee,486000,26-08-2023,Gujarat,Lower-Middle
C102173,29,Male,Hyderabad,IT Professional,486000,16-08-2020,Telangana,Lower-Middle
C102010,32,Male,Ahmedabad,Government Employee,485900,29-05-2019,Gujarat,Lower-Middle
C101029,30,Male,Mumbai,Business Owner,485800,12-01-2025,Maharashtra,Lower-Middle
C101551,34,Male,Bengaluru,Self Employed,485800,04-12-2019,Karnataka,Lower-Middle
C101809,29,Male,Jaipur,Government Employee,485700,03-05-2020,Rajasthan,Lower-Middle
C103410,43,Male,Pune,IT Professional,485600,08-11-2025,Maharashtra,Lower-Middle
C101628,38,Male,Chennai,IT Professional,485500,09-12-2024,Tamil Nadu,Lower-Middle
C102760,21,Male,Bengaluru,Self Employed,485500,25-06-2025,Karnataka,Lower-Middle
C103181,30,Female,Mumbai,Self Employed,485500,24-12-2019,Maharashtra,Lower-Middle
C101988,46,Male,Ahmedabad,Private Employee,485400,05-11-2025,Gujarat,Lower-Middle
C102781,42,Male,Kolkata,IT Professional,485400,04-05-2025,West Bengal,Lower-Middle
C104727,39,Female,Bengaluru,Private Employee,485300,04-08-2023,Karnataka,Lower-Middle
C104770,36,Male,Mumbai,Private Employee,485300,24-06-2023,Maharashtra,Lower-Middle
C100297,37,Female,Delhi,Business Owner,485200,26-11-2021,Delhi,Lower-Middle
C104722,28,Female,Pune,Private Employee,485100,16-05-2022,Maharashtra,Lower-Middle
C100455,33,Male,Chennai,Private Employee,484900,14-06-2023,Tamil Nadu,Lower-Middle
C102540,49,Female,Pune,Self Employed,484800,18-03-2023,Maharashtra,Lower-Middle
C101886,42,Male,Kolkata,IT Professional,484700,07-11-2024,West Bengal,Lower-Middle
C102346,33,Female,Bengaluru,Other,484700,20-06-2024,Karnataka,Lower-Middle
C101327,32,Male,Hyderabad,Student,484500,04-04-2021,Telangana,Lower-Middle
C102142,24,Male,Delhi,Business Owner,484300,17-05-2023,Delhi,Lower-Middle
C104816,21,Female,Mumbai,Self Employed,484300,22-02-2022,Maharashtra,Lower-Middle
C101016,37,Female,Pune,Business Owner,484100,20-04-2022,Maharashtra,Lower-Middle
C103399,34,Female,Mumbai,Private Employee,484000,05-10-2019,Maharashtra,Lower-Middle
C101658,34,Male,Delhi,Business Owner,483800,19-10-2022,Delhi,Lower-Middle
C104088,48,Female,Kolkata,Business Owner,483800,05-11-2023,West Bengal,Lower-Middle
C104303,27,Female,Ahmedabad,Self Employed,483500,13-03-2022,Gujarat,Lower-Middle
C104774,49,Male,Delhi,IT Professional,483500,22-09-2024,Delhi,Lower-Middle
C101387,35,Male,Pune,Self Employed,483400,24-07-2025,Maharashtra,Lower-Middle
C102001,45,Male,Pune,IT Professional,483200,25-08-2019,Maharashtra,Lower-Middle
C102194,25,Female,Bengaluru,Private Employee,483200,14-02-2021,Karnataka,Lower-Middle
C102723,34,Male,Kolkata,Self Employed,483200,06-01-2023,West Bengal,Lower-Middle
C103728,32,Female,Bengaluru,Other,483100,05-12-2024,Karnataka,Lower-Middle
C100447,43,Male,Mumbai,IT Professional,483000,10-09-2025,Maharashtra,Lower-Middle
C102861,37,Male,Kochi,IT Professional,483000,08-02-2020,Kerala,Lower-Middle
C101264,23,Male,Mumbai,Private Employee,482800,07-05-2020,Maharashtra,Lower-Middle
C103391,44,Male,Pune,Private Employee,482800,30-05-2020,Maharashtra,Lower-Middle
C104012,23,Male,Jaipur,Business Owner,482800,20-02-2025,Rajasthan,Lower-Middle
C101478,31,Female,Bengaluru,Private Employee,482700,23-07-2020,Karnataka,Lower-Middle
C102882,51,Female,Mumbai,Other,482700,24-09-2023,Maharashtra,Lower-Middle
C104204,21,Female,Delhi,Private Employee,482700,17-12-2019,Delhi,Lower-Middle
C104624,27,Female,Kolkata,Private Employee,482700,09-03-2020,West Bengal,Lower-Middle
C102864,38,Female,Mumbai,Government Employee,482600,05-01-2024,Maharashtra,Lower-Middle
C101741,33,Male,Pune,Student,482300,26-08-2021,Maharashtra,Lower-Middle
C101870,27,Female,Hyderabad,Self Employed,482300,14-04-2020,Telangana,Lower-Middle
C103563,38,Male,Mumbai,Business Owner,482300,09-02-2020,Maharashtra,Lower-Middle
C101773,30,Female,Kolkata,IT Professional,482200,10-06-2021,West Bengal,Lower-Middle
C102826,35,Female,Hyderabad,Business Owner,481800,24-02-2023,Telangana,Lower-Middle
C103649,57,Other,Kolkata,IT Professional,481700,14-04-2019,West Bengal,Lower-Middle
C102017,36,Female,Jaipur,Private Employee,481600,09-10-2021,Rajasthan,Lower-Middle
C100073,52,Female,Mumbai,IT Professional,481400,12-12-2021,Maharashtra,Lower-Middle
C101546,41,Female,Bengaluru,Government Employee,481400,23-12-2021,Karnataka,Lower-Middle
C101724,32,Male,Kochi,Student,481400,31-07-2022,Kerala,Lower-Middle
C100915,30,Female,Chennai,Business Owner,481300,28-07-2020,Tamil Nadu,Lower-Middle
C104997,49,Male,Hyderabad,Other,481300,31-05-2024,Telangana,Lower-Middle
C104910,29,Male,Delhi,Private Employee,481000,09-10-2021,Delhi,Lower-Middle
C101310,33,Male,Bengaluru,Other,480800,09-10-2024,Karnataka,Lower-Middle
C102750,35,Male,Delhi,IT Professional,480800,12-03-2023,Delhi,Lower-Middle
C102998,39,Male,Bengaluru,Private Employee,480800,12-04-2021,Karnataka,Lower-Middle
C101706,35,Male,Bengaluru,Business Owner,480700,12-01-2023,Karnataka,Lower-Middle
C104820,42,Other,Mumbai,IT Professional,480400,27-02-2020,Maharashtra,Lower-Middle
C100604,28,Male,Bengaluru,Private Employee,480300,30-04-2024,Karnataka,Lower-Middle
C101351,44,Female,Jaipur,IT Professional,480100,04-07-2025,Rajasthan,Lower-Middle
C101984,39,Female,Kolkata,Business Owner,479900,27-12-2023,West Bengal,Lower-Middle
C103945,25,Male,Chennai,Private Employee,479900,15-01-2021,Tamil Nadu,Lower-Middle
C100210,26,Other,Ahmedabad,Private Employee,479800,03-05-2020,Gujarat,Lower-Middle
C103203,30,Male,Bengaluru,Government Employee,479800,26-06-2025,Karnataka,Lower-Middle
C101448,42,Male,Kolkata,Other,479700,15-09-2021,West Bengal,Lower-Middle
C103370,41,Female,Chennai,Private Employee,479700,17-08-2025,Tamil Nadu,Lower-Middle
C101443,28,Male,Bengaluru,IT Professional,479600,06-12-2022,Karnataka,Lower-Middle
C102338,48,Male,Delhi,IT Professional,479600,11-07-2021,Delhi,Lower-Middle
C103057,43,Female,Kolkata,Business Owner,479500,15-04-2021,West Bengal,Lower-Middle
C101143,21,Male,Chennai,Private Employee,479400,20-09-2024,Tamil Nadu,Lower-Middle
C100804,43,Male,Bengaluru,Self Employed,479200,28-10-2023,Karnataka,Lower-Middle
C103499,41,Male,Jaipur,Private Employee,479000,22-10-2024,Rajasthan,Lower-Middle
C100886,41,Male,Delhi,Private Employee,478800,30-11-2019,Delhi,Lower-Middle
C103688,42,Female,Chennai,Private Employee,478800,17-07-2022,Tamil Nadu,Lower-Middle
C100884,32,Female,Kochi,Private Employee,478700,24-08-2019,Kerala,Lower-Middle
C102944,22,Female,Hyderabad,Private Employee,478400,31-01-2024,Telangana,Lower-Middle
C100633,39,Male,Kolkata,IT Professional,478300,25-05-2022,West Bengal,Lower-Middle
C101051,49,Female,Hyderabad,Business Owner,478300,04-03-2020,Telangana,Lower-Middle
C101848,34,Male,Hyderabad,Student,478300,12-02-2019,Telangana,Lower-Middle
C102495,34,Female,Ahmedabad,Government Employee,478300,02-11-2020,Gujarat,Lower-Middle
C100399,39,Female,Mumbai,IT Professional,478200,03-08-2020,Maharashtra,Lower-Middle
C101836,53,Male,Pune,Government Employee,478200,23-10-2021,Maharashtra,Lower-Middle
C104239,28,Male,Delhi,Student,478200,12-10-2020,Delhi,Lower-Middle
C103234,31,Male,Kolkata,Self Employed,478100,04-01-2023,West Bengal,Lower-Middle
C102435,54,Female,Delhi,Self Employed,477900,30-08-2021,Delhi,Lower-Middle
C100964,46,Male,Delhi,Government Employee,477800,11-01-2019,Delhi,Lower-Middle
C102015,43,Male,Kolkata,IT Professional,477800,10-03-2021,West Bengal,Lower-Middle
C100338,25,Female,Ahmedabad,Private Employee,477700,04-02-2020,Gujarat,Lower-Middle
C101166,24,Female,Delhi,Business Owner,477500,18-10-2022,Delhi,Lower-Middle
C103676,38,Male,Bengaluru,Business Owner,477400,06-03-2019,Karnataka,Lower-Middle
C100472,45,Female,Hyderabad,IT Professional,477200,13-11-2024,Telangana,Lower-Middle
C102923,39,Male,Kolkata,Self Employed,477200,17-01-2024,West Bengal,Lower-Middle
C103809,31,Male,Hyderabad,Government Employee,477200,23-10-2020,Telangana,Lower-Middle
C101415,53,Male,Kochi,Business Owner,477000,07-08-2025,Kerala,Lower-Middle
C102273,37,Female,Chennai,Government Employee,477000,16-11-2020,Tamil Nadu,Lower-Middle
C102157,30,Male,Hyderabad,IT Professional,476800,02-11-2020,Telangana,Lower-Middle
C102589,44,Female,Pune,Business Owner,476600,03-11-2019,Maharashtra,Lower-Middle
C100538,43,Male,Bengaluru,Student,476100,02-01-2024,Karnataka,Lower-Middle
C104291,53,Male,Kolkata,Private Employee,476100,15-03-2021,West Bengal,Lower-Middle
C103622,26,Male,Ahmedabad,Private Employee,476000,26-12-2025,Gujarat,Lower-Middle
C101313,32,Male,Jaipur,Private Employee,475900,17-03-2021,Rajasthan,Lower-Middle
C103074,27,Male,Pune,Business Owner,475900,25-09-2021,Maharashtra,Lower-Middle
C104445,33,Male,Delhi,Private Employee,475800,22-02-2019,Delhi,Lower-Middle
C101829,51,Other,Kolkata,IT Professional,475300,01-11-2019,West Bengal,Lower-Middle
C104405,42,Female,Mumbai,Private Employee,475300,09-11-2020,Maharashtra,Lower-Middle
C101517,41,Male,Bengaluru,Business Owner,475200,03-06-2020,Karnataka,Lower-Middle
C104090,21,Female,Pune,IT Professional,475100,18-02-2024,Maharashtra,Lower-Middle
C104698,21,Male,Pune,IT Professional,475100,28-08-2020,Maharashtra,Lower-Middle
C103687,28,Male,Mumbai,Student,474900,30-12-2023,Maharashtra,Lower-Middle
C100305,25,Female,Bengaluru,IT Professional,474800,13-02-2022,Karnataka,Lower-Middle
C102111,25,Male,Delhi,Government Employee,474700,25-03-2022,Delhi,Lower-Middle
C101590,21,Female,Bengaluru,Private Employee,474600,03-03-2020,Karnataka,Lower-Middle
C101580,41,Male,Pune,Business Owner,474500,03-05-2024,Maharashtra,Lower-Middle
C100444,61,Female,Pune,Private Employee,474400,06-04-2022,Maharashtra,Lower-Middle
C104596,36,Male,Bengaluru,Private Employee,474100,12-11-2025,Karnataka,Lower-Middle
C100416,31,Male,Chennai,Student,473900,04-07-2020,Tamil Nadu,Lower-Middle
C103408,31,Female,Kolkata,IT Professional,473800,03-05-2025,West Bengal,Lower-Middle
C102093,30,Female,Ahmedabad,Government Employee,473700,19-11-2025,Gujarat,Lower-Middle
C103425,45,Male,Bengaluru,Private Employee,473600,05-08-2025,Karnataka,Lower-Middle
C103679,35,Female,Hyderabad,Government Employee,473600,25-02-2022,Telangana,Lower-Middle
C101846,38,Female,Kolkata,Government Employee,473500,31-10-2019,West Bengal,Lower-Middle
C104432,32,Female,Mumbai,Government Employee,473400,13-02-2025,Maharashtra,Lower-Middle
C101673,44,Female,Pune,Private Employee,473200,23-06-2022,Maharashtra,Lower-Middle
C102520,30,Male,Kolkata,Self Employed,473100,20-09-2020,West Bengal,Lower-Middle
C102405,44,Male,Delhi,Business Owner,472900,10-02-2022,Delhi,Lower-Middle
C102801,30,Male,Pune,Business Owner,472900,28-10-2021,Maharashtra,Lower-Middle
C103927,25,Female,Delhi,Government Employee,472900,26-09-2022,Delhi,Lower-Middle
C104435,21,Female,Pune,Private Employee,472900,19-06-2023,Maharashtra,Lower-Middle
C101210,41,Other,Mumbai,Self Employed,472800,11-05-2025,Maharashtra,Lower-Middle
C100517,42,Female,Hyderabad,Other,472600,23-03-2023,Telangana,Lower-Middle
C103345,41,Male,Bengaluru,Private Employee,472600,26-08-2024,Karnataka,Lower-Middle
C102847,39,Other,Chennai,Private Employee,472100,22-05-2019,Tamil Nadu,Lower-Middle
C103407,21,Male,Mumbai,Private Employee,472000,29-12-2025,Maharashtra,Lower-Middle
C103344,38,Female,Bengaluru,Private Employee,471800,28-11-2024,Karnataka,Lower-Middle
C103037,29,Other,Chennai,Private Employee,471700,25-07-2022,Tamil Nadu,Lower-Middle
C101083,33,Male,Chennai,Self Employed,471600,24-11-2019,Tamil Nadu,Lower-Middle
C102751,40,Male,Delhi,Government Employee,471600,25-02-2021,Delhi,Lower-Middle
C103011,44,Male,Pune,Self Employed,471600,11-06-2022,Maharashtra,Lower-Middle
C103267,32,Male,Bengaluru,IT Professional,471500,02-05-2024,Karnataka,Lower-Middle
C101744,36,Male,Hyderabad,Student,471400,09-10-2019,Telangana,Lower-Middle
C104926,29,Female,Hyderabad,Private Employee,471400,19-05-2025,Telangana,Lower-Middle
C102583,37,Female,Bengaluru,IT Professional,471200,24-03-2025,Karnataka,Lower-Middle
C104987,34,Male,Bengaluru,Private Employee,471200,05-04-2025,Karnataka,Lower-Middle
C100673,41,Female,Bengaluru,Other,471000,24-08-2019,Karnataka,Lower-Middle
C102702,30,Male,Mumbai,IT Professional,471000,22-05-2023,Maharashtra,Lower-Middle
C104379,29,Other,Bengaluru,IT Professional,471000,13-07-2022,Karnataka,Lower-Middle
C103286,32,Male,Mumbai,Student,470700,01-07-2021,Maharashtra,Lower-Middle
C100484,38,Male,Delhi,Private Employee,470600,29-12-2020,Delhi,Lower-Middle
C103426,43,Female,Pune,Business Owner,470600,11-11-2025,Maharashtra,Lower-Middle
C103568,39,Male,Pune,IT Professional,470400,23-11-2022,Maharashtra,Lower-Middle
C101244,26,Male,Bengaluru,Student,470300,09-02-2023,Karnataka,Lower-Middle
C104317,32,Male,Jaipur,Self Employed,470300,28-06-2019,Rajasthan,Lower-Middle
C101544,27,Male,Hyderabad,IT Professional,470200,06-08-2020,Telangana,Lower-Middle
C101281,36,Male,Delhi,Private Employee,470000,21-04-2020,Delhi,Lower-Middle
C100084,34,Female,Hyderabad,Government Employee,469800,26-02-2022,Telangana,Lower-Middle
C100574,37,Female,Ahmedabad,Private Employee,469700,27-01-2024,Gujarat,Lower-Middle
C100963,35,Female,Ahmedabad,Business Owner,469600,11-08-2023,Gujarat,Lower-Middle
C102872,40,Male,Pune,Private Employee,469600,06-12-2023,Maharashtra,Lower-Middle
C101974,33,Female,Hyderabad,Other,469500,05-05-2023,Telangana,Lower-Middle
C102446,42,Male,Ahmedabad,Business Owner,469500,10-05-2024,Gujarat,Lower-Middle
C100856,33,Male,Pune,IT Professional,469000,16-11-2019,Maharashtra,Lower-Middle
C101979,32,Male,Jaipur,Private Employee,468900,27-02-2022,Rajasthan,Lower-Middle
C102158,31,Male,Hyderabad,Government Employee,468800,13-06-2019,Telangana,Lower-Middle
C102669,40,Male,Hyderabad,Business Owner,468800,26-08-2023,Telangana,Lower-Middle
C100445,27,Male,Kolkata,Self Employed,468700,02-12-2021,West Bengal,Lower-Middle
C104004,43,Male,Bengaluru,IT Professional,468700,27-05-2019,Karnataka,Lower-Middle
C104016,50,Female,Delhi,IT Professional,468300,28-09-2021,Delhi,Lower-Middle
C102326,30,Female,Mumbai,IT Professional,467800,29-05-2020,Maharashtra,Lower-Middle
C101800,37,Female,Delhi,Government Employee,467500,20-08-2022,Delhi,Lower-Middle
C102937,33,Female,Pune,Private Employee,467500,19-04-2024,Maharashtra,Lower-Middle
C103254,42,Male,Chennai,IT Professional,467500,30-04-2024,Tamil Nadu,Lower-Middle
C102205,21,Male,Hyderabad,IT Professional,467400,28-03-2019,Telangana,Lower-Middle
C102471,21,Female,Hyderabad,IT Professional,467400,21-06-2021,Telangana,Lower-Middle
C104592,40,Female,Jaipur,Business Owner,467200,15-06-2021,Rajasthan,Lower-Middle
C102838,47,Male,Jaipur,Business Owner,467100,30-12-2020,Rajasthan,Lower-Middle
C103260,34,Male,Hyderabad,Student,467100,11-01-2022,Telangana,Lower-Middle
C101586,24,Male,Delhi,IT Professional,467000,09-12-2024,Delhi,Lower-Middle
C102303,21,Male,Delhi,Government Employee,466800,29-03-2019,Delhi,Lower-Middle
C100095,37,Female,Pune,Private Employee,466700,28-03-2025,Maharashtra,Lower-Middle
C101915,34,Male,Delhi,Student,466700,08-01-2025,Delhi,Lower-Middle
C102163,21,Male,Pune,Government Employee,466500,03-12-2020,Maharashtra,Lower-Middle
C103805,42,Male,Jaipur,Private Employee,466500,23-03-2022,Rajasthan,Lower-Middle
C100794,45,Female,Mumbai,Business Owner,466400,15-03-2022,Maharashtra,Lower-Middle
C102809,46,Female,Chennai,Government Employee,466400,20-10-2020,Tamil Nadu,Lower-Middle
C100972,34,Male,Bengaluru,Private Employee,466300,09-09-2025,Karnataka,Lower-Middle
C100055,51,Female,Delhi,Self Employed,466200,18-10-2021,Delhi,Lower-Middle
C103844,45,Female,Hyderabad,Self Employed,466100,12-02-2019,Telangana,Lower-Middle
C103025,32,Male,Chennai,Private Employee,466000,28-09-2023,Tamil Nadu,Lower-Middle
C103646,23,Male,Pune,IT Professional,465800,11-12-2025,Maharashtra,Lower-Middle
C101062,41,Male,Kolkata,Private Employee,465700,29-08-2023,West Bengal,Lower-Middle
C104834,33,Male,Bengaluru,Business Owner,465700,01-04-2020,Karnataka,Lower-Middle
C101801,37,Female,Mumbai,Private Employee,465400,28-12-2021,Maharashtra,Lower-Middle
C104482,40,Male,Bengaluru,Private Employee,465400,25-04-2020,Karnataka,Lower-Middle
C101905,48,Female,Mumbai,Private Employee,465000,28-12-2024,Maharashtra,Lower-Middle
C104010,21,Male,Delhi,Private Employee,464600,17-05-2019,Delhi,Lower-Middle
C101340,34,Female,Pune,Private Employee,464500,16-05-2023,Maharashtra,Lower-Middle
C101723,27,Female,Ahmedabad,IT Professional,464400,26-06-2024,Gujarat,Lower-Middle
C103433,34,Male,Hyderabad,IT Professional,464400,19-02-2022,Telangana,Lower-Middle
C102325,32,Male,Mumbai,Self Employed,464200,08-07-2022,Maharashtra,Lower-Middle
C103507,34,Female,Chennai,Student,464200,08-11-2025,Tamil Nadu,Lower-Middle
C103901,43,Male,Hyderabad,Government Employee,464200,21-07-2020,Telangana,Lower-Middle
C102967,21,Male,Mumbai,IT Professional,464100,20-02-2025,Maharashtra,Lower-Middle
C100182,39,Male,Chennai,Other,464000,23-08-2023,Tamil Nadu,Lower-Middle
C103290,37,Male,Hyderabad,IT Professional,463900,20-10-2021,Telangana,Lower-Middle
C100318,53,Male,Pune,Self Employed,463800,17-09-2020,Maharashtra,Lower-Middle
C101839,45,Female,Bengaluru,Private Employee,463800,13-01-2023,Karnataka,Lower-Middle
C101946,50,Male,Mumbai,Student,463800,27-04-2023,Maharashtra,Lower-Middle
C101065,32,Female,Mumbai,Private Employee,463700,04-04-2024,Maharashtra,Lower-Middle
C102179,21,Female,Ahmedabad,Student,463600,10-09-2025,Gujarat,Lower-Middle
C100218,43,Male,Chennai,Private Employee,463400,07-01-2025,Tamil Nadu,Lower-Middle
C100904,52,Male,Hyderabad,Student,463400,08-11-2023,Telangana,Lower-Middle
C100865,36,Male,Mumbai,IT Professional,463300,01-08-2024,Maharashtra,Lower-Middle
C100225,23,Male,Delhi,Government Employee,463200,15-09-2020,Delhi,Lower-Middle
C102251,35,Male,Mumbai,Self Employed,463000,08-02-2021,Maharashtra,Lower-Middle
C102598,43,Female,Bengaluru,Government Employee,463000,29-04-2020,Karnataka,Lower-Middle
C104194,26,Male,Ahmedabad,Private Employee,463000,05-09-2024,Gujarat,Lower-Middle
C101384,47,Female,Delhi,Self Employed,462800,17-08-2022,Delhi,Lower-Middle
C102694,35,Female,Pune,IT Professional,462700,26-02-2025,Maharashtra,Lower-Middle
C100998,21,Male,Jaipur,IT Professional,462500,21-07-2019,Rajasthan,Lower-Middle
C102333,31,Female,Bengaluru,Government Employee,462200,25-11-2025,Karnataka,Lower-Middle
C103472,45,Male,Ahmedabad,Student,462100,14-11-2022,Gujarat,Lower-Middle
C100525,26,Female,Jaipur,IT Professional,461900,07-09-2024,Rajasthan,Lower-Middle
C103668,36,Male,Bengaluru,Business Owner,461900,19-03-2023,Karnataka,Lower-Middle
C101097,43,Female,Jaipur,Private Employee,461800,24-06-2024,Rajasthan,Lower-Middle
C103509,31,Male,Bengaluru,IT Professional,461700,15-06-2023,Karnataka,Lower-Middle
C103566,21,Female,Mumbai,Government Employee,461700,23-05-2021,Maharashtra,Lower-Middle
C104634,39,Male,Pune,Student,461700,31-10-2020,Maharashtra,Lower-Middle
C104515,30,Male,Hyderabad,Private Employee,461600,18-07-2020,Telangana,Lower-Middle
C100627,37,Female,Kolkata,Government Employee,461500,12-08-2019,West Bengal,Lower-Middle
C100092,40,Female,Delhi,Private Employee,461200,25-05-2025,Delhi,Lower-Middle
C100911,29,Female,Bengaluru,IT Professional,461000,07-09-2020,Karnataka,Lower-Middle
C101285,29,Female,Mumbai,IT Professional,461000,27-11-2020,Maharashtra,Lower-Middle
C100985,36,Male,Bengaluru,Self Employed,460800,20-02-2019,Karnataka,Lower-Middle
C100541,28,Male,Delhi,IT Professional,460700,20-04-2022,Delhi,Lower-Middle
C103799,40,Male,Jaipur,Private Employee,460300,10-04-2019,Rajasthan,Lower-Middle
C103867,42,Female,Delhi,Private Employee,460300,02-03-2019,Delhi,Lower-Middle
C100043,33,Male,Pune,Business Owner,460200,30-08-2019,Maharashtra,Lower-Middle
C102210,44,Female,Delhi,Private Employee,460200,13-05-2025,Delhi,Lower-Middle
C101871,43,Female,Chennai,Self Employed,460100,25-02-2021,Tamil Nadu,Lower-Middle
C102347,38,Male,Pune,IT Professional,460000,03-11-2021,Maharashtra,Lower-Middle
C104105,32,Male,Jaipur,Business Owner,460000,01-11-2020,Rajasthan,Lower-Middle
C104593,40,Male,Mumbai,IT Professional,460000,15-05-2024,Maharashtra,Lower-Middle
C101020,35,Female,Hyderabad,Private Employee,459800,18-04-2022,Telangana,Lower-Middle
C104985,46,Female,Pune,Government Employee,459700,22-04-2024,Maharashtra,Lower-Middle
C103139,55,Male,Kolkata,Private Employee,459600,13-11-2020,West Bengal,Lower-Middle
C103588,37,Male,Pune,Private Employee,459400,06-10-2019,Maharashtra,Lower-Middle
C103721,30,Male,Kolkata,Government Employee,459400,01-11-2021,West Bengal,Lower-Middle
C103137,24,Female,Kolkata,IT Professional,459300,22-01-2019,West Bengal,Lower-Middle
C100268,36,Female,Jaipur,IT Professional,459200,01-10-2020,Rajasthan,Lower-Middle
C102108,27,Female,Ahmedabad,Government Employee,459200,27-01-2022,Gujarat,Lower-Middle
C101675,27,Male,Kolkata,Private Employee,459100,15-07-2022,West Bengal,Lower-Middle
C101484,33,Male,Pune,Private Employee,459000,10-09-2025,Maharashtra,Lower-Middle
C100527,36,Male,Pune,IT Professional,458400,14-07-2025,Maharashtra,Lower-Middle
C101491,36,Male,Bengaluru,IT Professional,458100,31-08-2021,Karnataka,Lower-Middle
C101651,32,Male,Kolkata,Private Employee,458100,15-10-2023,West Bengal,Lower-Middle
C102759,25,Male,Pune,Private Employee,458000,22-09-2019,Maharashtra,Lower-Middle
C100741,42,Male,Kolkata,Private Employee,457900,18-02-2022,West Bengal,Lower-Middle
C104351,39,Female,Pune,IT Professional,457900,04-10-2024,Maharashtra,Lower-Middle
C103884,22,Male,Mumbai,Private Employee,457800,31-08-2025,Maharashtra,Lower-Middle
C103218,46,Male,Kolkata,IT Professional,457700,25-09-2025,West Bengal,Lower-Middle
C103376,37,Male,Pune,Business Owner,457700,27-11-2019,Maharashtra,Lower-Middle
C104778,38,Female,Bengaluru,Other,457700,25-08-2025,Karnataka,Lower-Middle
C101748,34,Female,Bengaluru,IT Professional,457600,07-12-2025,Karnataka,Lower-Middle
C103861,29,Female,Mumbai,IT Professional,457600,10-03-2019,Maharashtra,Lower-Middle
C102135,38,Male,Pune,Private Employee,457500,30-03-2023,Maharashtra,Lower-Middle
C103386,34,Male,Delhi,Self Employed,457400,25-09-2025,Delhi,Lower-Middle
C103928,33,Male,Kochi,Private Employee,457000,04-10-2021,Kerala,Lower-Middle
C103892,42,Female,Delhi,Private Employee,456900,08-05-2020,Delhi,Lower-Middle
C104974,32,Female,Kolkata,Private Employee,456900,16-12-2023,West Bengal,Lower-Middle
C101136,21,Male,Pune,Student,456800,16-12-2025,Maharashtra,Lower-Middle
C101554,28,Male,Hyderabad,Business Owner,456700,15-06-2019,Telangana,Lower-Middle
C102951,46,Male,Delhi,Student,456700,11-08-2019,Delhi,Lower-Middle
C104186,42,Female,Delhi,Business Owner,456700,14-04-2019,Delhi,Lower-Middle
C100051,46,Male,Bengaluru,Self Employed,456000,04-02-2019,Karnataka,Lower-Middle
C102422,36,Male,Hyderabad,Private Employee,455800,02-05-2023,Telangana,Lower-Middle
C102549,40,Male,Chennai,Business Owner,455800,10-08-2022,Tamil Nadu,Lower-Middle
C100479,21,Male,Jaipur,Student,455600,27-12-2023,Rajasthan,Lower-Middle
C102097,26,Male,Jaipur,Private Employee,455400,20-07-2025,Rajasthan,Lower-Middle
C100307,33,Male,Hyderabad,Government Employee,455100,19-04-2025,Telangana,Lower-Middle
C104434,38,Male,Jaipur,Private Employee,455000,27-09-2019,Rajasthan,Lower-Middle
C100922,41,Male,Mumbai,Self Employed,454900,31-03-2021,Maharashtra,Lower-Middle
C103670,39,Female,Mumbai,Student,454900,04-01-2022,Maharashtra,Lower-Middle
C104479,22,Male,Mumbai,IT Professional,454900,22-12-2025,Maharashtra,Lower-Middle
C104208,30,Female,Chennai,Government Employee,454800,11-11-2025,Tamil Nadu,Lower-Middle
C104747,35,Female,Jaipur,Private Employee,454800,11-02-2020,Rajasthan,Lower-Middle
C101561,43,Male,Bengaluru,Other,454700,16-11-2022,Karnataka,Lower-Middle
C101715,25,Female,Delhi,Government Employee,454700,07-12-2023,Delhi,Lower-Middle
C103179,29,Female,Mumbai,Government Employee,454700,31-10-2024,Maharashtra,Lower-Middle
C104350,30,Male,Bengaluru,Private Employee,454600,24-08-2019,Karnataka,Lower-Middle
C101247,36,Female,Jaipur,Private Employee,454500,23-07-2021,Rajasthan,Lower-Middle
C100283,40,Male,Mumbai,IT Professional,454400,17-08-2021,Maharashtra,Lower-Middle
C104202,32,Other,Kolkata,Business Owner,454400,31-12-2019,West Bengal,Lower-Middle
C100389,35,Male,Kochi,Student,454300,25-09-2020,Kerala,Lower-Middle
C101509,26,Female,Pune,IT Professional,454200,18-07-2022,Maharashtra,Lower-Middle
C103361,39,Male,Hyderabad,IT Professional,454200,15-12-2022,Telangana,Lower-Middle
C104575,23,Male,Mumbai,Business Owner,454200,20-10-2019,Maharashtra,Lower-Middle
C102447,30,Male,Hyderabad,Student,454100,26-06-2024,Telangana,Lower-Middle
C102705,23,Female,Pune,Self Employed,453800,13-01-2024,Maharashtra,Lower-Middle
C103718,26,Female,Kolkata,Private Employee,453800,14-05-2020,West Bengal,Lower-Middle
C101270,35,Female,Bengaluru,Student,453700,27-09-2025,Karnataka,Lower-Middle
C103759,45,Male,Mumbai,Student,453700,01-06-2020,Maharashtra,Lower-Middle
C100712,26,Male,Pune,Student,453600,28-11-2024,Maharashtra,Lower-Middle
C101188,39,Male,Hyderabad,IT Professional,453600,19-07-2024,Telangana,Lower-Middle
C101795,41,Male,Chennai,Private Employee,453600,24-03-2021,Tamil Nadu,Lower-Middle
C102265,33,Male,Bengaluru,IT Professional,453300,16-08-2023,Karnataka,Lower-Middle
C100024,46,Female,Bengaluru,IT Professional,452800,17-01-2021,Karnataka,Lower-Middle
C100077,32,Male,Kochi,Self Employed,452800,13-02-2025,Kerala,Lower-Middle
C103401,33,Female,Bengaluru,Other,452800,02-04-2023,Karnataka,Lower-Middle
C104980,30,Female,Jaipur,IT Professional,452700,06-03-2024,Rajasthan,Lower-Middle
C101575,46,Male,Delhi,IT Professional,452600,30-08-2019,Delhi,Lower-Middle
C101389,41,Male,Mumbai,IT Professional,452400,08-09-2022,Maharashtra,Lower-Middle
C100214,21,Female,Delhi,IT Professional,452300,02-10-2020,Delhi,Lower-Middle
C102522,46,Female,Mumbai,Business Owner,452300,12-12-2025,Maharashtra,Lower-Middle
C102505,31,Male,Kolkata,IT Professional,452100,14-06-2019,West Bengal,Lower-Middle
C104606,43,Female,Delhi,Private Employee,452100,20-06-2020,Delhi,Lower-Middle
C100277,45,Male,Mumbai,Government Employee,452000,21-10-2025,Maharashtra,Lower-Middle
C100978,47,Male,Bengaluru,IT Professional,451900,22-12-2019,Karnataka,Lower-Middle
C104453,36,Male,Chennai,Business Owner,451800,13-04-2025,Tamil Nadu,Lower-Middle
C102768,21,Female,Mumbai,Student,451700,10-02-2019,Maharashtra,Lower-Middle
C104258,30,Male,Kolkata,Private Employee,451700,03-01-2022,West Bengal,Lower-Middle
C102973,23,Male,Hyderabad,Private Employee,451600,15-02-2022,Telangana,Lower-Middle
C100421,42,Female,Pune,Business Owner,451500,01-09-2024,Maharashtra,Lower-Middle
C102974,45,Male,Pune,Self Employed,451500,24-06-2023,Maharashtra,Lower-Middle
C101263,28,Female,Mumbai,Government Employee,451400,16-01-2019,Maharashtra,Lower-Middle
C103094,33,Male,Delhi,IT Professional,451400,11-07-2020,Delhi,Lower-Middle
C102623,42,Male,Hyderabad,Private Employee,451300,17-11-2023,Telangana,Lower-Middle
C100711,29,Male,Bengaluru,IT Professional,451100,21-03-2024,Karnataka,Lower-Middle
C101914,39,Male,Mumbai,IT Professional,451000,19-07-2023,Maharashtra,Lower-Middle
C100032,26,Male,Hyderabad,Self Employed,450900,14-03-2024,Telangana,Lower-Middle
C101306,43,Male,Bengaluru,Self Employed,450900,21-08-2021,Karnataka,Lower-Middle
C104533,31,Female,Jaipur,Private Employee,450800,13-03-2019,Rajasthan,Lower-Middle
C100599,41,Male,Mumbai,Private Employee,450700,31-03-2019,Maharashtra,Lower-Middle
C101178,32,Female,Chennai,Private Employee,450600,08-04-2019,Tamil Nadu,Lower-Middle
C103233,34,Female,Mumbai,IT Professional,450200,06-10-2023,Maharashtra,Lower-Middle
C104917,27,Male,Hyderabad,IT Professional,450200,06-03-2020,Telangana,Lower-Middle
C101404,31,Male,Jaipur,IT Professional,450100,08-04-2022,Rajasthan,Lower-Middle
C104560,21,Male,Mumbai,Private Employee,450100,26-10-2022,Maharashtra,Lower-Middle
C100145,39,Male,Hyderabad,IT Professional,449900,09-11-2022,Telangana,Lower-Middle
C104240,44,Male,Mumbai,Business Owner,449800,04-07-2023,Maharashtra,Lower-Middle
C100535,45,Male,Bengaluru,Private Employee,449600,05-08-2019,Karnataka,Lower-Middle
C101951,37,Male,Pune,IT Professional,449600,23-05-2023,Maharashtra,Lower-Middle
C101040,32,Female,Bengaluru,Business Owner,449500,15-10-2022,Karnataka,Lower-Middle
C102193,42,Female,Pune,Private Employee,449400,28-01-2021,Maharashtra,Lower-Middle
C101853,30,Male,Pune,Business Owner,449200,08-08-2025,Maharashtra,Lower-Middle
C101133,38,Female,Chennai,Government Employee,448600,28-07-2022,Tamil Nadu,Lower-Middle
C103448,35,Female,Chennai,IT Professional,448600,06-07-2025,Tamil Nadu,Lower-Middle
C104583,26,Male,Bengaluru,Student,448600,26-02-2023,Karnataka,Lower-Middle
C100658,29,Female,Pune,Self Employed,448500,30-05-2021,Maharashtra,Lower-Middle
C101266,21,Female,Bengaluru,IT Professional,448400,05-02-2022,Karnataka,Lower-Middle
C101881,43,Female,Bengaluru,Government Employee,448400,30-07-2023,Karnataka,Lower-Middle
C102279,39,Male,Delhi,Student,448300,19-12-2025,Delhi,Lower-Middle
C103117,26,Female,Pune,Private Employee,448100,24-05-2024,Maharashtra,Lower-Middle
C100336,25,Female,Hyderabad,IT Professional,448000,20-01-2019,Telangana,Lower-Middle
C104991,33,Female,Jaipur,Government Employee,448000,04-08-2022,Rajasthan,Lower-Middle
C101400,38,Male,Mumbai,Student,447800,28-07-2025,Maharashtra,Lower-Middle
C103140,28,Male,Delhi,Business Owner,447800,08-01-2024,Delhi,Lower-Middle
C101953,39,Male,Delhi,IT Professional,447600,30-01-2022,Delhi,Lower-Middle
C102171,32,Male,Pune,Business Owner,447500,07-05-2023,Maharashtra,Lower-Middle
C102731,43,Female,Mumbai,Private Employee,447500,11-03-2023,Maharashtra,Lower-Middle
C103206,40,Female,Delhi,Government Employee,447500,06-04-2023,Delhi,Lower-Middle
C100134,35,Male,Hyderabad,Student,447400,06-03-2021,Telangana,Lower-Middle
C103096,32,Male,Mumbai,Business Owner,447400,25-05-2023,Maharashtra,Lower-Middle
C103703,29,Female,Bengaluru,Self Employed,447300,30-01-2024,Karnataka,Lower-Middle
C100499,32,Male,Ahmedabad,IT Professional,447200,24-05-2019,Gujarat,Lower-Middle
C101209,34,Female,Bengaluru,Other,447200,12-04-2019,Karnataka,Lower-Middle
C102939,28,Female,Ahmedabad,Private Employee,446900,24-04-2025,Gujarat,Lower-Middle
C103368,51,Female,Pune,Private Employee,446900,01-04-2023,Maharashtra,Lower-Middle
C104394,34,Female,Kolkata,Business Owner,446900,15-02-2021,West Bengal,Lower-Middle
C104954,40,Female,Delhi,Self Employed,446900,21-07-2024,Delhi,Lower-Middle
C103000,31,Other,Chennai,IT Professional,446700,07-07-2023,Tamil Nadu,Lower-Middle
C102272,33,Male,Delhi,Private Employee,446600,15-10-2023,Delhi,Lower-Middle
C104626,28,Male,Bengaluru,Student,446500,03-02-2023,Karnataka,Lower-Middle
C102870,39,Female,Jaipur,IT Professional,446400,26-08-2025,Rajasthan,Lower-Middle
C101704,31,Female,Mumbai,Other,446300,18-09-2019,Maharashtra,Lower-Middle
C100890,46,Female,Jaipur,IT Professional,446000,20-04-2023,Rajasthan,Lower-Middle
C103911,39,Male,Bengaluru,IT Professional,446000,22-04-2023,Karnataka,Lower-Middle
C103024,22,Male,Jaipur,Government Employee,445800,04-05-2019,Rajasthan,Lower-Middle
C103572,33,Male,Mumbai,Private Employee,445700,06-09-2020,Maharashtra,Lower-Middle
C103881,21,Male,Bengaluru,IT Professional,445700,02-04-2022,Karnataka,Lower-Middle
C102706,45,Male,Kolkata,Private Employee,445500,04-01-2024,West Bengal,Lower-Middle
C104456,25,Male,Bengaluru,IT Professional,445200,10-02-2025,Karnataka,Lower-Middle
C104647,50,Male,Hyderabad,Private Employee,445200,05-08-2021,Telangana,Lower-Middle
C100795,35,Male,Chennai,Other,445000,28-11-2024,Tamil Nadu,Lower-Middle
C104932,45,Male,Hyderabad,Private Employee,445000,10-06-2021,Telangana,Lower-Middle
C104545,34,Female,Ahmedabad,Private Employee,444800,15-10-2023,Gujarat,Lower-Middle
C103997,33,Male,Pune,Government Employee,444700,23-07-2024,Maharashtra,Lower-Middle
C101982,50,Male,Bengaluru,Private Employee,444600,29-07-2025,Karnataka,Lower-Middle
C102160,26,Female,Mumbai,Student,444600,11-05-2020,Maharashtra,Lower-Middle
C102397,37,Male,Delhi,IT Professional,444500,05-10-2022,Delhi,Lower-Middle
C102454,21,Male,Mumbai,Self Employed,444400,06-10-2021,Maharashtra,Lower-Middle
C104104,30,Male,Delhi,IT Professional,444400,23-07-2025,Delhi,Lower-Middle
C102098,51,Male,Chennai,Student,444100,03-10-2020,Tamil Nadu,Lower-Middle
C104934,47,Male,Chennai,Business Owner,444100,21-05-2019,Tamil Nadu,Lower-Middle
C100863,39,Male,Mumbai,Private Employee,443800,20-06-2021,Maharashtra,Lower-Middle
C104513,37,Male,Bengaluru,IT Professional,443800,09-05-2022,Karnataka,Lower-Middle
C100828,41,Female,Delhi,IT Professional,443700,04-01-2019,Delhi,Lower-Middle
C103013,48,Female,Pune,IT Professional,443700,28-04-2025,Maharashtra,Lower-Middle
C104412,33,Female,Hyderabad,Private Employee,443700,22-03-2020,Telangana,Lower-Middle
C102981,40,Male,Bengaluru,Private Employee,443500,11-05-2023,Karnataka,Lower-Middle
C103660,40,Male,Mumbai,Business Owner,443300,29-11-2025,Maharashtra,Lower-Middle
C103837,38,Female,Delhi,Business Owner,443300,03-12-2022,Delhi,Lower-Middle
C101488,37,Male,Pune,Private Employee,443100,03-01-2022,Maharashtra,Lower-Middle
C104485,35,Female,Hyderabad,Business Owner,442800,13-09-2022,Telangana,Lower-Middle
C101416,22,Female,Bengaluru,IT Professional,442500,24-04-2023,Karnataka,Lower-Middle
C101832,47,Male,Ahmedabad,IT Professional,442300,17-05-2024,Gujarat,Lower-Middle
C103579,33,Female,Delhi,IT Professional,442300,22-10-2022,Delhi,Lower-Middle
C103093,32,Male,Delhi,Government Employee,442200,14-05-2024,Delhi,Lower-Middle
C100310,30,Male,Delhi,Private Employee,442100,30-03-2022,Delhi,Lower-Middle
C100551,36,Female,Pune,Business Owner,442100,17-12-2021,Maharashtra,Lower-Middle
C101349,29,Male,Delhi,Business Owner,441800,11-06-2021,Delhi,Lower-Middle
C102027,31,Female,Hyderabad,Private Employee,441700,03-07-2024,Telangana,Lower-Middle
C104400,21,Female,Mumbai,IT Professional,441400,23-11-2022,Maharashtra,Lower-Middle
C101802,50,Male,Mumbai,Private Employee,441300,05-08-2025,Maharashtra,Lower-Middle
C100236,32,Female,Bengaluru,Private Employee,440900,28-02-2022,Karnataka,Lower-Middle
C100695,43,Female,Bengaluru,IT Professional,440800,16-10-2021,Karnataka,Lower-Middle
C100314,28,Male,Chennai,Private Employee,440700,25-10-2023,Tamil Nadu,Lower-Middle
C104264,34,Male,Bengaluru,Private Employee,440400,20-04-2022,Karnataka,Lower-Middle
C104386,41,Male,Bengaluru,Business Owner,440400,28-09-2022,Karnataka,Lower-Middle
C100441,30,Female,Mumbai,IT Professional,440200,25-06-2023,Maharashtra,Lower-Middle
C104574,43,Male,Mumbai,Other,440100,23-04-2023,Maharashtra,Lower-Middle
C103902,47,Male,Delhi,Private Employee,440000,20-03-2020,Delhi,Lower-Middle
C101145,27,Female,Delhi,Private Employee,439900,10-02-2019,Delhi,Lower-Middle
C102588,49,Male,Hyderabad,Private Employee,439900,21-12-2022,Telangana,Lower-Middle
C104156,45,Female,Chennai,Private Employee,439700,09-10-2024,Tamil Nadu,Lower-Middle
C103972,40,Female,Delhi,Government Employee,439600,23-11-2025,Delhi,Lower-Middle
C103258,37,Other,Hyderabad,Private Employee,439400,29-03-2021,Telangana,Lower-Middle
C104226,61,Female,Jaipur,Business Owner,439400,09-12-2020,Rajasthan,Lower-Middle
C100559,29,Male,Pune,Government Employee,439300,31-08-2025,Maharashtra,Lower-Middle
C101798,45,Male,Delhi,Private Employee,439300,22-06-2024,Delhi,Lower-Middle
C102650,23,Male,Bengaluru,Business Owner,439300,07-10-2020,Karnataka,Lower-Middle
C100408,21,Female,Delhi,IT Professional,439200,09-11-2023,Delhi,Lower-Middle
C101607,46,Female,Bengaluru,Government Employee,439200,03-09-2022,Karnataka,Lower-Middle
C102523,33,Male,Mumbai,IT Professional,438900,02-07-2025,Maharashtra,Lower-Middle
C101111,32,Female,Pune,Private Employee,438600,10-11-2022,Maharashtra,Lower-Middle
C102074,34,Male,Delhi,Self Employed,438600,14-11-2021,Delhi,Lower-Middle
C104266,33,Female,Mumbai,IT Professional,438600,06-07-2021,Maharashtra,Lower-Middle
C101606,32,Female,Bengaluru,IT Professional,438300,12-01-2022,Karnataka,Lower-Middle
C104663,44,Female,Bengaluru,Private Employee,438100,11-07-2019,Karnataka,Lower-Middle
C102610,21,Male,Ahmedabad,Other,438000,10-10-2019,Gujarat,Lower-Middle
C100734,23,Female,Bengaluru,IT Professional,437900,21-07-2025,Karnataka,Lower-Middle
C100843,60,Female,Mumbai,Private Employee,437900,01-07-2025,Maharashtra,Lower-Middle
C104995,27,Female,Delhi,Private Employee,437900,22-02-2024,Delhi,Lower-Middle
C104839,43,Female,Delhi,Private Employee,437800,20-08-2025,Delhi,Lower-Middle
C100744,21,Male,Bengaluru,Private Employee,437700,15-12-2021,Karnataka,Lower-Middle
C101847,54,Male,Bengaluru,Private Employee,437400,30-10-2023,Karnataka,Lower-Middle
C103977,38,Female,Delhi,Private Employee,437400,09-05-2020,Delhi,Lower-Middle
C104015,40,Male,Hyderabad,Government Employee,437400,31-01-2025,Telangana,Lower-Middle
C101908,42,Female,Delhi,Private Employee,437000,04-06-2020,Delhi,Lower-Middle
C104613,27,Male,Kolkata,Private Employee,436800,25-10-2021,West Bengal,Lower-Middle
C102769,25,Male,Kochi,IT Professional,436600,28-09-2023,Kerala,Lower-Middle
C100364,42,Male,Kolkata,Government Employee,436500,12-02-2021,West Bengal,Lower-Middle
C102090,44,Female,Chennai,IT Professional,436500,12-02-2019,Tamil Nadu,Lower-Middle
C104117,21,Female,Mumbai,IT Professional,436500,07-12-2025,Maharashtra,Lower-Middle
C104665,35,Male,Pune,Private Employee,436500,25-12-2024,Maharashtra,Lower-Middle
C101206,48,Male,Bengaluru,Student,436400,18-04-2019,Karnataka,Lower-Middle
C103851,33,Female,Bengaluru,Government Employee,436400,04-01-2020,Karnataka,Lower-Middle
C100362,27,Female,Chennai,Student,436100,31-01-2022,Tamil Nadu,Lower-Middle
C101269,40,Female,Chennai,Student,436100,29-06-2020,Tamil Nadu,Lower-Middle
C102848,26,Female,Mumbai,Government Employee,436100,07-08-2022,Maharashtra,Lower-Middle
C100675,21,Male,Pune,Government Employee,435900,01-02-2021,Maharashtra,Lower-Middle
C102776,26,Male,Bengaluru,Business Owner,435900,25-11-2020,Karnataka,Lower-Middle
C102242,45,Male,Ahmedabad,IT Professional,435400,13-01-2020,Gujarat,Lower-Middle
C100160,21,Female,Chennai,Government Employee,435300,20-06-2023,Tamil Nadu,Lower-Middle
C100646,34,Male,Bengaluru,Other,435100,31-12-2022,Karnataka,Lower-Middle
C102575,31,Female,Delhi,Private Employee,435100,22-03-2020,Delhi,Lower-Middle
C103820,36,Male,Bengaluru,Private Employee,435100,27-12-2021,Karnataka,Lower-Middle
C101793,31,Female,Kolkata,Business Owner,434800,07-02-2024,West Bengal,Lower-Middle
C100154,24,Male,Ahmedabad,Business Owner,434700,10-10-2020,Gujarat,Lower-Middle
C103643,43,Female,Chennai,Private Employee,434700,29-04-2022,Tamil Nadu,Lower-Middle
C100452,28,Female,Mumbai,Self Employed,434500,13-09-2024,Maharashtra,Lower-Middle
C102025,28,Male,Bengaluru,Student,434500,05-08-2025,Karnataka,Lower-Middle
C104618,48,Female,Pune,Business Owner,434300,01-04-2022,Maharashtra,Lower-Middle
C102594,40,Male,Mumbai,IT Professional,434100,30-12-2025,Maharashtra,Lower-Middle
C100383,50,Male,Jaipur,IT Professional,434000,28-01-2024,Rajasthan,Lower-Middle
C103332,31,Female,Hyderabad,Government Employee,434000,27-09-2024,Telangana,Lower-Middle
C101487,27,Male,Mumbai,Government Employee,433900,13-01-2025,Maharashtra,Lower-Middle
C100178,26,Male,Ahmedabad,Private Employee,433700,20-07-2023,Gujarat,Lower-Middle
C102169,48,Male,Bengaluru,Private Employee,433500,28-09-2023,Karnataka,Lower-Middle
C102201,21,Female,Bengaluru,Self Employed,433400,04-11-2024,Karnataka,Lower-Middle
C101513,40,Female,Hyderabad,IT Professional,433100,19-12-2021,Telangana,Lower-Middle
C102625,27,Male,Delhi,Private Employee,433100,28-03-2023,Delhi,Lower-Middle
C103829,36,Male,Chennai,Government Employee,433100,04-04-2022,Tamil Nadu,Lower-Middle
C104248,33,Female,Hyderabad,Private Employee,433000,10-02-2022,Telangana,Lower-Middle
C103773,45,Male,Chennai,Private Employee,432600,27-07-2019,Tamil Nadu,Lower-Middle
C101778,27,Female,Chennai,Private Employee,432500,11-10-2021,Tamil Nadu,Lower-Middle
C100672,50,Female,Bengaluru,IT Professional,432000,13-12-2021,Karnataka,Lower-Middle
C104542,27,Female,Mumbai,IT Professional,431800,29-09-2025,Maharashtra,Lower-Middle
C101129,21,Male,Delhi,Private Employee,431600,08-05-2019,Delhi,Lower-Middle
C101442,29,Other,Mumbai,Private Employee,431500,20-09-2021,Maharashtra,Lower-Middle
C103172,41,Male,Pune,IT Professional,431200,13-10-2022,Maharashtra,Lower-Middle
C101006,30,Male,Bengaluru,Other,431100,23-10-2024,Karnataka,Lower-Middle
C103150,29,Male,Pune,Private Employee,430900,19-01-2019,Maharashtra,Lower-Middle
C102458,38,Female,Ahmedabad,Self Employed,430800,16-11-2020,Gujarat,Lower-Middle
C100895,27,Male,Kolkata,Private Employee,430500,06-06-2022,West Bengal,Lower-Middle
C101066,30,Male,Hyderabad,IT Professional,430500,24-02-2019,Telangana,Lower-Middle
C101910,43,Female,Kolkata,Self Employed,430300,10-01-2019,West Bengal,Lower-Middle
C101158,21,Female,Bengaluru,Student,430100,08-11-2023,Karnataka,Lower-Middle
C102253,33,Female,Kochi,IT Professional,430100,19-02-2021,Kerala,Lower-Middle
C103968,36,Male,Mumbai,Government Employee,430000,27-04-2025,Maharashtra,Lower-Middle
C104959,27,Male,Bengaluru,IT Professional,430000,05-04-2020,Karnataka,Lower-Middle
C102798,27,Female,Kolkata,IT Professional,429800,26-04-2020,West Bengal,Lower-Middle
C100044,29,Male,Delhi,Private Employee,429700,03-08-2024,Delhi,Lower-Middle
C104119,28,Male,Hyderabad,Student,429600,13-02-2019,Telangana,Lower-Middle
C101403,33,Male,Kolkata,IT Professional,429300,13-09-2023,West Bengal,Lower-Middle
C102127,33,Female,Hyderabad,Government Employee,429200,26-02-2020,Telangana,Lower-Middle
C102652,26,Male,Kochi,Business Owner,429000,19-11-2022,Kerala,Lower-Middle
C102634,39,Female,Bengaluru,Self Employed,428900,12-07-2021,Karnataka,Lower-Middle
C102903,33,Male,Pune,Government Employee,428900,07-09-2023,Maharashtra,Lower-Middle
C100006,35,Male,Pune,Self Employed,428800,11-04-2020,Maharashtra,Lower-Middle
C101911,43,Male,Kolkata,Student,428700,10-09-2021,West Bengal,Lower-Middle
C102058,34,Male,Chennai,Government Employee,428600,23-09-2019,Tamil Nadu,Lower-Middle
C104263,54,Female,Bengaluru,Government Employee,428500,27-09-2021,Karnataka,Lower-Middle
C103894,55,Male,Ahmedabad,Private Employee,428200,31-12-2025,Gujarat,Lower-Middle
C103210,23,Female,Bengaluru,IT Professional,428100,12-07-2025,Karnataka,Lower-Middle
C103294,28,Female,Ahmedabad,Government Employee,428000,09-08-2023,Gujarat,Lower-Middle
C101563,45,Male,Bengaluru,IT Professional,427900,02-08-2019,Karnataka,Lower-Middle
C103248,23,Male,Bengaluru,Private Employee,427900,30-01-2024,Karnataka,Lower-Middle
C101576,37,Male,Chennai,IT Professional,427800,05-08-2024,Tamil Nadu,Lower-Middle
C103596,39,Male,Bengaluru,Private Employee,427800,11-09-2022,Karnataka,Lower-Middle
C102328,27,Male,Ahmedabad,Business Owner,427700,07-04-2024,Gujarat,Lower-Middle
C103226,41,Female,Bengaluru,Self Employed,427500,03-02-2023,Karnataka,Lower-Middle
C104737,50,Male,Hyderabad,Student,427200,13-03-2019,Telangana,Lower-Middle
C102743,31,Male,Delhi,Student,427100,22-07-2022,Delhi,Lower-Middle
C102368,34,Female,Delhi,IT Professional,426900,16-09-2024,Delhi,Lower-Middle
C104617,21,Female,Bengaluru,Business Owner,426600,28-09-2019,Karnataka,Lower-Middle
C100765,40,Other,Mumbai,Private Employee,426500,09-06-2020,Maharashtra,Lower-Middle
C103268,29,Female,Mumbai,IT Professional,426500,17-07-2021,Maharashtra,Lower-Middle
C103603,33,Male,Delhi,Other,426300,19-03-2023,Delhi,Lower-Middle
C104811,33,Female,Delhi,IT Professional,426200,19-08-2021,Delhi,Lower-Middle
C103846,28,Female,Bengaluru,Self Employed,426100,30-11-2021,Karnataka,Lower-Middle
C103099,29,Male,Mumbai,Student,426000,27-10-2020,Maharashtra,Lower-Middle
C103541,27,Male,Jaipur,Other,426000,08-04-2024,Rajasthan,Lower-Middle
C104933,30,Female,Chennai,Business Owner,426000,21-08-2024,Tamil Nadu,Lower-Middle
C102385,30,Male,Pune,Self Employed,425900,10-02-2020,Maharashtra,Lower-Middle
C101816,24,Male,Bengaluru,Business Owner,425800,27-09-2021,Karnataka,Lower-Middle
C104734,24,Female,Hyderabad,IT Professional,425700,12-06-2019,Telangana,Lower-Middle
C100279,43,Male,Delhi,Government Employee,425500,05-09-2024,Delhi,Lower-Middle
C104440,33,Male,Delhi,Business Owner,425300,23-08-2023,Delhi,Lower-Middle
C104442,34,Female,Mumbai,Private Employee,425300,16-12-2022,Maharashtra,Lower-Middle
C100851,30,Male,Pune,Private Employee,425100,27-12-2024,Maharashtra,Lower-Middle
C102445,42,Female,Chennai,Private Employee,425100,04-10-2022,Tamil Nadu,Lower-Middle
C102452,44,Male,Mumbai,Business Owner,424900,14-06-2023,Maharashtra,Lower-Middle
C102214,45,Female,Chennai,Self Employed,424700,02-08-2023,Tamil Nadu,Lower-Middle
C104563,29,Male,Pune,Government Employee,424600,13-01-2023,Maharashtra,Lower-Middle
C103955,23,Male,Bengaluru,Student,424500,20-07-2020,Karnataka,Lower-Middle
C100398,51,Male,Pune,Government Employee,424200,10-01-2023,Maharashtra,Lower-Middle
C101335,47,Male,Chennai,Student,424200,27-12-2020,Tamil Nadu,Lower-Middle
C101375,27,Female,Kochi,Private Employee,424200,14-06-2023,Kerala,Lower-Middle
C104046,25,Male,Jaipur,Student,424100,08-09-2019,Rajasthan,Lower-Middle
C104994,29,Male,Bengaluru,IT Professional,424000,04-07-2021,Karnataka,Lower-Middle
C100619,34,Female,Ahmedabad,Self Employed,423900,10-01-2019,Gujarat,Lower-Middle
C104025,34,Male,Kolkata,Self Employed,423900,27-08-2019,West Bengal,Lower-Middle
C103271,37,Female,Ahmedabad,Business Owner,423800,31-01-2025,Gujarat,Lower-Middle
C103825,26,Male,Chennai,Business Owner,423800,24-09-2024,Tamil Nadu,Lower-Middle
C104477,31,Male,Hyderabad,IT Professional,423800,08-06-2020,Telangana,Lower-Middle
C102916,47,Female,Ahmedabad,IT Professional,423500,28-11-2019,Gujarat,Lower-Middle
C100187,41,Female,Mumbai,IT Professional,423400,22-07-2019,Maharashtra,Lower-Middle
C102952,26,Male,Mumbai,Government Employee,423400,02-12-2022,Maharashtra,Lower-Middle
C102978,37,Female,Mumbai,Student,423400,23-10-2025,Maharashtra,Lower-Middle
C103158,30,Male,Mumbai,IT Professional,423400,10-08-2024,Maharashtra,Lower-Middle
C101833,43,Female,Pune,Business Owner,423300,19-11-2024,Maharashtra,Lower-Middle
C100180,31,Female,Mumbai,Self Employed,423200,12-12-2021,Maharashtra,Lower-Middle
C102491,21,Male,Bengaluru,IT Professional,423200,20-11-2020,Karnataka,Lower-Middle
C102304,51,Male,Chennai,Student,423100,03-12-2021,Tamil Nadu,Lower-Middle
C101255,38,Female,Delhi,IT Professional,422600,11-05-2019,Delhi,Lower-Middle
C104126,40,Female,Hyderabad,Private Employee,422600,18-12-2023,Telangana,Lower-Middle
C104733,35,Male,Pune,Business Owner,422600,04-03-2020,Maharashtra,Lower-Middle
C101790,30,Female,Delhi,Private Employee,422500,30-10-2019,Delhi,Lower-Middle
C100835,43,Female,Mumbai,Business Owner,422300,04-08-2021,Maharashtra,Lower-Middle
C104095,46,Male,Mumbai,Business Owner,422300,09-02-2019,Maharashtra,Lower-Middle
C103092,33,Male,Kochi,Self Employed,421900,09-11-2021,Kerala,Lower-Middle
C104368,42,Female,Hyderabad,Private Employee,421800,06-06-2024,Telangana,Lower-Middle
C104958,43,Female,Bengaluru,IT Professional,421600,30-12-2022,Karnataka,Lower-Middle
C104510,50,Male,Bengaluru,IT Professional,421500,10-05-2023,Karnataka,Lower-Middle
C103552,24,Female,Bengaluru,Private Employee,421200,22-10-2020,Karnataka,Lower-Middle
C104433,24,Male,Bengaluru,Private Employee,421200,25-02-2024,Karnataka,Lower-Middle
C101239,43,Male,Mumbai,Student,421100,20-09-2020,Maharashtra,Lower-Middle
C101252,40,Male,Pune,IT Professional,420900,28-03-2022,Maharashtra,Lower-Middle
C101596,21,Male,Kolkata,Self Employed,420700,26-09-2020,West Bengal,Lower-Middle
C100008,32,Female,Pune,Private Employee,420600,27-11-2019,Maharashtra,Lower-Middle
C102857,26,Male,Chennai,Business Owner,420400,30-05-2021,Tamil Nadu,Lower-Middle
C100661,22,Male,Chennai,Government Employee,420200,12-09-2024,Tamil Nadu,Lower-Middle
C101460,32,Female,Chennai,Self Employed,420200,22-01-2019,Tamil Nadu,Lower-Middle
C101259,45,Male,Mumbai,IT Professional,420100,08-02-2019,Maharashtra,Lower-Middle
C102395,31,Female,Kochi,Self Employed,420000,07-03-2020,Kerala,Lower-Middle
C102479,31,Female,Hyderabad,Private Employee,419800,24-07-2019,Telangana,Lower-Middle
C103289,41,Other,Kolkata,Private Employee,419800,20-08-2022,West Bengal,Lower-Middle
C101334,33,Male,Delhi,Business Owner,419700,23-02-2019,Delhi,Lower-Middle
C101411,46,Female,Bengaluru,Government Employee,419400,10-07-2020,Karnataka,Lower-Middle
C101445,46,Male,Hyderabad,Self Employed,419400,10-07-2025,Telangana,Lower-Middle
C101661,38,Male,Pune,IT Professional,419400,09-09-2023,Maharashtra,Lower-Middle
C104286,37,Other,Chennai,IT Professional,419200,22-01-2025,Tamil Nadu,Lower-Middle
C104050,21,Male,Chennai,IT Professional,419100,04-11-2022,Tamil Nadu,Lower-Middle
C102734,21,Female,Pune,Government Employee,418800,08-10-2019,Maharashtra,Lower-Middle
C104967,33,Male,Kolkata,IT Professional,418800,17-04-2021,West Bengal,Lower-Middle
C103542,42,Male,Mumbai,Self Employed,418700,28-03-2024,Maharashtra,Lower-Middle
C102418,35,Female,Pune,IT Professional,418600,06-12-2021,Maharashtra,Lower-Middle
C102624,47,Male,Kolkata,Private Employee,418600,16-12-2023,West Bengal,Lower-Middle
C100150,38,Female,Pune,Private Employee,418500,06-07-2022,Maharashtra,Lower-Middle
C103188,39,Male,Bengaluru,Private Employee,418500,25-03-2020,Karnataka,Lower-Middle
C103440,29,Male,Kochi,Private Employee,418500,16-04-2024,Kerala,Lower-Middle
C102655,58,Female,Mumbai,Self Employed,418400,14-03-2024,Maharashtra,Lower-Middle
C101090,28,Male,Delhi,IT Professional,418200,04-03-2023,Delhi,Lower-Middle
C104374,41,Male,Mumbai,Business Owner,418200,04-07-2024,Maharashtra,Lower-Middle
C100801,26,Female,Delhi,IT Professional,418100,08-10-2025,Delhi,Lower-Middle
C100004,31,Female,Mumbai,Government Employee,418000,27-06-2023,Maharashtra,Lower-Middle
C102519,21,Female,Kolkata,Self Employed,418000,17-01-2025,West Bengal,Lower-Middle
C101096,26,Male,Ahmedabad,Private Employee,417900,01-08-2021,Gujarat,Lower-Middle
C102764,36,Female,Bengaluru,Self Employed,417900,31-03-2021,Karnataka,Lower-Middle
C103849,30,Male,Bengaluru,Business Owner,417800,25-02-2023,Karnataka,Lower-Middle
C101322,25,Male,Mumbai,Self Employed,417500,27-05-2023,Maharashtra,Lower-Middle
C101208,41,Female,Mumbai,IT Professional,417400,29-12-2022,Maharashtra,Lower-Middle
C102046,22,Male,Hyderabad,Self Employed,417300,16-08-2020,Telangana,Lower-Middle
C101114,29,Female,Hyderabad,Private Employee,416900,31-01-2020,Telangana,Lower-Middle
C102416,29,Female,Bengaluru,Government Employee,416700,21-10-2020,Karnataka,Lower-Middle
C100679,40,Male,Delhi,Private Employee,416500,06-06-2022,Delhi,Lower-Middle
C104476,23,Male,Pune,Self Employed,416300,01-09-2025,Maharashtra,Lower-Middle
C102174,27,Male,Chennai,IT Professional,416200,13-01-2021,Tamil Nadu,Lower-Middle
C104856,35,Male,Jaipur,Private Employee,416100,30-08-2021,Rajasthan,Lower-Middle
C104151,40,Female,Mumbai,Government Employee,415900,19-01-2020,Maharashtra,Lower-Middle
C104314,44,Male,Ahmedabad,IT Professional,415900,05-11-2024,Gujarat,Lower-Middle
C101336,21,Male,Bengaluru,IT Professional,415800,25-03-2023,Karnataka,Lower-Middle
C102787,44,Male,Mumbai,Government Employee,415700,26-11-2023,Maharashtra,Lower-Middle
C100545,22,Male,Delhi,IT Professional,415600,25-02-2024,Delhi,Lower-Middle
C101439,41,Male,Bengaluru,IT Professional,415600,08-08-2020,Karnataka,Lower-Middle
C101197,28,Female,Mumbai,Private Employee,415500,25-05-2022,Maharashtra,Lower-Middle
C101660,40,Male,Mumbai,Other,415400,08-01-2025,Maharashtra,Lower-Middle
C103459,40,Male,Chennai,Private Employee,415400,30-01-2024,Tamil Nadu,Lower-Middle
C100936,36,Female,Bengaluru,Private Employee,415300,11-07-2021,Karnataka,Lower-Middle
C101102,33,Male,Hyderabad,Business Owner,415300,27-05-2019,Telangana,Lower-Middle
C100099,21,Male,Hyderabad,Private Employee,415000,07-02-2024,Telangana,Lower-Middle
C101294,34,Female,Kolkata,Self Employed,414800,12-08-2024,West Bengal,Lower-Middle
C101353,34,Female,Ahmedabad,Government Employee,414800,17-04-2024,Gujarat,Lower-Middle
C101081,21,Male,Bengaluru,IT Professional,414700,26-10-2025,Karnataka,Lower-Middle
C101755,30,Male,Jaipur,Business Owner,414700,03-10-2019,Rajasthan,Lower-Middle
C102851,35,Female,Jaipur,IT Professional,414700,22-01-2024,Rajasthan,Lower-Middle
C103048,45,Female,Delhi,IT Professional,414700,10-12-2022,Delhi,Lower-Middle
C104763,41,Male,Hyderabad,IT Professional,414700,19-01-2019,Telangana,Lower-Middle
C100477,21,Female,Mumbai,Business Owner,414400,14-03-2025,Maharashtra,Lower-Middle
C102373,33,Male,Delhi,Business Owner,414400,09-05-2025,Delhi,Lower-Middle
C102139,31,Male,Mumbai,Business Owner,414100,24-05-2020,Maharashtra,Lower-Middle
C101486,38,Other,Jaipur,Business Owner,413900,05-06-2021,Rajasthan,Lower-Middle
C102081,47,Female,Hyderabad,Private Employee,413900,08-05-2019,Telangana,Lower-Middle
C100234,34,Female,Jaipur,Self Employed,413800,10-08-2023,Rajasthan,Lower-Middle
C101036,27,Male,Chennai,IT Professional,413700,08-12-2019,Tamil Nadu,Lower-Middle
C100497,21,Female,Chennai,Government Employee,413600,30-04-2021,Tamil Nadu,Lower-Middle
C101920,30,Female,Delhi,Business Owner,413600,23-05-2023,Delhi,Lower-Middle
C102480,41,Male,Bengaluru,Government Employee,413200,04-08-2020,Karnataka,Lower-Middle
C104443,37,Female,Mumbai,Business Owner,413200,07-12-2024,Maharashtra,Lower-Middle
C101352,27,Male,Delhi,IT Professional,413100,02-08-2020,Delhi,Lower-Middle
C103164,29,Female,Bengaluru,Business Owner,412900,20-07-2019,Karnataka,Lower-Middle
C101887,21,Male,Bengaluru,Government Employee,412700,16-12-2019,Karnataka,Lower-Middle
C101121,38,Male,Hyderabad,Private Employee,412600,23-06-2021,Telangana,Lower-Middle
C102543,44,Male,Bengaluru,IT Professional,412500,08-04-2019,Karnataka,Lower-Middle
C104982,21,Female,Bengaluru,Business Owner,412500,22-10-2022,Karnataka,Lower-Middle
C102790,40,Female,Ahmedabad,IT Professional,412300,20-08-2022,Gujarat,Lower-Middle
C102717,32,Male,Mumbai,IT Professional,411900,24-04-2021,Maharashtra,Lower-Middle
C101480,28,Male,Pune,IT Professional,411700,24-12-2022,Maharashtra,Lower-Middle
C104136,40,Male,Bengaluru,Other,411700,18-12-2021,Karnataka,Lower-Middle
C101856,41,Female,Hyderabad,Private Employee,411600,01-10-2021,Telangana,Lower-Middle
C103088,21,Male,Bengaluru,Student,411400,19-02-2023,Karnataka,Lower-Middle
C100938,38,Male,Pune,Private Employee,411300,13-01-2025,Maharashtra,Lower-Middle
C104900,26,Female,Kochi,Private Employee,411100,08-12-2024,Kerala,Lower-Middle
C104599,40,Female,Bengaluru,Private Employee,410500,14-08-2025,Karnataka,Lower-Middle
C101978,41,Female,Chennai,Private Employee,410400,08-12-2019,Tamil Nadu,Lower-Middle
C100181,42,Female,Hyderabad,Student,410100,04-09-2023,Telangana,Lower-Middle
C103754,36,Male,Hyderabad,Business Owner,409800,17-05-2023,Telangana,Lower-Middle
C102381,26,Female,Bengaluru,Student,409700,15-01-2025,Karnataka,Lower-Middle
C103432,29,Male,Bengaluru,Self Employed,409700,24-08-2024,Karnataka,Lower-Middle
C101666,23,Male,Bengaluru,Private Employee,409600,10-07-2025,Karnataka,Lower-Middle
C104098,43,Male,Bengaluru,Private Employee,409400,11-03-2023,Karnataka,Lower-Middle
C101882,25,Male,Mumbai,IT Professional,409300,16-04-2019,Maharashtra,Lower-Middle
C103590,36,Female,Bengaluru,Private Employee,409300,12-05-2021,Karnataka,Lower-Middle
C100203,21,Female,Delhi,Private Employee,409200,16-09-2025,Delhi,Lower-Middle
C101526,39,Male,Pune,Business Owner,409000,17-05-2024,Maharashtra,Lower-Middle
C104439,33,Male,Bengaluru,Private Employee,409000,31-12-2021,Karnataka,Lower-Middle
C101931,35,Male,Delhi,Other,408800,22-09-2020,Delhi,Lower-Middle
C104047,29,Male,Bengaluru,IT Professional,408800,24-11-2023,Karnataka,Lower-Middle
C100296,27,Female,Jaipur,IT Professional,408600,04-11-2023,Rajasthan,Lower-Middle
C102087,32,Male,Chennai,Private Employee,408600,30-10-2025,Tamil Nadu,Lower-Middle
C102679,45,Female,Jaipur,Government Employee,408600,09-05-2025,Rajasthan,Lower-Middle
C104116,32,Male,Chennai,Private Employee,408600,12-02-2023,Tamil Nadu,Lower-Middle
C101315,46,Female,Kolkata,Private Employee,408200,18-08-2022,West Bengal,Lower-Middle
C100167,35,Male,Bengaluru,Private Employee,408100,15-07-2022,Karnataka,Lower-Middle
C104200,40,Female,Delhi,Government Employee,408100,10-11-2025,Delhi,Lower-Middle
C104343,29,Male,Hyderabad,IT Professional,408000,17-07-2020,Telangana,Lower-Middle
C103001,40,Female,Ahmedabad,Self Employed,407700,15-03-2024,Gujarat,Lower-Middle
C101430,36,Female,Bengaluru,Private Employee,407600,26-12-2019,Karnataka,Lower-Middle
C103030,60,Female,Kochi,IT Professional,407200,07-03-2021,Kerala,Lower-Middle
C101873,35,Female,Chennai,Self Employed,406500,19-09-2022,Tamil Nadu,Lower-Middle
C101970,25,Male,Jaipur,Self Employed,406300,11-10-2025,Rajasthan,Lower-Middle
C101265,24,Male,Mumbai,Private Employee,406200,20-12-2022,Maharashtra,Lower-Middle
C101054,50,Female,Hyderabad,Self Employed,406100,27-08-2024,Telangana,Lower-Middle
C102266,37,Male,Hyderabad,IT Professional,406000,02-05-2020,Telangana,Lower-Middle
C100857,31,Male,Delhi,Government Employee,405800,23-04-2023,Delhi,Lower-Middle
C102571,31,Female,Mumbai,Self Employed,405800,16-10-2023,Maharashtra,Lower-Middle
C101161,21,Male,Chennai,IT Professional,405600,05-09-2023,Tamil Nadu,Lower-Middle
C102501,39,Female,Mumbai,Business Owner,405600,14-12-2025,Maharashtra,Lower-Middle
C103557,24,Female,Pune,Private Employee,405400,30-11-2020,Maharashtra,Lower-Middle
C103792,34,Male,Mumbai,IT Professional,405100,09-10-2023,Maharashtra,Lower-Middle
C103180,33,Female,Mumbai,Private Employee,404900,20-02-2022,Maharashtra,Lower-Middle
C103558,26,Male,Hyderabad,Government Employee,404800,24-02-2025,Telangana,Lower-Middle
C104310,27,Male,Pune,IT Professional,404700,09-08-2021,Maharashtra,Lower-Middle
C103273,25,Female,Bengaluru,IT Professional,404600,23-08-2019,Karnataka,Lower-Middle
C103215,32,Male,Bengaluru,Student,404300,07-05-2023,Karnataka,Lower-Middle
C100003,35,Male,Chennai,Government Employee,404200,31-12-2021,Tamil Nadu,Lower-Middle
C101865,30,Male,Kochi,Government Employee,403900,15-12-2020,Kerala,Lower-Middle
C102786,46,Male,Kolkata,IT Professional,403900,01-02-2023,West Bengal,Lower-Middle
C101422,28,Male,Ahmedabad,Self Employed,403700,22-10-2019,Gujarat,Lower-Middle
C100287,48,Male,Delhi,Student,403600,20-10-2020,Delhi,Lower-Middle
C104558,32,Male,Pune,IT Professional,403400,22-05-2024,Maharashtra,Lower-Middle
C104135,41,Female,Jaipur,Student,402900,07-09-2020,Rajasthan,Lower-Middle
C104101,21,Male,Mumbai,Private Employee,402800,16-06-2021,Maharashtra,Lower-Middle
C100796,42,Male,Mumbai,Other,402700,25-03-2025,Maharashtra,Lower-Middle
C104931,37,Female,Mumbai,Business Owner,402700,28-07-2020,Maharashtra,Lower-Middle
C101078,31,Male,Hyderabad,Business Owner,402200,02-02-2024,Telangana,Lower-Middle
C102528,44,Female,Kolkata,Student,402100,26-07-2020,West Bengal,Lower-Middle
C102749,30,Female,Bengaluru,Private Employee,402100,24-09-2020,Karnataka,Lower-Middle
C103270,35,Male,Ahmedabad,IT Professional,402100,24-06-2021,Gujarat,Lower-Middle
C101991,53,Female,Pune,IT Professional,401900,13-10-2021,Maharashtra,Lower-Middle
C103864,25,Male,Delhi,Private Employee,401800,12-03-2021,Delhi,Lower-Middle
C104581,47,Female,Ahmedabad,Private Employee,401800,05-06-2022,Gujarat,Lower-Middle
C100480,39,Male,Bengaluru,Private Employee,401500,20-07-2022,Karnataka,Lower-Middle
C102718,23,Male,Ahmedabad,Private Employee,401500,07-03-2025,Gujarat,Lower-Middle
C103412,52,Female,Kochi,Student,401400,03-10-2021,Kerala,Lower-Middle
C104690,26,Male,Chennai,Self Employed,401300,14-06-2023,Tamil Nadu,Lower-Middle
C104830,56,Female,Bengaluru,Student,401100,30-06-2023,Karnataka,Lower-Middle
C103039,42,Male,Jaipur,IT Professional,400800,10-06-2025,Rajasthan,Lower-Middle
C103637,23,Female,Mumbai,Business Owner,400800,03-05-2023,Maharashtra,Lower-Middle
C104230,42,Female,Delhi,Self Employed,400800,16-05-2023,Delhi,Lower-Middle
C103219,27,Female,Hyderabad,Self Employed,400700,08-10-2021,Telangana,Lower-Middle
C103614,54,Male,Bengaluru,Private Employee,400700,24-01-2024,Karnataka,Lower-Middle
C101368,31,Male,Bengaluru,Private Employee,400600,12-08-2021,Karnataka,Lower-Middle
C101363,34,Male,Kolkata,IT Professional,400300,04-06-2020,West Bengal,Lower-Middle
C104507,31,Male,Ahmedabad,Self Employed,400300,09-04-2022,Gujarat,Lower-Middle
C102083,36,Female,Bengaluru,Private Employee,400100,26-06-2020,Karnataka,Lower-Middle
C100193,38,Female,Bengaluru,Self Employed,400000,17-07-2019,Karnataka,Lower-Middle
C100625,40,Female,Hyderabad,Self Employed,400000,09-01-2020,Telangana,Lower-Middle
C101479,36,Female,Chennai,Self Employed,400000,29-06-2024,Tamil Nadu,Lower-Middle
C104461,33,Other,Delhi,Self Employed,400000,27-11-2023,Delhi,Lower-Middle
C101398,38,Female,Bengaluru,Student,399500,11-07-2025,Karnataka,Lower-Middle
C104752,36,Female,Bengaluru,Government Employee,399100,10-12-2020,Karnataka,Lower-Middle
C104725,38,Male,Hyderabad,Business Owner,398800,12-06-2020,Telangana,Lower-Middle
C103397,47,Female,Bengaluru,Business Owner,398700,06-09-2021,Karnataka,Lower-Middle
C104865,45,Female,Bengaluru,IT Professional,398500,20-04-2021,Karnataka,Lower-Middle
C100290,40,Female,Mumbai,Private Employee,398400,17-01-2019,Maharashtra,Lower-Middle
C103797,40,Male,Hyderabad,Student,398300,14-01-2021,Telangana,Lower-Middle
C104972,28,Male,Delhi,Private Employee,398200,07-08-2021,Delhi,Lower-Middle
C104880,30,Male,Jaipur,Private Employee,398000,13-10-2021,Rajasthan,Lower-Middle
C100126,46,Female,Mumbai,IT Professional,397900,28-03-2025,Maharashtra,Lower-Middle
C104616,35,Male,Kolkata,Government Employee,397900,16-11-2025,West Bengal,Lower-Middle
C102113,34,Male,Jaipur,IT Professional,397800,01-06-2021,Rajasthan,Lower-Middle
C100406,22,Female,Bengaluru,Private Employee,397000,05-10-2021,Karnataka,Lower-Middle
C100702,43,Male,Chennai,Government Employee,396800,09-02-2025,Tamil Nadu,Lower-Middle
C102145,34,Male,Pune,IT Professional,396800,11-01-2021,Maharashtra,Lower-Middle
C102664,33,Female,Pune,IT Professional,396800,12-01-2025,Maharashtra,Lower-Middle
C104786,39,Female,Mumbai,Private Employee,396700,11-09-2025,Maharashtra,Lower-Middle
C101499,30,Female,Mumbai,Private Employee,396600,30-05-2024,Maharashtra,Lower-Middle
C104819,33,Female,Delhi,Business Owner,396500,05-05-2022,Delhi,Lower-Middle
C104710,30,Male,Pune,Other,396200,05-07-2020,Maharashtra,Lower-Middle
C103173,34,Female,Bengaluru,Private Employee,395900,03-01-2022,Karnataka,Lower-Middle
C101298,39,Female,Jaipur,IT Professional,395800,29-06-2025,Rajasthan,Lower-Middle
C104767,27,Male,Mumbai,IT Professional,395400,02-10-2025,Maharashtra,Lower-Middle
C104714,43,Other,Delhi,Government Employee,395300,30-01-2021,Delhi,Lower-Middle
C101708,33,Female,Hyderabad,IT Professional,394900,04-04-2020,Telangana,Lower-Middle
C100791,42,Male,Kolkata,Business Owner,394500,08-03-2019,West Bengal,Lower-Middle
C100879,46,Male,Delhi,IT Professional,394400,27-04-2024,Delhi,Lower-Middle
C103742,21,Female,Hyderabad,Self Employed,394400,30-03-2023,Telangana,Lower-Middle
C101753,26,Female,Pune,Private Employee,394300,01-11-2021,Maharashtra,Lower-Middle
C103943,41,Female,Bengaluru,Self Employed,394300,19-05-2025,Karnataka,Lower-Middle
C101510,21,Male,Bengaluru,Student,393900,14-12-2025,Karnataka,Lower-Middle
C102286,28,Female,Mumbai,IT Professional,393900,08-10-2020,Maharashtra,Lower-Middle
C101377,41,Female,Hyderabad,IT Professional,393700,29-03-2020,Telangana,Lower-Middle
C102827,30,Male,Hyderabad,IT Professional,393500,13-07-2019,Telangana,Lower-Middle
C104302,30,Male,Chennai,Private Employee,393300,22-10-2025,Tamil Nadu,Lower-Middle
C101218,29,Male,Kolkata,Private Employee,393200,05-12-2019,West Bengal,Lower-Middle
C104532,45,Female,Kochi,Business Owner,393000,10-08-2021,Kerala,Lower-Middle
C101763,39,Male,Mumbai,IT Professional,392800,17-12-2025,Maharashtra,Lower-Middle
C104887,39,Female,Pune,IT Professional,392600,26-04-2019,Maharashtra,Lower-Middle
C103625,21,Female,Mumbai,Government Employee,392500,06-11-2019,Maharashtra,Lower-Middle
C100375,27,Female,Delhi,Self Employed,392400,30-04-2019,Delhi,Lower-Middle
C102275,41,Male,Pune,Other,392300,09-12-2024,Maharashtra,Lower-Middle
C101697,41,Male,Kochi,Private Employee,392200,01-07-2024,Kerala,Lower-Middle
C100653,23,Male,Mumbai,IT Professional,392100,20-02-2019,Maharashtra,Lower-Middle
C102147,49,Male,Kochi,Private Employee,392100,17-12-2022,Kerala,Lower-Middle
C104814,29,Female,Pune,Government Employee,392100,13-04-2019,Maharashtra,Lower-Middle
C100845,21,Female,Delhi,Business Owner,392000,15-02-2022,Delhi,Lower-Middle
C101927,34,Female,Chennai,Government Employee,392000,04-05-2023,Tamil Nadu,Lower-Middle
C100518,43,Male,Kolkata,Business Owner,391800,12-04-2022,West Bengal,Lower-Middle
C102101,21,Male,Bengaluru,Student,391800,30-06-2022,Karnataka,Lower-Middle
C104013,21,Female,Pune,Government Employee,391800,05-07-2025,Maharashtra,Lower-Middle
C102154,48,Female,Bengaluru,Government Employee,391700,13-07-2025,Karnataka,Lower-Middle
C102554,23,Male,Jaipur,IT Professional,391500,09-04-2025,Rajasthan,Lower-Middle
C100458,25,Male,Chennai,Private Employee,391400,08-09-2020,Tamil Nadu,Lower-Middle
C103107,43,Male,Mumbai,Student,391300,20-09-2025,Maharashtra,Lower-Middle
C102698,40,Female,Ahmedabad,Student,391000,25-08-2021,Gujarat,Lower-Middle
C102294,38,Female,Delhi,Self Employed,390900,23-08-2019,Delhi,Lower-Middle
C102721,21,Male,Kolkata,IT Professional,390900,16-03-2025,West Bengal,Lower-Middle
C102796,23,Male,Bengaluru,IT Professional,390800,24-11-2021,Karnataka,Lower-Middle
C104854,40,Male,Hyderabad,Other,390500,18-03-2024,Telangana,Lower-Middle
C104641,34,Female,Delhi,Self Employed,390200,29-10-2025,Delhi,Lower-Middle
C103592,28,Male,Pune,Other,390100,30-06-2019,Maharashtra,Lower-Middle
C101461,44,Female,Chennai,Self Employed,389900,18-04-2020,Tamil Nadu,Lower-Middle
C101303,40,Male,Mumbai,Self Employed,389700,05-12-2020,Maharashtra,Lower-Middle
C100897,30,Male,Bengaluru,Other,389500,26-01-2024,Karnataka,Lower-Middle
C101928,25,Female,Ahmedabad,Private Employee,389300,27-04-2020,Gujarat,Lower-Middle
C102966,35,Male,Ahmedabad,Government Employee,389100,14-01-2023,Gujarat,Lower-Middle
C103817,32,Male,Mumbai,Private Employee,389100,11-10-2019,Maharashtra,Lower-Middle
C103047,21,Male,Jaipur,Student,388900,09-10-2022,Rajasthan,Lower-Middle
C103995,36,Male,Hyderabad,Self Employed,388900,25-09-2020,Telangana,Lower-Middle
C104936,35,Male,Chennai,Self Employed,388800,17-01-2019,Tamil Nadu,Lower-Middle
C102254,21,Male,Bengaluru,IT Professional,388700,13-09-2023,Karnataka,Lower-Middle
C103767,21,Male,Mumbai,Private Employee,388700,22-05-2024,Maharashtra,Lower-Middle
C104907,24,Male,Chennai,Other,388700,14-11-2023,Tamil Nadu,Lower-Middle
C104065,26,Male,Kolkata,Private Employee,388500,19-08-2021,West Bengal,Lower-Middle
C104544,29,Male,Delhi,Private Employee,388500,02-01-2021,Delhi,Lower-Middle
C102072,31,Female,Delhi,Student,388400,05-12-2025,Delhi,Lower-Middle
C102620,37,Male,Bengaluru,Private Employee,388400,04-09-2020,Karnataka,Lower-Middle
C101699,30,Male,Bengaluru,Business Owner,388300,17-04-2021,Karnataka,Lower-Middle
C102042,37,Female,Bengaluru,Private Employee,388200,04-05-2020,Karnataka,Lower-Middle
C102983,51,Male,Hyderabad,Self Employed,388000,16-12-2023,Telangana,Lower-Middle
C103573,30,Female,Delhi,Private Employee,388000,01-05-2023,Delhi,Lower-Middle
C102678,38,Male,Hyderabad,Government Employee,387800,14-06-2021,Telangana,Lower-Middle
C100466,22,Male,Kolkata,Other,387700,09-11-2025,West Bengal,Lower-Middle
C104054,31,Female,Jaipur,Student,387700,22-01-2024,Rajasthan,Lower-Middle
C103403,56,Female,Bengaluru,IT Professional,387500,18-01-2022,Karnataka,Lower-Middle
C100965,49,Male,Mumbai,Private Employee,387400,09-02-2024,Maharashtra,Lower-Middle
C102642,21,Female,Bengaluru,IT Professional,387400,28-07-2025,Karnataka,Lower-Middle
C101080,34,Female,Pune,Business Owner,387300,29-06-2024,Maharashtra,Lower-Middle
C101683,33,Male,Delhi,Private Employee,387200,09-06-2020,Delhi,Lower-Middle
C100947,21,Female,Mumbai,Government Employee,386800,09-02-2024,Maharashtra,Lower-Middle
C104833,44,Female,Delhi,Private Employee,386800,30-08-2020,Delhi,Lower-Middle
C100110,47,Male,Bengaluru,Private Employee,386700,25-10-2021,Karnataka,Lower-Middle
C102647,30,Female,Mumbai,Self Employed,386600,22-09-2019,Maharashtra,Lower-Middle
C104089,37,Female,Bengaluru,Private Employee,386500,28-06-2025,Karnataka,Lower-Middle
C103834,33,Male,Chennai,Government Employee,386400,20-11-2020,Tamil Nadu,Lower-Middle
C100981,34,Male,Kolkata,IT Professional,386200,07-05-2019,West Bengal,Lower-Middle
C100999,32,Female,Ahmedabad,Business Owner,386200,18-06-2025,Gujarat,Lower-Middle
C104801,39,Male,Mumbai,IT Professional,386200,02-05-2022,Maharashtra,Lower-Middle
C100717,41,Male,Jaipur,Private Employee,386100,18-06-2021,Rajasthan,Lower-Middle
C100840,30,Male,Mumbai,Government Employee,386100,29-12-2022,Maharashtra,Lower-Middle
C102674,35,Female,Jaipur,Other,386100,04-12-2019,Rajasthan,Lower-Middle
C101153,35,Female,Jaipur,Self Employed,385800,07-10-2020,Rajasthan,Lower-Middle
C101559,23,Female,Bengaluru,Self Employed,385600,05-08-2024,Karnataka,Lower-Middle
C100060,24,Female,Mumbai,Private Employee,385400,29-04-2023,Maharashtra,Lower-Middle
C101023,42,Female,Pune,Private Employee,385200,30-03-2022,Maharashtra,Lower-Middle
C104146,39,Female,Pune,Other,385000,06-01-2020,Maharashtra,Lower-Middle
C103821,58,Female,Chennai,IT Professional,384800,27-10-2021,Tamil Nadu,Lower-Middle
C102807,38,Female,Bengaluru,Government Employee,384700,10-06-2020,Karnataka,Lower-Middle
C102997,27,Female,Kolkata,Private Employee,384500,03-01-2023,West Bengal,Lower-Middle
C101168,34,Male,Bengaluru,IT Professional,384400,26-10-2022,Karnataka,Lower-Middle
C102713,29,Male,Hyderabad,Self Employed,384200,04-04-2020,Telangana,Lower-Middle
C104469,28,Female,Mumbai,Student,384200,24-02-2022,Maharashtra,Lower-Middle
C102225,32,Female,Bengaluru,Self Employed,383900,30-07-2024,Karnataka,Lower-Middle
C101169,43,Female,Pune,Business Owner,383800,04-03-2021,Maharashtra,Lower-Middle
C100914,22,Male,Delhi,Self Employed,383600,12-11-2021,Delhi,Lower-Middle
C100490,32,Male,Bengaluru,Self Employed,383300,31-01-2020,Karnataka,Lower-Middle
C104678,45,Female,Delhi,Government Employee,383300,14-06-2022,Delhi,Lower-Middle
C103106,31,Male,Bengaluru,Student,383100,24-05-2022,Karnataka,Lower-Middle
C100992,41,Male,Delhi,Private Employee,383000,29-01-2024,Delhi,Lower-Middle
C103777,46,Female,Kolkata,Private Employee,383000,22-01-2019,West Bengal,Lower-Middle
C104552,35,Male,Bengaluru,Private Employee,383000,07-05-2020,Karnataka,Lower-Middle
C102497,37,Female,Hyderabad,Private Employee,382900,04-02-2023,Telangana,Lower-Middle
C104227,32,Male,Kochi,IT Professional,382900,25-12-2024,Kerala,Lower-Middle
C100532,27,Female,Ahmedabad,Student,382700,14-05-2020,Gujarat,Lower-Middle
C100855,37,Male,Kochi,Government Employee,382600,15-10-2020,Kerala,Lower-Middle
C101155,29,Male,Hyderabad,Student,382600,17-06-2019,Telangana,Lower-Middle
C103644,28,Male,Pune,IT Professional,382600,19-10-2023,Maharashtra,Lower-Middle
C103804,27,Male,Hyderabad,Self Employed,382600,24-12-2021,Telangana,Lower-Middle
C100995,29,Male,Hyderabad,Private Employee,382500,24-07-2021,Telangana,Lower-Middle
C102236,24,Male,Pune,IT Professional,382500,20-08-2021,Maharashtra,Lower-Middle
C101540,35,Female,Ahmedabad,Student,382300,23-12-2025,Gujarat,Lower-Middle
C100942,36,Female,Pune,Student,382200,01-07-2022,Maharashtra,Lower-Middle
C102658,30,Male,Delhi,IT Professional,382000,08-09-2021,Delhi,Lower-Middle
C100025,41,Female,Mumbai,Private Employee,381900,19-04-2020,Maharashtra,Lower-Middle
C102379,21,Male,Mumbai,Business Owner,381800,16-08-2020,Maharashtra,Lower-Middle
C102216,21,Male,Delhi,Government Employee,381700,03-02-2020,Delhi,Lower-Middle
C101733,21,Male,Kolkata,Private Employee,381500,22-10-2022,West Bengal,Lower-Middle
C102695,35,Male,Hyderabad,Student,381300,11-08-2023,Telangana,Lower-Middle
C102719,37,Male,Mumbai,Self Employed,381300,12-02-2022,Maharashtra,Lower-Middle
C103624,26,Male,Mumbai,Private Employee,381300,01-08-2019,Maharashtra,Lower-Middle
C100962,46,Female,Delhi,Student,381200,17-10-2024,Delhi,Lower-Middle
C100731,46,Male,Kolkata,Self Employed,381100,29-11-2022,West Bengal,Lower-Middle
C103952,29,Male,Mumbai,Self Employed,381000,08-11-2023,Maharashtra,Lower-Middle
C104380,21,Female,Pune,Private Employee,380800,18-12-2022,Maharashtra,Lower-Middle
C102121,38,Female,Chennai,Private Employee,380700,14-10-2022,Tamil Nadu,Lower-Middle
C102708,34,Male,Mumbai,Private Employee,380600,16-06-2020,Maharashtra,Lower-Middle
C100289,51,Male,Mumbai,Private Employee,380500,30-04-2022,Maharashtra,Lower-Middle
C102189,36,Male,Kochi,Private Employee,380400,30-08-2019,Kerala,Lower-Middle
C102367,41,Male,Mumbai,Self Employed,380400,27-02-2025,Maharashtra,Lower-Middle
C102914,27,Male,Delhi,Business Owner,380300,12-01-2022,Delhi,Lower-Middle
C103738,21,Female,Pune,Private Employee,380300,10-03-2022,Maharashtra,Lower-Middle
C103389,34,Other,Chennai,Student,380100,23-11-2025,Tamil Nadu,Lower-Middle
C104471,28,Male,Mumbai,Private Employee,380100,23-05-2025,Maharashtra,Lower-Middle
C104582,43,Female,Hyderabad,Private Employee,380100,24-06-2022,Telangana,Lower-Middle
C104804,37,Male,Mumbai,IT Professional,380000,27-01-2021,Maharashtra,Lower-Middle
C100023,35,Male,Mumbai,Self Employed,379800,19-04-2025,Maharashtra,Lower-Middle
C100149,41,Male,Kolkata,Government Employee,379500,04-11-2023,West Bengal,Lower-Middle
C100848,27,Female,Bengaluru,Business Owner,379500,13-08-2019,Karnataka,Lower-Middle
C103527,46,Female,Kolkata,Business Owner,379500,10-05-2021,West Bengal,Lower-Middle
C103729,35,Male,Delhi,Private Employee,379500,06-06-2021,Delhi,Lower-Middle
C101314,36,Male,Mumbai,Private Employee,379400,03-01-2023,Maharashtra,Lower-Middle
C101494,37,Female,Bengaluru,Other,379400,21-01-2019,Karnataka,Lower-Middle
C102555,47,Male,Chennai,Private Employee,379400,29-01-2024,Tamil Nadu,Lower-Middle
C102852,42,Female,Pune,Government Employee,379400,09-09-2023,Maharashtra,Lower-Middle
C104664,38,Female,Hyderabad,IT Professional,379400,09-06-2024,Telangana,Lower-Middle
C104682,43,Male,Bengaluru,IT Professional,379400,18-03-2023,Karnataka,Lower-Middle
C104497,25,Male,Delhi,Self Employed,379300,21-09-2023,Delhi,Lower-Middle
C101418,42,Female,Delhi,Self Employed,379200,31-07-2025,Delhi,Lower-Middle
C102119,27,Female,Bengaluru,IT Professional,379000,25-04-2023,Karnataka,Lower-Middle
C100800,44,Male,Ahmedabad,Private Employee,378800,14-09-2020,Gujarat,Lower-Middle
C101067,32,Male,Bengaluru,Other,378600,10-03-2021,Karnataka,Lower-Middle
C104935,40,Female,Chennai,Student,378600,25-11-2023,Tamil Nadu,Lower-Middle
C102929,38,Male,Bengaluru,Other,378400,16-07-2020,Karnataka,Lower-Middle
C102403,24,Female,Mumbai,IT Professional,378300,10-04-2021,Maharashtra,Lower-Middle
C100177,28,Female,Chennai,Government Employee,378200,29-08-2025,Tamil Nadu,Lower-Middle
C101261,47,Male,Ahmedabad,Student,378000,04-10-2022,Gujarat,Lower-Middle
C101940,38,Female,Mumbai,IT Professional,378000,16-03-2020,Maharashtra,Lower-Middle
C101229,46,Female,Mumbai,Private Employee,377700,11-04-2023,Maharashtra,Lower-Middle
C104298,31,Female,Chennai,Business Owner,377700,14-07-2021,Tamil Nadu,Lower-Middle
C100552,41,Female,Bengaluru,Business Owner,377600,11-08-2023,Karnataka,Lower-Middle
C100459,42,Male,Kochi,IT Professional,377500,05-04-2021,Kerala,Lower-Middle
C100221,43,Female,Mumbai,IT Professional,377400,20-09-2019,Maharashtra,Lower-Middle
C103916,38,Male,Jaipur,Private Employee,377300,13-05-2022,Rajasthan,Lower-Middle
C100440,42,Male,Jaipur,IT Professional,376800,14-08-2021,Rajasthan,Lower-Middle
C101258,25,Female,Mumbai,IT Professional,376800,30-12-2019,Maharashtra,Lower-Middle
C102714,41,Male,Mumbai,Government Employee,376600,04-07-2020,Maharashtra,Lower-Middle
C100758,42,Male,Pune,Private Employee,376500,25-02-2019,Maharashtra,Lower-Middle
C100108,50,Female,Ahmedabad,IT Professional,376300,18-08-2021,Gujarat,Lower-Middle
C100588,32,Male,Hyderabad,Self Employed,375800,28-10-2022,Telangana,Lower-Middle
C100742,42,Male,Bengaluru,Self Employed,375800,11-03-2025,Karnataka,Lower-Middle
C104749,36,Male,Mumbai,Business Owner,375600,04-09-2024,Maharashtra,Lower-Middle
C101058,42,Other,Hyderabad,Private Employee,375500,24-12-2025,Telangana,Lower-Middle
C104334,40,Female,Pune,Private Employee,375500,27-03-2023,Maharashtra,Lower-Middle
C100275,34,Male,Bengaluru,Private Employee,375400,27-03-2025,Karnataka,Lower-Middle
C100554,35,Female,Delhi,Self Employed,375400,31-03-2020,Delhi,Lower-Middle
C101008,34,Female,Mumbai,Business Owner,375400,19-04-2020,Maharashtra,Lower-Middle
C101383,35,Male,Mumbai,Self Employed,375400,11-02-2022,Maharashtra,Lower-Middle
C101033,21,Female,Delhi,Self Employed,375100,12-01-2022,Delhi,Lower-Middle
C102712,43,Male,Bengaluru,IT Professional,375000,12-07-2024,Karnataka,Lower-Middle
C103957,37,Female,Kochi,Private Employee,375000,13-09-2020,Kerala,Lower-Middle
C102585,35,Female,Jaipur,IT Professional,374900,20-12-2023,Rajasthan,Lower-Middle
C101379,25,Male,Pune,Self Employed,374700,08-09-2023,Maharashtra,Lower-Middle
C101954,32,Male,Chennai,Private Employee,374600,24-05-2025,Tamil Nadu,Lower-Middle
C104496,36,Male,Hyderabad,Self Employed,374500,05-02-2023,Telangana,Lower-Middle
C100449,43,Male,Delhi,Self Employed,374400,19-06-2023,Delhi,Lower-Middle
C104720,42,Female,Pune,Private Employee,374300,08-11-2020,Maharashtra,Lower-Middle
C100371,22,Male,Pune,Other,374200,03-02-2022,Maharashtra,Lower-Middle
C101975,21,Male,Chennai,Government Employee,374200,08-03-2019,Tamil Nadu,Lower-Middle
C102460,39,Female,Hyderabad,Private Employee,374200,07-07-2019,Telangana,Lower-Middle
C103493,33,Female,Kolkata,Self Employed,374200,06-07-2019,West Bengal,Lower-Middle
C101743,49,Male,Bengaluru,Other,374000,09-11-2021,Karnataka,Lower-Middle
C103574,50,Male,Bengaluru,IT Professional,373900,19-04-2020,Karnataka,Lower-Middle
C104309,26,Female,Bengaluru,Business Owner,373900,16-06-2022,Karnataka,Lower-Middle
C101162,37,Male,Ahmedabad,Self Employed,373800,02-12-2020,Gujarat,Lower-Middle
C102727,45,Female,Bengaluru,Self Employed,373800,19-04-2021,Karnataka,Lower-Middle
C100112,28,Female,Hyderabad,Business Owner,373700,02-02-2020,Telangana,Lower-Middle
C103664,40,Female,Bengaluru,Student,373600,19-09-2019,Karnataka,Lower-Middle
C100370,44,Male,Hyderabad,Self Employed,373300,27-09-2020,Telangana,Lower-Middle
C100365,23,Female,Hyderabad,Business Owner,373200,26-05-2021,Telangana,Lower-Middle
C104863,28,Male,Pune,Government Employee,373200,30-11-2024,Maharashtra,Lower-Middle
C102134,44,Female,Pune,Business Owner,373100,09-11-2024,Maharashtra,Lower-Middle
C100079,34,Female,Mumbai,Business Owner,373000,07-05-2020,Maharashtra,Lower-Middle
C100186,26,Male,Kolkata,Other,372800,15-04-2021,West Bengal,Lower-Middle
C102874,29,Male,Pune,Self Employed,372800,22-04-2023,Maharashtra,Lower-Middle
C101902,33,Female,Pune,Student,372700,31-10-2022,Maharashtra,Lower-Middle
C102932,23,Male,Delhi,Student,372500,06-11-2025,Delhi,Lower-Middle
C103586,43,Female,Bengaluru,Private Employee,372500,16-10-2025,Karnataka,Lower-Middle
C104225,38,Male,Bengaluru,IT Professional,372500,16-05-2022,Karnataka,Lower-Middle
C101862,43,Male,Pune,Self Employed,372300,21-02-2022,Maharashtra,Lower-Middle
C102282,29,Female,Hyderabad,Private Employee,372200,05-01-2025,Telangana,Lower-Middle
C102305,29,Male,Pune,Government Employee,372200,05-04-2020,Maharashtra,Lower-Middle
C104640,38,Male,Mumbai,IT Professional,372200,01-02-2023,Maharashtra,Lower-Middle
C100165,29,Male,Delhi,IT Professional,372000,25-10-2025,Delhi,Lower-Middle
C103208,39,Female,Bengaluru,Business Owner,371600,28-07-2022,Karnataka,Lower-Middle
C100414,21,Female,Pune,Private Employee,371300,15-10-2025,Maharashtra,Lower-Middle
C101223,40,Male,Mumbai,Government Employee,371300,10-12-2020,Maharashtra,Lower-Middle
C104020,25,Male,Kolkata,Self Employed,371300,09-10-2022,West Bengal,Lower-Middle
C102044,34,Male,Bengaluru,IT Professional,371100,14-07-2020,Karnataka,Lower-Middle
C103789,35,Male,Bengaluru,Self Employed,371100,11-08-2025,Karnataka,Lower-Middle
C102181,40,Male,Pune,Self Employed,371000,17-02-2025,Maharashtra,Lower-Middle
C101523,23,Female,Chennai,Business Owner,370900,31-08-2025,Tamil Nadu,Lower-Middle
C103895,27,Male,Bengaluru,Business Owner,370900,25-01-2020,Karnataka,Lower-Middle
C100328,23,Male,Jaipur,Government Employee,370800,05-03-2024,Rajasthan,Lower-Middle
C102999,28,Male,Mumbai,IT Professional,370500,20-11-2021,Maharashtra,Lower-Middle
C104342,29,Male,Jaipur,Private Employee,370500,24-06-2021,Rajasthan,Lower-Middle
C102256,43,Male,Bengaluru,Self Employed,370200,26-07-2025,Karnataka,Lower-Middle
C104017,42,Male,Kolkata,Self Employed,370100,24-03-2020,West Bengal,Lower-Middle
C103880,48,Female,Ahmedabad,Private Employee,369900,02-10-2019,Gujarat,Lower-Middle
C102476,38,Male,Bengaluru,Private Employee,369600,24-06-2021,Karnataka,Lower-Middle
C103970,38,Male,Delhi,Self Employed,369500,17-11-2025,Delhi,Lower-Middle
C104125,38,Male,Hyderabad,Private Employee,369500,17-09-2021,Telangana,Lower-Middle
C102285,45,Female,Mumbai,Self Employed,369400,04-04-2025,Maharashtra,Lower-Middle
C102296,34,Male,Bengaluru,Student,369400,08-02-2021,Karnataka,Lower-Middle
C101230,41,Female,Bengaluru,Government Employee,369100,16-02-2019,Karnataka,Lower-Middle
C101233,38,Male,Delhi,IT Professional,369100,11-12-2020,Delhi,Lower-Middle
C103077,34,Female,Pune,Private Employee,368800,20-01-2025,Maharashtra,Lower-Middle
C103591,50,Male,Kochi,Other,368800,11-09-2019,Kerala,Lower-Middle
C104489,33,Male,Chennai,Private Employee,368700,24-11-2019,Tamil Nadu,Lower-Middle
C101751,33,Female,Ahmedabad,Self Employed,368600,05-10-2021,Gujarat,Lower-Middle
C103925,50,Male,Jaipur,IT Professional,368600,01-05-2019,Rajasthan,Lower-Middle
C101241,38,Female,Chennai,Business Owner,368500,02-03-2023,Tamil Nadu,Lower-Middle
C104446,46,Female,Hyderabad,IT Professional,368500,24-10-2023,Telangana,Lower-Middle
C104438,52,Female,Hyderabad,Private Employee,368400,24-04-2023,Telangana,Lower-Middle
C103671,45,Male,Bengaluru,Private Employee,368200,18-03-2024,Karnataka,Lower-Middle
C103803,48,Female,Bengaluru,Government Employee,368200,17-02-2020,Karnataka,Lower-Middle
C101917,30,Male,Hyderabad,Government Employee,367800,08-12-2021,Telangana,Lower-Middle
C103711,36,Male,Delhi,Private Employee,367800,01-06-2021,Delhi,Lower-Middle
C100067,32,Female,Bengaluru,Business Owner,367700,31-03-2020,Karnataka,Lower-Middle
C100754,23,Male,Pune,Government Employee,367700,30-06-2022,Maharashtra,Lower-Middle
C104331,43,Male,Pune,Private Employee,367500,13-07-2021,Maharashtra,Lower-Middle
C102349,45,Female,Mumbai,Private Employee,367300,14-11-2023,Maharashtra,Lower-Middle
C100078,30,Female,Pune,IT Professional,367000,15-01-2020,Maharashtra,Lower-Middle
C100528,40,Male,Ahmedabad,Government Employee,367000,28-02-2023,Gujarat,Lower-Middle
C101635,33,Female,Chennai,IT Professional,367000,03-11-2019,Tamil Nadu,Lower-Middle
C104963,33,Male,Delhi,Private Employee,367000,05-09-2024,Delhi,Lower-Middle
C101919,35,Female,Mumbai,IT Professional,366300,09-08-2022,Maharashtra,Lower-Middle
C100285,31,Male,Hyderabad,Private Employee,366000,28-03-2020,Telangana,Lower-Middle
C100682,37,Male,Mumbai,Private Employee,366000,10-03-2020,Maharashtra,Lower-Middle
C100816,32,Other,Bengaluru,IT Professional,365900,19-06-2023,Karnataka,Lower-Middle
C101548,23,Male,Delhi,Private Employee,365800,01-10-2019,Delhi,Lower-Middle
C102137,38,Male,Delhi,Private Employee,365800,31-10-2023,Delhi,Lower-Middle
C103848,50,Female,Bengaluru,Student,365700,09-03-2025,Karnataka,Lower-Middle
C103231,52,Female,Bengaluru,Self Employed,365500,20-12-2019,Karnataka,Lower-Middle
C104163,33,Female,Kochi,Self Employed,365200,15-05-2022,Kerala,Lower-Middle
C100456,28,Male,Hyderabad,Student,365100,22-02-2020,Telangana,Lower-Middle
C102956,31,Male,Delhi,Business Owner,365100,01-01-2023,Delhi,Lower-Middle
C104611,28,Female,Hyderabad,Business Owner,365100,04-07-2021,Telangana,Lower-Middle
C100155,45,Male,Bengaluru,Private Employee,365000,14-11-2019,Karnataka,Lower-Middle
C100839,37,Male,Chennai,Private Employee,364900,16-11-2022,Tamil Nadu,Lower-Middle
C102673,44,Male,Bengaluru,Private Employee,364900,31-07-2021,Karnataka,Lower-Middle
C103936,26,Male,Bengaluru,Private Employee,364900,08-06-2023,Karnataka,Lower-Middle
C100426,24,Male,Chennai,IT Professional,364600,12-10-2021,Tamil Nadu,Lower-Middle
C100818,41,Male,Mumbai,Self Employed,364500,28-01-2021,Maharashtra,Lower-Middle
C102899,26,Female,Bengaluru,IT Professional,364500,23-06-2019,Karnataka,Lower-Middle
C103463,42,Male,Bengaluru,Government Employee,364500,23-12-2019,Karnataka,Lower-Middle
C101851,27,Female,Kolkata,Government Employee,364200,11-09-2022,West Bengal,Lower-Middle
C103585,21,Female,Pune,Private Employee,364200,17-10-2019,Maharashtra,Lower-Middle
C104943,47,Male,Pune,IT Professional,364100,04-02-2024,Maharashtra,Lower-Middle
C100866,45,Male,Hyderabad,Private Employee,364000,10-01-2019,Telangana,Lower-Middle
C103743,34,Female,Jaipur,Private Employee,364000,12-03-2025,Rajasthan,Lower-Middle
C100429,33,Female,Delhi,Business Owner,363900,02-12-2019,Delhi,Lower-Middle
C101843,37,Male,Delhi,Private Employee,363700,26-10-2020,Delhi,Lower-Middle
C102071,31,Female,Bengaluru,Private Employee,363700,25-08-2025,Karnataka,Lower-Middle
C101898,42,Male,Hyderabad,Private Employee,363000,04-12-2023,Telangana,Lower-Middle
C100555,31,Female,Jaipur,Private Employee,362800,08-04-2021,Rajasthan,Lower-Middle
C103774,43,Female,Pune,Self Employed,362800,18-03-2023,Maharashtra,Lower-Middle
C100087,35,Male,Delhi,Private Employee,362600,08-03-2022,Delhi,Lower-Middle
C102979,29,Other,Mumbai,Student,362600,07-01-2019,Maharashtra,Lower-Middle
C102441,44,Male,Bengaluru,Other,362500,20-12-2022,Karnataka,Lower-Middle
C104625,48,Male,Delhi,Private Employee,362300,20-05-2019,Delhi,Lower-Middle
C102811,32,Male,Mumbai,Private Employee,362200,30-03-2021,Maharashtra,Lower-Middle
C103292,38,Male,Kochi,IT Professional,362200,10-10-2022,Kerala,Lower-Middle
C101405,21,Female,Ahmedabad,Student,362100,22-12-2019,Gujarat,Lower-Middle
C102372,21,Other,Mumbai,Private Employee,362100,29-07-2021,Maharashtra,Lower-Middle
C100267,40,Female,Kolkata,Private Employee,361900,05-02-2020,West Bengal,Lower-Middle
C100686,29,Male,Bengaluru,Other,361800,15-11-2024,Karnataka,Lower-Middle
C100944,34,Male,Bengaluru,IT Professional,361400,01-02-2024,Karnataka,Lower-Middle
C104465,40,Female,Bengaluru,Private Employee,361200,28-12-2023,Karnataka,Lower-Middle
C102685,44,Male,Bengaluru,Government Employee,361100,07-05-2024,Karnataka,Lower-Middle
C102130,25,Male,Pune,Government Employee,360900,06-02-2021,Maharashtra,Lower-Middle
C100322,36,Male,Bengaluru,Private Employee,360800,10-11-2022,Karnataka,Lower-Middle
C104312,55,Female,Delhi,Government Employee,360700,11-01-2025,Delhi,Lower-Middle
C102962,33,Male,Kolkata,Private Employee,360500,14-07-2024,West Bengal,Lower-Middle
C102961,28,Male,Mumbai,Business Owner,360300,21-10-2024,Maharashtra,Lower-Middle
C103417,35,Female,Mumbai,IT Professional,359800,20-09-2023,Maharashtra,Lower-Middle
C100397,24,Female,Mumbai,Business Owner,359700,04-12-2020,Maharashtra,Lower-Middle
C100261,31,Male,Delhi,Self Employed,359600,26-03-2021,Delhi,Lower-Middle
C102496,33,Female,Mumbai,Business Owner,359500,17-03-2022,Maharashtra,Lower-Middle
C100645,44,Female,Chennai,Student,359400,08-03-2024,Tamil Nadu,Lower-Middle
C104416,22,Female,Bengaluru,Private Employee,359300,15-08-2019,Karnataka,Lower-Middle
C104070,58,Female,Mumbai,Private Employee,359100,05-10-2024,Maharashtra,Lower-Middle
C102219,50,Male,Bengaluru,Private Employee,359000,21-12-2025,Karnataka,Lower-Middle
C102607,29,Female,Delhi,Private Employee,359000,27-04-2021,Delhi,Lower-Middle
C101772,25,Female,Kolkata,IT Professional,358800,23-05-2024,West Bengal,Lower-Middle
C100324,21,Male,Delhi,IT Professional,358200,03-09-2019,Delhi,Lower-Middle
C101700,59,Male,Mumbai,Government Employee,358100,02-08-2024,Maharashtra,Lower-Middle
C103772,24,Female,Chennai,Self Employed,358100,01-01-2024,Tamil Nadu,Lower-Middle
C103571,45,Female,Mumbai,IT Professional,358000,22-04-2019,Maharashtra,Lower-Middle
C100076,28,Male,Delhi,Private Employee,357700,02-02-2021,Delhi,Lower-Middle
C100614,35,Male,Pune,IT Professional,357700,13-09-2019,Maharashtra,Lower-Middle
C102632,26,Male,Delhi,Government Employee,357600,26-09-2019,Delhi,Lower-Middle
C104221,42,Male,Kolkata,Business Owner,357600,05-05-2024,West Bengal,Lower-Middle
C100867,32,Male,Bengaluru,Business Owner,357200,18-09-2019,Karnataka,Lower-Middle
C104975,47,Male,Bengaluru,Student,357100,15-04-2020,Karnataka,Lower-Middle
C103359,32,Male,Mumbai,Private Employee,356900,31-01-2025,Maharashtra,Lower-Middle
C103994,24,Male,Delhi,IT Professional,356900,13-05-2020,Delhi,Lower-Middle
C103520,33,Female,Jaipur,Private Employee,356800,06-09-2021,Rajasthan,Lower-Middle
C101147,43,Female,Bengaluru,Student,356500,28-08-2023,Karnataka,Lower-Middle
C102576,40,Female,Mumbai,IT Professional,356500,14-10-2024,Maharashtra,Lower-Middle
C101391,32,Other,Bengaluru,Private Employee,356200,04-03-2024,Karnataka,Lower-Middle
C102432,43,Female,Ahmedabad,IT Professional,356200,18-05-2019,Gujarat,Lower-Middle
C102975,21,Female,Ahmedabad,Government Employee,356200,04-11-2022,Gujarat,Lower-Middle
C101053,30,Male,Hyderabad,Student,356100,13-10-2019,Telangana,Lower-Middle
C103078,53,Female,Delhi,Private Employee,356000,24-03-2024,Delhi,Lower-Middle
C100892,39,Male,Kolkata,Private Employee,355800,30-01-2024,West Bengal,Lower-Middle
C103326,25,Male,Kolkata,Private Employee,355700,01-01-2023,West Bengal,Lower-Middle
C100062,34,Female,Kochi,Private Employee,355400,21-07-2019,Kerala,Lower-Middle
C100647,23,Male,Jaipur,Government Employee,355400,14-12-2020,Rajasthan,Lower-Middle
C104130,32,Male,Hyderabad,IT Professional,355300,16-11-2023,Telangana,Lower-Middle
C100644,42,Male,Pune,Business Owner,355000,27-07-2023,Maharashtra,Lower-Middle
C100806,30,Male,Bengaluru,IT Professional,355000,20-06-2025,Karnataka,Lower-Middle
C103498,44,Male,Hyderabad,Private Employee,354200,04-10-2025,Telangana,Lower-Middle
C104193,24,Female,Pune,IT Professional,354100,23-04-2023,Maharashtra,Lower-Middle
C102756,36,Female,Chennai,Business Owner,354000,27-01-2024,Tamil Nadu,Lower-Middle
C100201,37,Female,Kolkata,Private Employee,353900,21-10-2020,West Bengal,Lower-Middle
C100750,21,Female,Ahmedabad,Private Employee,353400,04-07-2022,Gujarat,Lower-Middle
C104548,33,Male,Kolkata,Government Employee,353300,25-01-2020,West Bengal,Lower-Middle
C101032,37,Female,Mumbai,Private Employee,353000,28-04-2021,Maharashtra,Lower-Middle
C102248,40,Male,Chennai,Self Employed,352900,13-10-2020,Tamil Nadu,Lower-Middle
C104395,21,Female,Bengaluru,Student,352600,17-01-2022,Karnataka,Lower-Middle
C104254,34,Female,Mumbai,IT Professional,352500,14-02-2025,Maharashtra,Lower-Middle
C104874,27,Male,Pune,IT Professional,352500,17-05-2025,Maharashtra,Lower-Middle
C104404,39,Male,Delhi,Business Owner,352100,07-03-2023,Delhi,Lower-Middle
C101932,37,Male,Mumbai,Private Employee,352000,23-10-2020,Maharashtra,Lower-Middle
C102703,28,Male,Hyderabad,Private Employee,351800,17-03-2020,Telangana,Lower-Middle
C103893,42,Female,Mumbai,Other,351600,04-05-2020,Maharashtra,Lower-Middle
C103608,35,Female,Delhi,Self Employed,351500,10-06-2024,Delhi,Lower-Middle
C102443,31,Male,Jaipur,Business Owner,351100,10-07-2021,Rajasthan,Lower-Middle
C103324,33,Female,Bengaluru,Business Owner,350800,10-12-2025,Karnataka,Lower-Middle
C104389,32,Male,Kochi,Other,350700,02-01-2023,Kerala,Lower-Middle
C103866,42,Female,Mumbai,Private Employee,350500,28-02-2025,Maharashtra,Lower-Middle
C104494,46,Female,Mumbai,Private Employee,350400,01-03-2023,Maharashtra,Lower-Middle
C102917,33,Female,Bengaluru,Self Employed,350200,19-09-2024,Karnataka,Lower-Middle
C102954,41,Other,Bengaluru,Government Employee,350200,25-12-2023,Karnataka,Lower-Middle
C102958,39,Male,Mumbai,Private Employee,350100,09-08-2023,Maharashtra,Lower-Middle
C100908,27,Female,Jaipur,Private Employee,350000,01-06-2025,Rajasthan,Lower-Middle
C103120,26,Female,Pune,IT Professional,349700,21-06-2021,Maharashtra,Lower-Middle
C104213,38,Male,Delhi,IT Professional,349300,22-05-2020,Delhi,Lower-Middle
C104423,29,Female,Delhi,Private Employee,349300,10-12-2025,Delhi,Lower-Middle
C104805,21,Male,Pune,Government Employee,349000,16-05-2019,Maharashtra,Lower-Middle
C104388,22,Female,Hyderabad,IT Professional,348900,04-04-2021,Telangana,Lower-Middle
C100404,31,Male,Delhi,Student,348800,28-05-2022,Delhi,Lower-Middle
C103298,31,Male,Jaipur,Government Employee,348800,22-05-2021,Rajasthan,Lower-Middle
C103087,28,Male,Chennai,Private Employee,348600,08-09-2025,Tamil Nadu,Lower-Middle
C100086,21,Female,Chennai,IT Professional,348400,04-02-2023,Tamil Nadu,Lower-Middle
C103983,48,Male,Delhi,Private Employee,348100,25-03-2020,Delhi,Lower-Middle
C100838,43,Male,Pune,Private Employee,347900,26-04-2021,Maharashtra,Lower-Middle
C101849,32,Female,Hyderabad,Business Owner,347800,01-08-2021,Telangana,Lower-Middle
C104637,21,Male,Bengaluru,IT Professional,347700,01-05-2021,Karnataka,Lower-Middle
C100448,31,Male,Hyderabad,IT Professional,347400,12-01-2019,Telangana,Lower-Middle
C101146,22,Male,Bengaluru,Self Employed,347200,12-09-2024,Karnataka,Lower-Middle
C103340,43,Female,Hyderabad,Private Employee,347200,28-06-2024,Telangana,Lower-Middle
C102518,60,Female,Delhi,Private Employee,347100,29-02-2020,Delhi,Lower-Middle
C103018,42,Male,Jaipur,Private Employee,347000,25-06-2020,Rajasthan,Lower-Middle
C100780,37,Female,Mumbai,Student,346900,14-12-2020,Maharashtra,Lower-Middle
C104587,46,Female,Pune,Self Employed,346900,10-10-2022,Maharashtra,Lower-Middle
C103840,36,Male,Mumbai,Self Employed,346800,23-08-2025,Maharashtra,Lower-Middle
C104152,35,Male,Delhi,Private Employee,346700,10-10-2024,Delhi,Lower-Middle
C103062,23,Female,Ahmedabad,Private Employee,346500,05-12-2025,Gujarat,Lower-Middle
C100486,25,Male,Bengaluru,Business Owner,346400,01-02-2020,Karnataka,Lower-Middle
C100620,48,Female,Pune,Private Employee,346400,08-03-2021,Maharashtra,Lower-Middle
C104250,28,Male,Delhi,Business Owner,346200,28-04-2024,Delhi,Lower-Middle
C103597,39,Female,Delhi,Private Employee,345800,12-10-2022,Delhi,Lower-Middle
C100379,30,Male,Kolkata,IT Professional,345700,28-05-2024,West Bengal,Lower-Middle
C104001,47,Female,Hyderabad,IT Professional,345700,11-06-2022,Telangana,Lower-Middle
C104896,24,Female,Chennai,IT Professional,345700,25-12-2025,Tamil Nadu,Lower-Middle
C104237,40,Male,Mumbai,IT Professional,345600,08-03-2025,Maharashtra,Lower-Middle
C101212,40,Female,Chennai,Private Employee,345400,06-11-2021,Tamil Nadu,Lower-Middle
C102052,30,Male,Chennai,Self Employed,345200,14-03-2019,Tamil Nadu,Lower-Middle
C102602,29,Male,Bengaluru,Private Employee,345200,04-04-2025,Karnataka,Lower-Middle
C104831,33,Female,Mumbai,Government Employee,345200,18-12-2022,Maharashtra,Lower-Middle
C100747,42,Female,Mumbai,Self Employed,345100,17-02-2019,Maharashtra,Lower-Middle
C100102,21,Male,Bengaluru,Private Employee,345000,20-09-2025,Karnataka,Lower-Middle
C102341,25,Female,Bengaluru,Private Employee,344800,17-11-2022,Karnataka,Lower-Middle
C102351,42,Female,Hyderabad,Other,344800,29-12-2021,Telangana,Lower-Middle
C104781,29,Female,Jaipur,Government Employee,344600,09-12-2021,Rajasthan,Lower-Middle
C104392,48,Male,Chennai,Self Employed,344500,09-02-2025,Tamil Nadu,Lower-Middle
C102530,21,Male,Kolkata,Government Employee,344400,21-09-2024,West Bengal,Lower-Middle
C104797,23,Male,Hyderabad,Self Employed,344400,12-11-2022,Telangana,Lower-Middle
C104276,35,Female,Delhi,Private Employee,344300,15-10-2020,Delhi,Lower-Middle
C100264,29,Female,Bengaluru,Business Owner,344000,16-11-2022,Karnataka,Lower-Middle
C102292,39,Female,Chennai,Private Employee,343900,20-08-2020,Tamil Nadu,Lower-Middle
C102067,50,Female,Hyderabad,Self Employed,343800,07-02-2022,Telangana,Lower-Middle
C100355,21,Female,Jaipur,Business Owner,343700,12-11-2020,Rajasthan,Lower-Middle
C103876,41,Male,Mumbai,Self Employed,343700,07-03-2023,Maharashtra,Lower-Middle
C102116,26,Male,Mumbai,Private Employee,343500,31-08-2020,Maharashtra,Lower-Middle
C103556,46,Female,Mumbai,IT Professional,343500,06-02-2022,Maharashtra,Lower-Middle
C100751,44,Female,Delhi,IT Professional,343400,17-08-2024,Delhi,Lower-Middle
C101997,42,Female,Mumbai,Business Owner,343400,18-10-2020,Maharashtra,Lower-Middle
C100687,36,Female,Delhi,IT Professional,343300,20-09-2022,Delhi,Lower-Middle
C100495,38,Male,Hyderabad,Private Employee,343200,25-12-2023,Telangana,Lower-Middle
C103751,27,Female,Pune,IT Professional,343200,22-07-2020,Maharashtra,Lower-Middle
C103381,26,Male,Kolkata,IT Professional,343100,07-09-2020,West Bengal,Lower-Middle
C102683,38,Female,Bengaluru,Business Owner,342900,24-12-2020,Karnataka,Lower-Middle
C104422,43,Female,Jaipur,IT Professional,342900,21-03-2025,Rajasthan,Lower-Middle
C101835,38,Male,Bengaluru,Student,342800,19-08-2021,Karnataka,Lower-Middle
C101630,30,Male,Jaipur,Private Employee,342700,15-11-2020,Rajasthan,Lower-Middle
C103438,27,Female,Kolkata,Other,342700,07-03-2025,West Bengal,Lower-Middle
C101771,45,Male,Bengaluru,Student,342500,21-09-2022,Karnataka,Lower-Middle
C102316,38,Male,Mumbai,Student,342500,19-11-2021,Maharashtra,Lower-Middle
C104976,29,Female,Bengaluru,Student,342400,12-09-2024,Karnataka,Lower-Middle
C102987,21,Male,Delhi,Private Employee,342300,21-12-2022,Delhi,Lower-Middle
C103790,52,Female,Ahmedabad,Private Employee,342300,08-12-2022,Gujarat,Lower-Middle
C102211,31,Female,Hyderabad,Business Owner,342000,20-08-2019,Telangana,Lower-Middle
C101749,30,Male,Delhi,IT Professional,341700,18-12-2021,Delhi,Lower-Middle
C100382,49,Male,Kochi,Self Employed,341600,27-04-2019,Kerala,Lower-Middle
C102280,36,Male,Kolkata,IT Professional,341600,18-02-2021,West Bengal,Lower-Middle
C104403,35,Female,Pune,Other,341300,21-06-2024,Maharashtra,Lower-Middle
C104610,44,Female,Hyderabad,Self Employed,341300,29-07-2022,Telangana,Lower-Middle
C102896,24,Male,Delhi,Private Employee,341200,14-09-2021,Delhi,Lower-Middle
C101639,47,Male,Kolkata,Private Employee,341000,08-11-2019,West Bengal,Lower-Middle
C101328,31,Male,Kolkata,Government Employee,340800,15-03-2025,West Bengal,Lower-Middle
C102315,24,Female,Hyderabad,Private Employee,340700,26-09-2025,Telangana,Lower-Middle
C104188,25,Male,Kolkata,IT Professional,340700,18-08-2019,West Bengal,Lower-Middle
C104649,29,Male,Mumbai,Government Employee,340700,18-08-2022,Maharashtra,Lower-Middle
C102366,41,Male,Mumbai,Government Employee,340400,18-09-2025,Maharashtra,Lower-Middle
C102681,37,Male,Mumbai,Private Employee,340400,19-07-2021,Maharashtra,Lower-Middle
C103909,36,Male,Kolkata,Self Employed,340400,03-10-2025,West Bengal,Lower-Middle
C100787,29,Male,Hyderabad,Other,340200,20-06-2020,Telangana,Lower-Middle
C103086,42,Male,Mumbai,Private Employee,340200,12-04-2025,Maharashtra,Lower-Middle
C102524,37,Female,Bengaluru,IT Professional,340100,20-08-2020,Karnataka,Lower-Middle
C104508,43,Female,Bengaluru,Student,340000,27-06-2024,Karnataka,Lower-Middle
C102192,42,Male,Bengaluru,IT Professional,339800,15-12-2020,Karnataka,Lower-Middle
C100342,35,Female,Kolkata,Business Owner,339700,12-03-2022,West Bengal,Lower-Middle
C101010,28,Female,Bengaluru,Government Employee,339700,22-07-2025,Karnataka,Lower-Middle
C103453,27,Female,Ahmedabad,Private Employee,339700,19-08-2023,Gujarat,Lower-Middle
C100247,30,Male,Kolkata,Private Employee,339500,11-09-2019,West Bengal,Lower-Middle
C100054,34,Male,Mumbai,Self Employed,339100,05-05-2023,Maharashtra,Lower-Middle
C100351,30,Male,Kolkata,Business Owner,339000,06-01-2025,West Bengal,Lower-Middle
C100809,24,Male,Mumbai,Student,339000,05-08-2022,Maharashtra,Lower-Middle
C101634,38,Female,Hyderabad,Government Employee,338900,24-05-2025,Telangana,Lower-Middle
C104220,30,Male,Kochi,Student,338900,18-09-2021,Kerala,Lower-Middle
C100743,39,Male,Mumbai,Private Employee,338800,05-04-2025,Maharashtra,Lower-Middle
C100798,33,Male,Mumbai,Self Employed,338800,02-02-2023,Maharashtra,Lower-Middle
C102065,58,Male,Bengaluru,Private Employee,338800,05-04-2019,Karnataka,Lower-Middle
C101431,33,Male,Mumbai,Self Employed,338600,30-11-2020,Maharashtra,Lower-Middle
C104597,43,Female,Mumbai,IT Professional,338600,25-08-2021,Maharashtra,Lower-Middle
C102665,49,Male,Kochi,Government Employee,338500,26-05-2022,Kerala,Lower-Middle
C104746,39,Male,Chennai,Other,338500,08-09-2021,Tamil Nadu,Lower-Middle
C103839,38,Female,Chennai,Self Employed,338400,05-10-2020,Tamil Nadu,Lower-Middle
C100703,41,Female,Bengaluru,Private Employee,338300,15-09-2022,Karnataka,Lower-Middle
C102836,44,Female,Hyderabad,Private Employee,338200,18-02-2021,Telangana,Lower-Middle
C103763,43,Male,Pune,IT Professional,338200,11-11-2020,Maharashtra,Lower-Middle
C101996,35,Female,Pune,Government Employee,338000,03-10-2024,Maharashtra,Lower-Middle
C104528,40,Female,Ahmedabad,Self Employed,338000,12-12-2023,Gujarat,Lower-Middle
C103333,57,Female,Pune,Private Employee,337900,28-04-2019,Maharashtra,Lower-Middle
C101502,21,Female,Mumbai,Student,337700,23-07-2020,Maharashtra,Lower-Middle
C103212,48,Female,Jaipur,Business Owner,337700,09-01-2023,Rajasthan,Lower-Middle
C103066,39,Female,Bengaluru,IT Professional,337500,22-09-2021,Karnataka,Lower-Middle
C101472,23,Male,Delhi,Private Employee,337400,12-11-2025,Delhi,Lower-Middle
C104355,21,Male,Pune,Private Employee,337400,20-04-2019,Maharashtra,Lower-Middle
C100192,53,Male,Pune,Self Employed,337100,16-05-2025,Maharashtra,Lower-Middle
C104772,30,Male,Delhi,Private Employee,337100,09-12-2024,Delhi,Lower-Middle
C100176,30,Male,Delhi,Self Employed,337000,26-10-2023,Delhi,Lower-Middle
C101076,55,Male,Bengaluru,Government Employee,336900,12-04-2021,Karnataka,Lower-Middle
C103109,38,Female,Chennai,IT Professional,336800,30-04-2024,Tamil Nadu,Lower-Middle
C103035,34,Female,Hyderabad,Private Employee,336700,20-04-2024,Telangana,Lower-Middle
C103686,31,Female,Chennai,Business Owner,336600,19-03-2019,Tamil Nadu,Lower-Middle
C104382,29,Male,Kolkata,Government Employee,336600,27-04-2024,West Bengal,Lower-Middle
C101637,26,Male,Chennai,Other,336300,23-10-2020,Tamil Nadu,Lower-Middle
C101691,36,Female,Pune,Government Employee,336300,26-01-2024,Maharashtra,Lower-Middle
C101903,22,Female,Mumbai,Self Employed,336200,05-09-2023,Maharashtra,Lower-Middle
C102808,39,Male,Ahmedabad,Private Employee,336200,11-03-2024,Gujarat,Lower-Middle
C103605,35,Male,Pune,Self Employed,336200,11-09-2023,Maharashtra,Lower-Middle
C104430,35,Female,Hyderabad,Private Employee,336100,01-06-2023,Telangana,Lower-Middle
C104022,47,Female,Pune,IT Professional,336000,21-05-2019,Maharashtra,Lower-Middle
C102153,26,Female,Kolkata,IT Professional,335900,15-12-2025,West Bengal,Lower-Middle
C104849,21,Female,Bengaluru,Private Employee,335900,29-09-2025,Karnataka,Lower-Middle
C100089,42,Male,Delhi,IT Professional,335800,27-01-2020,Delhi,Lower-Middle
C101872,28,Female,Hyderabad,Other,335800,31-12-2023,Telangana,Lower-Middle
C103740,39,Male,Hyderabad,Self Employed,335700,04-09-2025,Telangana,Lower-Middle
C101807,21,Female,Bengaluru,IT Professional,335600,17-01-2022,Karnataka,Lower-Middle
C103427,31,Male,Jaipur,Government Employee,335400,14-04-2025,Rajasthan,Lower-Middle
C103717,30,Male,Bengaluru,Private Employee,335300,18-05-2022,Karnataka,Lower-Middle
C102605,45,Male,Ahmedabad,Other,335200,12-04-2020,Gujarat,Lower-Middle
C102611,29,Female,Delhi,Self Employed,335100,08-07-2023,Delhi,Lower-Middle
C101537,36,Male,Mumbai,Private Employee,335000,29-08-2023,Maharashtra,Lower-Middle
C101262,35,Male,Mumbai,Government Employee,334800,09-07-2021,Maharashtra,Lower-Middle
C102185,40,Male,Chennai,IT Professional,334800,16-12-2024,Tamil Nadu,Lower-Middle
C100368,37,Female,Mumbai,Self Employed,334400,26-09-2019,Maharashtra,Lower-Middle
C100767,37,Female,Delhi,Private Employee,334400,01-06-2021,Delhi,Lower-Middle
C102307,33,Male,Chennai,IT Professional,334300,04-10-2025,Tamil Nadu,Lower-Middle
C100434,39,Male,Kolkata,IT Professional,334200,16-01-2025,West Bengal,Lower-Middle
C104447,21,Male,Bengaluru,Business Owner,334200,14-01-2023,Karnataka,Lower-Middle
C104783,25,Female,Pune,Student,334100,30-07-2025,Maharashtra,Lower-Middle
C104265,33,Male,Hyderabad,Government Employee,334000,10-11-2025,Telangana,Lower-Middle
C104802,27,Female,Bengaluru,Self Employed,333800,03-08-2022,Karnataka,Lower-Middle
C102988,37,Male,Ahmedabad,Business Owner,333500,11-02-2023,Gujarat,Lower-Middle
C103342,32,Male,Delhi,IT Professional,333300,05-11-2020,Delhi,Lower-Middle
C102824,37,Female,Bengaluru,Student,333000,24-10-2024,Karnataka,Lower-Middle
C103189,38,Male,Delhi,IT Professional,332900,06-02-2023,Delhi,Lower-Middle
C103375,24,Male,Mumbai,IT Professional,332900,16-01-2025,Maharashtra,Lower-Middle
C101089,33,Female,Pune,Government Employee,332800,27-03-2020,Maharashtra,Lower-Middle
C100874,41,Female,Bengaluru,Private Employee,332600,17-11-2019,Karnataka,Lower-Middle
C102662,36,Female,Mumbai,Private Employee,332400,27-12-2023,Maharashtra,Lower-Middle
C102803,33,Female,Ahmedabad,IT Professional,332400,18-12-2022,Gujarat,Lower-Middle
C103302,38,Female,Bengaluru,Government Employee,332400,07-03-2025,Karnataka,Lower-Middle
C103045,37,Female,Kolkata,Student,332300,04-08-2021,West Bengal,Lower-Middle
C101690,21,Male,Pune,IT Professional,332000,06-03-2023,Maharashtra,Lower-Middle
C102663,46,Male,Kolkata,Private Employee,332000,12-09-2021,West Bengal,Lower-Middle
C101374,39,Female,Jaipur,Private Employee,331800,14-04-2022,Rajasthan,Lower-Middle
C101536,34,Male,Delhi,IT Professional,331600,04-06-2020,Delhi,Lower-Middle
C104622,37,Male,Bengaluru,Private Employee,331600,18-01-2025,Karnataka,Lower-Middle
C100960,27,Male,Chennai,Self Employed,331500,04-03-2021,Tamil Nadu,Lower-Middle
C103050,34,Female,Ahmedabad,Private Employee,331500,07-12-2019,Gujarat,Lower-Middle
C100512,39,Male,Mumbai,Student,331200,02-01-2021,Maharashtra,Lower-Middle
C103930,27,Male,Pune,Private Employee,331200,06-10-2020,Maharashtra,Lower-Middle
C100478,28,Male,Bengaluru,Private Employee,331100,22-05-2021,Karnataka,Lower-Middle
C100923,21,Male,Jaipur,Self Employed,331100,21-11-2024,Rajasthan,Lower-Middle
C101180,39,Male,Bengaluru,Private Employee,330900,27-01-2021,Karnataka,Lower-Middle
C101242,40,Female,Jaipur,Student,330900,06-04-2021,Rajasthan,Lower-Middle
C100241,24,Male,Delhi,Government Employee,330600,19-09-2020,Delhi,Lower-Middle
C104825,53,Male,Pune,Self Employed,330600,29-05-2024,Maharashtra,Lower-Middle
C100652,32,Male,Chennai,Government Employee,330300,10-08-2024,Tamil Nadu,Lower-Middle
C101392,31,Female,Bengaluru,Other,330300,18-09-2024,Karnataka,Lower-Middle
C100467,44,Male,Hyderabad,Government Employee,330200,17-02-2025,Telangana,Lower-Middle
C103702,48,Male,Delhi,IT Professional,330100,08-06-2020,Delhi,Lower-Middle
C101937,39,Male,Hyderabad,Self Employed,330000,26-08-2021,Telangana,Lower-Middle
C100773,36,Male,Chennai,Private Employee,329900,10-11-2023,Tamil Nadu,Lower-Middle
C103993,36,Male,Bengaluru,IT Professional,329900,29-09-2025,Karnataka,Lower-Middle
C103938,32,Male,Chennai,Self Employed,329700,21-08-2021,Tamil Nadu,Lower-Middle
C103456,21,Female,Bengaluru,Self Employed,329600,02-08-2020,Karnataka,Lower-Middle
C104060,41,Female,Kolkata,Private Employee,329600,19-10-2022,West Bengal,Lower-Middle
C100116,32,Female,Kochi,Other,329400,04-11-2021,Kerala,Lower-Middle
C103356,52,Female,Mumbai,Student,329200,18-06-2024,Maharashtra,Lower-Middle
C103650,25,Female,Bengaluru,IT Professional,329000,29-03-2024,Karnataka,Lower-Middle
C102793,54,Male,Delhi,Private Employee,328800,06-08-2024,Delhi,Lower-Middle
C101866,47,Male,Pune,Government Employee,328600,20-02-2019,Maharashtra,Lower-Middle
C102478,38,Female,Mumbai,IT Professional,328600,30-06-2023,Maharashtra,Lower-Middle
C100628,37,Male,Pune,Other,328400,16-06-2022,Maharashtra,Lower-Middle
C102868,21,Male,Bengaluru,IT Professional,328400,14-11-2019,Karnataka,Lower-Middle
C101642,36,Female,Pune,Private Employee,328300,24-01-2021,Maharashtra,Lower-Middle
C103116,27,Male,Pune,Government Employee,328100,26-08-2020,Maharashtra,Lower-Middle
C103334,35,Female,Bengaluru,Other,328100,02-10-2024,Karnataka,Lower-Middle
C101956,44,Female,Bengaluru,Government Employee,327900,02-10-2021,Karnataka,Lower-Middle
C101709,35,Male,Kolkata,Private Employee,327800,28-10-2019,West Bengal,Lower-Middle
C101641,38,Male,Bengaluru,Self Employed,327700,04-10-2023,Karnataka,Lower-Middle
C104505,25,Male,Pune,Government Employee,327700,04-04-2025,Maharashtra,Lower-Middle
C104681,30,Female,Delhi,Self Employed,327500,14-05-2023,Delhi,Lower-Middle
C100473,48,Female,Bengaluru,Self Employed,327300,15-08-2023,Karnataka,Lower-Middle
C101758,46,Female,Kochi,Private Employee,327200,28-06-2022,Kerala,Lower-Middle
C103523,21,Female,Bengaluru,Business Owner,327100,18-06-2023,Karnataka,Lower-Middle
C100229,39,Female,Bengaluru,Government Employee,326800,20-08-2022,Karnataka,Lower-Middle
C102568,27,Male,Bengaluru,Other,326600,20-08-2025,Karnataka,Lower-Middle
C101657,41,Male,Mumbai,Private Employee,326500,30-05-2020,Maharashtra,Lower-Middle
C102375,34,Male,Chennai,Government Employee,326500,02-12-2019,Tamil Nadu,Lower-Middle
C100411,36,Female,Bengaluru,IT Professional,326300,12-05-2022,Karnataka,Lower-Middle
C100548,43,Male,Chennai,Business Owner,326300,14-10-2020,Tamil Nadu,Lower-Middle
C102834,35,Female,Chennai,Self Employed,326300,11-03-2025,Tamil Nadu,Lower-Middle
C102668,29,Female,Pune,Business Owner,326100,07-09-2021,Maharashtra,Lower-Middle
C100041,24,Male,Delhi,IT Professional,325800,21-06-2025,Delhi,Lower-Middle
C100139,37,Male,Pune,IT Professional,325700,16-09-2022,Maharashtra,Lower-Middle
C104372,21,Female,Mumbai,IT Professional,325700,31-01-2019,Maharashtra,Lower-Middle
C104970,34,Female,Chennai,IT Professional,325700,12-08-2019,Tamil Nadu,Lower-Middle
C101500,37,Male,Kolkata,IT Professional,325600,11-11-2022,West Bengal,Lower-Middle
C104639,34,Male,Bengaluru,Government Employee,325200,19-09-2020,Karnataka,Lower-Middle
C104630,41,Female,Chennai,Private Employee,324900,12-08-2025,Tamil Nadu,Lower-Middle
C100933,42,Female,Delhi,Other,324700,28-07-2024,Delhi,Lower-Middle
C103852,38,Male,Kolkata,Business Owner,324700,31-05-2019,West Bengal,Lower-Middle
C100205,26,Female,Mumbai,Business Owner,324300,09-06-2024,Maharashtra,Lower-Middle
C103906,30,Other,Chennai,Private Employee,323900,11-01-2021,Tamil Nadu,Lower-Middle
C103277,31,Female,Pune,IT Professional,323600,14-12-2023,Maharashtra,Lower-Middle
C103406,35,Female,Delhi,Self Employed,323600,18-11-2022,Delhi,Lower-Middle
C103695,38,Male,Bengaluru,Private Employee,323600,06-04-2022,Karnataka,Lower-Middle
C103978,42,Male,Bengaluru,Private Employee,323200,06-07-2023,Karnataka,Lower-Middle
C100649,30,Male,Mumbai,Self Employed,323100,14-03-2022,Maharashtra,Lower-Middle
C100569,25,Male,Mumbai,IT Professional,323000,14-02-2022,Maharashtra,Lower-Middle
C104966,40,Male,Chennai,Student,323000,17-05-2025,Tamil Nadu,Lower-Middle
C101578,33,Female,Chennai,IT Professional,322600,22-03-2025,Tamil Nadu,Lower-Middle
C102263,29,Female,Bengaluru,Self Employed,322500,24-07-2021,Karnataka,Lower-Middle
C100556,41,Male,Delhi,IT Professional,322400,13-06-2021,Delhi,Lower-Middle
C102117,42,Male,Mumbai,Business Owner,322400,01-12-2023,Maharashtra,Lower-Middle
C104680,21,Male,Delhi,Government Employee,322100,07-08-2020,Delhi,Lower-Middle
C100726,46,Male,Bengaluru,Government Employee,322000,02-03-2019,Karnataka,Lower-Middle
C103811,43,Female,Chennai,Student,322000,25-06-2022,Tamil Nadu,Lower-Middle
C102355,48,Male,Hyderabad,IT Professional,321300,05-11-2022,Telangana,Lower-Middle
C104867,52,Male,Chennai,Private Employee,321300,14-12-2020,Tamil Nadu,Lower-Middle
C100501,35,Female,Hyderabad,Student,321200,31-01-2020,Telangana,Lower-Middle
C100070,43,Female,Chennai,Government Employee,320900,01-06-2025,Tamil Nadu,Lower-Middle
C103517,41,Female,Ahmedabad,Business Owner,320900,16-12-2024,Gujarat,Lower-Middle
C101424,36,Female,Jaipur,Self Employed,320800,01-06-2022,Rajasthan,Lower-Middle
C102933,46,Male,Hyderabad,Government Employee,320800,20-09-2020,Telangana,Lower-Middle
C100701,29,Male,Mumbai,Other,320400,18-05-2019,Maharashtra,Lower-Middle
C104718,30,Male,Bengaluru,Private Employee,320300,17-05-2022,Karnataka,Lower-Middle
C100636,31,Other,Ahmedabad,IT Professional,319600,22-06-2023,Gujarat,Lower-Middle
C101969,21,Male,Delhi,Self Employed,319500,13-08-2021,Delhi,Lower-Middle
C104042,29,Female,Delhi,Self Employed,319500,12-07-2019,Delhi,Lower-Middle
C100091,25,Male,Kolkata,Private Employee,319100,23-02-2020,West Bengal,Lower-Middle
C100250,39,Male,Mumbai,Private Employee,319100,09-01-2025,Maharashtra,Lower-Middle
C100716,25,Female,Mumbai,Business Owner,319100,19-04-2024,Maharashtra,Lower-Middle
C100939,32,Female,Hyderabad,Self Employed,319100,25-01-2022,Telangana,Lower-Middle
C104717,37,Male,Chennai,Student,319100,20-09-2022,Tamil Nadu,Lower-Middle
C101399,33,Male,Bengaluru,IT Professional,319000,09-11-2024,Karnataka,Lower-Middle
C101582,32,Male,Jaipur,Student,319000,06-07-2021,Rajasthan,Lower-Middle
C101050,25,Male,Delhi,Private Employee,318900,21-05-2025,Delhi,Lower-Middle
C102126,25,Male,Bengaluru,Business Owner,318900,04-05-2019,Karnataka,Lower-Middle
C100335,28,Male,Mumbai,Private Employee,318800,15-11-2020,Maharashtra,Lower-Middle
C102565,32,Female,Delhi,Government Employee,318700,02-06-2021,Delhi,Lower-Middle
C101620,30,Female,Mumbai,IT Professional,318200,19-03-2021,Maharashtra,Lower-Middle
C103915,32,Female,Hyderabad,Self Employed,318200,08-03-2022,Telangana,Lower-Middle
C102020,21,Female,Pune,Government Employee,318000,31-12-2025,Maharashtra,Lower-Middle
C103616,21,Male,Ahmedabad,Self Employed,318000,18-05-2021,Gujarat,Lower-Middle
C100138,21,Female,Bengaluru,Self Employed,317900,04-06-2024,Karnataka,Lower-Middle
C103947,21,Female,Bengaluru,Government Employee,317900,04-10-2019,Karnataka,Lower-Middle
C101420,25,Female,Bengaluru,Business Owner,317700,05-07-2024,Karnataka,Lower-Middle
C102012,42,Female,Bengaluru,IT Professional,317700,19-09-2025,Karnataka,Lower-Middle
C104550,39,Male,Kolkata,Private Employee,317600,03-08-2021,West Bengal,Lower-Middle
C103683,34,Male,Delhi,IT Professional,317400,12-02-2019,Delhi,Lower-Middle
C102410,33,Male,Ahmedabad,Private Employee,317100,15-02-2022,Gujarat,Lower-Middle
C100617,56,Male,Mumbai,Self Employed,317000,28-04-2024,Maharashtra,Lower-Middle
C103779,21,Female,Bengaluru,Self Employed,316900,16-05-2024,Karnataka,Lower-Middle
C104689,38,Male,Kolkata,IT Professional,316900,23-04-2021,West Bengal,Lower-Middle
C104836,39,Female,Mumbai,Business Owner,316700,10-05-2022,Maharashtra,Lower-Middle
C101456,35,Male,Delhi,Private Employee,316300,06-11-2021,Delhi,Lower-Middle
C100920,54,Female,Delhi,IT Professional,316100,17-05-2020,Delhi,Lower-Middle
C101279,41,Male,Ahmedabad,Private Employee,316100,15-08-2021,Gujarat,Lower-Middle
C102715,25,Female,Bengaluru,Private Employee,316100,28-01-2020,Karnataka,Lower-Middle
C103309,32,Male,Kolkata,Student,316100,09-08-2021,West Bengal,Lower-Middle
C103657,37,Female,Bengaluru,Government Employee,315600,18-06-2025,Karnataka,Lower-Middle
C103918,34,Male,Chennai,Private Employee,315600,15-05-2019,Tamil Nadu,Lower-Middle
C102057,40,Female,Pune,Other,315500,24-06-2024,Maharashtra,Lower-Middle
C103937,28,Female,Delhi,Private Employee,315200,13-03-2021,Delhi,Lower-Middle
C100011,26,Female,Mumbai,Government Employee,315100,11-05-2019,Maharashtra,Lower-Middle
C103919,42,Female,Delhi,IT Professional,314800,24-05-2021,Delhi,Lower-Middle
C100190,27,Male,Pune,Self Employed,314700,05-02-2021,Maharashtra,Lower-Middle
C104957,36,Male,Bengaluru,IT Professional,314700,16-08-2019,Karnataka,Lower-Middle
C103337,39,Female,Hyderabad,Student,314500,01-10-2024,Telangana,Lower-Middle
C102361,41,Male,Chennai,Government Employee,314300,03-01-2024,Tamil Nadu,Lower-Middle
C102911,38,Male,Ahmedabad,Self Employed,314200,10-11-2023,Gujarat,Lower-Middle
C103508,26,Female,Mumbai,Other,314200,01-08-2021,Maharashtra,Lower-Middle
C100209,26,Female,Chennai,Private Employee,314100,18-01-2024,Tamil Nadu,Lower-Middle
C100424,29,Female,Bengaluru,IT Professional,314100,25-10-2025,Karnataka,Lower-Middle
C102724,50,Male,Pune,Private Employee,314100,09-10-2022,Maharashtra,Lower-Middle
C104790,33,Female,Chennai,IT Professional,314000,07-08-2024,Tamil Nadu,Lower-Middle
C100204,29,Male,Chennai,Government Employee,313700,01-10-2022,Tamil Nadu,Lower-Middle
C102904,21,Female,Ahmedabad,IT Professional,313700,19-02-2024,Gujarat,Lower-Middle
C103272,30,Male,Hyderabad,Private Employee,313600,23-01-2019,Telangana,Lower-Middle
C101714,49,Female,Mumbai,Government Employee,313500,17-06-2023,Maharashtra,Lower-Middle
C104460,21,Male,Ahmedabad,Government Employee,313400,22-01-2020,Gujarat,Lower-Middle
C104983,39,Female,Chennai,Private Employee,313100,20-07-2021,Tamil Nadu,Lower-Middle
C100961,21,Male,Hyderabad,Student,313000,09-01-2024,Telangana,Lower-Middle
C103321,43,Male,Delhi,Private Employee,313000,01-07-2025,Delhi,Lower-Middle
C104327,30,Male,Bengaluru,Government Employee,312900,24-08-2025,Karnataka,Lower-Middle
C100966,35,Female,Chennai,Government Employee,312800,12-12-2020,Tamil Nadu,Lower-Middle
C100638,36,Female,Bengaluru,IT Professional,312700,25-05-2020,Karnataka,Lower-Middle
C100291,36,Male,Chennai,IT Professional,312500,28-05-2022,Tamil Nadu,Lower-Middle
C103961,43,Female,Jaipur,IT Professional,312400,14-11-2024,Rajasthan,Lower-Middle
C101039,42,Male,Pune,Private Employee,312300,21-09-2023,Maharashtra,Lower-Middle
C102013,33,Male,Hyderabad,Government Employee,312200,31-03-2020,Telangana,Lower-Middle
C102455,35,Male,Bengaluru,IT Professional,312100,02-10-2020,Karnataka,Lower-Middle
C100572,27,Female,Kolkata,Self Employed,312000,15-11-2020,West Bengal,Lower-Middle
C103201,33,Male,Ahmedabad,IT Professional,311900,16-11-2021,Gujarat,Lower-Middle
C102318,51,Female,Hyderabad,Business Owner,311800,25-11-2024,Telangana,Lower-Middle
C103636,35,Female,Mumbai,Student,311300,27-12-2025,Maharashtra,Lower-Middle
C104787,33,Female,Chennai,Private Employee,311300,10-05-2024,Tamil Nadu,Lower-Middle
C100688,35,Female,Chennai,IT Professional,311200,18-10-2025,Tamil Nadu,Lower-Middle
C104796,25,Male,Mumbai,Self Employed,310900,28-04-2022,Maharashtra,Lower-Middle
C101477,38,Female,Delhi,IT Professional,310600,11-11-2025,Delhi,Lower-Middle
C100161,43,Male,Chennai,Business Owner,310300,04-02-2023,Tamil Nadu,Lower-Middle
C104655,35,Male,Hyderabad,Student,310100,15-04-2020,Telangana,Lower-Middle
C101449,37,Female,Ahmedabad,Private Employee,309800,05-10-2019,Gujarat,Lower-Middle
C104345,33,Female,Hyderabad,IT Professional,309800,07-12-2025,Telangana,Lower-Middle
C102747,39,Female,Jaipur,Private Employee,309400,18-07-2023,Rajasthan,Lower-Middle
C103437,42,Female,Bengaluru,Self Employed,309300,29-10-2025,Karnataka,Lower-Middle
C102843,30,Male,Chennai,IT Professional,309000,10-11-2024,Tamil Nadu,Lower-Middle
C103584,28,Female,Mumbai,IT Professional,308600,05-07-2024,Maharashtra,Lower-Middle
C100157,21,Female,Delhi,Private Employee,308500,14-11-2020,Delhi,Lower-Middle
C101087,46,Female,Kochi,Private Employee,308500,04-08-2022,Kerala,Lower-Middle
C104283,40,Female,Jaipur,IT Professional,308400,12-08-2022,Rajasthan,Lower-Middle
C103465,37,Female,Bengaluru,Government Employee,307900,10-05-2025,Karnataka,Lower-Middle
C100691,32,Female,Delhi,Business Owner,307800,24-08-2022,Delhi,Lower-Middle
C100870,42,Male,Kolkata,Private Employee,307800,28-01-2025,West Bengal,Lower-Middle
C103312,32,Female,Pune,Business Owner,307700,22-02-2024,Maharashtra,Lower-Middle
C101948,30,Male,Kolkata,Private Employee,307500,25-09-2021,West Bengal,Lower-Middle
C104029,43,Male,Delhi,IT Professional,307500,11-04-2021,Delhi,Lower-Middle
C104083,32,Male,Jaipur,Government Employee,307500,10-07-2025,Rajasthan,Lower-Middle
C102155,35,Male,Delhi,Private Employee,307200,13-07-2024,Delhi,Lower-Middle
C102892,28,Male,Delhi,Private Employee,307100,06-02-2022,Delhi,Lower-Middle
C103046,21,Male,Mumbai,IT Professional,306900,27-04-2023,Maharashtra,Lower-Middle
C100331,45,Female,Mumbai,Other,306500,21-09-2025,Maharashtra,Lower-Middle
C102302,37,Male,Delhi,Student,306500,01-12-2022,Delhi,Lower-Middle
C102561,33,Female,Bengaluru,Government Employee,306300,23-03-2022,Karnataka,Lower-Middle
C100010,54,Female,Hyderabad,Business Owner,306200,05-11-2024,Telangana,Lower-Middle
C102947,43,Male,Bengaluru,Private Employee,305800,21-05-2022,Karnataka,Lower-Middle
C101128,36,Female,Ahmedabad,Private Employee,305700,07-10-2024,Gujarat,Lower-Middle
C103730,34,Male,Ahmedabad,IT Professional,305700,03-09-2022,Gujarat,Lower-Middle
C100063,33,Male,Ahmedabad,Government Employee,305600,04-06-2024,Gujarat,Lower-Middle
C102343,42,Female,Kolkata,IT Professional,305600,31-03-2025,West Bengal,Lower-Middle
C104232,40,Male,Pune,IT Professional,305600,18-01-2020,Maharashtra,Lower-Middle
C100883,22,Male,Hyderabad,Private Employee,305500,23-06-2025,Telangana,Lower-Middle
C100663,22,Female,Delhi,IT Professional,305100,24-04-2023,Delhi,Lower-Middle
C101019,46,Female,Pune,Business Owner,305000,13-06-2024,Maharashtra,Lower-Middle
C101531,39,Other,Kochi,Business Owner,305000,03-03-2025,Kerala,Lower-Middle
C101506,37,Female,Delhi,Private Employee,304700,03-03-2021,Delhi,Lower-Middle
C100810,26,Male,Chennai,Student,304600,31-12-2022,Tamil Nadu,Lower-Middle
C104273,25,Male,Bengaluru,Private Employee,304600,16-10-2023,Karnataka,Lower-Middle
C104223,54,Female,Bengaluru,IT Professional,304500,12-06-2022,Karnataka,Lower-Middle
C104323,38,Male,Chennai,IT Professional,304500,15-05-2022,Tamil Nadu,Lower-Middle
C104576,41,Female,Hyderabad,Government Employee,304500,02-02-2025,Telangana,Lower-Middle
C101464,21,Male,Kolkata,Private Employee,304300,04-12-2020,West Bengal,Lower-Middle
C103378,21,Male,Mumbai,IT Professional,303900,19-01-2023,Maharashtra,Lower-Middle
C103707,33,Male,Pune,Private Employee,303800,21-01-2023,Maharashtra,Lower-Middle
C101947,37,Male,Bengaluru,IT Professional,303500,11-11-2025,Karnataka,Lower-Middle
C102820,26,Male,Delhi,Private Employee,303500,18-01-2023,Delhi,Lower-Middle
C101014,40,Female,Bengaluru,IT Professional,303200,01-02-2021,Karnataka,Lower-Middle
C101656,26,Female,Chennai,Student,302600,08-02-2020,Tamil Nadu,Lower-Middle
C104844,21,Female,Hyderabad,Business Owner,302500,12-11-2022,Telangana,Lower-Middle
C103204,32,Female,Bengaluru,Self Employed,302300,21-08-2023,Karnataka,Lower-Middle
C100718,37,Male,Mumbai,Self Employed,302100,26-12-2019,Maharashtra,Lower-Middle
C101734,33,Female,Jaipur,IT Professional,301800,09-10-2023,Rajasthan,Lower-Middle
C100736,26,Female,Pune,IT Professional,301400,06-01-2022,Maharashtra,Lower-Middle
C100808,46,Male,Bengaluru,Private Employee,301400,12-06-2024,Karnataka,Lower-Middle
C103067,34,Male,Delhi,Government Employee,301400,18-10-2025,Delhi,Lower-Middle
C104730,42,Female,Bengaluru,Other,301400,28-04-2021,Karnataka,Lower-Middle
C100420,48,Female,Jaipur,Self Employed,301200,23-12-2019,Rajasthan,Lower-Middle
C102309,28,Female,Jaipur,Student,300800,08-10-2022,Rajasthan,Lower-Middle
C101525,29,Female,Delhi,Self Employed,300700,17-08-2021,Delhi,Lower-Middle
C104195,47,Male,Kolkata,Private Employee,300700,03-08-2023,West Bengal,Lower-Middle
C101930,40,Female,Bengaluru,Private Employee,299900,03-11-2020,Karnataka,Low
C103040,37,Female,Hyderabad,Private Employee,299600,16-04-2024,Telangana,Low
C104602,32,Male,Jaipur,Other,299400,02-01-2020,Rajasthan,Low
C104410,33,Female,Pune,IT Professional,299200,10-10-2023,Maharashtra,Low
C104941,30,Female,Delhi,Private Employee,299200,02-01-2024,Delhi,Low
C103225,32,Male,Mumbai,Other,298800,13-05-2022,Maharashtra,Low
C100053,45,Female,Pune,Private Employee,298700,09-05-2024,Maharashtra,Low
C104800,34,Male,Chennai,Private Employee,298600,03-04-2025,Tamil Nadu,Low
C103736,22,Male,Kochi,Other,298500,27-03-2020,Kerala,Low
C103946,21,Male,Bengaluru,Self Employed,298000,16-08-2023,Karnataka,Low
C102690,42,Female,Bengaluru,Business Owner,297800,05-06-2019,Karnataka,Low
C103184,37,Male,Delhi,Self Employed,297600,08-08-2023,Delhi,Low
C103920,41,Female,Kolkata,Business Owner,297500,01-04-2021,West Bengal,Low
C103460,28,Female,Kochi,Student,297400,29-10-2025,Kerala,Low
C103567,38,Male,Mumbai,Private Employee,297400,25-03-2019,Maharashtra,Low
C101287,43,Male,Mumbai,Self Employed,297300,07-11-2023,Maharashtra,Low
C102977,46,Female,Pune,IT Professional,297200,09-11-2020,Maharashtra,Low
C104795,28,Male,Kolkata,IT Professional,296500,19-04-2024,West Bengal,Low
C104074,40,Female,Bengaluru,Business Owner,296100,13-07-2019,Karnataka,Low
C100226,38,Female,Kochi,IT Professional,296000,13-10-2021,Kerala,Low
C100369,26,Female,Pune,Private Employee,296000,05-01-2020,Maharashtra,Low
C102245,33,Female,Pune,Private Employee,296000,05-01-2020,Maharashtra,Low
C103275,28,Male,Chennai,Student,295400,17-07-2021,Tamil Nadu,Low
C102971,23,Male,Delhi,Student,295200,26-12-2019,Delhi,Low
C102486,43,Male,Pune,Self Employed,295000,01-07-2023,Maharashtra,Low
C101701,42,Male,Bengaluru,Government Employee,294700,28-01-2019,Karnataka,Low
C103685,30,Male,Delhi,Other,294600,10-12-2025,Delhi,Low
C103827,34,Male,Bengaluru,Other,294500,28-04-2025,Karnataka,Low
C103989,37,Female,Delhi,Business Owner,294400,16-10-2019,Delhi,Low
C100891,33,Male,Mumbai,Private Employee,294300,12-08-2022,Maharashtra,Low
C102934,45,Female,Kochi,Private Employee,294100,17-06-2023,Kerala,Low
C102138,49,Female,Bengaluru,Government Employee,293900,06-08-2024,Karnataka,Low
C101348,44,Male,Chennai,Self Employed,293700,19-02-2021,Tamil Nadu,Low
C101861,43,Female,Ahmedabad,Student,293500,13-01-2024,Gujarat,Low
C104928,36,Male,Delhi,Private Employee,293500,20-10-2024,Delhi,Low
C104892,42,Female,Hyderabad,IT Professional,293200,27-03-2023,Telangana,Low
C104184,33,Male,Ahmedabad,IT Professional,292800,19-09-2023,Gujarat,Low
C104888,33,Male,Chennai,IT Professional,292700,26-09-2024,Tamil Nadu,Low
C100482,31,Female,Mumbai,Business Owner,292600,18-08-2020,Maharashtra,Low
C100343,34,Female,Bengaluru,Private Employee,292500,20-01-2022,Karnataka,Low
C102045,28,Female,Hyderabad,IT Professional,292300,11-02-2019,Telangana,Low
C102806,39,Male,Ahmedabad,Business Owner,292300,30-01-2025,Gujarat,Low
C101655,51,Male,Ahmedabad,Government Employee,292200,02-09-2024,Gujarat,Low
C101698,32,Male,Chennai,Student,291600,10-05-2019,Tamil Nadu,Low
C103836,36,Female,Bengaluru,Government Employee,291600,26-09-2022,Karnataka,Low
C100246,42,Female,Bengaluru,Private Employee,291300,14-04-2019,Karnataka,Low
C103430,37,Female,Mumbai,Self Employed,291200,05-10-2025,Maharashtra,Low
C101193,38,Male,Bengaluru,Business Owner,291100,21-10-2024,Karnataka,Low
C101469,33,Female,Mumbai,Business Owner,290600,04-06-2022,Maharashtra,Low
C101729,34,Male,Chennai,IT Professional,290600,14-07-2023,Tamil Nadu,Low
C102382,21,Male,Mumbai,Government Employee,290400,01-03-2019,Maharashtra,Low
C104448,49,Male,Chennai,Private Employee,290300,25-07-2023,Tamil Nadu,Low
C100721,35,Female,Bengaluru,Student,290200,02-03-2024,Karnataka,Low
C102249,41,Female,Bengaluru,Other,289900,26-02-2024,Karnataka,Low
C102227,41,Male,Delhi,Private Employee,289800,25-12-2024,Delhi,Low
C104102,21,Male,Ahmedabad,Private Employee,289700,21-12-2021,Gujarat,Low
C100034,35,Female,Chennai,Other,289200,09-03-2023,Tamil Nadu,Low
C103553,33,Female,Mumbai,Government Employee,288900,16-11-2024,Maharashtra,Low
C103749,21,Male,Kochi,Student,288500,13-07-2025,Kerala,Low
C102886,35,Male,Bengaluru,Private Employee,288200,14-12-2024,Karnataka,Low
C101958,31,Female,Bengaluru,Other,288000,13-01-2021,Karnataka,Low
C103166,39,Male,Hyderabad,Private Employee,287900,30-06-2020,Telangana,Low
C103800,33,Male,Delhi,Private Employee,287700,18-12-2021,Delhi,Low
C100036,34,Male,Pune,Student,287400,30-08-2024,Maharashtra,Low
C102535,29,Female,Bengaluru,Student,287400,22-06-2023,Karnataka,Low
C101858,42,Male,Ahmedabad,Business Owner,287300,11-02-2020,Gujarat,Low
C103913,57,Male,Ahmedabad,Private Employee,287300,09-11-2024,Gujarat,Low
C102036,41,Female,Delhi,Private Employee,286900,13-12-2022,Delhi,Low
C104607,47,Male,Delhi,Private Employee,286900,22-05-2023,Delhi,Low
C103436,42,Male,Hyderabad,Self Employed,286800,05-11-2025,Telangana,Low
C101631,38,Male,Mumbai,Private Employee,286700,11-04-2024,Maharashtra,Low
C100932,51,Female,Mumbai,Private Employee,286600,05-08-2022,Maharashtra,Low
C101412,38,Female,Hyderabad,Private Employee,286500,05-04-2021,Telangana,Low
C104955,40,Male,Bengaluru,IT Professional,286400,05-11-2022,Karnataka,Low
C104484,25,Male,Delhi,Self Employed,286100,19-06-2024,Delhi,Low
C101137,31,Male,Mumbai,IT Professional,285800,13-08-2024,Maharashtra,Low
C101817,39,Female,Ahmedabad,IT Professional,285500,30-04-2021,Gujarat,Low
C101929,33,Male,Jaipur,Business Owner,285500,03-06-2022,Rajasthan,Low
C101720,24,Male,Delhi,Government Employee,285200,03-09-2023,Delhi,Low
C102287,45,Female,Bengaluru,Private Employee,285200,24-10-2020,Karnataka,Low
C101185,37,Male,Bengaluru,Other,284400,20-01-2021,Karnataka,Low
C103229,30,Male,Bengaluru,Other,284300,04-05-2024,Karnataka,Low
C100580,26,Female,Pune,IT Professional,284100,27-08-2023,Maharashtra,Low
C104676,35,Female,Hyderabad,Other,284100,04-10-2024,Telangana,Low
C104369,24,Male,Chennai,Other,283700,15-06-2019,Tamil Nadu,Low
C102268,47,Female,Bengaluru,Business Owner,283600,25-04-2021,Karnataka,Low
C103737,47,Female,Mumbai,Private Employee,283600,25-05-2025,Maharashtra,Low
C100066,37,Female,Jaipur,IT Professional,283500,26-03-2021,Rajasthan,Low
C102840,30,Female,Bengaluru,Private Employee,283400,30-01-2023,Karnataka,Low
C101671,31,Male,Hyderabad,Government Employee,283300,26-10-2022,Telangana,Low
C103441,47,Female,Jaipur,Private Employee,283300,24-10-2023,Rajasthan,Low
C102990,35,Female,Hyderabad,IT Professional,283100,08-09-2025,Telangana,Low
C103535,38,Male,Bengaluru,Student,282900,15-03-2024,Karnataka,Low
C101204,37,Male,Hyderabad,Private Employee,282400,11-05-2019,Telangana,Low
C102860,21,Male,Delhi,Self Employed,282100,08-07-2020,Delhi,Low
C104361,23,Male,Delhi,Private Employee,281900,11-10-2020,Delhi,Low
C104216,36,Female,Ahmedabad,IT Professional,281800,15-06-2019,Gujarat,Low
C104100,36,Female,Mumbai,Private Employee,281700,13-11-2024,Maharashtra,Low
C104894,39,Male,Hyderabad,Private Employee,281300,18-09-2025,Telangana,Low
C102319,36,Male,Hyderabad,Private Employee,281200,28-07-2022,Telangana,Low
C102274,53,Female,Pune,Business Owner,281100,30-11-2024,Maharashtra,Low
C100561,43,Female,Delhi,Private Employee,280700,23-07-2025,Delhi,Low
C104077,36,Female,Chennai,Government Employee,280300,28-05-2025,Tamil Nadu,Low
C104181,37,Male,Bengaluru,Business Owner,280300,25-05-2022,Karnataka,Low
C103042,44,Male,Chennai,IT Professional,279900,31-03-2021,Tamil Nadu,Low
C101612,31,Male,Ahmedabad,Private Employee,279700,03-04-2020,Gujarat,Low
C102485,21,Male,Pune,Student,279600,16-09-2023,Maharashtra,Low
C103998,40,Male,Chennai,IT Professional,279500,25-04-2019,Tamil Nadu,Low
C104005,41,Female,Chennai,Private Employee,279500,05-12-2024,Tamil Nadu,Low
C102421,47,Female,Chennai,Business Owner,279100,30-09-2023,Tamil Nadu,Low
C104779,40,Female,Kolkata,Business Owner,279000,25-05-2019,West Bengal,Low
C104305,45,Male,Chennai,Private Employee,278900,09-04-2021,Tamil Nadu,Low
C101824,40,Male,Mumbai,Business Owner,278700,11-12-2020,Maharashtra,Low
C104085,37,Male,Mumbai,Self Employed,278600,06-06-2024,Maharashtra,Low
C104916,46,Male,Mumbai,Private Employee,278600,05-05-2020,Maharashtra,Low
C102767,26,Male,Bengaluru,Business Owner,278400,19-03-2025,Karnataka,Low
C102237,24,Male,Delhi,Business Owner,278100,02-01-2024,Delhi,Low
C100878,34,Female,Kolkata,IT Professional,278000,17-06-2024,West Bengal,Low
C102643,36,Male,Chennai,Business Owner,277900,21-02-2025,Tamil Nadu,Low
C103510,48,Female,Jaipur,Business Owner,277900,15-12-2019,Rajasthan,Low
C102580,36,Female,Mumbai,Government Employee,277700,03-12-2021,Maharashtra,Low
C103529,37,Male,Pune,IT Professional,277700,23-11-2020,Maharashtra,Low
C104773,38,Female,Mumbai,IT Professional,277600,07-03-2020,Maharashtra,Low
C100807,37,Female,Hyderabad,IT Professional,277500,26-05-2021,Telangana,Low
C100956,41,Female,Bengaluru,Self Employed,276900,29-06-2025,Karnataka,Low
C102825,26,Female,Chennai,Private Employee,276900,01-08-2020,Tamil Nadu,Low
C103896,48,Female,Ahmedabad,Business Owner,276800,22-10-2019,Gujarat,Low
C100626,39,Female,Kochi,Student,276700,02-01-2025,Kerala,Low
C102484,33,Female,Jaipur,Business Owner,276600,05-06-2022,Rajasthan,Low
C103049,29,Male,Jaipur,IT Professional,276300,31-01-2021,Rajasthan,Low
C101670,26,Male,Mumbai,Business Owner,276000,24-01-2021,Maharashtra,Low
C100510,21,Female,Bengaluru,Private Employee,275900,02-03-2022,Karnataka,Low
C102109,28,Male,Bengaluru,Self Employed,275700,29-05-2019,Karnataka,Low
C104201,22,Male,Kolkata,Private Employee,275700,14-01-2023,West Bengal,Low
C104848,26,Male,Chennai,Self Employed,275500,05-09-2021,Tamil Nadu,Low
C103761,33,Male,Mumbai,Self Employed,275400,06-12-2022,Maharashtra,Low
C101165,22,Female,Bengaluru,Self Employed,275200,20-01-2024,Karnataka,Low
C100949,51,Female,Mumbai,Business Owner,275100,16-04-2024,Maharashtra,Low
C102919,44,Female,Bengaluru,Private Employee,275100,16-08-2021,Karnataka,Low
C103488,36,Other,Pune,IT Professional,275100,30-11-2025,Maharashtra,Low
C103005,46,Female,Kolkata,IT Professional,274800,23-10-2024,West Bengal,Low
C102955,36,Male,Bengaluru,Self Employed,274700,13-05-2025,Karnataka,Low
C104914,35,Male,Delhi,Private Employee,274600,10-08-2021,Delhi,Low
C102261,46,Female,Mumbai,IT Professional,274500,21-02-2021,Maharashtra,Low
C101077,38,Male,Pune,Private Employee,274400,09-11-2019,Maharashtra,Low
C100026,39,Male,Hyderabad,Government Employee,274300,18-12-2021,Telangana,Low
C100550,37,Female,Hyderabad,Private Employee,274300,28-05-2022,Telangana,Low
C101406,26,Female,Delhi,Private Employee,274200,10-07-2019,Delhi,Low
C100901,38,Male,Kolkata,Government Employee,274100,19-03-2019,West Bengal,Low
C100935,21,Female,Bengaluru,Private Employee,273900,08-06-2022,Karnataka,Low
C100812,32,Female,Bengaluru,Student,273800,30-09-2023,Karnataka,Low
C104762,38,Female,Ahmedabad,Business Owner,273800,09-07-2020,Gujarat,Low
C101440,29,Female,Kolkata,Self Employed,273700,10-06-2022,West Bengal,Low
C104841,46,Female,Ahmedabad,Private Employee,273700,14-04-2021,Gujarat,Low
C102164,21,Male,Mumbai,Business Owner,273600,24-04-2024,Maharashtra,Low
C102909,36,Female,Kolkata,Private Employee,273600,16-08-2020,West Bengal,Low
C100873,24,Male,Bengaluru,Self Employed,273200,08-06-2023,Karnataka,Low
C102276,22,Female,Kolkata,Government Employee,272600,17-04-2023,West Bengal,Low
C102534,34,Male,Kochi,Private Employee,272400,12-06-2020,Kerala,Low
C103543,24,Female,Kochi,Government Employee,272400,01-05-2022,Kerala,Low
C102103,27,Male,Hyderabad,IT Professional,272300,15-12-2021,Telangana,Low
C104964,26,Female,Kochi,IT Professional,272300,12-10-2019,Kerala,Low
C100082,37,Male,Mumbai,IT Professional,272200,06-03-2019,Maharashtra,Low
C104915,21,Female,Delhi,IT Professional,272100,19-10-2022,Delhi,Low
C104901,28,Female,Bengaluru,Private Employee,271800,20-03-2021,Karnataka,Low
C102203,29,Male,Chennai,Self Employed,271700,28-10-2021,Tamil Nadu,Low
C100894,21,Male,Mumbai,Private Employee,271400,22-05-2021,Maharashtra,Low
C101574,58,Male,Kolkata,IT Professional,271100,05-05-2024,West Bengal,Low
C104950,42,Male,Pune,IT Professional,270800,13-09-2025,Maharashtra,Low
C103871,29,Female,Bengaluru,Business Owner,270500,27-11-2019,Karnataka,Low
C101280,31,Male,Delhi,IT Professional,270300,25-07-2024,Delhi,Low
C103810,36,Female,Delhi,IT Professional,270100,13-07-2020,Delhi,Low
C104053,29,Male,Bengaluru,Business Owner,269900,01-01-2022,Karnataka,Low
C103451,32,Female,Chennai,Private Employee,269800,27-03-2023,Tamil Nadu,Low
C104522,45,Female,Jaipur,Business Owner,269800,14-09-2023,Rajasthan,Low
C104061,36,Female,Delhi,Student,269500,07-05-2022,Delhi,Low
C103570,50,Male,Pune,Business Owner,269400,23-10-2022,Maharashtra,Low
C101221,38,Male,Mumbai,IT Professional,269100,17-02-2023,Maharashtra,Low
C100220,21,Female,Kolkata,Private Employee,268200,23-06-2023,West Bengal,Low
C104644,21,Female,Delhi,IT Professional,268200,30-05-2025,Delhi,Low
C104806,33,Male,Hyderabad,Private Employee,268100,02-03-2021,Telangana,Low
C104207,38,Male,Ahmedabad,Business Owner,267900,08-10-2021,Gujarat,Low
C100148,35,Female,Mumbai,Self Employed,267700,30-08-2021,Maharashtra,Low
C102617,45,Male,Kolkata,IT Professional,267300,04-09-2020,West Bengal,Low
C104742,40,Female,Mumbai,Self Employed,267300,22-06-2022,Maharashtra,Low
C100491,40,Female,Delhi,Private Employee,266900,28-10-2025,Delhi,Low
C100792,30,Male,Bengaluru,IT Professional,266800,21-08-2019,Karnataka,Low
C104028,56,Female,Bengaluru,Student,266800,02-09-2019,Karnataka,Low
C102475,33,Male,Ahmedabad,Private Employee,266500,23-09-2020,Gujarat,Low
C104659,22,Female,Hyderabad,IT Professional,266400,22-10-2020,Telangana,Low
C101009,45,Male,Chennai,Business Owner,266300,22-02-2020,Tamil Nadu,Low
C102791,30,Male,Ahmedabad,Government Employee,266300,23-07-2022,Gujarat,Low
C103207,41,Male,Kolkata,IT Professional,266000,12-12-2021,West Bengal,Low
C102657,41,Male,Mumbai,Other,265700,03-06-2022,Maharashtra,Low
C102949,21,Female,Mumbai,Business Owner,265200,18-02-2019,Maharashtra,Low
C102453,27,Female,Hyderabad,Self Employed,264400,29-09-2020,Telangana,Low
C101613,32,Female,Mumbai,Self Employed,264200,12-01-2022,Maharashtra,Low
C102572,40,Male,Ahmedabad,Private Employee,264000,20-02-2021,Gujarat,Low
C101365,36,Male,Pune,Student,263700,09-02-2019,Maharashtra,Low
C100982,21,Male,Bengaluru,Business Owner,263500,26-08-2020,Karnataka,Low
C103627,43,Male,Mumbai,Business Owner,263400,29-09-2019,Maharashtra,Low
C102511,32,Male,Jaipur,Government Employee,262800,22-04-2024,Rajasthan,Low
C103384,41,Male,Bengaluru,IT Professional,262500,13-01-2025,Karnataka,Low
C104362,36,Male,Kochi,Private Employee,262500,08-02-2019,Kerala,Low
C101694,41,Male,Delhi,Other,262400,14-01-2019,Delhi,Low
C103322,29,Male,Delhi,Government Employee,262400,28-07-2021,Delhi,Low
C101589,30,Male,Jaipur,IT Professional,262000,05-06-2021,Rajasthan,Low
C103576,36,Male,Mumbai,Other,261700,28-09-2019,Maharashtra,Low
C101622,37,Male,Hyderabad,Private Employee,261600,14-01-2019,Telangana,Low
C100460,44,Male,Bengaluru,Business Owner,261500,08-07-2023,Karnataka,Low
C101610,36,Male,Delhi,Private Employee,261400,27-08-2025,Delhi,Low
C104675,25,Male,Chennai,Self Employed,261400,07-11-2019,Tamil Nadu,Low
C104217,26,Female,Hyderabad,IT Professional,261300,14-11-2025,Telangana,Low
C100921,40,Male,Delhi,Private Employee,261200,20-06-2024,Delhi,Low
C104677,42,Female,Kochi,Government Employee,261200,18-03-2020,Kerala,Low
C100471,31,Male,Bengaluru,Private Employee,260300,05-10-2021,Karnataka,Low
C103788,36,Male,Delhi,Government Employee,260300,18-08-2020,Delhi,Low
C102293,28,Male,Chennai,Private Employee,260200,23-10-2020,Tamil Nadu,Low
C103330,43,Male,Mumbai,Student,259600,24-03-2025,Maharashtra,Low
C104643,42,Male,Mumbai,IT Professional,259400,02-06-2021,Maharashtra,Low
C101482,25,Male,Mumbai,Self Employed,259200,30-05-2020,Maharashtra,Low
C103396,44,Male,Jaipur,Private Employee,259200,22-01-2024,Rajasthan,Low
C104748,41,Other,Delhi,Private Employee,259100,07-05-2024,Delhi,Low
C100239,32,Female,Hyderabad,Private Employee,258700,02-10-2024,Telangana,Low
C104138,25,Male,Jaipur,Self Employed,258700,12-08-2021,Rajasthan,Low
C101601,42,Male,Hyderabad,Private Employee,258200,06-07-2020,Telangana,Low
C103768,38,Male,Kochi,Student,256300,09-09-2023,Kerala,Low
C102115,32,Male,Bengaluru,Business Owner,255900,04-02-2020,Karnataka,Low
C100183,27,Female,Bengaluru,Student,255800,30-09-2023,Karnataka,Low
C100589,33,Male,Pune,Private Employee,255600,15-04-2020,Maharashtra,Low
C102022,29,Female,Hyderabad,Business Owner,255500,14-08-2023,Telangana,Low
C102220,35,Female,Delhi,Business Owner,254800,16-07-2020,Delhi,Low
C100707,21,Male,Hyderabad,Self Employed,254600,13-01-2023,Telangana,Low
C103641,33,Male,Delhi,Private Employee,254600,17-07-2023,Delhi,Low
C100320,45,Male,Bengaluru,Student,254300,04-06-2019,Karnataka,Low
C102411,33,Male,Delhi,Business Owner,254000,11-01-2024,Delhi,Low
C103640,42,Male,Kolkata,IT Professional,254000,02-06-2019,West Bengal,Low
C104333,28,Male,Jaipur,Self Employed,253200,08-05-2020,Rajasthan,Low
C102569,37,Male,Kolkata,Student,253100,10-03-2025,West Bengal,Low
C104871,21,Male,Bengaluru,Self Employed,252100,03-07-2022,Karnataka,Low
C100642,42,Female,Pune,Private Employee,252000,20-04-2020,Maharashtra,Low
C104155,54,Male,Pune,Self Employed,251700,14-07-2019,Maharashtra,Low
C100252,40,Male,Jaipur,Private Employee,251500,03-04-2024,Rajasthan,Low
C103606,37,Male,Hyderabad,IT Professional,251300,08-12-2019,Telangana,Low
C104938,36,Female,Delhi,Student,251100,10-09-2019,Delhi,Low
C104794,38,Male,Bengaluru,Self Employed,250100,01-01-2021,Karnataka,Low
C100483,28,Female,Ahmedabad,Business Owner,249700,18-03-2024,Gujarat,Low
C102148,55,Female,Ahmedabad,Government Employee,249700,19-06-2021,Gujarat,Low
C102736,45,Male,Mumbai,Other,249600,27-09-2019,Maharashtra,Low
C100746,35,Male,Bengaluru,Private Employee,249500,17-04-2019,Karnataka,Low
C102890,40,Male,Pune,Government Employee,249400,31-03-2020,Maharashtra,Low
C101017,39,Female,Bengaluru,Private Employee,249100,25-10-2020,Karnataka,Low
C103599,28,Male,Ahmedabad,Business Owner,249000,04-09-2025,Gujarat,Low
C102008,40,Female,Ahmedabad,Private Employee,248900,26-06-2025,Gujarat,Low
C101678,33,Male,Kolkata,Private Employee,248800,04-03-2021,West Bengal,Low
C101735,23,Male,Pune,IT Professional,248700,09-04-2024,Maharashtra,Low
C100162,34,Female,Delhi,Private Employee,248500,10-02-2022,Delhi,Low
C102735,30,Male,Bengaluru,Private Employee,248500,28-02-2020,Karnataka,Low
C103869,38,Other,Delhi,IT Professional,248500,30-08-2022,Delhi,Low
C104586,30,Male,Mumbai,IT Professional,248500,18-04-2025,Maharashtra,Low
C104891,43,Female,Ahmedabad,IT Professional,248500,22-01-2023,Gujarat,Low
C102009,27,Male,Delhi,Government Employee,248400,13-10-2019,Delhi,Low
C103922,36,Female,Mumbai,Government Employee,248400,02-04-2021,Maharashtra,Low
C104318,52,Female,Ahmedabad,Private Employee,248400,09-03-2025,Gujarat,Low
C100243,32,Female,Bengaluru,Government Employee,248100,07-07-2023,Karnataka,Low
C103405,32,Female,Hyderabad,Private Employee,248100,26-01-2019,Telangana,Low
C104381,26,Female,Delhi,IT Professional,247900,04-04-2025,Delhi,Low
C102299,42,Male,Jaipur,Business Owner,247600,19-10-2025,Rajasthan,Low
C100059,31,Female,Bengaluru,Student,247500,15-09-2025,Karnataka,Low
C104741,35,Male,Hyderabad,IT Professional,247400,28-09-2025,Telangana,Low
C102140,35,Female,Mumbai,Self Employed,247300,21-04-2022,Maharashtra,Low
C103382,47,Female,Mumbai,Self Employed,247000,14-07-2019,Maharashtra,Low
C104462,32,Female,Bengaluru,Private Employee,246700,29-11-2020,Karnataka,Low
C103122,29,Female,Ahmedabad,Private Employee,246600,12-06-2019,Gujarat,Low
C104415,38,Male,Pune,Government Employee,246600,12-09-2022,Maharashtra,Low
C103822,21,Female,Mumbai,Private Employee,246400,27-03-2021,Maharashtra,Low
C103478,43,Female,Bengaluru,Other,246200,20-07-2022,Karnataka,Low
C101764,37,Male,Pune,Government Employee,246100,10-10-2025,Maharashtra,Low
C102969,40,Female,Hyderabad,Self Employed,245500,30-11-2021,Telangana,Low
C102335,41,Female,Chennai,Government Employee,245300,07-06-2025,Tamil Nadu,Low
C104688,24,Female,Delhi,Self Employed,245100,25-11-2024,Delhi,Low
C104981,43,Female,Mumbai,Student,245000,22-11-2020,Maharashtra,Low
C101599,36,Female,Mumbai,Government Employee,244800,20-03-2025,Maharashtra,Low
C101541,34,Female,Mumbai,Self Employed,244400,27-04-2019,Maharashtra,Low
C104633,38,Female,Pune,Private Employee,244300,21-05-2023,Maharashtra,Low
C104450,47,Male,Chennai,Private Employee,244200,20-12-2020,Tamil Nadu,Low
C104483,35,Female,Bengaluru,Government Employee,243400,29-06-2021,Karnataka,Low
C103421,29,Male,Bengaluru,Student,242300,16-11-2020,Karnataka,Low
C102771,42,Female,Pune,Private Employee,242100,14-09-2021,Maharashtra,Low
C101539,34,Male,Pune,Student,241900,10-10-2021,Maharashtra,Low
C102994,21,Male,Ahmedabad,Student,241800,30-06-2025,Gujarat,Low
C100327,26,Female,Kolkata,Private Employee,241500,21-06-2020,West Bengal,Low
C100635,52,Male,Pune,Student,241300,24-01-2023,Maharashtra,Low
C100854,24,Male,Mumbai,Private Employee,240900,07-11-2024,Maharashtra,Low
C102359,54,Female,Pune,Self Employed,240400,10-10-2021,Maharashtra,Low
C103764,33,Male,Mumbai,Private Employee,239500,11-06-2024,Maharashtra,Low
C102059,43,Male,Kochi,Student,239000,10-04-2023,Kerala,Low
C104425,42,Female,Mumbai,Student,238900,28-04-2021,Maharashtra,Low
C102244,54,Male,Ahmedabad,Private Employee,238600,09-07-2019,Gujarat,Low
C103123,34,Male,Kolkata,Private Employee,238400,07-02-2024,West Bengal,Low
C102039,30,Male,Mumbai,Private Employee,238100,08-12-2019,Maharashtra,Low
C101797,29,Male,Mumbai,Private Employee,238000,03-08-2022,Maharashtra,Low
C100035,32,Female,Bengaluru,IT Professional,237800,08-10-2020,Karnataka,Low
C100168,28,Male,Chennai,IT Professional,237800,25-06-2023,Tamil Nadu,Low
C101605,40,Male,Mumbai,Private Employee,236700,27-02-2024,Maharashtra,Low
C102640,21,Male,Pune,Self Employed,236200,10-04-2023,Maharashtra,Low
C100876,27,Female,Hyderabad,Government Employee,236000,25-06-2023,Telangana,Low
C102456,49,Male,Delhi,Government Employee,235200,05-02-2024,Delhi,Low
C102241,23,Female,Kochi,Private Employee,235100,05-08-2019,Kerala,Low
C102483,40,Male,Bengaluru,Government Employee,235000,11-01-2024,Karnataka,Low
C104170,47,Male,Bengaluru,Private Employee,235000,23-07-2019,Karnataka,Low
C100432,45,Female,Bengaluru,Self Employed,234700,11-05-2020,Karnataka,Low
C101977,27,Male,Bengaluru,Private Employee,233500,27-02-2019,Karnataka,Low
C100697,39,Female,Kolkata,Business Owner,233300,28-01-2021,West Bengal,Low
C101290,44,Male,Ahmedabad,IT Professional,233200,23-09-2019,Gujarat,Low
C103504,33,Male,Pune,Business Owner,233100,23-11-2023,Maharashtra,Low
C100540,42,Male,Delhi,Private Employee,232600,28-10-2025,Delhi,Low
C103704,49,Male,Chennai,Private Employee,232600,15-02-2023,Tamil Nadu,Low
C101725,40,Female,Bengaluru,IT Professional,232500,10-05-2024,Karnataka,Low
C102197,44,Male,Mumbai,Self Employed,232300,05-05-2021,Maharashtra,Low
C102295,33,Female,Bengaluru,Private Employee,232300,30-09-2022,Karnataka,Low
C100667,30,Male,Mumbai,Business Owner,232000,13-03-2020,Maharashtra,Low
C104695,35,Male,Chennai,Student,232000,08-01-2023,Tamil Nadu,Low
C103336,26,Male,Mumbai,Private Employee,231400,03-12-2021,Maharashtra,Low
C100022,22,Female,Mumbai,IT Professional,231200,22-01-2019,Maharashtra,Low
C100641,36,Male,Chennai,IT Professional,231200,01-06-2020,Tamil Nadu,Low
C100121,44,Female,Chennai,Student,230700,17-10-2021,Tamil Nadu,Low
C103917,31,Female,Kochi,IT Professional,230600,13-09-2019,Kerala,Low
C103230,51,Male,Bengaluru,Private Employee,229700,29-04-2021,Karnataka,Low
C104129,27,Male,Chennai,IT Professional,229700,04-05-2020,Tamil Nadu,Low
C100977,52,Male,Bengaluru,Private Employee,229400,07-04-2021,Karnataka,Low
C103801,22,Female,Bengaluru,IT Professional,229300,30-12-2025,Karnataka,Low
C100009,48,Female,Delhi,Private Employee,229000,22-01-2023,Delhi,Low
C102259,41,Male,Bengaluru,Business Owner,228900,06-06-2020,Karnataka,Low
C102123,32,Female,Delhi,Private Employee,228800,30-03-2021,Delhi,Low
C101286,28,Female,Kolkata,Private Employee,228000,29-09-2019,West Bengal,Low
C102438,48,Male,Ahmedabad,IT Professional,228000,20-04-2025,Gujarat,Low
C101474,36,Male,Bengaluru,Private Employee,227800,29-01-2019,Karnataka,Low
C103832,33,Male,Chennai,Private Employee,227600,24-12-2023,Tamil Nadu,Low
C100341,21,Male,Mumbai,Business Owner,227200,23-11-2025,Maharashtra,Low
C100650,21,Female,Delhi,Private Employee,227100,09-11-2025,Delhi,Low
C103482,32,Female,Chennai,IT Professional,226700,02-11-2025,Tamil Nadu,Low
C101157,30,Female,Delhi,IT Professional,226500,04-05-2025,Delhi,Low
C101747,48,Male,Ahmedabad,IT Professional,226500,17-07-2019,Gujarat,Low
C104540,47,Female,Delhi,IT Professional,225900,09-05-2025,Delhi,Low
C104729,40,Female,Delhi,Government Employee,225400,15-06-2019,Delhi,Low
C100350,21,Male,Pune,Private Employee,225300,22-02-2022,Maharashtra,Low
C100386,42,Female,Delhi,IT Professional,225100,09-10-2021,Delhi,Low
C100071,31,Female,Chennai,IT Professional,224700,04-12-2019,Tamil Nadu,Low
C102553,37,Male,Jaipur,IT Professional,224700,24-09-2023,Rajasthan,Low
C102943,34,Female,Pune,Private Employee,224700,01-04-2025,Maharashtra,Low
C103776,29,Male,Kochi,Business Owner,224300,22-01-2025,Kerala,Low
C104427,40,Female,Hyderabad,Government Employee,224200,06-06-2022,Telangana,Low
C103990,34,Male,Mumbai,Private Employee,224100,21-12-2020,Maharashtra,Low
C102970,51,Male,Ahmedabad,Private Employee,223800,01-09-2024,Gujarat,Low
C101219,38,Male,Chennai,IT Professional,223600,05-12-2023,Tamil Nadu,Low
C101712,26,Male,Hyderabad,Private Employee,223600,27-09-2019,Telangana,Low
C101648,32,Female,Chennai,Private Employee,223500,19-12-2019,Tamil Nadu,Low
C104067,35,Female,Mumbai,Private Employee,223100,17-06-2021,Maharashtra,Low
C100419,39,Male,Hyderabad,Self Employed,222800,24-10-2023,Telangana,Low
C103227,31,Female,Mumbai,Self Employed,222200,29-01-2023,Maharashtra,Low
C104923,33,Male,Hyderabad,Private Employee,221700,07-04-2024,Telangana,Low
C103934,31,Female,Delhi,Government Employee,221500,07-11-2025,Delhi,Low
C104527,48,Female,Delhi,Student,221100,12-07-2022,Delhi,Low
C102004,26,Male,Kolkata,IT Professional,220400,21-03-2023,West Bengal,Low
C103264,42,Male,Delhi,Government Employee,219000,14-09-2025,Delhi,Low
C101084,49,Female,Hyderabad,Private Employee,218900,11-07-2022,Telangana,Low
C101359,34,Male,Mumbai,IT Professional,218700,03-05-2022,Maharashtra,Low
C104373,34,Male,Mumbai,Business Owner,218000,11-01-2019,Maharashtra,Low
C100107,35,Male,Hyderabad,Other,217800,20-04-2023,Telangana,Low
C100179,36,Female,Bengaluru,Private Employee,217800,27-02-2022,Karnataka,Low
C101705,46,Male,Mumbai,Private Employee,216600,08-08-2024,Maharashtra,Low
C101875,45,Female,Kochi,IT Professional,216600,21-08-2021,Kerala,Low
C103317,36,Male,Bengaluru,Government Employee,216400,14-02-2021,Karnataka,Low
C102646,27,Male,Delhi,IT Professional,216000,15-08-2019,Delhi,Low
C102779,31,Female,Ahmedabad,IT Professional,215300,15-10-2025,Gujarat,Low
C102204,41,Female,Bengaluru,Business Owner,214300,24-04-2021,Karnataka,Low
C100402,36,Male,Pune,Business Owner,213500,07-08-2023,Maharashtra,Low
C100849,29,Female,Mumbai,IT Professional,213500,15-06-2020,Maharashtra,Low
C102925,35,Male,Bengaluru,Student,212600,19-06-2024,Karnataka,Low
C100959,31,Female,Pune,Private Employee,212300,09-05-2024,Maharashtra,Low
C102613,30,Male,Pune,Private Employee,211800,09-02-2019,Maharashtra,Low
C100615,47,Male,Ahmedabad,Self Employed,211700,09-12-2020,Gujarat,Low
C103223,39,Male,Hyderabad,Government Employee,209500,19-11-2021,Telangana,Low
C103031,40,Male,Delhi,Business Owner,209300,18-03-2019,Delhi,Low
C104008,50,Male,Mumbai,IT Professional,208300,07-08-2025,Maharashtra,Low
C104359,33,Female,Chennai,Private Employee,208100,11-05-2021,Tamil Nadu,Low
C104391,44,Male,Mumbai,Self Employed,205900,06-02-2025,Maharashtra,Low
C104421,33,Female,Jaipur,Private Employee,205000,20-07-2025,Rajasthan,Low
C101187,21,Female,Mumbai,Government Employee,204000,31-12-2019,Maharashtra,Low
C100174,32,Male,Kochi,Self Employed,201200,09-05-2023,Kerala,Low
C104205,21,Male,Delhi,Government Employee,201200,19-04-2025,Delhi,Low
C104171,27,Female,Pune,Business Owner,201100,10-06-2019,Maharashtra,Low
C101664,38,Female,Hyderabad,Private Employee,201000,27-06-2022,Telangana,Low
C104919,35,Male,Bengaluru,IT Professional,200200,09-06-2025,Karnataka,Low
C102029,38,Female,Kolkata,IT Professional,199100,10-02-2024,West Bengal,Low
C103295,33,Male,Mumbai,Private Employee,198900,20-06-2024,Maharashtra,Low
C101481,33,Male,Jaipur,Student,198800,07-01-2021,Rajasthan,Low
C101896,35,Male,Delhi,Self Employed,198800,12-01-2022,Delhi,Low
C103856,47,Male,Chennai,Private Employee,198700,06-12-2021,Tamil Nadu,Low
C102855,31,Female,Bengaluru,IT Professional,197900,27-09-2024,Karnataka,Low
C101900,23,Male,Bengaluru,Self Employed,196900,09-11-2022,Karnataka,Low
C103899,43,Female,Mumbai,Student,196800,10-10-2020,Maharashtra,Low
C104562,21,Male,Bengaluru,Government Employee,196700,27-03-2021,Karnataka,Low
C103327,29,Male,Pune,Self Employed,196400,24-12-2021,Maharashtra,Low
C104876,23,Female,Kolkata,Private Employee,195600,12-08-2025,West Bengal,Low
C104182,32,Female,Delhi,Student,195200,04-10-2024,Delhi,Low
C101549,21,Male,Bengaluru,Private Employee,195100,06-07-2024,Karnataka,Low
C101775,41,Male,Mumbai,IT Professional,193600,26-07-2024,Maharashtra,Low
C104267,41,Male,Delhi,Private Employee,191800,18-02-2024,Delhi,Low
C100519,31,Female,Bengaluru,Government Employee,191700,04-08-2023,Karnataka,Low
C103652,46,Female,Mumbai,Other,191500,11-02-2020,Maharashtra,Low
C100265,28,Female,Kolkata,Student,190100,04-03-2022,West Bengal,Low
C101643,46,Male,Hyderabad,Private Employee,190000,04-02-2019,Telangana,Low
C103673,41,Male,Bengaluru,Government Employee,189100,26-11-2024,Karnataka,Low
C100570,32,Female,Delhi,Private Employee,187600,14-05-2019,Delhi,Low
C102062,22,Other,Kochi,Private Employee,187500,19-04-2025,Kerala,Low
C102608,21,Female,Bengaluru,IT Professional,187400,31-08-2025,Karnataka,Low
C101035,45,Male,Kolkata,IT Professional,186900,28-05-2019,West Bengal,Low
C101821,37,Female,Mumbai,Student,184400,01-04-2021,Maharashtra,Low
C103244,29,Male,Delhi,Private Employee,184400,14-05-2024,Delhi,Low
C104962,29,Male,Chennai,IT Professional,183100,21-01-2025,Tamil Nadu,Low
C101451,34,Female,Mumbai,Private Employee,182600,02-03-2024,Maharashtra,Low
C100242,35,Female,Pune,Self Employed,182400,09-08-2020,Maharashtra,Low
C101760,34,Female,Bengaluru,Self Employed,182400,05-08-2019,Karnataka,Low
C104890,47,Female,Hyderabad,Other,180900,16-11-2024,Telangana,Low
C100312,28,Male,Bengaluru,IT Professional,180100,27-08-2024,Karnataka,Low
C100237,35,Male,Hyderabad,Business Owner,180000,08-02-2020,Telangana,Low
C100339,29,Male,Pune,Self Employed,180000,29-08-2021,Maharashtra,Low
C100359,29,Male,Bengaluru,Student,180000,30-04-2025,Karnataka,Low
C100573,21,Male,Bengaluru,Business Owner,180000,29-01-2025,Karnataka,Low
C100610,43,Female,Bengaluru,Government Employee,180000,13-07-2021,Karnataka,Low
C100770,43,Female,Kochi,IT Professional,180000,05-07-2023,Kerala,Low
C100868,33,Female,Pune,Private Employee,180000,26-04-2024,Maharashtra,Low
C101098,42,Other,Jaipur,IT Professional,180000,16-08-2024,Rajasthan,Low
C101183,36,Male,Bengaluru,Private Employee,180000,05-08-2022,Karnataka,Low
C101205,37,Male,Hyderabad,Government Employee,180000,06-06-2022,Telangana,Low
C101346,31,Female,Bengaluru,Student,180000,03-01-2019,Karnataka,Low
C101534,30,Male,Chennai,Self Employed,180000,19-02-2024,Tamil Nadu,Low
C101568,41,Female,Mumbai,Business Owner,180000,14-08-2020,Maharashtra,Low
C101727,32,Male,Kolkata,Government Employee,180000,21-01-2025,West Bengal,Low
C101933,35,Male,Hyderabad,Private Employee,180000,02-10-2025,Telangana,Low
C101943,44,Male,Hyderabad,Private Employee,180000,05-09-2022,Telangana,Low
C101963,35,Female,Mumbai,IT Professional,180000,08-10-2022,Maharashtra,Low
C102384,22,Female,Jaipur,Private Employee,180000,08-03-2025,Rajasthan,Low
C102651,33,Female,Bengaluru,Private Employee,180000,08-03-2025,Karnataka,Low
C102670,31,Male,Hyderabad,Private Employee,180000,12-09-2023,Telangana,Low
C102815,32,Male,Mumbai,Student,180000,17-12-2023,Maharashtra,Low
C102980,35,Male,Mumbai,Government Employee,180000,04-10-2025,Maharashtra,Low
C103080,31,Male,Hyderabad,Government Employee,180000,12-10-2024,Telangana,Low
C103297,36,Male,Delhi,Private Employee,180000,13-06-2022,Delhi,Low
C103363,46,Female,Ahmedabad,Government Employee,180000,05-03-2023,Gujarat,Low
C103402,42,Female,Jaipur,Private Employee,180000,14-05-2023,Rajasthan,Low
C103471,28,Female,Hyderabad,IT Professional,180000,10-01-2025,Telangana,Low
C103798,42,Female,Chennai,Private Employee,180000,06-01-2023,Tamil Nadu,Low
C103903,45,Male,Chennai,IT Professional,180000,29-12-2019,Tamil Nadu,Low
C103929,37,Female,Mumbai,Private Employee,180000,13-07-2021,Maharashtra,Low
C104173,36,Female,Pune,IT Professional,180000,07-02-2021,Maharashtra,Low
C104366,38,Female,Ahmedabad,Private Employee,180000,18-11-2024,Gujarat,Low
C100125,29,Male,Kolkata,Private Employee,,07-12-2025,West Bengal,Low
