loan_id,customer_id,loan_type,loan_amount,interest_rate,loan_status,loan_date
L400000,C102773,Home,466111.81,10.19,Active,18-02-2026
L400001,C100674,Personal,186097.32,12.42,Active,17-04-2024
L400002,C102878,Business,353072.46,7.47,Active,21-01-2026
L400003,C102550,Home,1205723.99,13.22,Closed,06-01-2026
L400004,C104605,Business,632735.06,11.43,Active,18-06-2024
L400005,C103610,Personal,312650.13,11.77,Rejected,14-03-2023
L400006,C100951,Home,608436.97,8.2,Active,25-04-2023
L400007,C102328,Home,700054.89,14.24,Active,02-11-2024
L400008,C103172,Business,149573.35,8.07,Closed,26-03-2023
L400009,C101996,Home,296661.14,11.65,Active,02-02-2023
L400010,C104703,Education,257117.44,9.78,Closed,23-04-2026
L400011,C104354,Personal,1438119.57,15.39,Active,18-09-2023
L400012,C102521,Home,258858.11,7.42,Closed,17-04-2026
L400013,C100249,Home,163934.81,13.22,Closed,23-01-2023
L400014,C104796,Home,376347.43,10.98,Defaulted,08-11-2023
L400015,C103008,Business,207869.86,12.27,Active,22-09-2025
L400016,C102478,Education,339161.29,11.17,Rejected,02-07-2025
L400017,C103688,Home,671771.61,12.49,Active,16-11-2024
L400018,C103516,Home,112592.73,7.55,Closed,26-12-2025
L400019,C101220,Business,601920.06,12.69,Active,22-05-2025
L400020,C104242,Business,1124551.41,12.91,Active,17-10-2024
L400021,C104066,Personal,202669.47,7.9,Active,06-06-2025
L400022,C104996,Auto,354254.39,8.79,Closed,05-06-2024
L400023,C104199,Home,1374073.33,11.57,Rejected,19-06-2024
L400024,C104448,Education,136757.42,14.59,Closed,01-04-2026
L400025,C102502,Home,770522.11,8.99,Closed,25-10-2024
L400026,C102814,Home,86419.64,12.76,Closed,19-12-2023
L400027,C104413,Personal,294457.79,9.54,Active,29-05-2026
L400028,C103034,Personal,995777.74,11.45,Active,09-04-2024
L400029,C104626,Business,450112.73,8.82,Rejected,19-07-2025
L400030,C104461,Personal,808553.26,14.3,Rejected,24-04-2026
L400031,C104745,Auto,532647.79,14.78,Closed,04-03-2025
L400032,C104834,Personal,781680.7,12.13,Closed,27-11-2024
L400033,C101939,Personal,188807.4,11.16,Rejected,11-01-2024
L400034,C104097,Business,282392.59,14.23,Active,25-06-2024
L400035,C103410,Education,245953.26,14.34,Closed,04-06-2026
L400036,C101972,Personal,738269.33,14.26,Active,10-05-2025
L400037,C101103,Auto,329430.3,15.13,Closed,07-05-2025
L400038,C103654,Education,65845.3,7.36,Active,21-08-2024
L400039,C101789,Personal,577065.79,14.39,Active,31-10-2025
L400040,C101694,Personal,398417.48,13.25,Active,20-01-2026
L400041,C102892,Personal,390799.84,7.01,Defaulted,19-12-2024
L400042,C102769,Business,187313.59,10.07,Active,22-12-2024
L400043,C100030,Home,203723.74,7.66,Closed,30-03-2024
L400044,C101068,Personal,3034228.65,7.35,Active,09-05-2026
L400045,C103304,Home,202767.54,7.18,Rejected,15-07-2024
L400046,C103043,Education,1626093.19,12.02,Active,13-05-2026
L400047,C102547,Business,759457.85,9.19,Active,28-07-2024
L400048,C101922,Home,1090236.87,9.5,Closed,31-03-2025
L400049,C102323,Home,136208.13,8.92,Active,20-02-2024
L400050,C101161,Auto,1085973.28,9.11,Active,27-08-2025
L400051,C102606,Home,177566.25,11.27,Closed,14-04-2026
L400052,C100976,Personal,679871.28,13.53,Active,06-05-2025
L400053,C100061,Personal,209129.41,10.67,Active,16-07-2023
L400054,C103206,Home,544897.22,7.01,Rejected,05-06-2023
L400055,C101080,Personal,933917.93,8.72,Active,20-07-2023
L400056,C104199,Business,557753.8,12.18,Closed,27-08-2024
L400057,C100305,Home,359502.5,14.95,Closed,20-09-2024
L400058,C100005,Education,237347.89,12.5,Active,23-05-2024
L400059,C104159,Personal,697327.02,10.53,Active,01-09-2024
L400060,C101514,Auto,494219.33,10.86,Closed,22-09-2023
L400061,C101006,Education,922677.48,12.15,Closed,12-10-2023
L400062,C104495,Auto,185048.18,13.73,Rejected,23-05-2026
L400063,C103281,Education,2518653.79,9.03,Active,06-11-2024
L400064,C101707,Auto,495029.24,9.42,Active,31-01-2024
L400065,C102244,Home,239178.04,15.48,Rejected,04-09-2023
L400066,C100691,Personal,352460.74,11.15,Rejected,13-07-2024
L400067,C103378,Personal,386030.61,10.33,Active,12-08-2024
L400068,C102989,Auto,712083.53,15.37,Closed,09-06-2024
L400069,C104016,Personal,656130.38,11.37,Rejected,24-10-2023
L400070,C104813,Personal,268854.17,9.32,Active,17-05-2024
L400071,C104883,Business,263331.69,13.56,Rejected,13-02-2023
L400072,C103500,Education,1957799.39,11.51,Active,30-12-2023
L400073,C100119,Personal,430760.43,11.32,Closed,20-08-2024
L400074,C104908,Personal,119014.34,11,Active,24-05-2023
L400075,C102876,Home,725379.72,10.05,Rejected,24-01-2024
L400076,C100703,Auto,181675.94,13.78,Rejected,22-01-2024
L400077,C104944,Personal,396826.92,14.96,Closed,16-02-2026
L400078,C104322,Personal,307441.98,9.71,Active,02-02-2025
L400079,C100068,Education,249660.78,14.58,Active,18-05-2026
L400080,C104282,Business,410717.1,13.31,Active,27-11-2023
L400081,C104886,Personal,543156.85,7.29,Closed,17-05-2026
L400082,C103876,Business,813786.27,13.52,Active,22-03-2024
L400083,C102156,Education,524340.86,7.05,Active,12-11-2023
L400084,C102662,Personal,658805.39,10.73,Closed,29-06-2025
L400085,C104124,Business,871222.49,14.89,Closed,17-06-2026
L400086,C100020,Business,393831.75,11.81,Active,20-09-2024
L400087,C100842,Auto,5000000,12.45,Active,13-10-2025
L400088,C100928,Home,528567.86,13.8,Closed,03-10-2024
L400089,C100327,Personal,781621.59,7.69,Defaulted,21-03-2025
L400090,C101472,Home,383023.04,8.78,Closed,07-06-2024
L400091,C104201,Personal,184293.83,8.13,Active,19-09-2025
L400092,C103691,Home,174004.06,11.72,Active,26-10-2025
L400093,C101499,Home,537586.02,13.99,Active,12-12-2024
L400094,C104985,Personal,117714.19,7.22,Active,22-11-2025
L400095,C102594,Auto,424342.05,14.63,Active,22-04-2025
L400096,C103289,Home,304906.12,9.34,Closed,15-08-2025
L400097,C100734,Business,1362715.04,14.94,Closed,13-08-2024
L400098,C104830,Personal,383123.46,8.01,Active,04-08-2025
L400099,C103819,Business,204621.18,14.42,Active,07-03-2025
L400100,C104955,Home,189063.99,13.35,Rejected,23-12-2025
L400101,C101711,Auto,351098.2,9.43,Active,07-06-2025
L400102,C104502,Business,254009.52,15.45,Active,12-02-2026
L400103,C102648,Business,711210.18,10.56,Active,11-05-2023
L400104,C101896,Auto,642326.99,8.18,Closed,07-07-2024
L400105,C102413,Personal,640712.33,10.21,Closed,20-11-2025
L400106,C101831,Business,598342.56,12.96,Closed,12-06-2024
L400107,C104744,Education,305123.79,11.31,Active,23-08-2024
L400108,C101793,Home,790911.38,7.27,Active,25-07-2023
L400109,C104852,Education,191938.3,11.46,Active,10-06-2025
L400110,C104217,Personal,737530.45,11.6,Closed,20-12-2023
L400111,C100903,Personal,524231.7,13.11,Defaulted,09-11-2025
L400112,C103675,Business,804570.9,14.16,Closed,15-02-2024
L400113,C102376,Business,385358.39,11.96,Active,25-01-2024
L400114,C101345,Home,365806.29,7.83,Closed,03-01-2024
L400115,C100209,Personal,326950.37,12.74,Active,12-09-2025
L400116,C102631,Education,383925.4,13.96,Closed,13-09-2023
L400117,C100156,Home,720081.21,15.26,Rejected,10-10-2023
L400118,C101343,Auto,293285.33,9.31,Active,13-02-2024
L400119,C103395,Home,494899.53,11.29,Active,27-06-2026
L400120,C104614,Business,302973.04,10.56,Rejected,14-12-2025
L400121,C101108,Personal,1706941.51,9.87,Active,22-05-2024
L400122,C104025,Personal,338268.41,12.85,Active,13-11-2024
L400123,C102867,Auto,3218182.15,11.82,Active,05-09-2025
L400124,C103073,Auto,1047375.56,10.5,Active,30-11-2024
L400125,C102979,Auto,1122672.31,15.35,Rejected,27-01-2025
L400126,C104527,Personal,250441.48,15.3,Closed,15-12-2023
L400127,C104279,Auto,1088587.72,11.53,Active,22-01-2023
L400128,C100341,Personal,278607.25,12.1,Active,09-12-2024
L400129,C101898,Personal,588126.91,8.66,Closed,11-07-2024
L400130,C101057,Auto,623682.38,12.56,Active,19-07-2025
L400131,C100226,Education,874869.87,8.74,Closed,19-10-2024
L400132,C104752,Home,998393.58,9.28,Closed,17-06-2024
L400133,C104959,Home,493594.99,10.87,Rejected,10-07-2024
L400134,C101071,Personal,424833.52,14.52,Active,14-01-2025
L400135,C101426,Education,1260262.93,8.26,Closed,31-07-2024
L400136,C103993,Auto,263961.77,13.89,Active,23-08-2023
L400137,C100096,Personal,792744.99,14.23,Active,21-03-2024
L400138,C101834,Personal,404809.6,13.28,Closed,12-01-2023
L400139,C103888,Auto,462495.71,12.41,Closed,20-05-2024
L400140,C100312,Personal,705329.94,15.48,Active,24-06-2026
L400141,C102234,Business,293585.79,9.59,Active,31-10-2023
L400142,C103010,Personal,1090629.04,10.98,Closed,05-01-2024
L400143,C103433,Personal,201084.4,7.61,Closed,16-11-2023
L400144,C100298,Personal,1595651.94,14.05,Closed,06-06-2026
L400145,C101011,Business,976563.08,12.56,Rejected,18-02-2024
L400146,C100179,Personal,559885.53,15.21,Closed,15-01-2026
L400147,C101766,Home,207719.43,15.01,Active,08-10-2024
L400148,C104152,Personal,542686.89,12.91,Active,04-03-2023
L400149,C100546,Business,767397.78,14,Rejected,18-06-2024
L400150,C103603,Home,256704.01,10.2,Active,24-01-2025
L400151,C101804,Business,465423.37,11.29,Closed,17-08-2024
L400152,C103613,Business,803467.27,13.15,Active,27-04-2026
L400153,C101026,Personal,809425.45,12.14,Rejected,13-06-2026
L400154,C103980,Auto,574084.82,7.14,Closed,07-09-2025
L400155,C101888,Auto,207779.28,11.97,Active,23-04-2025
L400156,C100111,Business,195270.55,12.39,Rejected,10-10-2025
L400157,C102051,Auto,191938.72,10.1,Closed,26-06-2023
L400158,C100152,Auto,1845046.87,11.28,Active,12-07-2025
L400159,C102102,Business,492012.24,7.92,Active,13-04-2025
L400160,C103767,Home,376602.45,9.62,Closed,10-05-2023
L400161,C102568,Personal,540888.32,14.27,Active,16-06-2026
L400162,C103905,Business,448102.51,8.7,Rejected,19-04-2023
L400163,C100114,Personal,472229.4,15.3,Active,23-05-2026
L400164,C101128,Auto,1037224.04,8.57,Closed,15-01-2024
L400165,C103825,Education,247233.82,8.06,Closed,30-04-2025
L400166,C100705,Personal,841641.02,9.55,Active,30-04-2026
L400167,C101503,Home,307930.62,7.73,Closed,04-02-2025
L400168,C100035,Auto,834894.18,14.53,Active,01-05-2023
L400169,C102486,Personal,200757.25,7.38,Closed,18-08-2024
L400170,C100731,Personal,245443.74,14.69,Closed,23-03-2023
L400171,C101721,Personal,146356.04,7.12,Closed,29-05-2023
L400172,C103319,Education,1366057.88,7.49,Rejected,19-12-2023
L400173,C104139,Home,766534.15,7.67,Active,29-10-2024
L400174,C104028,Personal,746085.03,13.48,Closed,05-03-2023
L400175,C103024,Education,922034.31,7.85,Closed,19-03-2025
L400176,C102040,Business,360810.42,7.27,Rejected,05-02-2026
L400177,C101449,Personal,806231.12,10.97,Closed,03-09-2023
L400178,C100857,Auto,1319666.55,9.51,Active,08-08-2025
L400179,C104436,Home,250351.13,15.03,Rejected,12-06-2026
L400180,C102438,Education,1051324.73,11.79,Active,09-01-2024
L400181,C101648,Auto,1442102.55,9.64,Closed,27-09-2025
L400182,C102374,Education,645671.63,11.77,Closed,23-11-2025
L400183,C104387,Home,497008.71,7.88,Active,30-08-2025
L400184,C101357,Personal,706853.6,9.01,Active,03-12-2025
L400185,C101057,Personal,431797.55,9.32,Active,05-03-2023
L400186,C104980,Auto,704836.68,7.58,Active,21-08-2025
L400187,C103198,Personal,669496.31,11.25,Rejected,29-12-2023
L400188,C104746,Home,921803.19,13.6,Active,14-05-2023
L400189,C104929,Auto,294683.48,12.71,Active,28-04-2026
L400190,C102455,Home,378384,7.42,Closed,13-10-2023
L400191,C101556,Education,753426.98,10.9,Active,06-06-2026
L400192,C103995,Auto,487791.25,10.21,Active,14-02-2024
L400193,C103080,Business,5000000,14.85,Active,17-10-2025
L400194,C102293,Personal,304459.41,14.18,Defaulted,01-04-2023
L400195,C102601,Personal,603216.22,13.94,Active,15-09-2023
L400196,C101631,Personal,391085.92,7.81,Defaulted,15-04-2023
L400197,C100265,Education,677900.46,8.27,Closed,19-04-2024
L400198,C103214,Auto,294075.62,15.03,Closed,25-07-2024
L400199,C100955,Personal,253113.38,11.16,Active,24-07-2023
L400200,C101410,Personal,1123390.19,8.96,Active,01-02-2024
L400201,C102519,Personal,493965.95,10.48,Defaulted,08-12-2024
L400202,C102739,Personal,570877.87,10.95,Closed,04-06-2023
L400203,C102309,Auto,1025775.36,14,Active,25-01-2025
L400204,C101316,Personal,1700524.64,8.14,Closed,09-09-2023
L400205,C103713,Personal,272984.55,7.29,Rejected,19-03-2026
L400206,C104699,Personal,1391378.3,13.89,Active,01-04-2026
L400207,C102335,Auto,161204.3,10.47,Closed,30-07-2025
L400208,C103093,Home,274332.95,7.67,Rejected,02-01-2023
L400209,C102372,Personal,617532.46,8.42,Active,09-06-2026
L400210,C104733,Personal,53077.74,9.03,Active,07-06-2023
L400211,C101387,Personal,230452.02,13.71,Active,09-08-2023
L400212,C103680,Personal,557357.76,12.67,Rejected,09-02-2025
L400213,C103352,Personal,713551.84,12.93,Closed,18-05-2024
L400214,C104071,Personal,233278.13,11.59,Active,01-11-2023
L400215,C102766,Business,299144.15,15.01,Active,14-01-2023
L400216,C100216,Personal,83875.69,9.42,Rejected,02-08-2024
L400217,C100751,Personal,477580.63,8.89,Active,27-10-2025
L400218,C102248,Auto,908271.23,13.84,Closed,29-01-2023
L400219,C102112,Home,664691.03,11.78,Closed,03-03-2023
L400220,C100574,Home,59677.15,11.05,Active,08-09-2023
L400221,C104174,Education,485288.6,12.03,Closed,28-02-2026
L400222,C100634,Home,175776.66,7.06,Active,02-09-2024
L400223,C102260,Personal,656694.66,7.94,Defaulted,15-01-2025
L400224,C102145,Education,3082811.23,12.24,Rejected,03-05-2025
L400225,C102952,Education,1808665.76,12.11,Rejected,14-09-2023
L400226,C100998,Personal,750891.25,14.13,Active,07-07-2024
L400227,C101466,Auto,415068.42,14.31,Closed,31-10-2025
L400228,C100316,Education,431394.75,8.4,Rejected,21-01-2024
L400229,C101114,Personal,397020.47,11.56,Closed,16-05-2025
L400230,C100345,Education,163530.94,10.88,Active,21-10-2024
L400231,C104121,Education,1572985,14.16,Rejected,03-09-2025
L400232,C104597,Auto,880817.29,11.04,Rejected,08-08-2024
L400233,C101587,Auto,120205.62,9.13,Closed,05-02-2024
L400234,C103575,Home,470476.25,8.36,Closed,27-05-2024
L400235,C100932,Business,614910.83,7.21,Closed,14-03-2024
L400236,C101533,Auto,1864818.56,15.12,Rejected,03-01-2024
L400237,C102537,Education,435197.76,15.25,Closed,05-08-2024
L400238,C101309,Home,1534164.73,8.65,Rejected,19-02-2025
L400239,C101453,Education,203088.42,13.86,Closed,20-03-2024
L400240,C100412,Personal,2998330.51,14.49,Closed,30-04-2023
L400241,C104229,Personal,104997.99,9.91,Active,19-07-2025
L400242,C101525,Home,337036.04,11.84,Active,06-05-2025
L400243,C101604,Home,379695.84,13.18,Active,09-03-2026
L400244,C103434,Home,97996.06,15.48,Rejected,05-02-2026
L400245,C103440,Home,419357.99,12.92,Active,13-05-2024
L400246,C100686,Home,1749844.59,9.52,Closed,23-04-2026
L400247,C102045,Education,883860.08,9.6,Closed,27-06-2024
L400248,C103747,Home,390438.72,9.87,Active,14-02-2023
L400249,C102713,Personal,273638.83,13.63,Rejected,14-12-2024
L400250,C101561,Home,231770.7,8.28,Active,11-01-2025
L400251,C100644,Home,603934.16,15.35,Active,12-05-2026
L400252,C101501,Home,543188.87,12.51,Active,20-05-2023
L400253,C100961,Personal,274810.53,11.97,Active,16-09-2024
L400254,C102592,Business,824656.79,15.16,Active,14-04-2025
L400255,C100851,Personal,461773.1,12.63,Closed,18-01-2024
L400256,C101412,Home,1067216.69,10.14,Active,07-02-2024
L400257,C101268,Personal,384909.36,12.31,Active,15-07-2023
L400258,C100073,Education,208675.65,11.68,Closed,08-11-2023
L400259,C101417,Auto,568976.23,13.99,Rejected,29-07-2025
L400260,C101408,Personal,549879.69,13.51,Active,09-06-2024
L400261,C101199,Home,807334.94,11.2,Closed,09-07-2025
L400262,C102445,Auto,550018.51,10.31,Closed,23-02-2026
L400263,C104754,Personal,298944.8,12.54,Active,09-03-2025
L400264,C102304,Auto,482657.31,10.76,Closed,05-12-2024
L400265,C102794,Auto,243157.03,7.39,Active,07-06-2025
L400266,C103551,Home,326987.21,14.28,Rejected,04-11-2024
L400267,C102307,Personal,912374.11,8.93,Rejected,14-01-2024
L400268,C104707,Business,878465.3,14.64,Active,16-04-2025
L400269,C101900,Home,864180.77,10.35,Closed,10-06-2026
L400270,C103691,Personal,291556.28,7.04,Closed,08-08-2024
L400271,C102786,Education,960355.16,13.03,Rejected,01-08-2024
L400272,C100726,Education,139129.41,12.92,Active,14-05-2024
L400273,C102833,Personal,310390.01,13.22,Active,15-04-2026
L400274,C100610,Auto,972737.65,14.82,Closed,11-03-2026
L400275,C102672,Home,1073521.19,10.86,Closed,26-11-2025
L400276,C104116,Personal,496953.1,9.88,Closed,12-01-2025
L400277,C103929,Home,3161286.72,8.42,Rejected,04-03-2023
L400278,C100972,Education,610655.42,13.19,Active,12-11-2025
L400279,C102634,Personal,302715.62,14.37,Active,16-03-2026
L400280,C103778,Home,198962.53,13.66,Rejected,12-08-2023
L400281,C101746,Business,445468.12,10.26,Active,25-03-2026
L400282,C104285,Personal,443193.8,13.62,Closed,16-01-2024
L400283,C102855,Home,569686.55,11.95,Rejected,23-06-2025
L400284,C104577,Business,698518.28,9.53,Closed,01-07-2024
L400285,C100069,Business,1940784.01,13.46,Rejected,10-02-2025
L400286,C100114,Education,260137.65,7.59,Closed,13-04-2023
L400287,C101646,Business,335911.23,12.77,Active,07-02-2026
L400288,C101794,Business,182347.54,12.28,Active,19-12-2023
L400289,C104760,Home,660824.13,11.99,Closed,22-04-2025
L400290,C100201,Education,273433.03,14.64,Defaulted,26-02-2026
L400291,C102721,Business,549544.94,10.71,Closed,24-12-2025
L400292,C101045,Home,320765.46,12.67,Closed,15-07-2025
L400293,C102505,Home,359750.99,13.45,Active,28-10-2025
L400294,C103740,Personal,358744.19,7.98,Closed,28-10-2025
L400295,C102296,Personal,851692.15,13.64,Active,09-03-2023
L400296,C100914,Business,1831848.49,11.9,Rejected,01-04-2023
L400297,C102200,Personal,261202.79,11.96,Active,02-08-2025
L400298,C104000,Business,254959.16,13.6,Closed,29-10-2025
L400299,C101658,Education,782050.55,13.55,Closed,04-12-2024
L400300,C103371,Personal,205923.85,14.36,Closed,15-07-2024
L400301,C104846,Personal,248329.77,10.83,Active,03-10-2024
L400302,C104865,Home,345097.23,11.16,Active,20-10-2024
L400303,C100102,Home,171432.14,9.6,Active,21-12-2025
L400304,C101247,Personal,542190.23,9.03,Active,21-07-2023
L400305,C100239,Personal,544369.4,9.45,Closed,05-03-2023
L400306,C100709,Auto,303618.41,13.33,Active,11-10-2023
L400307,C101136,Home,124765.88,9.55,Active,11-11-2023
L400308,C103035,Home,214498.11,12.8,Rejected,19-10-2023
L400309,C100429,Auto,1010554.11,8.31,Defaulted,09-02-2023
L400310,C100818,Business,244425.95,9.95,Closed,25-02-2023
L400311,C103129,Education,435741.52,10.26,Active,03-05-2024
L400312,C104886,Home,147948.65,13.6,Rejected,15-11-2024
L400313,C104829,Business,403165.72,11.03,Closed,27-07-2023
L400314,C101845,Auto,1120290.42,9.04,Active,24-03-2026
L400315,C103247,Auto,1265615.61,7.99,Closed,02-02-2023
L400316,C101664,Business,724636.48,11.49,Active,03-12-2024
L400317,C103361,Personal,193933.45,13.29,Active,22-04-2023
L400318,C100017,Education,632068.08,12.7,Closed,09-01-2024
L400319,C103532,Auto,358521.19,12.86,Rejected,07-08-2025
L400320,C104289,Home,387992.79,12.85,Closed,04-06-2023
L400321,C101419,Personal,329347.42,10.58,Closed,05-05-2023
L400322,C104396,Education,1025285.71,11.27,Rejected,12-05-2023
L400323,C103929,Business,314958.71,15.01,Active,06-05-2026
L400324,C102286,Personal,133411.54,14.28,Active,20-09-2025
L400325,C103760,Personal,149396.59,15.39,Active,12-03-2023
L400326,C103458,Personal,331286.82,13.13,Active,03-10-2025
L400327,C100756,Home,1044607.13,11.09,Active,05-02-2026
L400328,C101472,Home,113298.91,15.35,Active,30-09-2024
L400329,C101906,Auto,168313.17,7.99,Active,28-05-2026
L400330,C100533,Personal,989496.17,14.98,Closed,05-03-2026
L400331,C100116,Education,1459920.1,10.87,Defaulted,10-06-2023
L400332,C103858,Personal,620170.76,12.99,Active,07-12-2023
L400333,C103268,Auto,685173.58,10.76,Rejected,26-12-2024
L400334,C101490,Education,340172.42,7.43,Active,21-07-2025
L400335,C104145,Auto,837538.83,9.19,Rejected,15-07-2024
L400336,C103609,Auto,442669.73,10.44,Closed,20-01-2024
L400337,C101798,Home,492512.11,14.45,Active,28-06-2026
L400338,C103390,Education,328039.98,12.5,Closed,26-02-2024
L400339,C102383,Business,429767.92,7.81,Closed,19-08-2024
L400340,C101928,Home,170075.64,11.99,Closed,07-05-2024
L400341,C102655,Personal,260298.42,10.56,Active,25-06-2026
L400342,C104360,Education,373710.62,8.51,Active,05-10-2023
L400343,C101020,Personal,217690.85,14.27,Closed,19-12-2024
L400344,C104770,Business,164786.48,10.8,Closed,05-10-2023
L400345,C102365,Education,194425.4,14.73,Active,09-08-2024
L400346,C100973,Personal,270264.21,7.55,Closed,06-09-2023
L400347,C100182,Personal,691187.75,14.11,Active,05-11-2025
L400348,C102295,Personal,133408.51,15.19,Rejected,30-12-2024
L400349,C102972,Home,641621.99,9.81,Active,12-04-2025
L400350,C102418,Personal,2799032.41,9.29,Active,18-10-2025
L400351,C101718,Education,411552.06,8.93,Active,09-04-2024
L400352,C102979,Personal,475530.09,8.72,Active,06-12-2025
L400353,C102904,Auto,523131.49,10.9,Active,03-07-2023
L400354,C101310,Home,1307878.74,7.93,Closed,22-12-2025
L400355,C101076,Education,208782.42,10.35,Active,17-04-2023
L400356,C100735,Auto,360736.19,9.79,Active,17-09-2023
L400357,C104678,Home,350643.27,9,Active,06-08-2024
L400358,C100024,Business,628816.43,11.13,Active,12-09-2023
L400359,C103964,Home,4196483.06,10.06,Active,18-04-2025
L400360,C100828,Personal,595089.92,9.65,Active,10-07-2023
L400361,C100123,Auto,535883.75,10.83,Active,09-11-2024
L400362,C101185,Personal,387558.94,11.65,Active,08-03-2025
L400363,C102944,Education,493703.02,8.96,Active,02-11-2024
L400364,C102573,Business,288373.73,10.53,Closed,28-08-2023
L400365,C103314,Home,616472.63,9.67,Active,02-09-2023
L400366,C104409,Home,146877.77,8.46,Rejected,26-03-2025
L400367,C101646,Business,219979.08,9.17,Active,10-03-2025
L400368,C104568,Business,251171.83,13.88,Defaulted,27-03-2025
L400369,C100563,Home,1130093.31,8.58,Rejected,23-03-2025
L400370,C100845,Personal,1646972.76,10.14,Closed,11-01-2026
L400371,C103296,Auto,443086.8,14.28,Active,14-10-2023
L400372,C101434,Education,63887.14,8.21,Closed,10-12-2023
L400373,C104900,Home,291895.28,14.33,Rejected,03-03-2026
L400374,C103255,Personal,768175.24,10,Closed,28-02-2026
L400375,C102962,Personal,655594.82,15.28,Active,06-03-2026
L400376,C102836,Business,118756.41,14.84,Active,04-10-2025
L400377,C101034,Business,284604.2,13,Active,15-05-2026
L400378,C101703,Personal,881517.15,14.8,Active,18-03-2023
L400379,C101865,Auto,307186.19,10.28,Active,09-08-2025
L400380,C100550,Home,1137289.96,14.84,Active,06-09-2024
L400381,C100951,Auto,628755.88,9.29,Active,05-04-2024
L400382,C101490,Personal,77942.34,13.58,Active,12-09-2024
L400383,C103006,Home,532847.22,15.11,Rejected,19-01-2025
L400384,C103942,Personal,89231.4,11.32,Closed,20-02-2024
L400385,C104950,Personal,364405.21,12.39,Active,28-01-2023
L400386,C102817,Personal,620875.99,9.54,Rejected,16-01-2024
L400387,C103195,Auto,556173.47,12.16,Closed,19-03-2023
L400388,C104961,Auto,298631.01,11.15,Defaulted,05-11-2024
L400389,C103394,Personal,2042463.2,15.23,Active,24-06-2023
L400390,C101772,Home,112653.62,15.34,Rejected,04-03-2023
L400391,C102625,Home,356625.99,13.27,Rejected,27-05-2023
L400392,C103206,Business,1708000.66,7.51,Active,13-02-2025
L400393,C100089,Business,427230.13,11.33,Closed,14-05-2024
L400394,C100826,Home,203528.74,7.12,Active,13-03-2025
L400395,C104453,Personal,502586.68,15.16,Active,01-02-2026
L400396,C104439,Home,152226.59,14.16,Active,03-04-2026
L400397,C100952,Business,217606.71,9.81,Closed,12-05-2026
L400398,C102643,Personal,376198.14,9.77,Active,26-12-2024
L400399,C100381,Personal,513501.69,15.43,Active,24-03-2025
L400400,C101307,Personal,296025.68,12.7,Rejected,20-11-2025
L400401,C100466,Business,418965.38,7.58,Closed,20-01-2023
L400402,C101357,Auto,274624.7,13.75,Active,09-12-2025
L400403,C100690,Home,1508588.88,7.75,Active,28-05-2026
L400404,C103189,Home,395650.36,11.62,Active,23-10-2025
L400405,C101307,Business,1631884.18,7.69,Active,07-08-2025
L400406,C100359,Personal,242550.54,12.66,Closed,31-01-2026
L400407,C100805,Personal,224545.52,8.9,Rejected,15-02-2025
L400408,C102789,Home,691245.1,14.35,Active,05-02-2023
L400409,C102867,Home,749330.15,10.5,Active,15-04-2023
L400410,C100935,Personal,157052.56,11.53,Closed,28-01-2023
L400411,C102072,Personal,130263.95,8.1,Rejected,18-03-2024
L400412,C102982,Personal,220015.91,15.24,Closed,28-06-2025
L400413,C101238,Home,1070937.62,10.7,Active,17-02-2024
L400414,C101264,Personal,351506.29,8.39,Closed,22-07-2023
L400415,C104532,Auto,301953.55,15.2,Closed,26-04-2026
L400416,C104984,Auto,429744.64,8.85,Active,25-03-2026
L400417,C101789,Home,1156379.28,14.62,Active,06-09-2024
L400418,C101898,Personal,699086.32,14.94,Rejected,27-11-2025
L400419,C104053,Auto,164507.03,7.46,Active,13-10-2023
L400420,C102079,Auto,1185556.75,13.9,Active,14-03-2023
L400421,C101236,Home,544400.07,7.09,Active,16-03-2026
L400422,C103507,Education,616109.78,15,Closed,16-02-2026
L400423,C103258,Auto,368904.24,7.47,Closed,04-07-2025
L400424,C101640,Home,1866403.58,8.31,Rejected,24-06-2025
L400425,C103412,Personal,847959.3,8.87,Active,25-04-2024
L400426,C103860,Home,338793.43,13.15,Closed,03-04-2026
L400427,C103946,Personal,800984.44,8.05,Closed,27-10-2025
L400428,C104230,Personal,103039.62,15.44,Rejected,05-01-2024
L400429,C104545,Home,105061.01,7.74,Closed,03-06-2025
L400430,C103307,Auto,1056151.73,8.4,Active,16-09-2025
L400431,C103661,Home,1095902.25,12.69,Closed,29-12-2025
L400432,C101483,Personal,402950.35,15.38,Active,13-09-2024
L400433,C103478,Personal,344005.59,10.81,Rejected,10-08-2023
L400434,C101021,Business,1152158.03,11.57,Closed,04-01-2025
L400435,C103255,Home,458190.87,12.12,Active,05-01-2024
L400436,C102901,Home,247082.72,14.49,Closed,27-08-2023
L400437,C102780,Education,296247.45,11.05,Closed,22-01-2026
L400438,C104708,Business,1067706.72,9.19,Active,17-09-2024
L400439,C104951,Home,1121174.94,14.79,Active,25-03-2026
L400440,C102002,Home,380403.81,13.5,Rejected,05-10-2023
L400441,C102962,Home,198959.26,7.51,Active,18-10-2024
L400442,C103932,Personal,164405.49,9.09,Active,18-04-2024
L400443,C103571,Business,395294.4,14.07,Active,05-10-2023
L400444,C101448,Education,160626.54,14.96,Rejected,11-07-2025
L400445,C102700,Education,991196.56,7.45,Rejected,06-10-2024
L400446,C103006,Home,933766.65,13.91,Rejected,21-04-2026
L400447,C104317,Auto,1642109.51,11.01,Closed,31-05-2026
L400448,C103369,Personal,220345.7,9.22,Defaulted,12-05-2024
L400449,C103427,Business,311642.95,7.46,Active,13-06-2025
L400450,C102842,Auto,92586.22,8.81,Active,01-12-2025
L400451,C104950,Business,714592.03,13.79,Active,19-10-2025
L400452,C104713,Auto,601633.4,7.88,Closed,03-04-2025
L400453,C104448,Business,801850.4,13.33,Active,01-05-2026
L400454,C100174,Home,289369.56,7.55,Closed,07-01-2025
L400455,C102602,Home,693241.56,8.28,Active,03-04-2025
L400456,C100997,Auto,521329.75,13.49,Closed,19-02-2023
L400457,C103370,Home,416884.28,12.57,Closed,13-05-2024
L400458,C101606,Home,572833.75,15.14,Closed,07-02-2024
L400459,C104135,Auto,461928.32,10.57,Rejected,08-12-2024
L400460,C101145,Education,367939.83,12.32,Active,08-11-2024
L400461,C103348,Home,827230.66,13.53,Active,01-06-2026
L400462,C101419,Auto,142906.07,11.99,Active,07-06-2026
L400463,C102869,Education,86556.05,12.74,Closed,13-12-2023
L400464,C100362,Education,88374.46,15.12,Closed,11-09-2025
L400465,C101614,Personal,876355.86,8.17,Closed,07-10-2025
L400466,C103737,Auto,1129565.45,9.49,Defaulted,27-12-2025
L400467,C104343,Home,321809.89,9.94,Rejected,11-07-2024
L400468,C104916,Home,278713.75,12.5,Active,25-05-2023
L400469,C103725,Personal,929881.22,7.44,Active,06-12-2023
L400470,C103526,Personal,411108.29,11.34,Closed,06-10-2024
L400471,C102223,Home,169355.89,9.08,Active,06-11-2023
L400472,C102754,Education,757230.71,15.49,Rejected,03-05-2026
L400473,C102358,Auto,939311.78,9.78,Defaulted,25-10-2023
L400474,C100758,Business,832201.8,9.8,Rejected,04-10-2023
L400475,C101409,Education,383610.02,14.73,Active,17-11-2024
L400476,C103954,Personal,202712.84,11.36,Closed,05-04-2023
L400477,C104984,Personal,394444.1,11.26,Closed,30-12-2024
L400478,C103823,Personal,393814.38,14.25,Active,25-05-2024
L400479,C101844,Business,1704786.43,11.23,Rejected,14-08-2023
L400480,C103131,Education,113179.75,8.69,Active,01-11-2025
L400481,C104327,Education,475865.01,14.9,Closed,24-12-2024
L400482,C100919,Auto,117677.06,11.52,Closed,18-04-2023
L400483,C103958,Business,375530.55,9.12,Active,06-06-2025
L400484,C101495,Business,924396.75,11.05,Closed,03-01-2024
L400485,C100361,Personal,390702.64,14.69,Active,30-08-2023
L400486,C101564,Personal,405950.37,11.18,Closed,30-09-2024
L400487,C101324,Education,612440.76,11.15,Active,14-10-2025
L400488,C103390,Home,418188.45,12.09,Active,02-07-2024
L400489,C102064,Education,155256.47,13.15,Active,09-05-2024
L400490,C102837,Home,1952317.39,11.94,Closed,17-03-2025
L400491,C100692,Home,1013550.38,8.83,Active,20-05-2025
L400492,C103691,Home,616234.1,12.24,Closed,08-08-2025
L400493,C101725,Personal,242003.49,13.5,Active,28-05-2024
L400494,C100258,Auto,1114872.59,13.02,Rejected,22-05-2024
L400495,C102507,Education,600086.81,15.26,Active,20-07-2024
L400496,C100689,Home,113752.19,15.29,Closed,13-09-2023
L400497,C100159,Personal,537608.61,7.93,Active,29-06-2025
L400498,C103526,Auto,1015241.55,10.11,Active,11-01-2025
L400499,C104404,Home,2206958.61,9.41,Active,06-07-2023
L400500,C102728,Business,181445.52,13.87,Active,08-11-2025
L400501,C104510,Home,230340.05,12.48,Active,28-09-2025
L400502,C103537,Home,1647361.99,14.03,Active,20-01-2026
L400503,C104516,Auto,420427.02,10.99,Rejected,21-11-2025
L400504,C101352,Personal,345096.17,13.89,Active,13-06-2024
L400505,C100605,Education,883868.58,8.02,Active,25-10-2024
L400506,C102842,Business,190588.13,9.65,Active,11-07-2023
L400507,C104216,Auto,1607068.09,10.01,Active,16-11-2024
L400508,C101429,Auto,2847912.76,13.38,Active,17-04-2026
L400509,C101827,Business,333548.19,10.43,Active,03-03-2025
L400510,C100612,Personal,876605.27,10.1,Active,17-07-2023
L400511,C103974,Personal,298605.4,14.74,Active,24-06-2026
L400512,C101515,Business,243828.12,11.36,Closed,06-11-2025
L400513,C101938,Personal,180415.79,14.48,Active,30-11-2024
L400514,C104976,Personal,542009.03,8.94,Closed,09-11-2024
L400515,C104563,Personal,400601.31,8.04,Active,07-11-2024
L400516,C102468,Home,98973.03,10.66,Closed,03-04-2025
L400517,C102430,Personal,720906.97,9.4,Active,25-07-2023
L400518,C103095,Personal,419792.7,13.05,Defaulted,16-04-2023
L400519,C101601,Personal,894119.48,12.85,Active,09-01-2025
L400520,C104328,Personal,363193.24,10.2,Defaulted,04-12-2025
L400521,C103393,Home,479379.18,11.85,Closed,02-04-2023
L400522,C103300,Home,190400.22,11.91,Closed,29-07-2025
L400523,C103824,Auto,939201.44,14.21,Rejected,12-09-2024
L400524,C101551,Auto,335571.17,15.47,Closed,23-04-2024
L400525,C102308,Business,1408162.28,14.03,Closed,23-10-2023
L400526,C104325,Education,338144.7,7.84,Active,16-12-2025
L400527,C101647,Business,499878.3,9.43,Closed,29-08-2023
L400528,C104113,Personal,316499.47,11.47,Active,18-07-2024
L400529,C102916,Education,537593.94,10.66,Active,12-05-2024
L400530,C101217,Personal,727791.57,11.14,Active,30-07-2023
L400531,C104684,Education,342674.61,9.54,Active,27-06-2024
L400532,C101263,Home,685553.75,15.29,Closed,04-06-2026
L400533,C100035,Auto,831608.82,12.56,Active,16-04-2025
L400534,C100262,Auto,886635.58,12.62,Closed,19-04-2025
L400535,C104913,Auto,1336396.24,14.86,Active,09-12-2025
L400536,C103336,Personal,293499.64,14.67,Closed,17-12-2023
L400537,C100878,Personal,249674.33,10.48,Active,16-09-2023
L400538,C102187,Education,550814.06,15.13,Active,12-05-2025
L400539,C101853,Education,599612.33,13.92,Defaulted,18-04-2023
L400540,C101109,Personal,1290830.07,11.05,Active,01-12-2024
L400541,C104224,Auto,915955.25,8.78,Closed,22-11-2025
L400542,C102959,Home,453607.98,9.38,Active,10-04-2023
L400543,C101390,Personal,450987.72,9.49,Active,12-10-2023
L400544,C102531,Personal,598549.21,8.28,Active,04-01-2024
L400545,C103186,Education,1541002.13,13.48,Rejected,20-06-2025
L400546,C103067,Home,1311027.23,8.29,Defaulted,09-02-2023
L400547,C103919,Personal,856856.9,8.13,Active,04-11-2023
L400548,C102076,Auto,463049.37,9.28,Rejected,16-06-2024
L400549,C102090,Home,77682.27,9.24,Rejected,29-06-2026
L400550,C102316,Business,476453.8,9.06,Closed,31-08-2024
L400551,C102290,Education,1836198.05,14.32,Defaulted,23-10-2023
L400552,C104473,Business,893693.9,10.78,Closed,02-03-2026
L400553,C100658,Personal,671763.05,7.57,Active,13-09-2024
L400554,C104907,Auto,2260869.18,11,Closed,09-01-2026
L400555,C102366,Personal,816664.44,13.47,Active,10-09-2024
L400556,C102814,Personal,360264.63,8.37,Rejected,19-01-2024
L400557,C102201,Personal,774094.43,9.83,Active,13-08-2023
L400558,C103331,Personal,253340.67,13.94,Closed,19-06-2024
L400559,C100245,Personal,291852.57,13.95,Active,08-08-2023
L400560,C100325,Education,252144.42,13.59,Defaulted,12-02-2024
L400561,C102755,Home,1385575.58,9.51,Rejected,22-03-2024
L400562,C103154,Personal,2460869.44,9.34,Active,25-04-2026
L400563,C101038,Personal,244538.13,12.56,Active,07-01-2025
L400564,C100188,Personal,1016967.53,10.24,Closed,14-01-2026
L400565,C102596,Home,840102.22,13.36,Rejected,12-10-2024
L400566,C101781,Auto,295893.98,10.29,Active,04-09-2025
L400567,C102606,Personal,273386.58,10.3,Defaulted,16-11-2025
L400568,C103650,Home,834814.18,7.17,Active,20-03-2026
L400569,C103120,Auto,1006620.42,8.53,Active,05-03-2026
L400570,C104574,Auto,275219.97,9.01,Active,21-07-2024
L400571,C102828,Auto,238425.37,7.27,Active,03-04-2024
L400572,C101656,Business,178446.13,9.76,Rejected,07-04-2026
L400573,C104806,Personal,349630.12,7.82,Active,01-08-2025
L400574,C103182,Home,503792.94,11.18,Active,10-12-2025
L400575,C104528,Home,1577602.09,12.89,Closed,13-10-2023
L400576,C101149,Home,516789.45,9.92,Active,10-12-2024
L400577,C101140,Education,348397.46,8.56,Closed,07-01-2025
L400578,C104881,Business,836146.21,10.21,Active,05-04-2024
L400579,C102229,Home,262767.67,7.78,Active,04-08-2024
L400580,C103188,Personal,596074.46,7.03,Active,08-12-2025
L400581,C102571,Personal,492774.8,15.18,Active,17-05-2023
L400582,C104444,Business,413938,10.22,Closed,02-08-2024
L400583,C102486,Auto,300360.16,10.93,Active,19-10-2025
L400584,C103413,Education,721866.78,11.41,Active,12-10-2025
L400585,C103778,Business,1470893.15,11.85,Closed,26-03-2024
L400586,C101098,Personal,300470.61,9.05,Active,31-03-2025
L400587,C103276,Home,1000901.27,7.09,Closed,16-12-2025
L400588,C100569,Personal,214446.36,14.9,Active,14-01-2024
L400589,C101749,Home,322436.4,11.86,Closed,04-12-2023
L400590,C104566,Education,663027.26,7.42,Rejected,22-05-2024
L400591,C102010,Auto,770271.83,13.44,Rejected,29-09-2023
L400592,C100104,Personal,2640428.21,9.44,Rejected,21-08-2025
L400593,C101690,Business,564597.61,9.64,Closed,03-10-2025
L400594,C104486,Home,510506.13,10.96,Rejected,04-12-2023
L400595,C103113,Personal,415509.58,14.09,Rejected,21-10-2024
L400596,C104680,Auto,3450158.37,9.25,Active,01-02-2023
L400597,C100099,Personal,572369.75,7.28,Closed,19-02-2024
L400598,C100899,Education,1435567.25,8.06,Closed,29-06-2026
L400599,C104258,Auto,150284.01,12.49,Active,27-03-2025
L400600,C101782,Auto,423315.93,8.31,Active,16-11-2025
L400601,C101780,Home,194229.98,12.35,Active,27-03-2024
L400602,C101113,Auto,785379.9,15.4,Active,03-05-2023
L400603,C102330,Business,346267.9,9.38,Active,18-12-2025
L400604,C101063,Personal,274931.84,12.16,Active,22-11-2025
L400605,C104555,Home,267215.17,10.28,Active,01-05-2024
L400606,C101116,Education,619690.66,7.71,Closed,27-11-2024
L400607,C104506,Personal,530275.54,9.16,Active,16-07-2024
L400608,C102700,Personal,621361.93,14.52,Closed,22-09-2024
L400609,C104982,Personal,389532.47,13.15,Rejected,20-06-2024
L400610,C103705,Auto,1591998.24,7.07,Active,15-02-2023
L400611,C103705,Business,583947.37,11.61,Active,26-11-2023
L400612,C100614,Personal,1610887.28,11.36,Active,24-09-2025
L400613,C103870,Personal,460881.23,7.37,Active,25-10-2025
L400614,C100425,Business,460074.61,8.8,Closed,17-08-2025
L400615,C103845,Home,213864.35,7.94,Closed,23-04-2023
L400616,C101279,Business,748637.23,7.31,Rejected,02-02-2023
L400617,C104952,Personal,403866.14,8.89,Closed,02-01-2026
L400618,C101758,Home,760973.14,8.76,Closed,21-10-2023
L400619,C100778,Education,383523.95,13.52,Defaulted,16-02-2023
L400620,C100593,Personal,659857.05,11.74,Active,18-01-2025
L400621,C103589,Auto,318431.1,9.95,Active,25-04-2023
L400622,C100596,Personal,361906.96,14.83,Closed,21-08-2025
L400623,C104913,Auto,980497.52,10.75,Active,23-05-2025
L400624,C102572,Personal,1397601.98,8.92,Active,16-09-2023
L400625,C102616,Auto,1122574.58,12.71,Rejected,28-03-2024
L400626,C103786,Home,380426.56,11.18,Defaulted,18-03-2024
L400627,C100787,Personal,310939.68,9.47,Rejected,21-06-2024
L400628,C101870,Education,150148.39,15.01,Active,27-02-2023
L400629,C101743,Personal,1539812.99,13.38,Active,03-11-2023
L400630,C101639,Personal,556525.63,8.73,Active,08-01-2025
L400631,C102456,Auto,1203767.47,9.48,Rejected,13-11-2025
L400632,C104240,Home,1247569.61,9.42,Active,24-05-2024
L400633,C100513,Auto,803841.49,14.96,Active,08-04-2023
L400634,C100448,Education,948126.16,7.41,Active,12-11-2025
L400635,C101672,Personal,1516140.22,13.03,Active,19-04-2024
L400636,C100378,Home,664442.87,15.23,Active,18-12-2025
L400637,C102597,Education,309926.46,13.76,Closed,28-03-2026
L400638,C103019,Personal,820924.1,13.61,Active,25-04-2024
L400639,C103994,Auto,705883.44,10.5,Closed,15-06-2026
L400640,C103869,Personal,775535.66,13.59,Active,16-05-2026
L400641,C102259,Home,398556.55,9.51,Active,28-10-2025
L400642,C102998,Home,192126.31,13.88,Closed,22-06-2025
L400643,C104981,Auto,1006077.37,10.93,Closed,25-10-2025
L400644,C101589,Personal,1154380.19,11.12,Closed,05-08-2025
L400645,C102538,Personal,185502.4,9.56,Rejected,10-02-2026
L400646,C103301,Business,1986596.98,12.12,Closed,02-01-2024
L400647,C101259,Auto,528448.26,13.75,Rejected,04-06-2024
L400648,C101215,Home,319343.81,8.16,Active,23-08-2025
L400649,C101163,Personal,244042.85,12.14,Closed,28-04-2023
L400650,C104272,Home,340485.72,12.28,Closed,11-04-2023
L400651,C101937,Home,2099414.65,8.88,Active,19-01-2026
L400652,C103336,Personal,526640.01,9.07,Defaulted,02-09-2025
L400653,C100589,Auto,743179.38,11,Active,26-11-2025
L400654,C103651,Personal,741185.52,9.94,Active,16-08-2023
L400655,C103431,Business,2192552.41,7.92,Active,27-03-2023
L400656,C104190,Home,891173.95,9.43,Active,18-04-2023
L400657,C102470,Business,374678.26,13.1,Active,29-04-2024
L400658,C100550,Education,400644.7,9.52,Active,23-10-2025
L400659,C100870,Auto,210261.64,7.32,Closed,25-06-2024
L400660,C102927,Auto,579751.05,10.33,Closed,10-06-2026
L400661,C103511,Business,209503.78,7.43,Defaulted,19-07-2025
L400662,C100423,Personal,946051.16,9.45,Active,24-02-2024
L400663,C102431,Home,475811.61,10.8,Closed,05-12-2025
L400664,C103404,Education,505208.42,7.92,Closed,18-12-2023
L400665,C103085,Home,653336.01,11.33,Closed,19-03-2024
L400666,C102596,Auto,1982107.84,8.46,Closed,04-04-2025
L400667,C101611,Education,60960.46,8.95,Closed,27-06-2024
L400668,C101304,Auto,451795,8.41,Active,10-07-2023
L400669,C101217,Personal,917200.28,8.31,Rejected,22-12-2025
L400670,C100604,Auto,368138.99,14.08,Active,01-09-2023
L400671,C104297,Business,332128.26,11.18,Defaulted,13-06-2026
L400672,C103666,Personal,224811.04,13.34,Active,31-08-2025
L400673,C100880,Personal,230404.19,12.13,Closed,09-07-2023
L400674,C101380,Personal,1984259.86,7.36,Rejected,01-05-2026
L400675,C102536,Auto,894270.64,8.42,Active,13-01-2026
L400676,C100730,Education,355348.91,9.33,Closed,25-06-2023
L400677,C102022,Auto,1161810.25,11.37,Defaulted,12-10-2025
L400678,C104770,Auto,528076.68,9.29,Active,19-02-2025
L400679,C103823,Auto,795746.26,14.61,Active,09-10-2025
L400680,C104889,Business,439511.7,8.14,Rejected,06-02-2026
L400681,C102902,Personal,1443718.53,10.38,Active,27-08-2023
L400682,C102758,Personal,891505,13.58,Rejected,02-03-2025
L400683,C104176,Personal,262920.97,14.45,Active,10-06-2026
L400684,C101882,Auto,105602.07,7.79,Closed,09-02-2025
L400685,C104821,Personal,888877.71,13.32,Defaulted,24-04-2026
L400686,C104246,Personal,898959.46,12.12,Closed,06-03-2023
L400687,C100306,Personal,1042918.66,8.62,Active,22-05-2026
L400688,C100648,Business,1307373.42,9.23,Rejected,13-10-2024
L400689,C103289,Auto,311452.81,14.32,Active,16-10-2023
L400690,C100442,Home,1024475.97,7.2,Active,18-11-2023
L400691,C103678,Personal,773632.49,13.1,Active,05-09-2025
L400692,C102794,Personal,333210.31,10.99,Closed,22-01-2024
L400693,C101348,Education,414195.72,7.5,Active,13-02-2026
L400694,C100089,Personal,612217.36,12.59,Closed,15-08-2024
L400695,C103131,Auto,256950.96,7.79,Rejected,16-08-2023
L400696,C103256,Business,248810.93,9.31,Closed,02-11-2023
L400697,C100055,Personal,420766.78,15.02,Active,18-04-2024
L400698,C103070,Personal,244810.29,13.27,Rejected,22-04-2023
L400699,C104595,Home,502851.23,12.46,Active,22-02-2023
L400700,C101210,Business,733729.43,13.84,Active,27-01-2023
L400701,C102909,Business,576034.11,14.42,Active,31-07-2024
L400702,C103268,Personal,115160.64,7.4,Active,07-03-2025
L400703,C100528,Personal,691610.08,10.85,Active,04-01-2025
L400704,C104303,Personal,798658.93,8.45,Active,05-12-2025
L400705,C102122,Personal,331305.25,13.5,Closed,29-06-2026
L400706,C102402,Business,367494.9,14.13,Active,03-09-2024
L400707,C103336,Personal,198276.45,9.78,Active,26-12-2025
L400708,C104823,Education,838571.89,10.5,Rejected,16-02-2023
L400709,C101225,Personal,490030.79,10.41,Closed,09-03-2024
L400710,C104907,Home,365727.12,10.49,Rejected,06-09-2023
L400711,C102036,Education,446306.61,14.29,Active,17-03-2026
L400712,C101316,Education,262823.53,9.4,Active,25-06-2024
L400713,C100175,Home,154096.94,10.37,Defaulted,19-11-2024
L400714,C100921,Auto,147054.76,13.62,Closed,16-12-2023
L400715,C103644,Personal,259542.51,8.56,Closed,08-10-2023
L400716,C103742,Home,1042866.99,11.49,Rejected,14-07-2023
L400717,C101946,Education,1285579.81,13.98,Active,17-08-2023
L400718,C102634,Auto,201467.46,14.37,Closed,25-04-2023
L400719,C103146,Personal,506130.5,13.33,Closed,23-05-2024
L400720,C100343,Home,473451.32,12.58,Rejected,10-06-2023
L400721,C102374,Personal,1717872.54,10.22,Active,10-04-2024
L400722,C101874,Auto,772618.49,8.03,Closed,05-01-2025
L400723,C101584,Education,131497.18,9.56,Closed,22-01-2026
L400724,C100368,Home,110870.49,7.33,Rejected,07-07-2023
L400725,C100978,Auto,117746.57,8.79,Active,10-11-2024
L400726,C104606,Personal,517031.72,13.75,Closed,02-07-2023
L400727,C100208,Auto,613064.56,8.07,Closed,30-08-2023
L400728,C101692,Home,894156.59,7.4,Active,21-12-2025
L400729,C102012,Home,788325.49,8.75,Closed,03-11-2025
L400730,C100292,Home,570069.72,13.6,Closed,26-08-2023
L400731,C100149,Auto,2879635.91,8.62,Closed,23-04-2024
L400732,C100517,Home,873254.73,7.97,Active,27-07-2025
L400733,C103037,Personal,896883.96,13.34,Active,28-01-2025
L400734,C101652,Business,824341.2,11.12,Active,22-01-2024
L400735,C103411,Personal,730834.96,12.27,Active,16-07-2023
L400736,C100748,Education,238511.48,10.92,Active,27-09-2025
L400737,C100032,Auto,237656.47,9.97,Defaulted,23-07-2023
L400738,C103825,Education,170707.34,15.27,Defaulted,24-06-2024
L400739,C100332,Business,628607.97,9.91,Closed,30-01-2023
L400740,C104924,Home,1309079.58,15,Active,21-04-2024
L400741,C100967,Auto,458748.14,14.8,Closed,13-05-2026
L400742,C104738,Auto,743459.47,13.6,Active,15-11-2025
L400743,C103059,Auto,492825.68,7.44,Active,26-02-2023
L400744,C102890,Personal,247086.93,11.93,Active,13-06-2023
L400745,C100907,Personal,324589.65,7.27,Closed,25-02-2024
L400746,C100275,Education,345943.16,14.57,Closed,02-02-2023
L400747,C103010,Auto,2313523.89,15.01,Active,22-05-2025
L400748,C101812,Home,1082728.23,11.33,Active,09-01-2023
L400749,C101350,Auto,261671.28,10.03,Closed,22-02-2023
L400750,C101620,Education,620105.7,9.4,Active,05-02-2026
L400751,C101658,Business,364841.22,11.95,Active,22-05-2025
L400752,C103026,Home,177894.98,15.05,Closed,01-02-2023
L400753,C103252,Personal,2497241.91,9.83,Defaulted,11-05-2024
L400754,C100612,Auto,1400235.55,10.25,Active,13-10-2025
L400755,C104233,Home,601800.86,8.41,Closed,05-09-2023
L400756,C103273,Business,1296289.33,14.65,Active,27-08-2024
L400757,C104372,Personal,269103.09,10.43,Active,04-05-2024
L400758,C101355,Home,256973.74,12,Active,02-02-2025
L400759,C100459,Business,867744.28,14.84,Rejected,12-05-2026
L400760,C102709,Education,294304.93,7.14,Closed,04-02-2024
L400761,C104822,Auto,774032.02,14.51,Rejected,20-06-2025
L400762,C101879,Home,503806.14,8.95,Active,18-12-2024
L400763,C100110,Home,161721.32,12.94,Defaulted,21-08-2024
L400764,C102931,Business,88245.83,14.16,Rejected,15-09-2024
L400765,C103922,Education,382209.78,12.68,Active,29-05-2025
L400766,C100000,Education,414106.66,14.49,Active,25-01-2026
L400767,C101790,Home,423784.54,14.1,Active,04-02-2023
L400768,C101941,Personal,239806.24,9.23,Active,11-10-2023
L400769,C102820,Business,679953.52,13.45,Active,11-01-2025
L400770,C104862,Personal,761201.85,7.33,Rejected,22-03-2023
L400771,C103727,Home,183306.46,15.05,Active,02-12-2024
L400772,C100982,Personal,523708.14,11.07,Closed,14-07-2025
L400773,C103901,Home,481839.56,9.05,Closed,29-10-2023
L400774,C101102,Home,661053.8,8.94,Active,29-05-2024
L400775,C101192,Auto,257113.97,10.49,Rejected,21-03-2026
L400776,C101140,Personal,110477.29,13.18,Defaulted,28-02-2023
L400777,C100918,Education,663892.13,7.45,Active,24-03-2025
L400778,C102352,Personal,461614.3,10.1,Closed,21-11-2023
L400779,C103256,Education,169358.45,7.23,Rejected,06-06-2024
L400780,C100451,Auto,557079.14,12.01,Active,02-10-2024
L400781,C100928,Personal,3697253.81,13.81,Closed,13-01-2026
L400782,C101424,Auto,347514.95,12.69,Active,04-11-2024
L400783,C103703,Personal,533056.25,8.86,Active,09-01-2026
L400784,C100164,Home,577881.04,12.4,Active,10-02-2024
L400785,C104987,Business,468778.61,14.58,Active,24-06-2024
L400786,C102774,Auto,1018518.49,8.9,Active,31-08-2023
L400787,C100394,Auto,1185046.96,8.41,Active,22-06-2023
L400788,C101824,Auto,138617.54,13.53,Rejected,05-08-2024
L400789,C100105,Personal,536609.97,14.69,Active,19-06-2024
L400790,C102489,Personal,113445.15,11.65,Active,10-01-2024
L400791,C101302,Home,613704.85,11.26,Active,13-11-2025
L400792,C103542,Home,295063.01,12.93,Closed,02-02-2026
L400793,C103679,Education,474925.22,9.66,Active,07-02-2025
L400794,C100642,Education,3190918.1,13.02,Active,08-07-2024
L400795,C104704,Personal,208843.05,8.87,Rejected,05-12-2025
L400796,C103610,Auto,128785.68,7.68,Defaulted,06-12-2025
L400797,C104013,Education,76746.9,10.15,Rejected,22-01-2026
L400798,C101335,Business,821883.63,13.37,Closed,15-12-2023
L400799,C103792,Auto,113625.25,14.16,Closed,03-08-2023
L400800,C103789,Personal,291664.49,11.01,Active,16-05-2026
L400801,C102349,Home,273822.37,12.62,Active,14-02-2023
L400802,C104016,Personal,823565.47,8.08,Closed,26-02-2025
L400803,C101943,Personal,293107.34,13.66,Active,28-08-2023
L400804,C103932,Business,486868.62,15.09,Rejected,26-07-2025
L400805,C102858,Personal,414222.86,8.5,Closed,22-03-2023
L400806,C104831,Personal,424862.75,14.16,Closed,08-07-2025
L400807,C100666,Personal,141396.65,9.15,Closed,30-01-2024
L400808,C101614,Auto,578656.97,12.66,Closed,28-01-2023
L400809,C104067,Home,105800.25,10.93,Rejected,14-03-2024
L400810,C104722,Home,916602.89,13.14,Active,01-05-2026
L400811,C100444,Personal,426911,13.21,Closed,19-09-2025
L400812,C104991,Business,1772035.8,11.04,Closed,23-04-2024
L400813,C103873,Auto,631713.69,10.37,Closed,26-12-2024
L400814,C103969,Education,242660.88,14.63,Active,11-03-2023
L400815,C100572,Home,381348.54,11.11,Closed,14-08-2023
L400816,C102019,Personal,802557.54,13.66,Closed,04-03-2026
L400817,C101035,Personal,854546.4,7.23,Active,26-03-2026
L400818,C102800,Personal,296699.52,7.09,Active,02-01-2023
L400819,C102804,Personal,133083.31,7.13,Active,03-10-2024
L400820,C103299,Personal,629875.69,11.28,Closed,07-10-2025
L400821,C103875,Auto,844813.96,8.37,Active,17-05-2026
L400822,C100640,Home,701225.28,8.73,Closed,24-11-2024
L400823,C103541,Personal,992072.6,8.27,Active,04-11-2025
L400824,C102197,Personal,411060.22,12.65,Active,03-03-2026
L400825,C101566,Home,101768.92,13.92,Active,14-04-2024
L400826,C100472,Personal,602932.32,12.02,Active,01-07-2025
L400827,C101951,Personal,344475.72,10.75,Rejected,12-10-2025
L400828,C104429,Personal,229522.77,14.94,Rejected,01-06-2023
L400829,C102746,Auto,746790.07,9.31,Active,18-03-2024
L400830,C104477,Home,735538.78,12.54,Closed,13-06-2025
L400831,C102118,Home,549805.57,7.53,Closed,12-05-2026
L400832,C100036,Personal,411232.9,13.35,Active,30-01-2026
L400833,C101725,Personal,483108.32,15.15,Closed,12-01-2025
L400834,C104512,Home,597130.42,10.18,Active,27-08-2024
L400835,C103369,Personal,306368.64,8.74,Active,08-01-2026
L400836,C101433,Home,962554.66,9.5,Active,17-03-2026
L400837,C100382,Education,1184956.5,9.78,Closed,17-03-2026
L400838,C104189,Home,641322.71,11.07,Closed,21-11-2025
L400839,C101950,Home,410971.84,7.1,Active,16-05-2025
L400840,C103320,Business,1108915.5,11.08,Active,11-02-2023
L400841,C103500,Personal,1137093.56,13.71,Active,08-11-2024
L400842,C101677,Personal,1450457.41,9.71,Active,01-12-2023
L400843,C102875,Personal,539530.38,14.22,Rejected,13-08-2025
L400844,C100332,Home,551315.04,9.71,Active,23-06-2025
L400845,C104867,Home,323625.62,12.69,Rejected,08-10-2025
L400846,C104846,Personal,825109.93,12.81,Active,22-07-2024
L400847,C101040,Education,645531,14.84,Rejected,08-12-2023
L400848,C104494,Home,798635.52,13.21,Active,09-03-2025
L400849,C104757,Home,115867.74,14.83,Closed,07-09-2025
L400850,C104581,Personal,309919.47,14.83,Active,03-01-2023
L400851,C100125,Business,305767.31,11.02,Closed,22-11-2024
L400852,C100823,Education,387123.55,8.29,Closed,14-04-2023
L400853,C100837,Home,318002.23,14.06,Active,23-06-2024
L400854,C103803,Education,452049.42,11.43,Closed,01-11-2025
L400855,C104629,Personal,222808.88,10.54,Active,12-10-2023
L400856,C101237,Auto,1146631.12,15.15,Closed,09-06-2024
L400857,C101809,Business,142586.65,11.75,Active,25-07-2024
L400858,C101246,Personal,1289978.1,8.19,Closed,21-12-2023
L400859,C103896,Business,124293.11,12.35,Active,16-06-2025
L400860,C104730,Auto,558570.82,11.77,Rejected,19-03-2025
L400861,C100265,Business,223795.79,14.25,Active,15-01-2024
L400862,C102593,Home,1386112.34,15.28,Closed,04-03-2025
L400863,C102271,Home,749682.83,10.61,Active,23-07-2025
L400864,C102618,Home,793817.28,12.54,Active,16-02-2025
L400865,C103954,Business,1667313.15,14.96,Active,09-04-2026
L400866,C102507,Auto,153510.11,8.27,Active,25-09-2024
L400867,C104019,Home,490771.69,7.18,Active,13-07-2023
L400868,C100196,Auto,382845.96,10.7,Active,07-11-2025
L400869,C102290,Personal,393447.03,11.54,Closed,22-02-2025
L400870,C103220,Business,855877.68,8.01,Closed,26-04-2024
L400871,C103153,Education,707590.71,8.14,Active,14-06-2026
L400872,C100121,Business,335891.29,10.61,Active,03-11-2024
L400873,C103270,Personal,506110.45,14.56,Closed,13-01-2025
L400874,C102925,Personal,272972.65,8.3,Closed,16-08-2024
L400875,C100147,Personal,386261.43,13.29,Active,27-11-2024
L400876,C101700,Personal,824022.9,9.14,Active,14-12-2023
L400877,C101121,Personal,455870.94,8.98,Active,31-08-2024
L400878,C103434,Personal,491348.46,14.91,Closed,06-03-2025
L400879,C101673,Personal,927031.52,14.06,Active,05-06-2026
L400880,C104884,Personal,60095.66,12.42,Active,23-02-2024
L400881,C103733,Home,266347.27,7.89,Active,16-12-2025
L400882,C101000,Business,350173.54,11.69,Active,05-02-2024
L400883,C103662,Personal,329610.87,12.8,Active,24-07-2023
L400884,C102788,Home,923547.1,8.75,Closed,21-06-2026
L400885,C102406,Auto,219821.11,9.45,Active,21-09-2025
L400886,C104402,Personal,133412.22,8.69,Closed,26-10-2024
L400887,C101695,Education,65967.65,15.47,Closed,30-05-2025
L400888,C101882,Personal,1598943.3,15.41,Active,05-03-2026
L400889,C101189,Home,697109.44,11.1,Closed,08-04-2025
L400890,C104044,Personal,529539.07,7.05,Closed,07-06-2026
L400891,C102243,Education,1576937.99,8.81,Defaulted,08-03-2024
L400892,C104111,Auto,413086.43,15.33,Active,22-02-2023
L400893,C102894,Home,954369.17,13.05,Closed,29-01-2023
L400894,C100533,Auto,887125.6,10.46,Defaulted,28-03-2026
L400895,C102033,Personal,105625.73,12.65,Closed,26-05-2025
L400896,C100828,Personal,1550159.21,14.55,Active,13-05-2025
L400897,C104647,Home,373152.79,7.88,Closed,20-06-2026
L400898,C103557,Home,630533.82,8.66,Active,24-12-2024
L400899,C104394,Personal,574738.85,11.66,Active,14-11-2024
L400900,C100048,Auto,904359.28,13.08,Active,30-10-2023
L400901,C101851,Auto,191279.52,7.15,Active,28-05-2026
L400902,C102020,Auto,457802.89,7.22,Rejected,20-08-2025
L400903,C104547,Education,195943.37,9.62,Closed,23-09-2023
L400904,C104934,Personal,303611,13.67,Active,19-05-2025
L400905,C104036,Personal,1905201.14,13.95,Closed,11-06-2024
L400906,C104728,Education,320510.08,11.78,Active,10-02-2024
L400907,C102630,Auto,1389253.01,8.13,Active,20-02-2025
L400908,C104974,Auto,131474.97,7.75,Closed,26-12-2025
L400909,C101467,Home,1363998.28,8.1,Active,17-07-2024
L400910,C103534,Home,663402.25,13.54,Closed,16-05-2026
L400911,C104214,Home,502353.78,8.4,Rejected,19-04-2026
L400912,C102395,Auto,900402.29,15.38,Active,26-11-2023
L400913,C102809,Home,872446.78,11.19,Closed,23-07-2023
L400914,C102329,Home,562679.53,14.31,Closed,02-08-2025
L400915,C102771,Personal,1133246.14,14.32,Rejected,13-09-2024
L400916,C100288,Business,819781.19,8.77,Rejected,21-05-2024
L400917,C104928,Personal,270287.09,11.79,Active,03-11-2025
L400918,C104152,Education,766674.78,8.74,Active,08-05-2025
L400919,C103732,Education,535079.35,9.34,Defaulted,12-09-2025
L400920,C101212,Auto,327162.51,13.68,Active,19-07-2023
L400921,C104805,Home,355538.03,11.07,Rejected,04-10-2025
L400922,C102616,Education,1754306.82,14.04,Closed,13-12-2025
L400923,C101356,Personal,398380.39,10.95,Rejected,16-03-2023
L400924,C104203,Business,225643.15,14.53,Active,16-05-2026
L400925,C100873,Home,494572.59,8.05,Closed,05-09-2024
L400926,C104915,Business,396573.47,10.6,Closed,21-11-2025
L400927,C101007,Home,493854.32,7.14,Active,14-02-2025
L400928,C100852,Auto,640841.72,12.32,Rejected,18-08-2025
L400929,C103278,Auto,353320.35,8.48,Active,14-06-2026
L400930,C100813,Personal,1002102.17,8.68,Defaulted,12-11-2025
L400931,C103481,Education,537815.44,7.01,Closed,26-07-2023
L400932,C100400,Business,859388.29,7,Rejected,01-05-2023
L400933,C101992,Home,1087804.31,10.13,Closed,12-04-2025
L400934,C102416,Home,355655.12,10.77,Closed,31-03-2025
L400935,C103640,Auto,445687.55,13.67,Active,17-03-2025
L400936,C100169,Personal,1015648.97,15.33,Closed,16-04-2024
L400937,C100077,Home,382285.51,14.59,Active,27-10-2023
L400938,C102027,Auto,207053.08,12.87,Defaulted,11-05-2023
L400939,C100353,Auto,107684.24,15.01,Active,20-04-2024
L400940,C100081,Auto,319936.14,13.96,Closed,27-06-2024
L400941,C100134,Education,615725.91,8.13,Active,18-04-2024
L400942,C103968,Business,1566167.57,11.79,Active,03-03-2026
L400943,C102380,Education,444937.07,8.14,Rejected,03-03-2023
L400944,C101932,Education,533590.94,14.3,Active,24-06-2026
L400945,C102951,Home,315779.58,10.5,Active,03-02-2025
L400946,C103273,Business,451205.44,14.82,Closed,05-01-2023
L400947,C104635,Home,689588.7,10.39,Active,04-03-2025
L400948,C100068,Auto,727732.39,7.89,Closed,17-04-2025
L400949,C103295,Personal,613166.6,10.82,Closed,02-02-2026
L400950,C104424,Business,615166.43,14.14,Active,22-01-2024
L400951,C101069,Personal,456020.77,8.89,Active,09-01-2026
L400952,C103002,Business,442679.24,12.02,Active,21-01-2023
L400953,C100210,Home,603246.1,8.38,Rejected,05-01-2025
L400954,C104782,Auto,1666257.23,14.49,Closed,01-11-2025
L400955,C100761,Personal,525939.21,10.09,Closed,22-10-2024
L400956,C100435,Home,316443.75,15.41,Active,13-05-2025
L400957,C104024,Business,1135177.52,7.93,Rejected,20-05-2026
L400958,C104559,Auto,420191.83,13.74,Closed,10-03-2025
L400959,C100272,Personal,162552.93,12.24,Closed,27-12-2023
L400960,C104128,Personal,725638.23,13.33,Defaulted,26-11-2024
L400961,C102252,Personal,413513.3,8.31,Closed,23-04-2026
L400962,C100282,Education,368980.51,14.1,Active,27-05-2026
L400963,C101436,Personal,2004502.19,11.1,Active,19-03-2026
L400964,C100624,Business,556988.18,9.69,Closed,08-04-2024
L400965,C100241,Home,445132.82,7.23,Closed,16-09-2025
L400966,C103443,Personal,1411981.41,14.84,Active,29-03-2023
L400967,C103149,Education,93845.37,15.5,Active,18-06-2023
L400968,C104622,Home,113690.48,10.1,Active,16-11-2024
L400969,C100249,Education,697416.52,13.82,Closed,26-02-2024
L400970,C103650,Personal,545060.42,9.85,Active,10-06-2024
L400971,C101175,Home,1281795.4,12.6,Closed,13-10-2025
L400972,C103460,Home,437693.51,8.14,Rejected,30-08-2024
L400973,C101503,Business,1233505.58,14.71,Active,04-01-2023
L400974,C100936,Home,1720627.85,7.74,Closed,12-07-2025
L400975,C103718,Auto,471494.56,14.92,Closed,24-11-2025
L400976,C102583,Home,1118084.1,10.45,Active,15-05-2024
L400977,C102269,Auto,163240.63,10.05,Active,31-05-2023
L400978,C101428,Personal,935830.37,7.8,Active,19-02-2026
L400979,C104962,Personal,1259899.81,13.97,Closed,27-03-2025
L400980,C100982,Business,563513.09,15,Closed,29-03-2026
L400981,C101630,Auto,159237.45,12.36,Active,03-03-2024
L400982,C103742,Home,728931.95,13.62,Active,11-01-2026
L400983,C102398,Home,424591.68,15.45,Closed,30-10-2024
L400984,C100455,Personal,389955.97,13.67,Active,24-07-2023
L400985,C103301,Education,219980.35,7.69,Closed,10-04-2024
L400986,C104348,Personal,466060.6,8.4,Active,15-06-2026
L400987,C101764,Auto,1681110.78,14.29,Rejected,18-08-2023
L400988,C102725,Personal,236344.98,9.5,Active,29-06-2023
L400989,C103366,Personal,245110.6,12.36,Active,02-05-2026
L400990,C103865,Business,416292,14.13,Closed,29-07-2025
L400991,C101657,Personal,211392.38,8.1,Active,23-11-2025
L400992,C100747,Personal,1169412.09,12.08,Active,03-05-2025
L400993,C103787,Business,509536.52,10.78,Active,01-07-2023
L400994,C104246,Auto,330142.93,7.27,Rejected,13-05-2025
L400995,C101514,Personal,293178.95,10.29,Active,21-05-2026
L400996,C104907,Home,568346.64,10.13,Rejected,20-02-2026
L400997,C102092,Personal,196013.56,11.54,Active,22-07-2025
L400998,C101213,Auto,311095.63,14.44,Active,15-08-2025
L400999,C104793,Home,288288.76,10.49,Active,14-05-2023
L401000,C100181,Home,1268414.63,9.25,Closed,16-01-2023
L401001,C103874,Personal,1397931.14,9.12,Rejected,03-04-2026
L401002,C100677,Business,512455.94,9.7,Active,27-06-2023
L401003,C104885,Home,489587.62,14.34,Rejected,04-01-2024
L401004,C100483,Home,700293.66,9.5,Active,28-09-2024
L401005,C104756,Personal,722936.56,7.17,Closed,24-05-2023
L401006,C103601,Personal,1565363.89,7.75,Active,08-08-2023
L401007,C101192,Personal,172070.43,7.98,Closed,22-01-2025
L401008,C104473,Personal,765713.59,10.49,Closed,27-06-2023
L401009,C103888,Personal,494068.23,9.35,Closed,01-02-2024
L401010,C103372,Home,975250.71,12.39,Closed,28-10-2023
L401011,C104250,Home,165099.17,15.25,Active,30-05-2024
L401012,C100092,Personal,326584.57,10.07,Closed,23-01-2023
L401013,C101068,Education,383711.78,8.33,Active,07-11-2023
L401014,C102194,Personal,314097.7,10.76,Rejected,05-07-2024
L401015,C103452,Auto,469331.05,10.26,Closed,06-07-2024
L401016,C101973,Auto,1173135.47,11.94,Rejected,19-01-2025
L401017,C100638,Education,292286.71,9.17,Closed,23-05-2023
L401018,C104909,Personal,185336.22,13.88,Active,11-02-2024
L401019,C100128,Personal,183666.44,7.75,Closed,30-01-2025
L401020,C102726,Personal,395721.29,9.5,Closed,24-02-2024
L401021,C102838,Auto,917611.89,7.99,Closed,17-02-2025
L401022,C102947,Personal,883409.48,13.91,Active,20-03-2026
L401023,C104181,Auto,129601.43,9.24,Closed,07-04-2025
L401024,C103213,Auto,602557.28,13.79,Active,30-04-2023
L401025,C100964,Education,301254.62,14.17,Closed,09-01-2025
L401026,C100952,Auto,1407544.05,13.5,Active,20-09-2025
L401027,C103844,Home,519794.88,14.24,Closed,04-05-2026
L401028,C103697,Auto,692418.32,9.12,Closed,11-04-2023
L401029,C102353,Business,492049.75,8.22,Active,11-02-2025
L401030,C101632,Home,995349.07,10.69,Closed,01-01-2024
L401031,C103260,Education,353785.29,13.2,Rejected,19-05-2023
L401032,C102156,Personal,146534.87,11.11,Closed,20-04-2025
L401033,C104982,Home,888233.52,12.28,Active,09-12-2025
L401034,C104819,Business,286351.86,15.41,Active,13-01-2025
L401035,C101554,Business,1407865.49,9.61,Active,24-01-2023
L401036,C103722,Auto,252604.42,15.46,Active,15-09-2025
L401037,C101913,Home,791804.12,9.34,Active,11-03-2025
L401038,C100982,Home,2923520.02,8.62,Active,31-03-2026
L401039,C100865,Personal,764354.72,9.3,Active,03-06-2025
L401040,C102995,Education,129806.63,12.42,Closed,23-06-2024
L401041,C100559,Home,483084.87,7.29,Active,16-04-2025
L401042,C104771,Business,79433.57,15.34,Active,09-11-2025
L401043,C102541,Personal,405312.58,9.35,Closed,19-11-2025
L401044,C101933,Home,510984.03,8.3,Active,22-08-2024
L401045,C103539,Business,392472.53,13.54,Active,31-05-2023
L401046,C101001,Education,1804053.69,13.42,Active,03-04-2026
L401047,C101444,Personal,893363.32,11.96,Active,16-02-2026
L401048,C100958,Auto,1446342.55,12.37,Active,19-08-2023
L401049,C103573,Personal,683574.78,14.09,Rejected,11-08-2024
L401050,C102793,Personal,525841.2,12.74,Active,18-02-2025
L401051,C104226,Personal,855143.66,11.22,Closed,17-02-2025
L401052,C100292,Personal,614984.3,7.58,Active,12-04-2024
L401053,C101020,Personal,602969.96,15.1,Rejected,02-03-2024
L401054,C103060,Auto,1308823.37,15.23,Active,03-11-2023
L401055,C101163,Home,858237.67,8.58,Active,11-05-2025
L401056,C103878,Personal,580702.35,12.28,Rejected,26-02-2025
L401057,C103424,Auto,866075.22,11.57,Closed,16-01-2026
L401058,C101827,Business,817644.96,13.77,Closed,17-06-2024
L401059,C103897,Education,437548.14,8.39,Active,03-12-2024
L401060,C100628,Business,867351.62,8.09,Closed,07-02-2025
L401061,C102853,Personal,533957.3,14.83,Defaulted,08-05-2026
L401062,C104632,Home,742404.22,12.53,Closed,08-06-2025
L401063,C103943,Auto,1081239.01,14.78,Active,22-08-2023
L401064,C104307,Auto,555266.5,15.43,Active,14-11-2023
L401065,C102099,Business,1046829.31,7.06,Closed,17-02-2023
L401066,C102787,Personal,218845.47,10.73,Active,31-08-2024
L401067,C103699,Home,663661.7,12.15,Active,04-09-2023
L401068,C103260,Home,290376.01,9.15,Closed,06-01-2026
L401069,C100151,Personal,481265.2,13.5,Active,18-02-2026
L401070,C103827,Personal,3934471.37,14.67,Closed,04-05-2026
L401071,C101032,Home,484528.03,12.75,Closed,02-12-2023
L401072,C103118,Education,1680550.18,14.42,Closed,03-09-2025
L401073,C101663,Home,249996.26,10.57,Closed,26-08-2024
L401074,C101127,Personal,610219.18,11.83,Closed,09-09-2025
L401075,C101531,Personal,343001.28,11.27,Closed,29-04-2023
L401076,C101620,Education,460604.29,10.85,Active,15-05-2025
L401077,C102426,Home,52064.66,13.51,Closed,02-05-2024
L401078,C101886,Personal,186994.96,8.43,Closed,02-02-2024
L401079,C103819,Home,211725.05,12.17,Active,08-09-2025
L401080,C101748,Business,697121.06,8.8,Active,22-05-2026
L401081,C104522,Personal,249975.11,10.73,Closed,10-03-2023
L401082,C104541,Auto,346461.94,7.42,Active,24-10-2024
L401083,C101479,Auto,758496.11,13.89,Rejected,13-05-2024
L401084,C100967,Home,764053.52,7.1,Active,16-06-2024
L401085,C102737,Personal,776865.49,7.3,Active,06-11-2023
L401086,C102429,Business,491730.87,15.38,Closed,04-11-2023
L401087,C100337,Personal,487442.72,15.28,Closed,22-01-2026
L401088,C103220,Business,451146.4,15.04,Rejected,06-02-2024
L401089,C104132,Personal,386535.71,11.96,Active,23-02-2026
L401090,C104427,Home,1402417.06,10.37,Active,06-05-2023
L401091,C100001,Auto,137976.32,15.41,Active,05-09-2023
L401092,C103162,Education,484321.72,11.68,Active,30-10-2025
L401093,C102318,Business,775677.26,13.3,Rejected,05-02-2024
L401094,C102612,Home,763981.99,7.73,Active,22-04-2025
L401095,C100988,Business,458295.85,9.34,Rejected,21-05-2024
L401096,C100015,Personal,1019874.55,7.59,Rejected,12-04-2025
L401097,C101893,Education,142535.95,13.78,Closed,08-03-2025
L401098,C103885,Auto,912032.63,11.04,Closed,19-08-2025
L401099,C100464,Education,879464.08,12.18,Active,06-09-2023
L401100,C102758,Education,194381.63,8.6,Active,10-04-2023
L401101,C101836,Home,134703.37,7.04,Active,06-01-2023
L401102,C100060,Auto,1252793.87,11.28,Closed,18-01-2023
L401103,C103231,Education,389524.56,14.66,Closed,21-08-2023
L401104,C102174,Education,221841.94,9.94,Active,17-09-2024
L401105,C103880,Home,1047732.33,15.29,Closed,21-03-2024
L401106,C101825,Auto,564584.01,10.71,Closed,08-04-2025
L401107,C103595,Auto,572532.64,12.28,Rejected,05-12-2024
L401108,C103153,Home,1421121.05,14.02,Active,22-12-2025
L401109,C102371,Business,498286.61,11.34,Closed,22-12-2025
L401110,C104412,Personal,507804.28,14.38,Active,05-03-2023
L401111,C101893,Auto,1242197.48,9.04,Closed,26-08-2025
L401112,C100271,Auto,143032.49,13.33,Rejected,02-08-2025
L401113,C100495,Education,752483.96,14.47,Closed,19-02-2023
L401114,C104144,Business,539387.31,7.97,Active,13-05-2025
L401115,C100129,Business,884853.88,7.47,Rejected,01-02-2026
L401116,C103695,Education,380971.49,9.26,Active,04-06-2023
L401117,C104687,Education,311714.28,7.26,Active,21-03-2025
L401118,C102479,Personal,965724.82,13.24,Active,03-06-2026
L401119,C100207,Business,436174.28,12.43,Rejected,20-05-2023
L401120,C102197,Home,332543.52,10.74,Active,19-11-2023
L401121,C100346,Home,269115.09,14.49,Active,17-11-2025
L401122,C100301,Personal,305389.42,14.31,Defaulted,08-09-2024
L401123,C102132,Personal,890091.3,7.05,Active,11-10-2024
L401124,C103559,Home,220908.35,13.91,Closed,01-08-2023
L401125,C103960,Education,517126.05,8.6,Closed,26-05-2023
L401126,C102972,Education,255141.93,14.35,Active,30-03-2023
L401127,C104428,Auto,339099.39,7.22,Rejected,19-03-2026
L401128,C100701,Business,2374713.76,10.78,Closed,10-08-2023
L401129,C104779,Personal,125525.06,12.62,Active,03-12-2023
L401130,C103014,Business,202960.13,8.36,Closed,08-01-2023
L401131,C102739,Home,582378.61,7.32,Rejected,19-12-2023
L401132,C101582,Personal,186024.69,15.02,Closed,28-09-2023
L401133,C101428,Personal,254287.12,10.55,Active,01-04-2025
L401134,C103034,Personal,1254923.22,7.48,Active,23-11-2025
L401135,C100881,Auto,433832.34,7.21,Active,03-03-2025
L401136,C101733,Home,169413.36,9.81,Closed,25-04-2024
L401137,C103202,Auto,1258844.1,11.87,Defaulted,12-03-2024
L401138,C104121,Education,130578.55,11.29,Rejected,10-05-2025
L401139,C103730,Auto,367923.94,15.02,Active,02-01-2025
L401140,C100869,Education,1192386.42,14.17,Active,15-07-2025
L401141,C103218,Auto,367289.09,11.69,Rejected,12-08-2024
L401142,C102187,Auto,177010.6,14.08,Closed,29-01-2023
L401143,C103847,Education,2198410.81,7.1,Active,30-04-2023
L401144,C104375,Auto,120859.47,14.35,Active,04-09-2025
L401145,C100432,Auto,695582.95,9.96,Closed,16-12-2024
L401146,C100518,Personal,620194.63,13.78,Closed,23-05-2025
L401147,C103782,Education,1075698.28,8.38,Active,08-03-2023
L401148,C102346,Business,226758.43,14.6,Active,18-12-2023
L401149,C101686,Home,1625000.98,13.49,Active,21-12-2023
L401150,C100724,Business,1905670.94,7.05,Closed,29-06-2023
L401151,C104569,Personal,537330.82,11.21,Active,04-04-2023
L401152,C101961,Personal,165010.31,9.56,Closed,13-10-2025
L401153,C100279,Personal,496451.46,13.99,Rejected,17-01-2023
L401154,C100586,Home,283521.06,12.12,Defaulted,24-04-2023
L401155,C103584,Business,282622.53,15.14,Active,05-08-2023
L401156,C100300,Personal,289765.08,11.19,Active,16-09-2024
L401157,C101473,Home,841922.45,13.78,Active,01-06-2025
L401158,C101626,Home,359460.06,9.92,Closed,27-02-2024
L401159,C101908,Business,299822.59,12.49,Rejected,13-09-2024
L401160,C102028,Business,563665.05,12.5,Active,21-01-2025
L401161,C103715,Personal,437655.08,7.23,Rejected,12-03-2025
L401162,C100972,Personal,515794.17,10.41,Active,07-01-2025
L401163,C102091,Education,215947.81,12.65,Closed,25-02-2024
L401164,C101465,Auto,1021536.52,9.41,Closed,26-05-2024
L401165,C100641,Education,445973.51,10.23,Closed,09-03-2024
L401166,C100095,Business,367182.56,7.27,Rejected,05-12-2024
L401167,C104586,Personal,644759.21,8.46,Closed,07-01-2024
L401168,C100529,Personal,294293.74,14.84,Active,24-06-2026
L401169,C104981,Auto,408078.89,11.46,Closed,18-01-2023
L401170,C100504,Personal,811164.77,7.87,Active,01-03-2024
L401171,C102013,Business,584997.13,7.23,Active,25-08-2023
L401172,C101821,Personal,158745.26,8.97,Defaulted,15-09-2025
L401173,C101256,Personal,1302924.67,10.45,Closed,21-04-2026
L401174,C103429,Personal,119913.44,8.43,Closed,06-08-2023
L401175,C102466,Business,341509.39,7.98,Rejected,29-08-2023
L401176,C104874,Home,174082.2,12.82,Rejected,01-04-2024
L401177,C100188,Business,847081.81,9.04,Active,10-04-2024
L401178,C101455,Personal,279059.51,8.48,Active,08-02-2024
L401179,C100304,Home,445401.97,14.78,Active,01-09-2023
L401180,C103117,Education,400832.07,10.48,Active,20-02-2026
L401181,C102698,Home,366050.65,11.8,Closed,03-06-2023
L401182,C100094,Education,559204.45,10.81,Active,10-06-2023
L401183,C103675,Home,453894.35,8.84,Active,03-07-2025
L401184,C103953,Home,214395.92,11.52,Active,29-06-2025
L401185,C100985,Personal,562483.44,8.18,Closed,10-11-2023
L401186,C102108,Business,479585.39,14.69,Closed,23-02-2024
L401187,C103857,Personal,392264.91,9.82,Rejected,02-02-2023
L401188,C104412,Education,488123.96,10.67,Closed,30-03-2024
L401189,C102335,Education,464231.99,11.31,Active,28-01-2023
L401190,C103401,Auto,1130182.72,12.23,Active,20-06-2025
L401191,C101300,Personal,1754381.02,13.62,Active,19-02-2023
L401192,C102151,Home,1208641.08,12.76,Active,19-03-2025
L401193,C100953,Auto,234424.17,12.41,Active,23-11-2024
L401194,C100522,Personal,293670.37,7.32,Active,31-07-2025
L401195,C100715,Personal,259598.94,8.21,Closed,28-03-2024
L401196,C102658,Auto,1498873.55,10.43,Rejected,15-03-2023
L401197,C100327,Business,253439.23,7.18,Closed,09-01-2025
L401198,C100591,Personal,165614.64,15.19,Closed,01-01-2026
L401199,C103088,Personal,845385.1,10.46,Closed,10-09-2025
L401200,C101176,Personal,272142.53,7.12,Active,04-01-2026
L401201,C101937,Auto,921418.71,12.84,Closed,26-07-2025
L401202,C100678,Auto,377606.29,12.5,Defaulted,11-01-2026
L401203,C101847,Education,473892.5,15.35,Closed,26-04-2024
L401204,C104752,Home,204973.51,8.45,Closed,23-03-2026
L401205,C100075,Personal,982673.34,8.34,Closed,20-09-2023
L401206,C100701,Home,440870.18,10.57,Rejected,13-06-2025
L401207,C100880,Business,390043.63,14.73,Active,18-04-2026
L401208,C103883,Business,405630.79,11.63,Closed,02-11-2024
L401209,C103179,Auto,537930.45,10.7,Rejected,17-07-2024
L401210,C102109,Business,469954.75,8.13,Rejected,29-05-2025
L401211,C101604,Business,388211.13,11.02,Active,25-10-2024
L401212,C102954,Personal,598091.41,12.65,Active,28-01-2023
L401213,C103180,Personal,644544.38,14.69,Active,08-11-2025
L401214,C102319,Home,987974.48,10.53,Defaulted,29-09-2025
L401215,C101679,Auto,317331.41,9.69,Active,18-12-2024
L401216,C104544,Personal,165496.73,8.58,Active,12-12-2025
L401217,C103912,Personal,500559.28,12.49,Closed,04-01-2025
L401218,C103249,Home,452137.32,10.34,Active,18-11-2023
L401219,C102328,Personal,260349.61,14.9,Closed,23-05-2023
L401220,C103504,Personal,275620.57,10.6,Closed,06-08-2023
L401221,C104588,Home,1610367.61,14.1,Active,21-10-2023
L401222,C103611,Auto,684468.16,10.35,Closed,29-06-2024
L401223,C103745,Business,5000000,8.15,Closed,19-10-2025
L401224,C100527,Personal,469016.46,14.73,Rejected,25-05-2026
L401225,C103756,Personal,706939.16,8.26,Closed,28-10-2023
L401226,C104627,Business,379251.6,10.22,Closed,04-05-2026
L401227,C102178,Auto,407706.33,9.49,Rejected,01-09-2024
L401228,C103037,Personal,653648.79,13.73,Active,12-03-2026
L401229,C102694,Business,287427.04,8,Closed,01-12-2024
L401230,C104291,Auto,326587.04,11.37,Closed,13-07-2024
L401231,C102830,Business,150978.81,14.68,Active,17-10-2025
L401232,C102546,Auto,724105.52,10.52,Rejected,05-02-2026
L401233,C104552,Auto,434513.99,15.12,Active,12-08-2025
L401234,C101460,Auto,2638054.63,13.91,Active,29-07-2024
L401235,C102736,Home,175360.53,7.79,Closed,17-03-2025
L401236,C104034,Education,382014.53,10.45,Rejected,06-10-2023
L401237,C100683,Education,1762223.24,8.8,Active,08-11-2025
L401238,C102698,Business,424236.25,13.93,Closed,15-11-2023
L401239,C102654,Auto,485981,14.68,Closed,29-07-2024
L401240,C102098,Auto,1195307.6,9.55,Active,29-03-2025
L401241,C101316,Home,246022.84,9.76,Active,13-06-2023
L401242,C102780,Home,497373.1,7.32,Active,31-01-2024
L401243,C103400,Personal,215675.73,9.02,Active,23-04-2024
L401244,C104018,Education,145706.29,8.89,Closed,18-06-2024
L401245,C100956,Personal,512156.3,8.17,Active,06-06-2023
L401246,C100733,Business,641098.46,9.49,Rejected,01-07-2023
L401247,C103712,Auto,278730.15,13.71,Active,23-04-2026
L401248,C103578,Business,465387.45,10.43,Active,20-03-2023
L401249,C103180,Personal,629250.49,10.75,Active,10-08-2023
L401250,C103301,Personal,166657.36,9,Active,19-04-2023
L401251,C104082,Personal,861070.69,14.57,Closed,17-04-2023
L401252,C100141,Home,712498.01,9.77,Rejected,23-03-2025
L401253,C104350,Personal,521938.89,8.74,Rejected,06-11-2024
L401254,C104110,Education,1535752.01,7.94,Active,12-04-2025
L401255,C101723,Auto,2391442.55,13.63,Closed,26-03-2023
L401256,C101841,Personal,218692.66,8.21,Closed,26-03-2024
L401257,C102630,Auto,844855.54,9.48,Closed,05-08-2025
L401258,C101467,Personal,1634297.1,13.89,Closed,19-02-2023
L401259,C102089,Personal,2712628.21,8.93,Active,26-01-2025
L401260,C103613,Auto,356214.06,8.03,Closed,09-10-2023
L401261,C100474,Business,263590.79,12.15,Closed,24-10-2024
L401262,C102321,Home,1757769.46,11.03,Closed,23-10-2023
L401263,C102847,Auto,160169.81,12.82,Rejected,10-04-2025
L401264,C100527,Personal,672050.79,13.09,Closed,09-09-2023
L401265,C102613,Personal,476962.49,12.43,Active,30-03-2024
L401266,C102382,Auto,1445709.3,8.08,Closed,16-04-2026
L401267,C100530,Home,229422.17,11.54,Active,27-02-2023
L401268,C102982,Home,331849.04,9.88,Active,08-08-2025
L401269,C103810,Auto,356660.65,13,Active,15-12-2025
L401270,C101909,Home,381101.83,13.76,Closed,05-01-2023
L401271,C104632,Auto,836269.11,8.38,Active,04-08-2023
L401272,C104905,Personal,1704368.87,10.46,Active,28-10-2023
L401273,C104476,Auto,335248.89,8.73,Active,12-05-2026
L401274,C104183,Personal,468774.59,13.86,Active,11-10-2025
L401275,C103343,Education,478975.76,8.03,Closed,21-04-2025
L401276,C102755,Auto,628719.68,14.11,Rejected,23-05-2025
L401277,C104233,Auto,807483.38,8.4,Closed,13-04-2023
L401278,C102297,Business,277692.85,11.01,Active,02-06-2025
L401279,C104188,Personal,1420598.62,14.43,Closed,23-10-2023
L401280,C103969,Auto,149162.07,14.64,Active,23-07-2024
L401281,C102349,Education,546014.48,7.62,Closed,04-12-2024
L401282,C101307,Personal,756812.99,8.85,Rejected,03-03-2025
L401283,C103421,Auto,162230.35,10.21,Closed,27-06-2026
L401284,C104451,Education,324248.18,12.67,Rejected,17-12-2025
L401285,C100852,Auto,361458.04,7.48,Defaulted,25-12-2024
L401286,C101706,Home,1760445.48,10.37,Active,22-07-2023
L401287,C103362,Personal,2151727.78,11.16,Active,01-11-2023
L401288,C102706,Personal,796914.14,10.44,Rejected,11-05-2026
L401289,C104172,Personal,321314.2,9.57,Closed,29-04-2023
L401290,C101021,Home,374981.34,11.73,Rejected,23-11-2024
L401291,C103839,Auto,588045.54,15.08,Rejected,01-11-2024
L401292,C103265,Home,1157554.58,11.23,Active,15-08-2025
L401293,C101478,Home,393591.09,12.01,Rejected,10-03-2025
L401294,C103110,Home,279970.64,12.93,Active,25-06-2023
L401295,C101070,Personal,358542.63,12.92,Closed,27-10-2024
L401296,C100318,Education,441866.06,12.35,Closed,08-06-2023
L401297,C102427,Home,503438.59,8.89,Active,03-06-2026
L401298,C103134,Personal,608518.71,10.41,Active,05-07-2025
L401299,C101706,Business,322825.71,10.56,Active,06-05-2023
L401300,C102815,Education,148568.39,7.16,Active,19-12-2024
L401301,C104724,Personal,181775,10.2,Active,22-08-2023
L401302,C103178,Home,529346.27,13.53,Rejected,31-03-2025
L401303,C102164,Auto,281107.29,13.06,Active,19-05-2024
L401304,C103031,Home,243333.33,10.69,Active,25-01-2026
L401305,C103070,Personal,267271.5,13.13,Defaulted,28-03-2026
L401306,C104075,Personal,511074.25,7.66,Closed,17-06-2023
L401307,C104115,Auto,2038804.16,10.48,Active,28-01-2025
L401308,C101784,Auto,292619.35,13.19,Closed,07-11-2025
L401309,C100289,Education,840020.88,10.52,Active,07-02-2024
L401310,C102529,Education,1860737.19,9.05,Active,05-02-2024
L401311,C104494,Personal,952593.02,13.46,Active,24-11-2023
L401312,C103581,Education,1710513.76,8.06,Closed,20-03-2026
L401313,C102222,Auto,615395.25,8.04,Closed,16-03-2025
L401314,C102250,Education,483568.22,8.78,Closed,10-03-2025
L401315,C100890,Home,669525.9,15.47,Active,26-04-2024
L401316,C101917,Auto,94525.69,7.25,Rejected,14-06-2026
L401317,C103937,Business,684625.63,8.32,Active,19-08-2023
L401318,C100580,Personal,486209.39,9.06,Defaulted,23-05-2023
L401319,C104537,Home,1091392.18,9.65,Closed,01-09-2024
L401320,C104124,Business,195786.4,9.13,Active,22-05-2025
L401321,C101566,Auto,352707.24,12.08,Closed,27-01-2023
L401322,C100487,Education,454844.61,8.66,Closed,17-09-2023
L401323,C101805,Auto,401060.27,7.25,Defaulted,14-09-2024
L401324,C101301,Home,252132.48,8.04,Closed,04-10-2024
L401325,C103446,Auto,181551.98,7.02,Active,13-05-2026
L401326,C104559,Home,442039.55,10.39,Closed,28-04-2024
L401327,C100547,Business,154869.07,9.65,Closed,15-02-2023
L401328,C101787,Home,269419.57,12.6,Active,06-11-2025
L401329,C100473,Home,555534.94,10.6,Active,19-10-2025
L401330,C100014,Home,264170.84,11.79,Active,30-05-2026
L401331,C100041,Business,325336.7,11.74,Active,04-12-2024
L401332,C100743,Auto,186191.08,8.79,Rejected,15-09-2023
L401333,C100494,Home,128586.64,10.31,Closed,02-05-2023
L401334,C101341,Auto,386370.45,14.51,Active,16-03-2024
L401335,C100786,Home,832591.97,7.43,Closed,12-07-2024
L401336,C100994,Education,87590.91,10.74,Rejected,02-03-2023
L401337,C100306,Business,135171.94,12.13,Closed,06-03-2026
L401338,C104076,Personal,1209865.72,8.9,Active,24-02-2026
L401339,C102538,Education,144189.34,11.5,Active,21-12-2023
L401340,C102099,Education,432268.93,10.16,Closed,03-05-2023
L401341,C101249,Personal,320372.69,13.04,Closed,08-08-2025
L401342,C103204,Business,2645796.83,14.76,Active,18-01-2023
L401343,C102318,Home,195611,14.76,Closed,23-04-2026
L401344,C103101,Personal,483910.81,9.08,Active,04-07-2025
L401345,C101379,Home,310416.78,12.27,Closed,16-06-2026
L401346,C100340,Personal,800235.36,15.2,Active,25-06-2026
L401347,C104448,Education,388164.58,9.73,Active,16-04-2026
L401348,C102834,Home,662818.88,12.13,Active,03-07-2025
L401349,C103117,Business,507569.4,9.81,Rejected,09-12-2023
L401350,C103748,Home,318082.46,7.54,Rejected,23-12-2024
L401351,C103076,Education,209142.56,10.61,Active,17-06-2026
L401352,C102323,Home,377315.43,11.91,Active,24-12-2023
L401353,C101442,Personal,500758.5,8.51,Closed,07-11-2024
L401354,C104877,Home,613763.53,10.61,Active,13-07-2025
L401355,C100071,Personal,169635.4,8.64,Rejected,18-01-2023
L401356,C104559,Education,150437.4,13.61,Closed,16-06-2025
L401357,C103513,Business,733327.69,13.44,Active,16-01-2023
L401358,C102707,Personal,326454.45,9.99,Active,29-05-2026
L401359,C103452,Education,439727.34,13.11,Active,23-11-2023
L401360,C103262,Personal,1724607.61,11.72,Rejected,29-01-2024
L401361,C102191,Personal,725099.14,8.03,Active,24-04-2026
L401362,C103276,Auto,737203.86,13.4,Active,12-04-2023
L401363,C100774,Home,1120897.1,9.05,Closed,14-07-2023
L401364,C101888,Home,472191.53,13.75,Active,17-09-2023
L401365,C104413,Home,662737.41,7.04,Closed,10-10-2024
L401366,C104850,Home,1505542.82,7.52,Closed,05-12-2025
L401367,C103555,Business,73569.13,12.19,Closed,12-04-2024
L401368,C100242,Auto,242190,11.99,Rejected,16-02-2024
L401369,C101316,Education,951863.82,11.08,Active,09-11-2023
L401370,C102333,Home,663679.33,7.72,Defaulted,11-05-2026
L401371,C102984,Home,689825.94,12.9,Active,10-10-2025
L401372,C101980,Business,163437.35,14.55,Active,04-10-2023
L401373,C103469,Business,1325829.55,8.05,Closed,06-08-2025
L401374,C104780,Auto,1042888.62,11.53,Closed,17-03-2023
L401375,C102747,Auto,523519.19,15.36,Closed,16-11-2023
L401376,C102482,Education,1631421.53,11.51,Closed,18-01-2023
L401377,C103714,Personal,1176983.51,11.72,Closed,19-09-2024
L401378,C100097,Education,157687.71,14.8,Active,15-07-2024
L401379,C101223,Home,602511.79,15.37,Rejected,02-06-2026
L401380,C100150,Education,389363.88,10.31,Closed,29-06-2024
L401381,C104526,Personal,980123.15,13.07,Closed,24-12-2024
L401382,C103808,Personal,989585.64,13.2,Closed,30-06-2023
L401383,C103876,Education,341889.68,7.5,Active,09-08-2024
L401384,C104440,Home,977341.1,8.31,Active,04-02-2023
L401385,C100917,Business,218717.43,10.37,Closed,26-06-2025
L401386,C100910,Business,749335.71,11.07,Defaulted,16-02-2024
L401387,C103015,Home,641074.1,13.4,Closed,16-08-2024
L401388,C100207,Personal,768177.08,14.71,Active,12-04-2024
L401389,C102854,Personal,594558.44,12.32,Active,01-05-2026
L401390,C102753,Auto,487307.39,13.28,Active,23-10-2025
L401391,C101407,Personal,1189361.18,9.36,Rejected,24-01-2025
L401392,C102824,Home,669375.63,10.1,Closed,07-02-2024
L401393,C101171,Auto,1092424.52,13.88,Active,18-03-2024
L401394,C101741,Education,141499.39,7.01,Active,27-09-2023
L401395,C102951,Personal,110712.31,10.61,Defaulted,14-03-2026
L401396,C104935,Home,3488560.93,12.36,Defaulted,03-01-2026
L401397,C104391,Education,1920056.82,12.65,Rejected,19-08-2024
L401398,C103998,Auto,801191.85,7.34,Closed,16-10-2025
L401399,C101322,Education,285654.28,11.69,Active,01-04-2024
L401400,C104192,Auto,166407.96,14.8,Active,18-10-2025
L401401,C100363,Business,529956.48,9.21,Rejected,23-07-2023
L401402,C103015,Education,399092.37,10.3,Closed,18-04-2023
L401403,C104932,Business,836188.07,13.96,Rejected,29-04-2026
L401404,C104205,Personal,1977677.13,11.2,Defaulted,12-01-2024
L401405,C100300,Home,710300.75,13.9,Active,13-11-2025
L401406,C101193,Business,1823238,12.35,Active,27-01-2023
L401407,C103168,Personal,875942.13,10.46,Active,29-07-2024
L401408,C104579,Education,739367.63,14.6,Active,11-08-2024
L401409,C101131,Education,629424.99,14.38,Rejected,15-01-2025
L401410,C102126,Business,887661.22,12.78,Closed,22-09-2023
L401411,C102902,Auto,626682.79,14.38,Active,21-01-2025
L401412,C102231,Auto,133312.75,9.12,Closed,20-01-2025
L401413,C101705,Home,988408.24,7.34,Closed,01-01-2025
L401414,C100605,Business,431541.79,12.67,Closed,13-05-2024
L401415,C103832,Home,502182.86,13.16,Active,27-07-2025
L401416,C102732,Business,1583103.84,10.74,Closed,21-08-2023
L401417,C101356,Home,224437.2,13.94,Active,22-03-2026
L401418,C101633,Personal,159817.59,7.5,Active,23-01-2026
L401419,C101310,Home,666823.34,7.68,Rejected,08-11-2025
L401420,C100281,Personal,669665.06,14.24,Active,10-02-2023
L401421,C102343,Business,473580.26,13.23,Closed,31-07-2024
L401422,C104414,Personal,942755.07,15.31,Closed,11-06-2024
L401423,C101664,Business,795653.47,12.38,Closed,08-08-2023
L401424,C104526,Business,669853.98,8.72,Defaulted,12-08-2024
L401425,C100251,Personal,1044143.68,11.81,Closed,26-07-2023
L401426,C100470,Business,793229.84,9.97,Active,20-03-2025
L401427,C100291,Personal,173437.06,9.65,Rejected,25-01-2024
L401428,C100158,Auto,542719.17,13.44,Active,11-05-2026
L401429,C102327,Home,150962.45,15.25,Active,17-09-2025
L401430,C103914,Home,431830.61,15.4,Closed,27-01-2024
L401431,C102890,Personal,272395.47,12.7,Closed,12-06-2023
L401432,C102568,Business,680306.35,9.43,Active,01-03-2025
L401433,C103174,Home,182076.97,8.65,Active,27-06-2026
L401434,C102715,Home,591291.45,15.31,Active,30-01-2024
L401435,C102669,Personal,1825504.01,13.96,Rejected,04-05-2025
L401436,C101172,Home,959543.19,8.21,Closed,19-06-2023
L401437,C103654,Auto,478157.45,7.15,Closed,25-05-2023
L401438,C102278,Personal,541226.22,7.21,Active,29-08-2023
L401439,C104926,Education,157066.19,7.88,Rejected,31-05-2024
L401440,C101687,Home,152768.16,11.1,Active,13-11-2024
L401441,C103017,Auto,57284.32,10.86,Closed,24-02-2026
L401442,C104970,Personal,438818.47,7.54,Closed,03-04-2025
L401443,C104631,Home,228221.24,10.78,Active,14-02-2025
L401444,C103039,Personal,173174.27,9.25,Active,06-05-2026
L401445,C100496,Auto,1034805.17,10.11,Defaulted,21-12-2025
L401446,C101775,Home,411744.62,10.51,Closed,26-09-2024
L401447,C102115,Education,198627.03,9.96,Active,11-12-2025
L401448,C100450,Auto,356455.96,9.95,Active,03-07-2023
L401449,C101437,Education,159969.83,9.16,Rejected,22-04-2024
L401450,C101303,Personal,345615.7,15.26,Active,24-04-2023
L401451,C100345,Auto,395027.34,13.85,Rejected,20-07-2024
L401452,C100695,Auto,768606.88,13,Rejected,03-03-2024
L401453,C104562,Business,319245.84,14,Closed,04-03-2023
L401454,C102013,Home,354315.65,14.55,Rejected,09-12-2024
L401455,C103299,Personal,227941.83,14.16,Defaulted,22-01-2023
L401456,C100090,Business,273034.73,8.03,Active,28-10-2023
L401457,C101231,Home,718298.73,12.13,Rejected,29-03-2024
L401458,C100583,Auto,441691.01,9.79,Active,07-11-2023
L401459,C103992,Personal,580651.9,13.27,Closed,16-12-2025
L401460,C101473,Auto,388217.55,11.55,Closed,31-01-2023
L401461,C101584,Personal,315915.54,10.88,Active,13-05-2024
L401462,C100852,Home,111747.27,13.97,Defaulted,08-08-2023
L401463,C100277,Home,304411.47,7.48,Closed,26-09-2025
L401464,C102285,Business,61626.03,14.19,Closed,16-11-2025
L401465,C103593,Personal,389175.54,11.86,Closed,02-06-2023
L401466,C104772,Education,548217.15,8.85,Rejected,28-11-2025
L401467,C101338,Business,644542.65,7.42,Defaulted,24-03-2024
L401468,C101031,Personal,593186.33,12.3,Rejected,12-03-2023
L401469,C100956,Home,540837.06,7.21,Active,12-03-2025
L401470,C100931,Business,722633.66,8.48,Closed,18-08-2025
L401471,C101731,Personal,755924.63,12.47,Closed,27-09-2023
L401472,C101015,Home,457862.82,9.41,Active,29-01-2025
L401473,C104416,Auto,300789.45,10.55,Closed,12-08-2024
L401474,C100419,Auto,438556.67,7.6,Closed,10-01-2024
L401475,C102697,Business,2006539.95,10.13,Rejected,13-10-2023
L401476,C102564,Home,576261.08,7.32,Active,24-12-2025
L401477,C104385,Auto,184556.26,9.57,Active,13-12-2024
L401478,C101484,Auto,341585.82,7.24,Closed,01-07-2023
L401479,C101412,Personal,478707.43,9.44,Closed,28-02-2023
L401480,C104514,Auto,1037056.05,10.53,Active,06-03-2024
L401481,C104579,Personal,389028.13,14.21,Defaulted,13-07-2025
L401482,C102690,Home,116631.63,9.9,Closed,05-02-2025
L401483,C101620,Personal,664801.36,15.16,Closed,13-04-2025
L401484,C104446,Home,200883.17,9.77,Active,03-01-2023
L401485,C100682,Home,322393.12,13.46,Rejected,13-01-2025
L401486,C103767,Auto,363545.12,9.26,Closed,24-04-2024
L401487,C104851,Home,363138.26,10.87,Active,30-09-2024
L401488,C102438,Home,1795469.85,7.9,Rejected,01-10-2024
L401489,C102024,Education,151602.74,12.99,Closed,25-06-2024
L401490,C103420,Business,383058.12,10.1,Closed,03-05-2026
L401491,C102302,Business,1256753.8,10.77,Rejected,02-11-2023
L401492,C103348,Home,418665.76,13.54,Active,29-10-2023
L401493,C104100,Home,330425.57,8.1,Active,20-08-2025
L401494,C100429,Personal,936771.36,9.77,Active,27-12-2023
L401495,C101315,Home,556605.4,15.27,Active,09-07-2025
L401496,C103883,Education,128831.12,13.49,Active,07-04-2023
L401497,C102090,Business,1354934.21,14.06,Active,09-09-2025
L401498,C102906,Auto,685472.09,14.88,Closed,07-02-2023
L401499,C100133,Personal,594986.72,15.46,Active,04-09-2025
L401500,C101012,Personal,207665.15,15.15,Closed,04-11-2024
L401501,C102274,Home,1008572.01,14.24,Active,24-03-2024
L401502,C101769,Personal,456891.23,9.5,Active,08-02-2023
L401503,C102410,Business,220891.42,9.49,Closed,23-04-2023
L401504,C101687,Home,826547.07,10.14,Closed,09-04-2025
L401505,C100624,Home,210104.36,14.49,Closed,28-02-2023
L401506,C101372,Business,516427.24,7.7,Closed,23-10-2025
L401507,C100019,Business,445792.67,11.47,Active,27-07-2025
L401508,C101041,Personal,475800.94,8.57,Closed,22-01-2024
L401509,C101105,Education,119900.85,8.25,Closed,23-08-2024
L401510,C100332,Home,654484.03,13.44,Rejected,03-03-2026
L401511,C100268,Auto,284820.68,10.04,Active,18-08-2025
L401512,C101331,Education,800983.74,11.19,Active,30-04-2026
L401513,C102993,Personal,1006470.21,7.69,Active,16-06-2024
L401514,C100960,Auto,513769.59,9.53,Closed,12-04-2026
L401515,C104390,Business,1030791.12,8.97,Active,29-01-2026
L401516,C102101,Home,193805.73,11.04,Active,20-11-2024
L401517,C101123,Auto,455903.04,12.41,Active,04-03-2023
L401518,C103198,Auto,160413.73,8.41,Closed,24-06-2026
L401519,C100967,Business,225300.34,14.53,Active,16-02-2026
L401520,C104892,Auto,843257.57,11.17,Active,12-07-2025
L401521,C103451,Personal,424703.54,14.53,Active,01-12-2025
L401522,C102485,Personal,447175.75,9.55,Closed,15-09-2023
L401523,C100712,Personal,847265.17,13,Active,19-06-2025
L401524,C100479,Personal,1677896.21,11.96,Closed,26-04-2026
L401525,C100412,Home,403741.72,7.85,Active,09-01-2025
L401526,C102285,Personal,402091.33,8.13,Active,19-11-2025
L401527,C101427,Education,765887.85,14.05,Closed,14-04-2025
L401528,C104522,Business,175583.74,7.18,Active,19-02-2026
L401529,C100368,Education,403910.31,13.01,Active,08-05-2026
L401530,C101684,Personal,243681.93,10.81,Active,23-01-2024
L401531,C104176,Education,1702355.8,15.1,Active,31-03-2023
L401532,C103762,Home,637682.32,11.86,Active,11-05-2026
L401533,C100172,Education,223987.97,9.86,Closed,05-01-2023
L401534,C100071,Personal,791102.17,11.99,Closed,24-02-2024
L401535,C102984,Auto,208174.59,12.68,Closed,01-04-2026
L401536,C102116,Personal,668778.26,11.21,Active,16-02-2026
L401537,C103776,Education,2248222.92,14.99,Closed,01-02-2025
L401538,C100062,Home,332970.84,15.18,Closed,28-12-2025
L401539,C104503,Home,165246.77,10.82,Rejected,30-03-2025
L401540,C103055,Home,50000,7.53,Active,13-03-2023
L401541,C103874,Business,119124.21,11.07,Active,21-08-2025
L401542,C101599,Personal,623611.41,10.18,Defaulted,22-06-2024
L401543,C100232,Personal,1300055.54,9.1,Rejected,05-02-2025
L401544,C100391,Auto,536899.57,15.46,Closed,21-01-2026
L401545,C100926,Personal,451864.42,7.96,Closed,24-06-2026
L401546,C101581,Home,452254.84,14.34,Rejected,20-07-2025
L401547,C104127,Personal,1471619.68,8.55,Active,03-06-2024
L401548,C103940,Personal,505730.45,9.91,Rejected,29-11-2024
L401549,C103130,Personal,211594.07,7.92,Active,23-06-2025
L401550,C101937,Home,218334.95,7.02,Active,27-11-2025
L401551,C103779,Personal,88392.98,13.78,Closed,27-03-2025
L401552,C101760,Personal,305451.15,7.37,Active,08-07-2025
L401553,C103825,Home,943880.51,11.35,Active,15-10-2024
L401554,C104202,Home,524128,7.97,Active,13-05-2026
L401555,C102576,Education,852370.05,7.81,Closed,16-04-2023
L401556,C103553,Education,363452.17,7.13,Active,20-02-2023
L401557,C101947,Business,314234.98,10.14,Active,26-12-2024
L401558,C104792,Business,658430.9,11.87,Active,21-03-2025
L401559,C103338,Home,352342.38,9,Defaulted,11-10-2025
L401560,C104013,Personal,93766.75,14.09,Active,06-03-2026
L401561,C102798,Auto,130108.56,7.24,Closed,15-10-2025
L401562,C101390,Education,1697259.95,12.5,Closed,28-08-2025
L401563,C103465,Home,165672.36,14.62,Closed,27-08-2024
L401564,C101974,Personal,604163.38,12.24,Active,08-07-2023
L401565,C101217,Education,289181.89,13.48,Active,06-11-2024
L401566,C104243,Personal,486811.5,8.52,Active,03-02-2026
L401567,C101740,Home,1266465.25,15.47,Closed,02-07-2025
L401568,C103698,Auto,247085.97,14.92,Active,07-03-2024
L401569,C102499,Auto,2390876.31,14.44,Active,03-04-2026
L401570,C104440,Auto,854022.55,10,Closed,29-10-2023
L401571,C104686,Personal,1749532.62,12.35,Active,07-01-2024
L401572,C101263,Home,200990.71,13.21,Closed,10-07-2023
L401573,C104314,Personal,233819.39,9.32,Active,24-02-2026
L401574,C102125,Home,1442115.19,10,Rejected,13-12-2025
L401575,C100714,Education,701518.22,10.33,Active,18-01-2026
L401576,C103920,Personal,1194848.59,10.19,Active,17-02-2024
L401577,C102136,Business,596376.48,15.13,Active,23-10-2025
L401578,C104847,Personal,1291993.3,9.44,Closed,11-03-2025
L401579,C101992,Personal,332075.2,10.9,Active,22-12-2023
L401580,C101507,Home,617319.8,10.53,Active,31-05-2024
L401581,C104738,Personal,511308.06,14.93,Closed,06-08-2023
L401582,C104260,Education,941358.99,11.52,Rejected,05-06-2024
L401583,C102995,Home,586631.07,13.74,Active,14-01-2023
L401584,C101342,Business,335586.74,11,Rejected,10-05-2024
L401585,C103995,Education,268023.68,15.42,Defaulted,29-05-2026
L401586,C100650,Auto,339205.35,13.63,Active,02-08-2024
L401587,C102782,Personal,242668.15,11.94,Active,12-03-2026
L401588,C101360,Education,924570.57,13.84,Active,24-06-2025
L401589,C102977,Personal,1210191.67,12.48,Closed,23-08-2025
L401590,C103789,Home,477763.11,12.48,Active,05-10-2023
L401591,C101523,Home,1208767.31,8.24,Active,30-09-2025
L401592,C101717,Personal,564737.52,12.05,Closed,17-09-2024
L401593,C100049,Personal,994862.19,13.93,Closed,07-07-2025
L401594,C104223,Home,373544.57,10.94,Closed,26-06-2026
L401595,C100465,Home,1503603.49,7.92,Closed,31-01-2026
L401596,C101905,Personal,306545.63,11.4,Closed,11-07-2025
L401597,C102435,Auto,1629890.97,10.5,Rejected,23-01-2024
L401598,C100601,Auto,670717.9,8.33,Rejected,25-07-2024
L401599,C101746,Auto,798827.79,11.81,Active,10-05-2025
L401600,C103909,Personal,419942.29,7.75,Closed,21-05-2023
L401601,C104003,Home,288459.55,8,Active,18-10-2023
L401602,C103923,Business,406680.99,11.67,Active,19-01-2026
L401603,C102325,Education,877291.78,13.2,Closed,20-07-2023
L401604,C103344,Home,713408.98,8.71,Active,23-03-2024
L401605,C104765,Auto,756586.52,14.04,Active,26-06-2025
L401606,C100746,Home,543686.08,14.6,Rejected,21-01-2026
L401607,C103796,Education,1290498.85,14.49,Closed,20-04-2024
L401608,C100964,Personal,438356.11,12.33,Rejected,09-05-2024
L401609,C102882,Home,975071.75,10.42,Active,27-09-2023
L401610,C104035,Home,810171.04,12.27,Closed,18-06-2023
L401611,C104448,Auto,313354.19,11.11,Closed,26-01-2025
L401612,C104465,Auto,1932323.04,8.56,Defaulted,01-05-2023
L401613,C100260,Education,700488.89,13.43,Active,16-04-2024
L401614,C102074,Auto,602680.6,7.5,Closed,21-05-2025
L401615,C103176,Auto,1669251.46,13.46,Closed,25-01-2026
L401616,C101804,Personal,631606.97,7.65,Active,20-09-2023
L401617,C102108,Home,507372.32,12.35,Active,09-01-2023
L401618,C100633,Business,120280.79,9.87,Closed,17-11-2023
L401619,C104902,Personal,892122.05,13.08,Rejected,23-11-2025
L401620,C104672,Auto,972799.44,11.86,Active,08-05-2026
L401621,C100978,Home,700180.81,11.88,Active,20-04-2026
L401622,C104736,Personal,369187.51,12.1,Active,13-02-2024
L401623,C104522,Auto,232133.41,10.3,Closed,20-07-2023
L401624,C102309,Auto,357129.95,10.49,Active,19-06-2024
L401625,C101539,Auto,143159.81,11.11,Closed,11-09-2023
L401626,C103020,Business,356930.93,7.02,Active,04-04-2023
L401627,C100369,Auto,1054930.56,12.87,Active,27-01-2026
L401628,C100429,Education,543124.21,13.99,Active,04-08-2024
L401629,C102250,Auto,573995.58,15.2,Closed,21-10-2025
L401630,C104651,Personal,589301.24,12.67,Closed,20-10-2024
L401631,C101161,Personal,488726.78,11.82,Closed,16-07-2023
L401632,C100469,Business,187648.42,7.21,Active,18-05-2025
L401633,C100824,Personal,90199.05,12.99,Active,18-02-2025
L401634,C104367,Home,504614.45,10.8,Closed,01-06-2024
L401635,C101839,Personal,403716.62,10.2,Rejected,31-07-2025
L401636,C104208,Education,316153.65,12.01,Closed,08-04-2023
L401637,C104010,Auto,704638.72,8.84,Active,06-03-2025
L401638,C101644,Business,1027423.31,9.39,Active,27-08-2023
L401639,C100204,Personal,150573.45,13.25,Active,15-05-2026
L401640,C103352,Home,323599.74,11.4,Rejected,18-08-2023
L401641,C102471,Personal,1556941.81,13.12,Defaulted,26-06-2024
L401642,C104190,Home,292439.1,7.58,Active,27-04-2026
L401643,C102176,Home,1218317.6,9.66,Closed,03-08-2025
L401644,C100549,Personal,633205.82,14.59,Active,15-01-2026
L401645,C103605,Home,299937.65,7.61,Rejected,28-06-2025
L401646,C102721,Education,363563.94,11.16,Closed,08-11-2025
L401647,C104658,Education,92374.29,7.94,Active,31-05-2023
L401648,C101711,Auto,157629.74,10.41,Rejected,17-03-2025
L401649,C103599,Auto,115456.26,12.91,Active,27-11-2025
L401650,C104649,Auto,186318.64,12.44,Active,09-06-2025
L401651,C101099,Personal,794055.02,10.73,Rejected,13-05-2023
L401652,C102402,Personal,333103.97,12.6,Closed,31-12-2023
L401653,C102789,Personal,323936.98,11.92,Closed,30-09-2023
L401654,C104735,Personal,1084066.05,12.97,Rejected,23-01-2025
L401655,C103019,Auto,631664.64,12.86,Rejected,14-10-2025
L401656,C100333,Education,1060700.86,12.44,Active,14-09-2023
L401657,C100940,Education,299291.54,13.4,Active,25-02-2025
L401658,C100704,Auto,181171.06,14.9,Rejected,10-10-2023
L401659,C100079,Personal,541591.49,14.18,Active,10-01-2024
L401660,C100709,Home,352848,7.33,Closed,25-04-2024
L401661,C100874,Personal,207897.11,10.2,Defaulted,04-03-2025
L401662,C104063,Personal,2772168.03,9.57,Active,14-12-2024
L401663,C101304,Personal,524012.34,7.46,Closed,27-03-2026
L401664,C100906,Personal,363514.73,9.61,Closed,25-08-2025
L401665,C104412,Personal,505742.8,8.45,Active,07-09-2025
L401666,C104075,Personal,212039.7,15.08,Active,10-12-2023
L401667,C104130,Personal,860354.2,13.7,Closed,01-04-2026
L401668,C104022,Personal,95024.22,8.35,Active,07-09-2024
L401669,C102510,Auto,432877.78,9.99,Active,25-03-2023
L401670,C103077,Business,222338.65,14.39,Active,16-02-2023
L401671,C100376,Business,398225.93,10.5,Active,25-08-2025
L401672,C101205,Personal,850431.79,12.82,Rejected,22-01-2024
L401673,C100236,Business,306686.15,12.33,Active,16-06-2025
L401674,C104485,Personal,783394.28,8.57,Active,20-10-2024
L401675,C103845,Home,84286.03,13.44,Active,01-08-2025
L401676,C102098,Home,995793.29,7.98,Closed,17-02-2024
L401677,C102575,Home,678492.41,13.59,Closed,06-10-2023
L401678,C103065,Education,1217239.48,9.38,Closed,03-09-2025
L401679,C104617,Auto,636161.3,10.82,Rejected,20-03-2024
L401680,C103568,Personal,65425.31,11.98,Active,03-05-2026
L401681,C102113,Personal,517011.3,9.8,Active,08-04-2024
L401682,C104862,Personal,701282.89,8.6,Active,18-09-2025
L401683,C100746,Business,766541.75,10.65,Closed,16-11-2024
L401684,C103871,Personal,1625024.79,12.58,Active,25-03-2025
L401685,C100548,Auto,262911.96,8.94,Active,18-01-2023
L401686,C100640,Personal,168173.64,8.13,Closed,27-04-2026
L401687,C104643,Business,558277.04,12.29,Closed,09-12-2024
L401688,C104617,Personal,400061.6,7.4,Closed,20-05-2025
L401689,C103979,Education,346406.09,12.33,Closed,10-08-2023
L401690,C101538,Education,487612.29,9.18,Rejected,20-03-2025
L401691,C102142,Personal,351548.43,10.28,Defaulted,09-01-2026
L401692,C101351,Personal,477054.04,11.71,Rejected,10-08-2023
L401693,C101251,Personal,1610571.19,7.63,Active,17-10-2023
L401694,C104527,Personal,842912.53,7.18,Active,15-01-2025
L401695,C101732,Auto,174084.15,15.43,Active,09-07-2025
L401696,C104138,Auto,463248.98,10.65,Active,17-07-2025
L401697,C103814,Auto,361130.02,12.92,Closed,01-12-2023
L401698,C102303,Personal,444632.62,8.71,Defaulted,03-12-2025
L401699,C103232,Auto,346310.8,8.95,Active,03-02-2025
L401700,C103659,Personal,1045598.31,7.17,Active,24-04-2024
L401701,C101260,Personal,231361.44,12.89,Closed,06-01-2024
L401702,C100569,Auto,1468945.95,13.83,Closed,23-11-2023
L401703,C102301,Personal,348849.39,12.83,Rejected,05-10-2025
L401704,C104574,Auto,1085647.7,11.16,Active,11-04-2024
L401705,C102535,Personal,673563.35,14.11,Active,29-11-2024
L401706,C102376,Personal,874262.15,7.79,Closed,30-04-2024
L401707,C104387,Business,153752.21,11.25,Closed,29-04-2025
L401708,C102315,Auto,1359096.99,12.45,Rejected,04-10-2025
L401709,C104849,Business,636938.56,14.18,Rejected,01-12-2024
L401710,C101274,Personal,341014.63,7.38,Active,20-04-2025
L401711,C101025,Home,515300.91,14.91,Active,22-11-2023
L401712,C101728,Personal,251112.21,9.1,Closed,19-07-2023
L401713,C100877,Personal,1317025.75,8.02,Closed,25-06-2024
L401714,C101642,Auto,297806.06,8.49,Closed,17-11-2023
L401715,C102264,Home,695133.31,15.03,Active,11-01-2024
L401716,C104513,Personal,276364.36,10.38,Closed,07-08-2024
L401717,C101057,Home,195423.53,14.95,Active,09-04-2026
L401718,C102498,Home,190044.96,9.46,Rejected,15-10-2023
L401719,C100618,Education,825689.1,8.23,Closed,25-02-2023
L401720,C104745,Home,300530.76,8.48,Rejected,26-10-2024
L401721,C102018,Personal,703676.92,8.19,Active,03-08-2023
L401722,C101265,Auto,348827.25,13.7,Active,07-06-2025
L401723,C101024,Personal,367375.93,8.34,Active,18-05-2026
L401724,C104860,Home,318971.84,10.94,Rejected,06-02-2023
L401725,C101089,Business,1090356.6,11.13,Active,18-05-2026
L401726,C101919,Personal,538725.06,8.13,Active,24-06-2026
L401727,C100241,Business,268915.76,9.88,Active,02-03-2025
L401728,C100377,Home,394240.13,8.12,Closed,10-02-2024
L401729,C104752,Home,675430.03,11.68,Closed,30-10-2024
L401730,C101200,Education,264497.6,10.89,Rejected,11-08-2023
L401731,C100026,Personal,261155.01,13.55,Rejected,25-06-2024
L401732,C100072,Education,270165.18,12.25,Active,22-01-2025
L401733,C102789,Home,436756.84,11.68,Rejected,07-11-2025
L401734,C104476,Auto,478123.74,7.23,Rejected,12-03-2025
L401735,C103163,Home,198477.4,9.6,Rejected,04-10-2025
L401736,C100124,Auto,635268.68,13.37,Active,23-04-2025
L401737,C103094,Education,857409.87,12.84,Active,22-02-2025
L401738,C100351,Personal,996897.98,15.11,Active,11-11-2023
L401739,C102076,Auto,402644.72,12.9,Active,29-11-2024
L401740,C102004,Business,823490.14,7.68,Rejected,03-09-2024
L401741,C103535,Education,530149.58,9.81,Active,17-09-2024
L401742,C102693,Business,440219.85,8.5,Active,20-02-2026
L401743,C103457,Personal,619024.68,15.03,Closed,23-03-2023
L401744,C103812,Auto,1793722.92,10.76,Closed,16-04-2025
L401745,C103498,Personal,573890.75,12.07,Active,26-08-2025
L401746,C104409,Education,1234638.12,10.73,Active,03-05-2024
L401747,C102247,Home,841079.63,10.36,Active,13-01-2026
L401748,C103849,Home,844565.73,9.93,Closed,27-03-2024
L401749,C104053,Personal,393571.25,14.79,Active,25-08-2025
L401750,C103402,Education,661153.36,14.8,Active,28-07-2023
L401751,C101282,Home,348420.95,9.25,Closed,21-07-2023
L401752,C103611,Auto,565418.12,12.22,Closed,22-05-2023
L401753,C104166,Personal,83601.14,8.88,Active,28-04-2023
L401754,C101236,Home,974940.14,14.42,Active,04-05-2024
L401755,C104773,Personal,243427.86,10.26,Rejected,29-08-2025
L401756,C101017,Auto,545264.92,11.83,Closed,23-04-2023
L401757,C101136,Business,402041.67,7.93,Active,05-07-2024
L401758,C103616,Auto,125436.54,11.35,Active,23-10-2024
L401759,C102458,Auto,483404.2,10.74,Rejected,21-03-2025
L401760,C102733,Personal,157617.39,13.05,Closed,18-10-2023
L401761,C102425,Personal,280835.18,13.12,Active,01-07-2023
L401762,C103978,Personal,379673.04,10.5,Active,18-04-2023
L401763,C104588,Personal,888947.31,8.75,Active,12-02-2023
L401764,C101154,Auto,127270.94,11.16,Closed,06-09-2025
L401765,C101690,Auto,1679507.57,9.95,Rejected,23-07-2023
L401766,C100207,Business,950328.25,13.59,Closed,09-01-2026
L401767,C101331,Personal,278747.7,11.74,Rejected,05-07-2024
L401768,C102577,Business,693563.87,11.53,Closed,31-01-2024
L401769,C103827,Auto,552903.4,13.52,Closed,14-01-2026
L401770,C103004,Education,256522.81,9.43,Rejected,04-10-2025
L401771,C101766,Personal,281354.61,13.24,Closed,06-06-2025
L401772,C102733,Education,91063.24,10.11,Rejected,19-09-2023
L401773,C101223,Home,344225.97,15.41,Rejected,21-06-2023
L401774,C103522,Home,618627.3,10.05,Active,25-09-2024
L401775,C101029,Personal,170988.84,14.98,Closed,26-04-2023
L401776,C100964,Business,509320.68,14.16,Defaulted,29-12-2023
L401777,C104665,Personal,829063.37,15.11,Rejected,18-10-2025
L401778,C100491,Auto,460821.89,13.99,Rejected,02-05-2023
L401779,C103605,Personal,2039546.66,12.86,Closed,01-03-2026
L401780,C102258,Auto,466734.29,15.21,Rejected,19-01-2025
L401781,C103368,Auto,220549.63,11.88,Closed,21-03-2026
L401782,C104806,Auto,5000000,8.94,Active,09-04-2023
L401783,C104857,Auto,584103.71,10.31,Rejected,18-08-2025
L401784,C104601,Home,284285.99,12.4,Closed,18-08-2024
L401785,C103383,Auto,738735.55,8.35,Closed,04-03-2025
L401786,C101298,Personal,480714.42,11.77,Closed,19-04-2024
L401787,C103366,Auto,1348518.27,8.83,Closed,12-10-2025
L401788,C102945,Personal,1066341.06,8.83,Active,09-06-2026
L401789,C101054,Personal,484773.85,8.54,Defaulted,10-09-2024
L401790,C101686,Personal,368897.62,7.65,Rejected,11-01-2025
L401791,C101655,Business,1276989.55,14.8,Defaulted,03-04-2023
L401792,C103300,Home,1143427.09,14.48,Closed,06-03-2025
L401793,C101216,Auto,892322.38,12.19,Closed,19-12-2025
L401794,C104290,Personal,809484.73,11.29,Active,30-12-2025
L401795,C101415,Business,884026.63,9.02,Active,17-10-2023
L401796,C102986,Home,1228798.33,7.74,Closed,23-02-2025
L401797,C104843,Home,1447580,11.96,Active,30-10-2024
L401798,C102620,Auto,891558.42,15.21,Rejected,25-04-2026
L401799,C102564,Business,2038688.12,12.95,Active,05-01-2024
L401800,C102757,Personal,127839.29,15.01,Rejected,03-05-2023
L401801,C100314,Business,888398.15,10.29,Closed,28-05-2024
L401802,C101634,Business,1313901.9,9.29,Active,24-05-2025
L401803,C103389,Personal,365245.21,14.24,Rejected,23-05-2026
L401804,C103599,Education,322324.51,8.72,Active,04-03-2026
L401805,C102170,Personal,331864.55,8.63,Rejected,28-11-2024
L401806,C102009,Business,832125.17,14.99,Closed,28-10-2025
L401807,C104660,Personal,724183.63,14.98,Active,26-04-2026
L401808,C103384,Education,160849.69,15.18,Active,23-10-2023
L401809,C104023,Home,140251.61,9.5,Closed,01-08-2023
L401810,C102191,Personal,465653.77,15.16,Active,11-04-2026
L401811,C102508,Auto,202591.3,11.69,Active,27-03-2024
L401812,C101484,Personal,352174.46,12.28,Active,14-04-2024
L401813,C104677,Home,677372.28,12.74,Defaulted,19-07-2024
L401814,C100036,Personal,68514.59,9.34,Closed,31-01-2023
L401815,C104228,Home,171736.36,8.73,Active,11-02-2026
L401816,C102081,Personal,525468.72,8.86,Closed,08-12-2024
L401817,C102416,Personal,678624.78,12.42,Closed,10-01-2024
L401818,C103238,Home,298592.57,11.26,Closed,12-04-2026
L401819,C103428,Home,607137.43,12.9,Active,13-07-2023
L401820,C103907,Auto,200365.98,9.08,Active,03-05-2024
L401821,C100774,Auto,432589.59,7.38,Rejected,14-04-2023
L401822,C101745,Business,416970.32,13.57,Active,19-04-2025
L401823,C100173,Personal,136269.34,15.25,Active,01-12-2023
L401824,C100946,Personal,435118.55,13.37,Closed,16-08-2023
L401825,C102001,Business,260871.02,13.58,Rejected,07-11-2025
L401826,C100385,Home,100520.11,11.66,Active,27-01-2024
L401827,C102433,Auto,1223653.71,8.23,Active,18-07-2023
L401828,C100272,Personal,889763.27,14.93,Closed,11-11-2024
L401829,C103937,Education,1286997.96,9.37,Active,14-03-2024
L401830,C103828,Personal,217651.31,7.74,Active,06-11-2025
L401831,C103319,Home,361252.84,11.54,Rejected,20-10-2023
L401832,C104691,Personal,310405.58,10.48,Active,27-02-2026
L401833,C103032,Personal,319955.89,11.63,Closed,09-02-2024
L401834,C101086,Personal,443622.42,14,Rejected,26-02-2026
L401835,C101080,Business,602059.65,7.52,Active,09-09-2023
L401836,C103696,Business,690011.52,8.71,Rejected,15-01-2024
L401837,C102376,Personal,161571.9,8.77,Active,06-05-2025
L401838,C102843,Home,550516.8,14.92,Active,02-04-2024
L401839,C101566,Personal,599832.93,15.09,Closed,18-02-2026
L401840,C101243,Auto,1463874.09,13.89,Active,27-06-2025
L401841,C103247,Business,316280.7,9.57,Active,16-10-2025
L401842,C102917,Education,108331.99,11.99,Closed,04-04-2025
L401843,C102106,Personal,461233.91,9.59,Active,07-05-2023
L401844,C100295,Personal,428158.34,13.46,Closed,21-03-2025
L401845,C101977,Business,959591.36,10.74,Active,05-10-2024
L401846,C101967,Personal,1652811.75,14.26,Active,03-01-2026
L401847,C103333,Business,297462.4,11.18,Active,10-10-2025
L401848,C100608,Home,295179.24,14.29,Closed,29-05-2025
L401849,C100628,Personal,326988.75,14.87,Rejected,24-09-2023
L401850,C102245,Education,1508547.27,13.95,Active,18-01-2025
L401851,C103581,Personal,457642.53,10.22,Active,31-10-2024
L401852,C101554,Business,653922.46,11.67,Closed,24-04-2023
L401853,C102727,Auto,1837431.93,12.28,Closed,07-07-2024
L401854,C102938,Home,1201577.47,8.71,Active,28-09-2024
L401855,C103930,Business,708565.9,14.31,Closed,04-04-2024
L401856,C102927,Auto,625503.8,11.29,Active,17-07-2023
L401857,C102346,Auto,274111.99,9.66,Active,12-02-2023
L401858,C104587,Home,572778.81,13.69,Active,07-10-2024
L401859,C100359,Business,790620.36,13.82,Active,04-07-2025
L401860,C103591,Personal,459830.74,10.6,Active,16-01-2023
L401861,C104162,Personal,296627.92,14.94,Defaulted,01-10-2024
L401862,C100343,Personal,1933406.53,10.26,Active,31-03-2024
L401863,C102983,Business,198759.09,13.16,Closed,01-03-2026
L401864,C101145,Personal,520724.29,13.37,Active,16-06-2025
L401865,C103041,Business,605125.41,13.9,Active,17-02-2024
L401866,C103312,Home,588204.57,7.93,Active,29-05-2024
L401867,C103708,Education,689014.12,10.68,Closed,11-04-2026
L401868,C101285,Home,498327.91,10.34,Active,24-05-2026
L401869,C100230,Personal,338145.81,11.8,Rejected,11-05-2026
L401870,C100868,Home,277696.58,13.83,Closed,13-11-2025
L401871,C100218,Auto,1360614.46,13.66,Active,16-08-2025
L401872,C104356,Education,496637.28,9.64,Active,06-05-2025
L401873,C100606,Personal,89557.78,10.26,Active,01-04-2025
L401874,C104021,Personal,636855.16,11.31,Closed,15-12-2023
L401875,C102462,Home,200214.15,11.9,Active,04-10-2025
L401876,C102886,Auto,861157.94,10.69,Defaulted,25-05-2023
L401877,C100418,Auto,593116.48,8.05,Closed,25-02-2023
L401878,C102233,Auto,267928.64,11.27,Active,24-11-2025
L401879,C100903,Auto,1444760.36,14.05,Active,21-04-2024
L401880,C102492,Personal,384956.76,13.28,Rejected,10-02-2026
L401881,C104461,Auto,480160.55,11.11,Closed,30-06-2025
L401882,C104517,Education,778126.74,14.59,Closed,17-12-2023
L401883,C100798,Personal,659084.95,11.43,Closed,18-12-2023
L401884,C101304,Home,401857.4,12.38,Rejected,05-07-2024
L401885,C101385,Auto,950987.02,12.92,Rejected,15-12-2025
L401886,C100299,Business,503074.05,9.2,Active,18-06-2023
L401887,C101548,Home,574769.48,11.65,Active,04-06-2024
L401888,C100507,Personal,394553.94,15.13,Active,25-11-2023
L401889,C104338,Personal,1503025.65,7.88,Active,16-11-2025
L401890,C104627,Personal,223774.57,14.26,Closed,22-04-2024
L401891,C104290,Home,1690573.62,9.01,Closed,04-11-2023
L401892,C104978,Personal,247066.85,9.16,Active,21-12-2025
L401893,C100844,Auto,1896814.8,15.21,Closed,25-12-2024
L401894,C102934,Home,100899.14,9.09,Closed,06-12-2024
L401895,C104633,Auto,616515.97,12.4,Defaulted,26-02-2024
L401896,C104561,Business,192704.08,11.33,Defaulted,26-02-2025
L401897,C103002,Personal,142000.45,14.83,Closed,01-03-2024
L401898,C103464,Auto,419076.32,7.83,Active,31-03-2025
L401899,C101484,Personal,1051577.93,11.09,Rejected,01-01-2026
L401900,C103021,Auto,239348.47,15.41,Closed,05-03-2024
L401901,C100825,Personal,1030245.77,15.46,Rejected,11-04-2023
L401902,C100324,Personal,177825.57,14.73,Active,20-11-2023
L401903,C102740,Personal,86954.61,9.62,Active,15-09-2023
L401904,C100458,Education,333485.05,11.78,Active,28-01-2024
L401905,C101940,Personal,1872716.16,10.46,Active,27-05-2026
L401906,C104392,Personal,766070.84,13.81,Active,28-11-2023
L401907,C103407,Education,600400.44,7.7,Rejected,27-07-2025
L401908,C104876,Auto,669901.42,9.37,Active,25-03-2025
L401909,C102048,Business,528982.39,14.81,Closed,06-02-2024
L401910,C101145,Personal,517818.44,15.23,Closed,09-11-2023
L401911,C100393,Home,1145440.73,10.91,Rejected,05-08-2024
L401912,C100094,Auto,633866.78,11.85,Active,25-09-2024
L401913,C104224,Auto,116030,15.45,Active,18-07-2024
L401914,C102091,Auto,695428.04,13.93,Active,12-08-2025
L401915,C103996,Home,668690.67,12.52,Active,09-10-2024
L401916,C104550,Auto,233133.07,12.17,Active,23-11-2025
L401917,C101134,Personal,615791.66,9.33,Closed,10-07-2023
L401918,C104582,Personal,272588.24,11.86,Closed,29-05-2026
L401919,C104464,Auto,1838178.55,7.82,Active,07-03-2026
L401920,C100261,Business,122788.62,10.07,Active,09-04-2024
L401921,C102797,Personal,217404.5,14.37,Closed,13-07-2024
L401922,C103574,Business,173306.74,12.29,Closed,16-02-2026
L401923,C102924,Personal,554371.99,12.41,Active,04-07-2023
L401924,C104326,Business,704080.6,8.77,Closed,07-05-2026
L401925,C102373,Business,216405.18,10.68,Closed,25-09-2025
L401926,C103069,Home,252594.44,10.19,Active,05-05-2024
L401927,C104328,Personal,554805.57,12.7,Closed,15-09-2023
L401928,C103810,Personal,656993.44,9.18,Active,23-10-2024
L401929,C104959,Personal,645334.48,10.73,Active,27-11-2025
L401930,C100155,Auto,149842.48,7.17,Closed,26-03-2025
L401931,C102108,Home,787434.24,13.53,Active,16-09-2023
L401932,C101801,Personal,727971.36,8.44,Active,25-12-2023
L401933,C103320,Personal,1988803.75,10.86,Closed,15-01-2026
L401934,C102320,Business,386496.97,7.32,Rejected,12-05-2026
L401935,C100850,Personal,406995.91,8.49,Defaulted,13-07-2023
L401936,C104685,Personal,1004240.99,12,Closed,30-08-2025
L401937,C103973,Auto,92089.07,8.79,Active,15-11-2023
L401938,C103827,Home,124456.12,14.02,Active,03-10-2024
L401939,C104417,Home,262458.15,10.17,Active,30-01-2026
L401940,C101807,Home,466723.74,7.37,Active,27-01-2024
L401941,C101330,Auto,508750.09,14.18,Closed,25-03-2026
L401942,C102281,Home,846568.9,8.17,Active,29-07-2025
L401943,C101922,Home,188739.38,10.82,Active,06-12-2025
L401944,C102703,Business,567733.24,11.32,Active,27-01-2025
L401945,C100831,Business,338350.34,9.62,Rejected,26-03-2026
L401946,C102651,Personal,428613.43,9.07,Closed,27-05-2023
L401947,C101501,Home,398099.85,7.51,Closed,28-04-2023
L401948,C104859,Business,297263.5,14.45,Rejected,23-09-2024
L401949,C101998,Home,1449966.18,11.61,Rejected,31-05-2026
L401950,C102927,Home,884100.96,15.36,Active,27-09-2025
L401951,C103846,Education,243326.09,9.51,Closed,30-08-2023
L401952,C101758,Personal,428568.6,7.34,Closed,24-12-2024
L401953,C100629,Home,188245.57,8.3,Active,10-03-2026
L401954,C103967,Home,417216.08,7.09,Active,15-03-2025
L401955,C103891,Personal,203763.52,11.82,Closed,21-06-2023
L401956,C100568,Home,387332.6,8.85,Rejected,05-06-2026
L401957,C104225,Personal,1289743.14,7.17,Active,24-10-2023
L401958,C103916,Personal,794927.7,10.54,Active,29-06-2026
L401959,C103883,Personal,111225.42,12.72,Active,28-02-2023
L401960,C102642,Home,353764.52,7.9,Active,30-05-2023
L401961,C100174,Business,305184.82,10.61,Active,09-07-2023
L401962,C103573,Personal,4230692.48,10.43,Active,20-06-2025
L401963,C104967,Business,277212.67,9.31,Rejected,29-12-2024
L401964,C102817,Personal,554293.67,7.54,Active,26-10-2025
L401965,C102290,Home,841631.28,12.72,Active,28-08-2023
L401966,C100935,Personal,387008.11,10.46,Active,14-03-2026
L401967,C103621,Auto,716006.76,11.81,Rejected,16-12-2025
L401968,C100990,Home,483993.41,11.39,Closed,28-05-2026
L401969,C101485,Home,177752.17,13.46,Rejected,07-11-2025
L401970,C103742,Personal,370789.11,8.18,Closed,24-03-2023
L401971,C102132,Business,622774.8,14.27,Active,27-01-2025
L401972,C101150,Business,196399.67,8.61,Closed,26-12-2023
L401973,C102155,Personal,199527.12,8.92,Active,22-03-2023
L401974,C104518,Home,378564.38,11.85,Rejected,10-01-2026
L401975,C101739,Auto,290820.73,13.28,Closed,15-05-2026
L401976,C103708,Personal,129686.59,9.45,Active,30-11-2023
L401977,C100167,Personal,276378.7,15.07,Closed,20-04-2024
L401978,C102625,Auto,372099.64,11.6,Active,13-05-2024
L401979,C102371,Personal,2811918.56,11.12,Closed,14-02-2023
L401980,C100442,Auto,369636.98,10.01,Closed,15-02-2024
L401981,C101656,Business,739511.57,13.7,Rejected,02-12-2025
L401982,C103797,Home,174818.41,9.43,Closed,06-11-2024
L401983,C104001,Education,586072.91,7.97,Active,06-05-2023
L401984,C103795,Personal,310625.44,7.54,Active,13-01-2024
L401985,C102644,Personal,427038.47,9.71,Active,22-04-2024
L401986,C100280,Personal,1223844.93,14.9,Active,19-07-2025
L401987,C103982,Auto,3509431.95,12.14,Active,17-12-2024
L401988,C103033,Personal,494774.17,8.04,Active,18-07-2023
L401989,C104245,Education,216402.91,8.67,Rejected,27-05-2023
L401990,C101211,Home,293312,11.96,Closed,12-09-2023
L401991,C102540,Home,334105.21,11.76,Closed,28-02-2025
L401992,C104415,Home,1051447.28,13.88,Active,19-05-2023
L401993,C100581,Business,742511.75,13.3,Closed,24-05-2024
L401994,C100714,Home,1508570.3,10.35,Active,05-07-2025
L401995,C102304,Business,186706.74,14.04,Rejected,11-04-2026
L401996,C100459,Personal,1032472.97,10.52,Active,20-02-2025
L401997,C102847,Business,590945.74,10.1,Closed,12-03-2025
L401998,C103202,Home,258201.89,7.62,Active,22-08-2025
L401999,C104374,Business,680648.9,8.43,Closed,17-02-2025
L402000,C100618,Auto,1755617.38,10.34,Active,20-03-2023
L402001,C102928,Business,598578.75,13.13,Closed,31-03-2025
L402002,C104157,Personal,885406.77,7.45,Defaulted,20-02-2025
L402003,C101730,Personal,268666.2,7.14,Active,04-01-2024
L402004,C102056,Home,416049.01,9.96,Closed,18-03-2026
L402005,C101913,Auto,500567.13,8.56,Rejected,13-05-2025
L402006,C100455,Auto,338716.36,11.44,Closed,11-10-2023
L402007,C103802,Personal,622711.72,13.75,Active,20-08-2023
L402008,C103420,Home,1005319.98,9.41,Closed,19-05-2024
L402009,C101973,Education,528071.55,13.37,Closed,16-02-2025
L402010,C104693,Personal,359913.78,7.74,Active,17-11-2023
L402011,C101790,Personal,387861.86,8.73,Closed,11-03-2025
L402012,C100111,Personal,811310.2,9.89,Rejected,25-06-2023
L402013,C100975,Personal,441132.61,15.4,Rejected,03-12-2024
L402014,C100276,Business,566346.14,8.53,Active,07-10-2023
L402015,C100190,Auto,838127.34,13.08,Closed,20-05-2023
L402016,C101036,Home,487141.11,12.41,Defaulted,27-03-2025
L402017,C104278,Business,1212520.07,13.27,Active,02-02-2026
L402018,C103291,Personal,1787397.1,12.78,Closed,09-09-2025
L402019,C104769,Personal,4314010.03,9.56,Closed,03-06-2023
L402020,C101330,Education,541961.98,15.21,Active,27-12-2024
L402021,C100042,Home,534905.36,8.09,Closed,20-10-2025
L402022,C104013,Personal,1066339.48,10.29,Active,26-01-2023
L402023,C100593,Business,1155762.15,7.79,Closed,28-04-2025
L402024,C100544,Personal,942627.17,10.75,Active,29-11-2023
L402025,C103708,Auto,435573.41,12.76,Active,27-01-2023
L402026,C102366,Personal,668318.83,8.72,Active,06-11-2023
L402027,C102625,Personal,335717.03,14.4,Closed,18-03-2023
L402028,C102484,Personal,511291.8,7.81,Active,19-02-2025
L402029,C102449,Business,339018.9,10.76,Closed,13-02-2023
L402030,C100024,Personal,637592.96,11.12,Active,22-04-2026
L402031,C104461,Education,380602.04,10.64,Closed,31-12-2024
L402032,C104125,Auto,1992749.94,13.68,Active,24-11-2024
L402033,C102507,Personal,406617.59,12.63,Active,02-11-2025
L402034,C103204,Education,277868.49,10.44,Closed,23-07-2024
L402035,C102148,Home,519135.12,15.15,Active,21-05-2026
L402036,C102258,Education,389854.36,10.06,Active,03-05-2026
L402037,C104805,Education,526271.91,13.08,Active,29-04-2023
L402038,C103525,Home,535243.31,12.74,Rejected,11-07-2024
L402039,C102258,Home,441737.25,10.39,Rejected,10-01-2023
L402040,C102759,Personal,557488.85,8.91,Closed,22-05-2026
L402041,C102905,Auto,370627.08,10.96,Active,22-06-2023
L402042,C100183,Home,800697.96,8.04,Active,07-12-2023
L402043,C103795,Home,548367.14,12.19,Active,26-04-2024
L402044,C100502,Auto,925653.93,8.03,Active,14-04-2023
L402045,C100701,Home,238105.94,13.27,Closed,23-03-2025
L402046,C100069,Education,244260.21,11.67,Closed,21-10-2023
L402047,C104118,Auto,313757.49,7.43,Active,11-05-2025
L402048,C103173,Personal,228359.7,13.98,Active,04-06-2025
L402049,C104305,Home,492799.78,10.85,Rejected,25-03-2025
L402050,C101150,Education,1485945.86,10.45,Closed,04-03-2026
L402051,C101669,Auto,600720.51,11.98,Rejected,17-03-2024
L402052,C101834,Personal,545393.84,12.13,Closed,17-04-2025
L402053,C104669,Personal,271451.83,10.06,Closed,04-11-2024
L402054,C101398,Auto,1549234.98,11.47,Active,26-09-2025
L402055,C101559,Personal,359573.92,10.6,Active,24-09-2024
L402056,C101077,Personal,200246.34,8.1,Closed,16-05-2024
L402057,C101325,Home,305707.8,8.63,Rejected,15-12-2023
L402058,C103877,Auto,312884.5,14.97,Active,04-11-2024
L402059,C103066,Personal,199656.1,8.18,Active,21-06-2025
L402060,C104273,Personal,1257180.87,12.29,Rejected,01-10-2024
L402061,C102674,Education,413515.98,11.43,Active,08-08-2025
L402062,C102729,Education,324695.65,8.28,Closed,30-06-2026
L402063,C102400,Education,265098.07,7.17,Closed,02-09-2025
L402064,C104254,Auto,571032.62,13.96,Active,07-06-2025
L402065,C102919,Auto,150021.32,13.7,Active,04-08-2023
L402066,C101371,Home,5000000,7.3,Active,05-02-2024
L402067,C101855,Auto,584805.79,15.27,Closed,21-05-2024
L402068,C103792,Home,131144.4,15.06,Active,02-07-2023
L402069,C101497,Home,369868.31,14.13,Closed,03-03-2024
L402070,C102274,Education,113551.54,12.74,Rejected,03-12-2024
L402071,C104002,Education,153508.45,9.72,Active,19-11-2024
L402072,C102580,Education,798195.17,15.05,Closed,26-06-2026
L402073,C102943,Education,223961.09,7.44,Active,12-06-2026
L402074,C103754,Home,1697239.49,7.17,Active,25-01-2025
L402075,C102227,Education,342804.91,13.83,Active,30-01-2026
L402076,C103956,Auto,185119.67,14.39,Active,19-05-2025
L402077,C102067,Personal,384596.56,13.3,Closed,27-09-2023
L402078,C104423,Auto,1235900.53,9.36,Closed,04-01-2026
L402079,C102282,Home,749486.35,14.09,Active,02-05-2025
L402080,C103629,Education,892894.76,7.09,Active,08-02-2024
L402081,C100608,Auto,128402.14,8.69,Closed,28-04-2024
L402082,C102760,Home,548251.23,11.78,Active,27-11-2024
L402083,C103445,Business,425010.3,9.83,Closed,30-04-2024
L402084,C101996,Personal,253355.12,11.29,Closed,09-05-2025
L402085,C102370,Personal,1091501.8,14.2,Closed,14-01-2024
L402086,C103173,Education,331095.79,11.62,Rejected,03-10-2023
L402087,C104106,Business,443753.04,12.05,Closed,20-02-2024
L402088,C100801,Auto,862629.28,9.74,Closed,06-02-2023
L402089,C100082,Home,192752.37,10.48,Defaulted,24-12-2025
L402090,C100875,Personal,791972.69,13.37,Closed,26-08-2023
L402091,C100078,Personal,446783.63,7.68,Active,03-03-2023
L402092,C102542,Home,334389.05,9.93,Active,12-12-2024
L402093,C100582,Education,524438.99,9.7,Closed,28-12-2024
L402094,C100521,Auto,1189333.6,11.82,Active,21-01-2025
L402095,C103416,Personal,384187.32,7.32,Closed,03-03-2023
L402096,C104911,Personal,299310.25,13.91,Closed,26-09-2024
L402097,C103184,Personal,216798.4,15.18,Closed,12-07-2025
L402098,C101209,Auto,861759.88,10.39,Active,08-08-2023
L402099,C100395,Education,1286318.56,14.8,Defaulted,15-06-2026
L402100,C101479,Auto,311496.76,13.09,Rejected,28-04-2025
L402101,C102782,Education,385440.79,12.58,Active,15-08-2023
L402102,C103753,Personal,137256.93,9.61,Active,27-02-2023
L402103,C102507,Personal,1161720.58,8.1,Rejected,17-01-2023
L402104,C104382,Auto,421023.18,13.04,Active,12-02-2025
L402105,C103675,Home,831458.85,14.45,Closed,13-02-2025
L402106,C101407,Auto,437279.87,11.98,Closed,11-04-2025
L402107,C104510,Business,1965818.44,11.78,Active,29-01-2025
L402108,C100958,Personal,628003.66,10.38,Closed,12-08-2023
L402109,C104834,Personal,576289.5,15,Closed,11-08-2025
L402110,C104358,Personal,363980.48,13.49,Active,17-06-2026
L402111,C101319,Personal,346996.38,11.26,Active,05-06-2024
L402112,C101288,Home,444411.91,8.81,Rejected,05-05-2025
L402113,C101898,Personal,777747.39,13.78,Closed,02-02-2024
L402114,C104361,Auto,734616.56,9.16,Rejected,26-01-2026
L402115,C100917,Education,130114.68,12.37,Active,16-04-2023
L402116,C104802,Home,2057505.86,13.76,Active,24-01-2023
L402117,C104457,Home,391281.53,10.32,Active,24-02-2023
L402118,C104902,Auto,564078.63,13.66,Active,13-06-2026
L402119,C103647,Home,123195.87,7.05,Rejected,21-07-2023
L402120,C103390,Auto,561845.87,9.24,Closed,10-12-2025
L402121,C103670,Education,227875.79,14.45,Closed,28-07-2024
L402122,C103626,Personal,530618.12,10.78,Active,15-05-2023
L402123,C101200,Education,330230.01,10.89,Active,15-09-2025
L402124,C100716,Home,123290.45,10.77,Rejected,30-10-2023
L402125,C101226,Business,353970.72,13.69,Active,13-07-2025
L402126,C102377,Personal,605663.33,14.11,Closed,11-02-2023
L402127,C101707,Personal,301510.35,13.57,Active,26-07-2024
L402128,C103672,Home,640531.89,12.03,Closed,22-03-2025
L402129,C100040,Auto,397298.36,12.55,Closed,08-04-2026
L402130,C101219,Home,437899.27,14.32,Active,24-07-2024
L402131,C102210,Home,149265.95,12.08,Active,19-07-2025
L402132,C103541,Education,469295.18,14.29,Closed,02-09-2025
L402133,C102941,Personal,810419.98,8.94,Active,07-05-2024
L402134,C100564,Home,1106978.33,12.51,Rejected,18-10-2025
L402135,C100622,Personal,1150774.53,13.15,Rejected,12-04-2025
L402136,C104814,Personal,400156.31,7.21,Active,31-07-2024
L402137,C103072,Education,436384.43,14.27,Active,06-04-2024
L402138,C102635,Personal,731590.84,11.64,Rejected,06-03-2026
L402139,C100451,Personal,3547755.37,11.19,Active,03-08-2023
L402140,C104051,Personal,183051.91,8.18,Rejected,16-03-2024
L402141,C104259,Education,1620501.32,11.87,Active,21-01-2025
L402142,C103502,Auto,327765.94,9.4,Rejected,19-10-2025
L402143,C101631,Home,339482.56,12.04,Active,13-03-2025
L402144,C104210,Business,369829.02,13.92,Closed,04-05-2025
L402145,C104437,Personal,886932.72,10.75,Active,05-12-2025
L402146,C100752,Auto,507586,11.05,Active,28-11-2023
L402147,C104232,Auto,291046.31,9.98,Active,30-04-2024
L402148,C101366,Home,588113.73,12.57,Closed,02-09-2023
L402149,C102524,Auto,210385.52,9.75,Active,08-06-2023
L402150,C103339,Home,200212.66,13.57,Active,21-07-2024
L402151,C103052,Home,635281.79,7.17,Active,15-10-2025
L402152,C102434,Education,430996.82,8.01,Active,07-06-2025
L402153,C102831,Home,155319.27,10.23,Closed,10-10-2023
L402154,C104373,Auto,1184775.79,10.03,Active,09-09-2025
L402155,C101404,Personal,1211975.88,15.2,Closed,12-04-2026
L402156,C101155,Home,884055.97,11.81,Defaulted,31-03-2024
L402157,C100648,Home,841701.71,13.01,Active,01-05-2026
L402158,C100899,Business,383710.92,9.49,Active,06-01-2025
L402159,C101812,Auto,146326.06,14.26,Rejected,03-05-2023
L402160,C104263,Auto,1728904.14,11.47,Active,26-11-2025
L402161,C100958,Personal,1025358.82,9.19,Rejected,23-07-2023
L402162,C101370,Auto,5000000,11.69,Rejected,26-11-2023
L402163,C104541,Home,501749.7,11.98,Closed,17-06-2026
L402164,C104305,Education,1366844.29,12.04,Active,24-10-2025
L402165,C104122,Home,1148456.18,7.27,Active,13-01-2023
L402166,C103162,Auto,751701.99,13.35,Rejected,16-06-2024
L402167,C103228,Auto,562579.94,9.33,Active,18-10-2023
L402168,C104405,Personal,930471.73,14.81,Closed,17-03-2026
L402169,C103869,Personal,1238845.81,8.44,Active,22-04-2026
L402170,C100842,Auto,492524.96,7.23,Active,19-12-2025
L402171,C103041,Education,199492.13,14.29,Active,17-04-2025
L402172,C104797,Auto,625552.58,15.03,Active,11-06-2025
L402173,C104360,Personal,673718.22,9.39,Rejected,03-09-2023
L402174,C104777,Personal,74600.75,7.44,Closed,03-02-2024
L402175,C101674,Business,877393.6,7.9,Rejected,26-03-2024
L402176,C100975,Home,236186.43,12.49,Rejected,01-04-2024
L402177,C104431,Education,625688.98,8.78,Closed,25-06-2024
L402178,C102661,Personal,802117.2,12.81,Closed,12-05-2026
L402179,C104024,Business,731297.66,11.27,Active,26-01-2026
L402180,C101438,Personal,260490.99,14.97,Active,30-05-2024
L402181,C101286,Personal,261426.88,11.86,Active,05-06-2026
L402182,C101152,Personal,220100.72,9.17,Closed,20-03-2026
L402183,C102189,Personal,319955.81,15.35,Rejected,11-03-2026
L402184,C101152,Home,2250921.64,11.16,Active,17-06-2025
L402185,C104286,Auto,470298.68,10.98,Closed,06-09-2023
L402186,C102326,Education,520085.96,15.24,Active,04-08-2024
L402187,C101938,Education,89248.37,15.14,Closed,27-11-2025
L402188,C103456,Education,156788.51,7.3,Active,04-09-2023
L402189,C104169,Business,655298.26,9.15,Active,08-10-2025
L402190,C101582,Auto,344225.14,7.64,Active,21-11-2023
L402191,C103398,Business,340399.3,8.36,Closed,30-04-2025
L402192,C102586,Home,329975.64,14.58,Closed,28-01-2024
L402193,C100601,Business,474799.61,13.94,Active,01-04-2024
L402194,C101244,Auto,511671.31,7.78,Closed,28-03-2024
L402195,C104108,Auto,283516.19,9.62,Active,09-02-2026
L402196,C101182,Home,1295009.24,7.96,Closed,03-10-2024
L402197,C101292,Auto,446741.37,10.12,Active,06-06-2026
L402198,C103267,Personal,142535.97,14.88,Active,09-07-2025
L402199,C101656,Education,1089071.94,14.35,Closed,29-01-2026
L402200,C100777,Personal,616942.97,11.16,Closed,28-03-2023
L402201,C103445,Auto,162094.57,10.9,Closed,10-08-2025
L402202,C104251,Education,1372167.26,13.59,Active,02-03-2025
L402203,C101364,Home,609352.97,8.09,Active,22-11-2025
L402204,C100829,Home,813662.93,9.84,Closed,30-10-2025
L402205,C100239,Home,772358.64,15.43,Rejected,24-03-2023
L402206,C103574,Home,155528.89,11.93,Rejected,31-10-2023
L402207,C104811,Auto,354234.59,7.34,Active,22-07-2023
L402208,C102547,Personal,513460.43,11.79,Closed,05-06-2023
L402209,C104851,Personal,374694.31,8.76,Rejected,24-01-2024
L402210,C101113,Business,175534.47,12.95,Active,24-03-2024
L402211,C100685,Business,1733563.75,13.29,Defaulted,30-05-2025
L402212,C100937,Auto,282540.74,8.55,Active,26-12-2025
L402213,C104121,Personal,1305388.04,11.95,Closed,19-07-2023
L402214,C102797,Personal,449316.26,11.5,Closed,14-01-2023
L402215,C102371,Business,1491584.9,13.86,Closed,21-02-2026
L402216,C104856,Personal,215610.16,9.73,Rejected,03-05-2024
L402217,C102635,Auto,587124.19,12.3,Active,10-07-2025
L402218,C101297,Personal,323667.78,11.28,Active,14-04-2026
L402219,C103719,Education,2702497.14,11.31,Closed,17-04-2025
L402220,C102266,Education,189217.04,9.95,Active,14-03-2023
L402221,C100573,Auto,300523.02,7.34,Active,28-06-2026
L402222,C100946,Home,481911.59,12.45,Closed,02-04-2025
L402223,C100624,Business,1376557.24,14.12,Active,08-01-2024
L402224,C100697,Personal,946755.8,10.33,Active,06-09-2023
L402225,C101132,Auto,3075238.52,15.18,Closed,17-01-2026
L402226,C101132,Personal,867222.4,12.67,Active,21-01-2026
L402227,C101833,Personal,346380.56,8.38,Active,05-11-2024
L402228,C103258,Home,311411.81,8.29,Active,01-07-2023
L402229,C103466,Home,780530.21,15.42,Rejected,02-06-2024
L402230,C101807,Personal,808170.01,8.64,Active,15-09-2025
L402231,C101700,Home,678261.93,12.71,Active,14-01-2025
L402232,C100866,Home,367122.66,15.24,Active,02-06-2023
L402233,C102591,Education,971357.79,13.48,Defaulted,09-04-2024
L402234,C104509,Home,420384.49,9.62,Active,13-02-2025
L402235,C103941,Personal,714329.24,8.2,Active,24-10-2024
L402236,C104106,Home,245446.79,10.02,Rejected,19-03-2024
L402237,C102358,Home,431206.77,7.22,Defaulted,23-08-2025
L402238,C102685,Personal,939733.02,13.01,Active,11-07-2025
L402239,C100265,Home,370060.3,14.07,Defaulted,20-02-2023
L402240,C101013,Auto,252876.87,11.16,Active,09-01-2024
L402241,C101230,Home,424282.27,12.13,Active,09-05-2024
L402242,C101361,Personal,678273.85,7.56,Active,12-01-2024
L402243,C103076,Education,716233.89,15.33,Active,05-07-2024
L402244,C102191,Education,952858.14,11.39,Closed,22-06-2024
L402245,C100279,Personal,1472964.97,11.77,Closed,04-09-2025
L402246,C102601,Personal,702915.24,8.38,Active,11-05-2025
L402247,C101229,Business,1846153.84,8.5,Active,23-07-2024
L402248,C100916,Personal,1535093.49,12.25,Rejected,22-03-2023
L402249,C102994,Personal,358661.22,9.66,Active,23-02-2025
L402250,C102136,Personal,1398385.19,14.55,Closed,05-01-2023
L402251,C101379,Education,162646.48,7.86,Active,05-07-2024
L402252,C101599,Education,558255.71,14.63,Closed,19-08-2023
L402253,C103114,Auto,257699.98,14,Closed,03-10-2024
L402254,C102649,Personal,797611.13,9.21,Closed,08-08-2024
L402255,C101573,Business,664704.67,7.18,Closed,11-02-2024
L402256,C103107,Home,470246.33,7.39,Closed,31-10-2024
L402257,C101988,Home,224214.83,10.85,Defaulted,23-05-2023
L402258,C100323,Business,1060301.66,11.65,Rejected,25-02-2024
L402259,C103094,Home,337569.66,13.33,Closed,19-01-2024
L402260,C101501,Auto,478406.96,15.01,Closed,28-08-2025
L402261,C104900,Education,293513.42,8.37,Closed,01-06-2025
L402262,C100775,Personal,93033.41,10.92,Closed,28-05-2024
L402263,C103688,Education,465611.3,7.52,Active,27-06-2026
L402264,C103468,Business,699558.8,14.28,Closed,11-11-2023
L402265,C101298,Auto,918068.23,8.84,Active,31-05-2026
L402266,C103575,Personal,218423.35,9.1,Active,07-10-2025
L402267,C102524,Business,1152030.81,9.07,Closed,13-05-2026
L402268,C100171,Business,546094.18,13.34,Rejected,19-07-2023
L402269,C104864,Business,449446.67,9.99,Active,21-06-2026
L402270,C101583,Auto,1475104.17,13.66,Active,28-05-2023
L402271,C101010,Auto,366900.64,9.48,Active,08-07-2024
L402272,C101700,Home,879458.26,10.35,Active,11-03-2026
L402273,C102217,Home,2646177.13,15.37,Active,25-02-2026
L402274,C101739,Education,2604131.75,9.92,Closed,20-11-2025
L402275,C104356,Personal,552310.4,14.88,Defaulted,28-03-2026
L402276,C103215,Personal,1395109.05,12.96,Closed,01-06-2023
L402277,C101370,Auto,680269.38,9.52,Rejected,29-07-2023
L402278,C100530,Auto,3076315.77,12.83,Active,01-02-2026
L402279,C104957,Home,233737.79,12.93,Active,13-09-2024
L402280,C104073,Personal,211279.78,14.1,Active,01-09-2025
L402281,C100722,Home,2149919.36,13.28,Active,26-01-2026
L402282,C100204,Business,563790.18,13.04,Rejected,18-02-2023
L402283,C104083,Personal,779131.87,13.41,Active,14-03-2026
L402284,C103775,Business,490032.34,14.24,Active,28-03-2026
L402285,C101944,Auto,906784.25,12.83,Closed,08-09-2023
L402286,C102271,Personal,579663.94,11.29,Closed,29-10-2025
L402287,C104766,Auto,381561.37,12.54,Rejected,07-02-2026
L402288,C103238,Home,263836.84,14.26,Closed,04-04-2026
L402289,C102397,Personal,648056.77,7.06,Defaulted,29-07-2023
L402290,C103209,Home,557405.71,7.37,Rejected,24-12-2023
L402291,C104481,Education,909918.86,11.33,Active,11-04-2024
L402292,C101379,Personal,681684.98,8.11,Active,23-02-2025
L402293,C103992,Personal,1030810.02,9.46,Closed,14-04-2025
L402294,C102756,Personal,667732.82,11.64,Active,23-11-2024
L402295,C104623,Personal,1146365.61,12.82,Rejected,26-12-2025
L402296,C103424,Auto,3233117.45,7.34,Active,01-09-2023
L402297,C100294,Personal,130407.72,14.65,Closed,11-11-2024
L402298,C103036,Home,370832.21,10.06,Rejected,19-09-2024
L402299,C101636,Auto,1034459.92,14.24,Active,06-11-2023
L402300,C102409,Home,795958.5,7.37,Defaulted,28-10-2025
L402301,C104803,Personal,489693.14,10.96,Closed,09-04-2024
L402302,C100700,Personal,283202.69,11.97,Active,27-08-2024
L402303,C103980,Home,510798.1,13.86,Closed,26-12-2024
L402304,C102411,Home,179921.07,12.16,Rejected,10-11-2025
L402305,C104677,Auto,484696.26,9.69,Rejected,25-02-2026
L402306,C104762,Home,678111.26,12.55,Active,19-11-2023
L402307,C100773,Auto,1172966.23,15.06,Active,27-06-2025
L402308,C103276,Home,457644.92,8.78,Defaulted,27-08-2025
L402309,C104189,Home,512439.92,13.82,Closed,06-05-2023
L402310,C101723,Auto,976027.38,11.21,Active,09-05-2025
L402311,C100294,Personal,113662,11.57,Active,01-09-2023
L402312,C100114,Education,393989.23,12.5,Active,09-12-2023
L402313,C104797,Auto,2044488.45,14.23,Active,31-05-2023
L402314,C103713,Home,434949.97,14.59,Active,16-03-2023
L402315,C101827,Personal,601985.67,13.29,Defaulted,25-12-2024
L402316,C100955,Education,457018.88,8.95,Closed,18-03-2023
L402317,C103459,Education,187681.87,13.02,Active,18-09-2024
L402318,C104889,Personal,274143.38,9.43,Rejected,05-05-2024
L402319,C102523,Auto,719188.11,14.14,Active,15-01-2026
L402320,C100730,Home,909521.96,14.06,Active,22-04-2024
L402321,C101900,Education,200608.28,12.79,Closed,23-07-2023
L402322,C103978,Personal,969632.61,11.06,Closed,12-09-2024
L402323,C102032,Personal,864867,12.69,Active,24-11-2025
L402324,C100658,Auto,324624.81,11.52,Closed,16-11-2024
L402325,C101749,Business,141559.36,8.71,Closed,13-01-2026
L402326,C104106,Auto,175509.38,12.44,Rejected,09-07-2024
L402327,C100763,Home,394782.04,12.94,Rejected,06-03-2023
L402328,C101919,Business,884644.99,7.51,Rejected,23-05-2026
L402329,C104308,Home,987307.14,14.67,Active,27-08-2025
L402330,C104762,Business,289355.55,10.05,Active,21-06-2025
L402331,C102706,Business,888809.11,9.04,Closed,04-11-2025
L402332,C100074,Personal,745143.93,11.34,Closed,20-09-2023
L402333,C102829,Home,1315437.71,7.9,Closed,16-09-2025
L402334,C100754,Business,163083.35,10.77,Closed,12-03-2025
L402335,C102046,Home,212056.49,12.23,Active,05-11-2025
L402336,C103905,Home,651687.35,9.44,Closed,15-01-2024
L402337,C102281,Business,488098.63,7.33,Active,06-08-2023
L402338,C102576,Auto,1204459.35,13.43,Rejected,09-05-2025
L402339,C100477,Home,533683.42,11.07,Active,21-12-2023
L402340,C102076,Education,400469.57,14.93,Active,15-07-2025
L402341,C103991,Personal,1338271.84,8.48,Active,03-02-2026
L402342,C101380,Education,495670.14,14.41,Closed,12-03-2026
L402343,C101800,Personal,268439.41,9.1,Closed,15-06-2025
L402344,C102653,Personal,577894.74,10.93,Active,30-01-2023
L402345,C101401,Education,1004056.02,8.97,Closed,21-01-2026
L402346,C102689,Personal,378749.45,12.03,Active,27-08-2024
L402347,C104376,Auto,568010.7,11.31,Active,26-09-2024
L402348,C104155,Home,383800.05,8.31,Active,28-06-2026
L402349,C100277,Personal,497216.55,12.79,Active,13-04-2024
L402350,C100996,Business,417287.91,13.08,Rejected,14-12-2024
L402351,C101661,Personal,1205904.22,8.89,Closed,13-04-2025
L402352,C100057,Home,1489513.85,11.87,Active,07-02-2025
L402353,C101610,Business,859792.33,13.9,Active,16-06-2024
L402354,C101871,Education,589200.3,13.86,Active,14-03-2023
L402355,C104046,Personal,1147517.34,8.45,Active,05-06-2026
L402356,C100436,Auto,1431398.1,7.37,Active,04-02-2023
L402357,C101931,Personal,637481.51,12.88,Active,19-05-2024
L402358,C103802,Personal,1082550.54,10.14,Active,11-02-2026
L402359,C101699,Business,293593.45,12.57,Rejected,10-07-2023
L402360,C101239,Business,182506.04,10.42,Closed,04-06-2024
L402361,C100461,Business,499779,15.5,Active,19-10-2025
L402362,C100488,Home,1184896.67,11.48,Rejected,16-03-2025
L402363,C100765,Personal,2795870.79,10.07,Closed,17-02-2026
L402364,C104698,Auto,882847.49,11.95,Rejected,19-11-2023
L402365,C100080,Home,1359927.65,7.77,Closed,21-10-2024
L402366,C102349,Personal,1102287.88,9.86,Rejected,05-03-2025
L402367,C102269,Home,3733038.85,13.15,Active,04-02-2026
L402368,C104674,Home,356277.9,10.88,Rejected,24-09-2024
L402369,C103061,Home,638635.24,13.31,Active,11-02-2025
L402370,C101489,Personal,348767.65,10.95,Active,02-10-2023
L402371,C103616,Personal,799978.12,13.97,Rejected,21-03-2025
L402372,C100052,Auto,320991.66,9.24,Closed,21-12-2025
L402373,C104100,Home,212498.25,7.68,Active,10-02-2024
L402374,C100423,Personal,897778.01,14.83,Defaulted,23-07-2023
L402375,C102268,Education,637237.67,13.87,Active,22-08-2025
L402376,C102511,Education,1340516.52,13.43,Active,24-06-2025
L402377,C102347,Business,641007.64,12.07,Active,04-07-2025
L402378,C101845,Home,516915.16,8.95,Active,23-06-2026
L402379,C101777,Business,68170.73,15.13,Active,20-05-2025
L402380,C104125,Auto,261664.71,12.12,Active,14-11-2025
L402381,C103730,Personal,186464.04,11.43,Closed,23-07-2024
L402382,C102700,Personal,720807.36,9.43,Active,11-11-2024
L402383,C104791,Personal,916753.79,13.36,Active,12-12-2023
L402384,C100756,Personal,596912.87,10.33,Closed,25-02-2025
L402385,C104090,Business,395691.42,9.15,Defaulted,13-06-2025
L402386,C101512,Business,830260.41,12.36,Active,22-06-2023
L402387,C102108,Personal,492537.59,8.13,Rejected,05-05-2024
L402388,C101197,Personal,324314.42,13.82,Active,09-03-2026
L402389,C100975,Personal,444670.7,11.17,Defaulted,20-02-2025
L402390,C103973,Home,1011062.01,13.25,Active,13-11-2024
L402391,C102909,Home,318141.48,9.93,Active,11-05-2026
L402392,C103421,Personal,567463.61,12.29,Rejected,23-10-2023
L402393,C101871,Home,367522.78,9.43,Active,15-07-2024
L402394,C104602,Personal,417302.03,7.44,Active,04-01-2024
L402395,C102451,Personal,272369.59,12.68,Closed,24-11-2024
L402396,C103039,Personal,873306.04,14.52,Closed,06-06-2026
L402397,C101771,Education,80047.03,11.65,Closed,20-11-2025
L402398,C101734,Home,724811.73,7.74,Closed,14-02-2024
L402399,C101157,Business,729125.05,7.82,Closed,23-10-2025
L402400,C102046,Personal,1008150.45,13.27,Closed,23-09-2023
L402401,C101868,Personal,478107.84,14.34,Active,01-05-2024
L402402,C100565,Home,464176.64,14.82,Rejected,21-02-2026
L402403,C103639,Education,1007134.87,13.2,Active,07-05-2024
L402404,C101908,Education,359843.32,10.63,Active,20-04-2023
L402405,C103992,Education,1460147.11,10.33,Active,18-02-2025
L402406,C100604,Business,457043.46,9.35,Active,04-11-2024
L402407,C104671,Auto,1089564.24,12.77,Rejected,29-11-2023
L402408,C101824,Auto,52174.95,9.72,Closed,19-04-2025
L402409,C103750,Home,1025541.6,10.06,Active,17-10-2024
L402410,C101062,Personal,944058.07,8.75,Active,16-02-2025
L402411,C100905,Home,616458.58,13.66,Closed,16-10-2024
L402412,C100434,Home,684311.58,14.81,Active,03-06-2026
L402413,C102768,Home,1484549.97,9.63,Active,19-07-2023
L402414,C102817,Education,193293.93,10.54,Active,23-12-2024
L402415,C102573,Home,423432.46,14.51,Rejected,25-01-2025
L402416,C104664,Business,240828.91,9.83,Active,18-07-2023
L402417,C101388,Personal,1903897.58,9.52,Active,28-03-2024
L402418,C104858,Home,856199.17,12.54,Rejected,05-04-2023
L402419,C103430,Home,733852.27,13.2,Closed,22-03-2026
L402420,C103693,Auto,447282.64,7.18,Active,04-10-2023
L402421,C101436,Personal,547963.69,9.43,Rejected,03-08-2023
L402422,C104734,Auto,151971.54,7.95,Active,13-01-2024
L402423,C103522,Home,276267.05,7.43,Active,26-07-2025
L402424,C102052,Personal,1289320.82,9,Defaulted,28-01-2026
L402425,C104868,Education,859403.74,7.41,Active,28-03-2023
L402426,C100447,Business,863320.34,10.57,Closed,12-01-2024
L402427,C100261,Auto,386445.43,10.76,Closed,12-07-2025
L402428,C103650,Home,673784.42,12.83,Active,15-03-2024
L402429,C104161,Personal,224658.09,14.67,Active,01-11-2024
L402430,C100806,Personal,190432.45,15.48,Active,08-09-2024
L402431,C104574,Home,676222.77,12.49,Closed,25-07-2025
L402432,C100502,Auto,402045.78,8.65,Active,02-10-2025
L402433,C102417,Business,347732.68,9.9,Rejected,30-09-2023
L402434,C101959,Personal,755253.86,13.21,Closed,23-02-2024
L402435,C101542,Business,438615.77,12.57,Active,24-06-2024
L402436,C102289,Business,519048.62,13.5,Active,18-07-2024
L402437,C100069,Education,239526.06,13.65,Active,04-08-2025
L402438,C100431,Personal,390014.79,9.31,Closed,30-09-2024
L402439,C100133,Personal,84889.51,9.82,Closed,26-11-2025
L402440,C103694,Home,1408071.58,10.37,Active,10-04-2025
L402441,C100479,Business,786559.69,11.82,Rejected,19-10-2024
L402442,C102869,Business,448326.92,8.34,Defaulted,06-08-2025
L402443,C101120,Home,1708206.63,14.89,Active,29-03-2026
L402444,C103262,Auto,404597.81,12.57,Closed,01-01-2023
L402445,C100971,Home,266945.89,8.54,Active,13-04-2024
L402446,C104941,Personal,321677.26,11.2,Closed,29-12-2025
L402447,C104444,Home,256241.52,10.94,Rejected,31-05-2024
L402448,C103590,Home,386776.72,12.38,Closed,27-04-2023
L402449,C102620,Education,246870.86,8.58,Active,20-06-2025
L402450,C103973,Business,442182.52,12.25,Closed,18-09-2024
L402451,C100702,Personal,433560.59,14.03,Defaulted,07-08-2025
L402452,C100354,Business,295650.31,9.68,Active,13-10-2024
L402453,C100000,Personal,713622.86,13.33,Closed,28-06-2025
L402454,C103364,Personal,250740.42,9.45,Active,31-05-2026
L402455,C101582,Personal,851263.71,7.03,Active,25-04-2023
L402456,C101870,Personal,1049812.9,10.91,Closed,10-11-2024
L402457,C104405,Personal,957639.99,13.13,Rejected,23-01-2025
L402458,C100622,Home,345873.68,7.64,Rejected,21-04-2023
L402459,C100515,Auto,557706.71,12.02,Rejected,22-01-2025
L402460,C104011,Home,818185.86,13.75,Active,25-06-2024
L402461,C102259,Education,610968.9,12.37,Active,15-06-2026
L402462,C102568,Home,361898.83,10.79,Active,02-02-2023
L402463,C101065,Education,1664999.21,7.04,Active,29-01-2024
L402464,C104791,Education,338264.16,12.93,Active,18-06-2025
L402465,C102437,Auto,535499.33,13.5,Closed,09-12-2025
L402466,C103412,Personal,594863.46,9.61,Rejected,13-06-2023
L402467,C102604,Personal,586180.14,11.12,Closed,08-05-2023
L402468,C101894,Personal,528098.99,10.95,Closed,10-01-2024
L402469,C100569,Personal,448925.08,8.54,Active,24-10-2025
L402470,C102842,Personal,666880.57,10.84,Rejected,20-11-2024
L402471,C100085,Personal,903568.71,14.91,Active,24-01-2024
L402472,C100421,Home,831256.93,9.97,Active,16-01-2025
L402473,C103196,Personal,733848.63,13.27,Rejected,07-05-2023
L402474,C102107,Personal,334299.9,11.21,Active,26-09-2023
L402475,C103368,Education,164391.25,8.94,Closed,15-01-2023
L402476,C102909,Personal,1479198.04,14.45,Closed,06-12-2024
L402477,C102716,Education,1312879.46,11.09,Active,15-02-2023
L402478,C101553,Business,249081.35,9.08,Rejected,29-04-2025
L402479,C104936,Home,306099.2,9.22,Closed,05-01-2025
L402480,C104727,Personal,104838.04,7.13,Closed,24-04-2026
L402481,C103873,Education,1475668.11,7.13,Active,02-06-2026
L402482,C102386,Home,913656.93,8.37,Active,16-01-2023
L402483,C103948,Education,479162.19,14.94,Active,07-08-2025
L402484,C101654,Home,383655.22,7.16,Active,07-06-2025
L402485,C101247,Education,690027.09,8.52,Closed,14-04-2025
L402486,C104807,Personal,547221.54,10.02,Rejected,12-04-2026
L402487,C100394,Home,324869.61,10.03,Defaulted,28-12-2025
L402488,C102555,Personal,1553957.64,7.7,Active,09-03-2024
L402489,C104931,Personal,586707.35,12.48,Closed,28-09-2025
L402490,C101068,Personal,1585655.51,10.88,Rejected,14-10-2023
L402491,C103277,Education,249138.13,7.54,Closed,12-08-2025
L402492,C101755,Auto,606172.8,10.99,Closed,28-03-2026
L402493,C104638,Education,382208.48,14.53,Closed,27-05-2024
L402494,C104543,Education,214196.23,7.62,Rejected,10-02-2026
L402495,C103333,Personal,627144.13,10.81,Rejected,24-08-2025
L402496,C104417,Business,461655.75,12.69,Active,16-12-2024
L402497,C104946,Auto,1645262.5,13.22,Active,14-08-2023
L402498,C101871,Auto,858340.9,13.74,Closed,02-01-2025
L402499,C104209,Education,116396.19,10.97,Rejected,03-08-2025
L402500,C101859,Auto,669459.01,12.55,Active,11-07-2024
L402501,C102666,Auto,125736.75,7.76,Closed,03-01-2023
L402502,C100174,Home,403651.12,11.83,Active,06-06-2023
L402503,C103516,Personal,831773,10.82,Active,25-08-2025
L402504,C102554,Business,962111.3,11.53,Rejected,18-07-2023
L402505,C100484,Education,1457207.54,11.32,Closed,12-11-2025
L402506,C104696,Education,899146.54,12.05,Active,02-04-2025
L402507,C100043,Personal,329854.3,14.24,Active,23-10-2024
L402508,C103375,Home,104802.14,12.13,Active,26-06-2023
L402509,C103879,Business,357365.14,8.8,Closed,18-04-2026
L402510,C100596,Business,199352.07,11.16,Active,23-05-2025
L402511,C103873,Personal,946133.34,13.57,Active,03-12-2023
L402512,C100906,Personal,613604.09,11.26,Closed,24-02-2025
L402513,C104211,Home,881338.13,13.76,Active,26-11-2025
L402514,C100791,Auto,681087.49,11.7,Active,27-02-2025
L402515,C102673,Auto,189791.76,14.54,Defaulted,04-12-2025
L402516,C102867,Business,159384.86,9.54,Closed,27-03-2026
L402517,C102701,Auto,1079684.23,11.15,Defaulted,20-04-2024
L402518,C104434,Home,1055024.07,9.52,Active,27-04-2024
L402519,C102934,Personal,1015200.34,8.97,Closed,28-08-2023
L402520,C103925,Business,1031950.32,7.39,Closed,09-05-2026
L402521,C102824,Personal,1132845.05,7.54,Closed,17-09-2025
L402522,C103364,Personal,1129647.78,11.03,Active,22-04-2025
L402523,C102331,Personal,338580.37,11.4,Rejected,27-07-2024
L402524,C100333,Personal,774626.01,14.75,Rejected,13-04-2026
L402525,C102195,Education,195590.31,14.57,Active,24-01-2025
L402526,C102539,Auto,779374.32,10.8,Rejected,16-07-2023
L402527,C104276,Home,826502.9,9.37,Active,21-02-2026
L402528,C101761,Personal,685546.81,14.63,Closed,04-06-2026
L402529,C104184,Personal,428006.23,11.35,Closed,16-09-2024
L402530,C102454,Business,1597131.97,13.57,Closed,27-01-2026
L402531,C100359,Personal,559959.1,11.86,Rejected,04-06-2024
L402532,C102639,Personal,643016.28,9.12,Rejected,22-09-2023
L402533,C100791,Education,378769.41,9.31,Active,02-11-2025
L402534,C100336,Personal,947395.86,10.77,Rejected,23-04-2024
L402535,C104808,Home,331622.64,11.1,Closed,16-07-2023
L402536,C101842,Personal,787180.3,7.08,Closed,04-09-2025
L402537,C100931,Personal,422179.44,7.82,Active,15-04-2026
L402538,C104325,Auto,287054.93,7.41,Closed,10-12-2023
L402539,C103655,Personal,728119.46,15.24,Rejected,13-02-2023
L402540,C104010,Home,881117.54,12.2,Active,11-05-2024
L402541,C103444,Personal,669276.23,15.11,Closed,07-04-2026
L402542,C104448,Business,664199.06,8.07,Defaulted,27-08-2023
L402543,C101432,Auto,467968.5,11.2,Closed,06-12-2024
L402544,C104414,Home,836514.65,11.23,Active,13-09-2023
L402545,C101641,Education,776423.77,12.98,Closed,03-11-2023
L402546,C103491,Personal,344364.11,9.14,Active,02-05-2023
L402547,C101424,Home,180698.79,12.38,Active,27-03-2026
L402548,C100176,Home,613780.79,9.25,Closed,14-10-2024
L402549,C100033,Business,992250.05,9.91,Rejected,03-03-2024
L402550,C104198,Personal,179591.08,11.67,Closed,08-01-2026
L402551,C101231,Home,262201.03,7.7,Closed,29-06-2024
L402552,C102184,Business,143668.6,11.5,Active,17-09-2023
L402553,C103657,Auto,155685.03,12.45,Rejected,30-03-2023
L402554,C101459,Home,89950.05,14.58,Closed,16-02-2024
L402555,C102460,Personal,128262.56,9.15,Rejected,22-04-2025
L402556,C102935,Personal,465673.3,9.82,Active,26-11-2025
L402557,C104848,Business,319159.42,7.29,Defaulted,17-09-2025
L402558,C102606,Home,309994.78,14.77,Closed,30-03-2024
L402559,C104759,Education,392620.7,9.88,Closed,06-07-2025
L402560,C103852,Personal,391494.41,15.08,Closed,07-01-2025
L402561,C100848,Home,90603.75,10.5,Defaulted,23-10-2023
L402562,C100703,Auto,764057.16,10.94,Closed,12-06-2026
L402563,C104617,Education,359020.57,9.61,Active,28-01-2024
L402564,C101240,Education,694771.27,7.01,Closed,04-04-2024
L402565,C102299,Auto,1020280.8,12.84,Rejected,02-08-2025
L402566,C104141,Education,673161.41,7.4,Active,24-12-2024
L402567,C101469,Business,400193.92,9.19,Rejected,31-10-2025
L402568,C102070,Business,319968,7.23,Active,19-11-2023
L402569,C100085,Auto,2973416.59,15.17,Closed,14-03-2023
L402570,C103519,Auto,1574870.44,9.23,Closed,22-03-2026
L402571,C103673,Auto,646139.5,8.25,Rejected,05-03-2024
L402572,C101328,Home,126104.79,7.84,Active,16-12-2023
L402573,C101903,Home,273916.3,13.36,Active,11-01-2023
L402574,C102877,Home,310079.03,10.75,Closed,08-10-2023
L402575,C102042,Personal,227303.23,15.27,Closed,03-11-2024
L402576,C101446,Auto,564429,10.65,Active,27-06-2025
L402577,C100982,Auto,557197.45,12.16,Defaulted,20-11-2025
L402578,C103204,Home,1002986.38,15.31,Closed,19-06-2024
L402579,C102246,Personal,241844.49,11.37,Rejected,29-10-2023
L402580,C102876,Business,207128.23,12.37,Closed,07-02-2025
L402581,C100738,Personal,258029.06,10.25,Active,10-10-2024
L402582,C102720,Business,375580.56,12,Rejected,09-02-2024
L402583,C100494,Home,271855.28,14.29,Closed,31-03-2024
L402584,C104079,Personal,141521.76,11.46,Defaulted,20-08-2024
L402585,C104798,Auto,784271.24,11.73,Active,21-06-2023
L402586,C101197,Auto,558258.04,15.28,Closed,30-03-2023
L402587,C100920,Home,364276.76,10,Active,19-02-2026
L402588,C100687,Home,738679.44,9.34,Active,15-03-2025
L402589,C100297,Personal,564892.74,14.76,Defaulted,08-10-2023
L402590,C100537,Personal,95538.42,8.26,Closed,06-06-2025
L402591,C102027,Auto,1405366.61,12.81,Active,28-02-2024
L402592,C100701,Business,699564.99,14.21,Active,12-05-2023
L402593,C104566,Personal,287403.88,15.44,Active,07-09-2024
L402594,C100486,Education,585743.86,8.9,Closed,07-09-2024
L402595,C100736,Auto,700237.29,10.95,Active,18-05-2024
L402596,C101072,Home,716309.02,12,Closed,17-01-2025
L402597,C102375,Personal,678077.1,12.65,Closed,23-06-2023
L402598,C101034,Personal,2380947.24,8.26,Active,26-08-2024
L402599,C100917,Home,369474.76,8.68,Active,01-01-2024
L402600,C103500,Personal,368733.24,7.18,Closed,29-04-2023
L402601,C104001,Personal,382573.26,10.5,Active,22-03-2026
L402602,C102843,Personal,276917.68,12.96,Closed,02-04-2023
L402603,C100000,Auto,401652.7,9.78,Active,10-10-2025
L402604,C104387,Business,92090.4,14.17,Active,21-06-2025
L402605,C104642,Personal,295149.21,9.05,Active,29-05-2025
L402606,C102604,Home,507640.21,13.7,Closed,27-12-2025
L402607,C100323,Home,743742.96,10.88,Rejected,24-03-2023
L402608,C101397,Business,2386986.8,14.91,Active,01-08-2023
L402609,C100867,Personal,448957.91,13.64,Active,13-04-2024
L402610,C101540,Personal,257045.38,12.23,Closed,28-06-2024
L402611,C103256,Personal,580546.33,10.72,Active,09-03-2024
L402612,C103682,Home,222183.62,15.09,Rejected,20-03-2023
L402613,C103246,Education,403348.19,15.27,Closed,04-10-2024
L402614,C100898,Personal,592523.72,7.15,Active,04-02-2025
L402615,C103687,Business,610086.47,10.73,Active,01-03-2024
L402616,C100837,Education,137330.35,8.47,Rejected,23-01-2023
L402617,C100071,Personal,430220.68,8,Active,05-02-2026
L402618,C102188,Business,817988.49,7.95,Active,29-08-2025
L402619,C102895,Home,263750.54,8.14,Closed,02-06-2024
L402620,C104037,Home,256380.35,9.21,Closed,25-08-2025
L402621,C103229,Personal,443428.66,11.15,Closed,15-09-2023
L402622,C101142,Auto,472741.99,7.08,Closed,18-02-2024
L402623,C101828,Personal,716993.81,9.99,Defaulted,09-07-2025
L402624,C102662,Home,803691.62,11.05,Rejected,24-02-2024
L402625,C100446,Personal,970329.93,8.05,Active,15-09-2023
L402626,C104303,Home,1339096.71,15.11,Closed,13-11-2025
L402627,C103932,Auto,256326.72,8.44,Active,23-01-2026
L402628,C103096,Home,381788.69,15,Closed,27-07-2023
L402629,C103243,Personal,4619301.38,9.9,Active,06-10-2024
L402630,C104971,Personal,789137.66,9.63,Rejected,13-11-2024
L402631,C101799,Auto,198942.87,13.91,Active,26-05-2025
L402632,C104702,Education,435959.71,12.4,Active,07-03-2023
L402633,C100951,Education,238748.5,10.04,Defaulted,16-03-2026
L402634,C100504,Business,552748.82,12.08,Active,12-01-2023
L402635,C101648,Home,325600.22,10.94,Active,01-11-2025
L402636,C102658,Business,230836.26,10.74,Active,17-02-2023
L402637,C104026,Auto,211543.03,12.46,Closed,27-11-2023
L402638,C100465,Personal,114677.29,8.25,Active,18-05-2023
L402639,C100075,Home,440077.74,11.44,Closed,10-01-2024
L402640,C102808,Business,522729.37,8.86,Active,11-11-2025
L402641,C102840,Business,567363.58,12.87,Active,29-11-2024
L402642,C104532,Education,355136.63,11.81,Active,20-03-2023
L402643,C101914,Auto,524712.22,14.06,Closed,12-07-2025
L402644,C103275,Home,412687.14,8.51,Active,03-10-2025
L402645,C102076,Education,2313253.42,10.8,Closed,23-11-2025
L402646,C100027,Business,823101.32,9.34,Active,14-09-2025
L402647,C103073,Home,1141744.14,14.45,Active,18-05-2026
L402648,C102032,Business,568327.99,11.39,Rejected,08-09-2025
L402649,C100318,Personal,988087.11,13.14,Rejected,14-05-2026
L402650,C101664,Auto,1060593.93,14.85,Active,08-12-2024
L402651,C101880,Home,571700.08,10.51,Closed,25-07-2024
L402652,C103664,Home,721076.47,7.57,Active,03-07-2024
L402653,C104785,Personal,423116.42,13.12,Rejected,18-04-2026
L402654,C100309,Personal,701828.61,14.12,Closed,18-08-2025
L402655,C103544,Education,111139.82,7.42,Active,28-11-2023
L402656,C101328,Auto,185580.5,13.43,Rejected,29-12-2025
L402657,C100649,Auto,201549.6,8.66,Defaulted,09-06-2026
L402658,C103582,Business,269199.73,14.39,Active,17-07-2025
L402659,C102354,Home,249326.09,9,Rejected,20-06-2023
L402660,C103568,Home,288631.03,12.3,Rejected,07-05-2025
L402661,C101019,Personal,451683.03,14.33,Active,10-06-2025
L402662,C100652,Home,277898.7,14.1,Closed,24-07-2025
L402663,C101871,Home,2760171.76,9.94,Active,29-01-2024
L402664,C104553,Personal,1197444.39,12.8,Closed,28-02-2026
L402665,C103471,Personal,886864.56,10.46,Active,03-06-2023
L402666,C101463,Personal,169374.99,10.5,Closed,22-10-2024
L402667,C103469,Auto,867429.37,10.43,Active,25-01-2024
L402668,C103425,Home,396854.99,14.68,Defaulted,19-04-2024
L402669,C103243,Auto,871908.66,7.81,Active,22-08-2023
L402670,C100342,Personal,710864.07,15.32,Active,07-05-2024
L402671,C103382,Auto,106510.97,11.66,Closed,09-01-2024
L402672,C101299,Personal,358611.88,10.26,Active,09-05-2024
L402673,C101921,Personal,270202.3,10.75,Rejected,24-03-2026
L402674,C104927,Personal,825376.32,7.82,Active,28-01-2026
L402675,C100951,Home,1210404.97,7.41,Active,29-06-2026
L402676,C103539,Home,213367.6,11.92,Rejected,27-11-2023
L402677,C104909,Business,1316980.84,8.63,Active,24-03-2025
L402678,C104261,Education,355180.41,11.46,Defaulted,27-01-2024
L402679,C101730,Business,368161.46,14.01,Closed,17-05-2026
L402680,C104115,Personal,632681.47,8.3,Active,05-06-2026
L402681,C100882,Home,400599.12,13.25,Closed,11-05-2023
L402682,C102720,Business,451749.55,13.77,Rejected,01-12-2023
L402683,C102501,Personal,1051807.34,11.82,Active,18-05-2026
L402684,C103612,Personal,1250736.04,11.9,Active,22-12-2023
L402685,C103360,Personal,924943.1,14.57,Closed,22-05-2026
L402686,C104919,Home,842465.05,14.73,Active,11-07-2024
L402687,C101419,Personal,965712.54,11.44,Rejected,10-04-2026
L402688,C103164,Education,177028.42,14.94,Active,13-07-2025
L402689,C101706,Home,1293939.92,11.64,Active,04-04-2025
L402690,C103975,Home,283284.79,9.86,Closed,23-04-2024
L402691,C104999,Home,431637.41,10.85,Closed,06-09-2023
L402692,C101750,Auto,287378.45,13.62,Closed,24-04-2026
L402693,C103153,Business,712957.15,13.01,Closed,14-06-2026
L402694,C101832,Personal,336613.08,15.18,Closed,07-06-2026
L402695,C103240,Education,1083597.37,12.27,Closed,24-01-2026
L402696,C103671,Education,479420.68,14.03,Closed,10-03-2024
L402697,C102974,Auto,571739.69,10.98,Active,09-11-2025
L402698,C101256,Personal,692788.58,9.21,Rejected,23-04-2024
L402699,C100814,Business,535488.51,11.76,Closed,20-05-2025
L402700,C102153,Home,308176.45,7.13,Active,13-10-2024
L402701,C101561,Home,304061.73,10.86,Closed,17-07-2023
L402702,C103002,Home,1242011.53,9.59,Defaulted,10-05-2023
L402703,C103074,Personal,293557.22,7.75,Rejected,12-01-2026
L402704,C102841,Home,492053.07,7.95,Closed,19-10-2024
L402705,C100594,Auto,498659.14,14.63,Defaulted,13-02-2024
L402706,C104843,Auto,610743.41,12.71,Active,30-04-2025
L402707,C101853,Personal,232577,9.61,Rejected,24-04-2024
L402708,C104806,Personal,288103.57,15.49,Active,22-12-2024
L402709,C102766,Personal,105397.69,9.78,Active,24-09-2025
L402710,C103271,Business,507300.63,13.95,Active,28-01-2024
L402711,C102070,Personal,913945.54,15.15,Rejected,10-08-2025
L402712,C100646,Personal,567841.54,9.08,Active,14-12-2024
L402713,C104259,Business,272689.49,7.27,Closed,30-03-2023
L402714,C104660,Personal,1059470.86,13.75,Active,27-04-2023
L402715,C104725,Business,219777.47,13.36,Closed,04-04-2026
L402716,C103519,Education,273360.12,10.2,Rejected,11-02-2023
L402717,C101135,Personal,206562.19,9.41,Closed,23-06-2023
L402718,C104415,Personal,554529.87,7.95,Active,25-04-2025
L402719,C100525,Home,1050074.85,12.02,Active,02-08-2025
L402720,C102373,Business,664521.31,11.68,Active,27-06-2026
L402721,C102952,Business,454630.25,13.67,Active,18-09-2025
L402722,C102747,Education,326868.57,14.81,Closed,19-12-2025
L402723,C104998,Auto,727815.09,14.49,Active,18-08-2025
L402724,C100323,Auto,307068.47,7.42,Closed,24-08-2023
L402725,C103822,Personal,495183.12,15.23,Rejected,27-03-2026
L402726,C100538,Education,470803.75,8.53,Active,19-07-2023
L402727,C104371,Auto,1414881.63,8.92,Active,15-06-2024
L402728,C103815,Personal,948072.27,9.76,Closed,15-03-2026
L402729,C102991,Home,479114.89,8.56,Active,27-11-2024
L402730,C101804,Personal,412996.19,13.14,Rejected,02-08-2024
L402731,C100793,Auto,152701.51,8.97,Active,05-06-2024
L402732,C100528,Education,205348.01,8.48,Rejected,18-08-2025
L402733,C100544,Personal,493277.67,8.46,Active,26-05-2023
L402734,C102931,Education,137469.24,12.79,Closed,04-02-2024
L402735,C100062,Auto,304171.47,8.38,Closed,08-03-2023
L402736,C103861,Auto,220820.97,13.17,Active,01-07-2023
L402737,C103862,Personal,1018079.82,15.12,Rejected,10-07-2025
L402738,C104234,Education,206278.77,8.75,Defaulted,23-02-2024
L402739,C102545,Personal,661459.72,14.64,Active,08-03-2026
L402740,C100664,Personal,255515.6,12.25,Closed,05-05-2024
L402741,C100981,Personal,421682.76,14.86,Active,02-07-2025
L402742,C104214,Personal,540616.83,14.19,Rejected,09-06-2024
L402743,C104036,Education,713488.6,11.12,Active,07-11-2023
L402744,C104124,Auto,742721.34,9.96,Active,17-11-2023
L402745,C104618,Home,428793.23,12.03,Active,16-12-2023
L402746,C104293,Personal,473128.24,10.11,Rejected,27-08-2025
L402747,C103056,Personal,259623.05,10.14,Active,30-04-2023
L402748,C102986,Business,134457.43,8.36,Closed,06-12-2023
L402749,C100409,Personal,359660.78,11.15,Closed,21-08-2025
L402750,C104102,Personal,845081.2,13.4,Closed,17-09-2024
L402751,C103941,Business,755945.88,13.51,Closed,12-03-2024
L402752,C104329,Auto,430667.79,12.29,Active,21-12-2024
L402753,C102693,Personal,562401.08,8.48,Closed,27-04-2024
L402754,C104556,Education,296987.23,7.18,Closed,23-04-2025
L402755,C103196,Business,448576.11,12.06,Active,17-11-2024
L402756,C103174,Education,134383.12,12.71,Active,26-10-2024
L402757,C104521,Auto,190554.64,7.91,Closed,07-08-2024
L402758,C103502,Personal,655185.83,7.04,Closed,29-03-2026
L402759,C100324,Personal,1743775.87,9.01,Active,15-01-2024
L402760,C102346,Business,542171.31,9.84,Active,16-03-2026
L402761,C100501,Auto,585236.62,14.88,Active,11-07-2025
L402762,C100693,Business,595397.91,12.24,Closed,03-04-2026
L402763,C103234,Home,51575.98,7.4,Rejected,02-01-2023
L402764,C101495,Personal,549650.12,9.75,Active,24-09-2024
L402765,C101098,Auto,867948.41,13.38,Active,05-04-2023
L402766,C103671,Auto,1339261.56,12.72,Active,18-04-2024
L402767,C102469,Auto,526144.47,10.25,Active,15-03-2024
L402768,C103759,Home,1252127.54,10.68,Closed,27-09-2023
L402769,C103807,Auto,2995642.69,11.11,Active,21-09-2023
L402770,C103244,Personal,182857.11,14.32,Active,25-10-2023
L402771,C104169,Home,353445.59,14.08,Active,04-02-2026
L402772,C101588,Auto,104904.61,7.88,Closed,14-05-2024
L402773,C101224,Business,654527.44,9.28,Closed,24-12-2023
L402774,C101845,Home,207593.92,9.71,Closed,11-02-2025
L402775,C102361,Auto,532921.81,12.96,Rejected,12-04-2025
L402776,C102728,Business,605312.64,10.47,Active,04-07-2025
L402777,C101580,Home,397899.29,14.73,Rejected,03-06-2026
L402778,C100326,Personal,814417.01,14.88,Closed,17-04-2026
L402779,C101530,Business,956193.82,9.34,Active,21-10-2024
L402780,C101957,Business,1576655.63,9.62,Closed,04-11-2025
L402781,C100950,Auto,385708.11,7.6,Active,07-11-2023
L402782,C104933,Personal,327035.56,11.71,Active,09-04-2026
L402783,C103326,Auto,586682.82,10.86,Closed,16-04-2024
L402784,C101411,Personal,276090.73,13.53,Active,01-02-2026
L402785,C100477,Auto,127946.46,10.19,Active,19-03-2024
L402786,C102748,Education,463649.55,14.62,Closed,05-01-2025
L402787,C100173,Education,259239.03,9.03,Closed,01-08-2023
L402788,C104676,Personal,336327.63,8.1,Closed,26-05-2023
L402789,C104201,Auto,754339.33,9.82,Closed,06-06-2024
L402790,C103860,Home,239908,12.32,Active,07-03-2024
L402791,C100207,Home,135122.97,11.56,Active,29-10-2023
L402792,C103922,Personal,430868.13,7.23,Closed,07-10-2025
L402793,C102101,Home,269458.91,13.38,Closed,10-04-2024
L402794,C100921,Auto,404039.59,9.41,Defaulted,25-06-2025
L402795,C103754,Personal,423272.73,14.99,Rejected,03-11-2025
L402796,C103950,Education,1204477.23,8.55,Closed,29-01-2026
L402797,C101155,Auto,1399301.13,9.38,Active,29-06-2025
L402798,C104261,Business,344616.41,10.31,Active,17-09-2023
L402799,C104838,Business,719338.6,10.9,Rejected,19-03-2026
L402800,C102219,Business,591285.08,9.07,Rejected,17-12-2025
L402801,C101571,Auto,1150698.07,12.82,Closed,10-05-2026
L402802,C102162,Personal,527800.36,15.47,Closed,27-05-2024
L402803,C104548,Home,478152.65,10.82,Closed,09-12-2025
L402804,C101354,Personal,951383.5,14.03,Rejected,22-10-2023
L402805,C102035,Education,616529.36,14.41,Active,25-05-2023
L402806,C104180,Personal,411951.05,9.29,Rejected,16-05-2026
L402807,C100896,Home,144282.12,7.09,Active,22-06-2025
L402808,C101575,Home,694758.63,7.42,Closed,25-06-2024
L402809,C102492,Personal,971461.03,9.8,Defaulted,15-11-2023
L402810,C102635,Personal,255705.32,11.34,Active,02-07-2023
L402811,C100792,Auto,1566243.54,13.12,Active,26-04-2024
L402812,C103398,Personal,600687.87,10.59,Rejected,19-12-2024
L402813,C100385,Business,1012632.02,14.56,Closed,08-05-2025
L402814,C100459,Personal,370645.75,8.43,Active,21-03-2023
L402815,C100237,Auto,479844.62,7.29,Active,07-04-2026
L402816,C101735,Business,273661.02,12.42,Rejected,24-11-2023
L402817,C101654,Personal,2219856.95,12.12,Active,01-06-2023
L402818,C104625,Personal,737868.87,12.8,Active,25-12-2025
L402819,C100420,Business,1667219.03,13.3,Active,05-12-2023
L402820,C101420,Auto,2104300.75,10.92,Active,05-07-2025
L402821,C104269,Personal,297960.97,14.48,Active,16-01-2024
L402822,C104234,Home,603170.23,9.72,Active,13-06-2024
L402823,C104021,Auto,1803505.84,10.61,Active,06-11-2025
L402824,C102813,Auto,592000.1,10.78,Closed,13-01-2026
L402825,C101599,Home,1003518.14,9.54,Defaulted,03-05-2025
L402826,C100912,Home,609915.95,12.18,Active,26-11-2025
L402827,C102312,Education,1388938.66,8.38,Closed,01-01-2026
L402828,C104524,Home,661820.88,11.32,Active,31-03-2024
L402829,C103444,Education,204095.35,8.09,Active,16-12-2023
L402830,C100642,Education,1421655.14,11.66,Active,10-12-2023
L402831,C102517,Personal,147500.75,11.15,Closed,30-09-2023
L402832,C103911,Business,712209.78,15.3,Active,15-03-2024
L402833,C104866,Business,673490.16,8.66,Closed,20-06-2024
L402834,C101418,Personal,104902.85,7.82,Active,26-03-2025
L402835,C103940,Personal,671482.39,13.88,Closed,20-06-2026
L402836,C104382,Home,204040.45,9.26,Active,21-04-2026
L402837,C100604,Business,116019.07,13.84,Rejected,09-12-2024
L402838,C103744,Personal,367583.14,8.63,Active,19-05-2024
L402839,C102948,Personal,977521.7,7.87,Active,10-01-2023
L402840,C104792,Personal,271595.34,8.41,Closed,25-07-2024
L402841,C103456,Home,397063.95,9.23,Defaulted,11-04-2026
L402842,C101603,Business,938352.14,8.94,Closed,05-07-2025
L402843,C102926,Personal,167577.92,13,Active,10-06-2025
L402844,C103191,Home,1858031.02,8.27,Closed,24-05-2025
L402845,C104354,Business,515052.67,7.36,Closed,29-04-2026
L402846,C100923,Business,293537.94,11.31,Defaulted,01-10-2025
L402847,C100974,Education,169738.68,8.46,Active,23-01-2023
L402848,C102796,Home,477725.78,8.19,Closed,08-02-2025
L402849,C102242,Auto,436223.98,14.76,Defaulted,30-09-2024
L402850,C100666,Business,747088.38,10.38,Closed,09-02-2026
L402851,C100311,Auto,510672.74,12.29,Closed,03-05-2026
L402852,C104720,Business,2281545.68,9.94,Active,12-11-2025
L402853,C103192,Personal,935495.41,9.14,Active,04-01-2024
L402854,C104018,Home,556159.9,7.6,Defaulted,27-06-2023
L402855,C101248,Personal,399120.45,14.86,Active,13-06-2026
L402856,C100812,Personal,407506.8,13.5,Active,21-03-2023
L402857,C103244,Auto,547431.97,10.55,Active,08-03-2026
L402858,C103304,Home,508118.75,14.11,Active,29-07-2024
L402859,C100672,Home,1344515.18,7.73,Active,26-04-2024
L402860,C103048,Personal,1636973.65,10.11,Active,27-06-2023
L402861,C103500,Home,1891556.45,12.89,Active,09-02-2024
L402862,C100904,Home,672810.73,13.38,Closed,06-03-2024
L402863,C102140,Personal,1160432.68,14.31,Active,12-10-2024
L402864,C103564,Personal,116946.05,10.59,Active,28-06-2026
L402865,C103265,Business,548241.38,11.04,Closed,22-01-2023
L402866,C100142,Personal,293320.72,13.22,Active,12-01-2024
L402867,C102082,Personal,597315.87,13.79,Defaulted,08-02-2023
L402868,C100653,Auto,191627.58,13.9,Active,29-01-2023
L402869,C103074,Home,380415.19,11.28,Active,09-04-2025
L402870,C101457,Auto,376939.25,9.57,Active,18-03-2024
L402871,C101111,Home,1032210.82,15.31,Rejected,04-06-2026
L402872,C101682,Home,119413.34,13.63,Rejected,07-12-2023
L402873,C104677,Business,693155.33,13.26,Closed,05-07-2023
L402874,C101065,Auto,750354.6,15.17,Rejected,09-07-2024
L402875,C100001,Personal,1261913.99,7.04,Rejected,05-12-2024
L402876,C100743,Home,248555.62,11.95,Defaulted,25-12-2025
L402877,C103824,Education,561858.32,9.49,Active,20-07-2025
L402878,C101365,Home,219558.58,8.6,Rejected,23-06-2025
L402879,C101535,Education,545857.57,13.5,Rejected,02-06-2026
L402880,C102673,Education,1483364.19,9.12,Closed,28-12-2024
L402881,C101817,Personal,815734.86,14.03,Closed,04-08-2024
L402882,C104329,Business,1179023.35,13.16,Rejected,08-05-2023
L402883,C104848,Personal,283162.36,10.18,Active,23-08-2024
L402884,C103456,Home,442902.03,11.64,Active,27-02-2023
L402885,C103312,Auto,277076.75,11.28,Closed,12-10-2025
L402886,C102621,Personal,290402.35,9.18,Closed,19-09-2024
L402887,C104485,Education,398436.78,12.86,Closed,06-10-2025
L402888,C102094,Business,602826.64,14.09,Defaulted,09-06-2023
L402889,C103047,Personal,757315.92,10.03,Closed,19-04-2023
L402890,C104188,Personal,435204.66,8.86,Closed,12-02-2023
L402891,C104319,Personal,855181.15,14.86,Active,20-03-2023
L402892,C103814,Personal,267650.58,13.29,Active,11-06-2024
L402893,C103687,Personal,2535038.39,8.18,Active,13-11-2024
L402894,C101427,Auto,772605.38,9.95,Closed,04-10-2025
L402895,C100644,Business,985061.31,15.02,Active,27-06-2024
L402896,C104046,Education,415547.69,10.62,Active,05-01-2024
L402897,C102532,Personal,1347259.54,9.29,Active,11-12-2023
L402898,C104905,Personal,747088.84,12.42,Active,12-02-2025
L402899,C101954,Education,309284.43,7.46,Active,01-07-2025
L402900,C101307,Home,431726.78,11.65,Closed,01-05-2023
L402901,C103624,Home,469638.46,8.72,Active,08-12-2025
L402902,C103352,Home,2035508.16,14.73,Active,07-09-2025
L402903,C102363,Business,396223.75,10.81,Closed,08-06-2025
L402904,C104990,Personal,388001.47,13.23,Active,13-05-2023
L402905,C100835,Personal,106957.15,11.21,Rejected,03-04-2026
L402906,C101814,Home,934847.79,15.47,Rejected,27-01-2023
L402907,C100308,Business,430879.88,8.65,Closed,01-03-2023
L402908,C100885,Personal,704659.3,11.2,Closed,19-06-2025
L402909,C101719,Business,1375090.29,8.82,Active,16-09-2023
L402910,C102157,Personal,317035.91,7.88,Active,04-05-2025
L402911,C103531,Personal,389909.52,14.59,Active,12-01-2025
L402912,C103151,Personal,1100378.25,10.67,Active,16-02-2025
L402913,C102890,Home,112140.34,12.3,Active,29-12-2023
L402914,C101057,Business,422390.42,11.9,Active,21-05-2025
L402915,C100965,Personal,651950.05,9.88,Active,18-06-2025
L402916,C101003,Education,837537.43,8.41,Active,24-10-2023
L402917,C103822,Personal,2455138.9,12.13,Closed,04-02-2026
L402918,C101972,Home,857183,12.99,Closed,01-07-2025
L402919,C101679,Personal,352052.01,12.88,Closed,13-11-2024
L402920,C104232,Personal,238757.59,11.61,Rejected,19-01-2025
L402921,C101857,Business,416013.99,9.69,Active,14-03-2024
L402922,C100017,Home,169699.39,15.04,Active,09-09-2025
L402923,C102716,Personal,2522100.24,10.17,Closed,20-04-2024
L402924,C101262,Home,632645.91,13.03,Closed,28-06-2026
L402925,C100383,Personal,2399041.38,7.83,Rejected,10-11-2023
L402926,C100280,Personal,370414.41,9.1,Active,15-09-2025
L402927,C104663,Home,422489.84,9.06,Closed,06-12-2024
L402928,C104603,Business,1548676.43,12.74,Closed,05-05-2025
L402929,C100324,Home,842183.9,13.82,Closed,30-09-2024
L402930,C102837,Auto,329714.01,15.42,Rejected,25-01-2026
L402931,C103113,Business,420113.21,11.92,Rejected,21-10-2024
L402932,C101750,Business,460848.07,10.08,Rejected,08-03-2026
L402933,C100694,Home,1211458.14,8.63,Closed,22-05-2025
L402934,C103572,Personal,82964.85,10.57,Defaulted,16-08-2025
L402935,C103237,Personal,459033.09,14.99,Rejected,15-07-2023
L402936,C103455,Auto,244580.56,10.18,Active,23-12-2023
L402937,C100243,Business,716194.11,14.87,Closed,15-02-2025
L402938,C102928,Auto,233266.51,7.81,Active,17-04-2025
L402939,C101796,Personal,314210.05,9.27,Active,08-10-2023
L402940,C101417,Personal,342548.53,14.02,Active,07-10-2024
L402941,C102248,Home,366758.96,9.47,Defaulted,11-02-2025
L402942,C102118,Home,319708.47,13.13,Active,28-12-2024
L402943,C104611,Personal,929190.92,10.26,Rejected,04-03-2025
L402944,C103894,Home,969174.5,7.44,Defaulted,06-03-2025
L402945,C104476,Education,2366871.85,7.58,Active,07-12-2023
L402946,C104950,Home,399395.67,13.63,Closed,23-06-2025
L402947,C101611,Home,436683.27,12.47,Rejected,11-12-2025
L402948,C101037,Personal,229316.73,11.5,Active,29-11-2024
L402949,C104922,Personal,353484.82,8.54,Active,28-07-2023
L402950,C104678,Business,545931.07,15.25,Active,06-12-2025
L402951,C103376,Education,457724.47,14.02,Active,24-01-2026
L402952,C102083,Personal,147233.7,11.3,Closed,12-12-2024
L402953,C103585,Home,602834.56,13.04,Closed,01-12-2025
L402954,C103406,Personal,135521.02,14.97,Closed,05-03-2024
L402955,C103680,Business,2813533.51,11.42,Rejected,05-07-2023
L402956,C100082,Personal,1128520.63,13.49,Active,20-02-2023
L402957,C100257,Business,259274.42,14.87,Active,15-01-2023
L402958,C102858,Business,259440.24,9.82,Defaulted,13-04-2023
L402959,C104302,Home,105024.29,13.31,Rejected,27-06-2023
L402960,C101822,Business,259827.99,11.5,Active,10-08-2024
L402961,C102274,Auto,618710.96,12.98,Closed,19-09-2025
L402962,C101424,Personal,370474.79,14.49,Active,26-08-2025
L402963,C100695,Home,967191.17,10.42,Rejected,25-07-2023
L402964,C102860,Home,657616.22,13.4,Defaulted,24-05-2023
L402965,C101478,Personal,677804.19,9.44,Active,31-10-2025
L402966,C103786,Personal,998955.41,12.51,Closed,18-05-2025
L402967,C101653,Personal,888476.79,9.73,Active,07-04-2024
L402968,C100588,Education,293868.21,13.78,Closed,16-06-2026
L402969,C104321,Auto,1706716.51,7.86,Closed,20-05-2026
L402970,C100602,Personal,1202269.43,11.02,Closed,10-04-2023
L402971,C102808,Education,1121315.65,13.13,Active,24-08-2023
L402972,C102603,Personal,912399.7,11.62,Rejected,23-07-2023
L402973,C102414,Personal,391560.29,11.31,Closed,13-12-2025
L402974,C100759,Auto,265522.12,10.37,Active,30-01-2024
L402975,C103723,Personal,328627.49,12.17,Active,19-03-2025
L402976,C100407,Personal,240199.8,8.08,Closed,15-11-2023
L402977,C104914,Auto,637160.25,7.26,Rejected,12-01-2023
L402978,C101549,Home,265088.16,9.55,Closed,15-09-2025
L402979,C104552,Auto,525167.33,7.68,Active,15-09-2024
L402980,C100411,Personal,2175581.08,13.61,Active,17-11-2023
L402981,C104997,Education,3013463.71,7.59,Active,14-03-2023
L402982,C100511,Personal,471889.68,12.45,Rejected,07-10-2025
L402983,C103987,Auto,280546.29,9.21,Closed,27-12-2023
L402984,C100354,Home,148825.51,15.1,Closed,13-11-2025
L402985,C101169,Auto,422124.61,7.07,Closed,31-08-2023
L402986,C100823,Auto,489612.63,12.17,Active,16-11-2025
L402987,C102037,Business,247662.59,15.32,Closed,22-05-2026
L402988,C101412,Auto,174610.91,15.04,Closed,26-02-2026
L402989,C102997,Business,823842.95,9.17,Active,01-03-2026
L402990,C104337,Home,276137.46,9.97,Active,30-03-2023
L402991,C101138,Home,172118.87,7.97,Closed,16-08-2025
L402992,C101704,Home,1748989.08,13.13,Rejected,28-01-2024
L402993,C101481,Education,1361258.8,10.49,Closed,03-02-2024
L402994,C102644,Personal,341230.41,14.25,Active,12-12-2024
L402995,C103392,Personal,163230.13,14.32,Rejected,27-11-2024
L402996,C102989,Auto,298458.26,8.42,Active,10-05-2024
L402997,C104669,Home,318017.56,9.66,Active,18-02-2026
L402998,C100955,Education,953662.32,12.81,Active,17-04-2025
L402999,C103762,Personal,1150347.25,10.4,Closed,14-09-2025
