customer_id,acount_id,acount_type,balance,credit_limit
C100000,A200000,Current,271260.53,372809.12
C100001,A200001,Savings,180680.94,0
C100002,A200002,Savings,92064.49,50000
C100003,A200003,Current,144249.16,209312.14
C100004,A200004,Salary,16903.24,0
C100005,A200005,Salary,72922.11,0
C100006,A200006,Salary,59229.06,0
C100007,A200007,Savings,125388.26,50000
C100008,A200008,Savings,108320.28,0
C100009,A200009,Savings,70739.75,0
C100010,A200010,Savings,33146.18,0
C100011,A200011,Salary,65087.04,0
C100012,A200012,Salary,137584.76,50000
C100013,A200013,Savings,244667.24,0
C100014,A200014,Salary,166941.27,0
C100015,A200015,Savings,195339.8,0
C100016,A200016,Savings,158042.9,50000
C100017,A200017,Savings,221060.34,50000
C100018,A200018,Savings,434613.97,0
C100019,A200019,Savings,246826.85,0
C100020,A200020,Savings,182316.48,0
C100021,A200021,Savings,272116.1,0
C100022,A200022,Savings,1000,0
C100023,A200023,Current,168277.24,168572.14
C100024,A200024,Savings,127699.6,50000
C100025,A200025,Premium,129102.94,96068.57
C100026,A200026,Salary,74656.72,0
C100027,A200027,Premium,52270.73,254257.97
C100028,A200028,Current,145364.27,277366.44
C100029,A200029,Salary,123696.35,0
C100030,A200030,Savings,191108.44,0
C100031,A200031,Salary,31470.71,0
C100032,A200032,Savings,198003.95,0
C100033,A200033,Savings,144478.13,0
C100034,A200034,Savings,20097.5,0
C100035,A200035,Savings,72867.79,0
C100036,A200036,Savings,42532.55,0
C100037,A200037,Premium,320051.75,364557.58
C100038,A200038,Savings,175481.94,0
C100039,A200039,Salary,120154.94,0
C100040,A200040,Savings,132554.65,0
C100041,A200041,Salary,84811.81,0
C100042,A200042,Salary,261299.58,50000
C100043,A200043,Current,137715.4,178208.76
C100044,A200044,Savings,147428.86,0
C100045,A200045,Salary,203706.66,50000
C100046,A200046,Savings,202595.75,0
C100047,A200047,Current,109324.33,117839.26
C100048,A200048,Current,150070.8,139229.97
C100049,A200049,Savings,71121,50000
C100050,A200050,Savings,112347.69,0
C100051,A200051,Savings,67673.08,0
C100052,A200052,Salary,82525.47,0
C100053,A200053,Salary,109509.62,50000
C100054,A200054,Savings,65256.4,0
C100055,A200055,Savings,34471.4,0
C100056,A200056,Savings,82622.97,0
C100057,A200057,Savings,504422.17,0
C100058,A200058,Salary,219794.97,0
C100059,A200059,Salary,1000,0
C100060,A200060,Salary,85715.65,50000
C100061,A200061,Premium,261548.73,403107.55
C100062,A200062,Current,93012.67,61631.35
C100063,A200063,Current,76195.76,48458.47
C100064,A200064,Salary,232994.48,0
C100065,A200065,Salary,179157.28,0
C100066,A200066,Salary,37962.14,0
C100067,A200067,Salary,182338.5,0
C100068,A200068,Savings,111697.17,0
C100069,A200069,Premium,372815.93,168333.31
C100070,A200070,Salary,87829.61,0
C100071,A200071,Savings,70575.33,0
C100072,A200072,Salary,232574,0
C100073,A200073,Savings,150864.66,0
C100074,A200074,Salary,169209.2,0
C100075,A200075,Premium,239794.59,354926.67
C100076,A200076,Savings,110359.66,0
C100077,A200077,Salary,150257.46,50000
C100078,A200078,Salary,57147.32,0
C100079,A200079,Salary,60455.55,0
C100080,A200080,Savings,199664.34,0
C100081,A200081,Savings,186838.74,0
C100082,A200082,Savings,123957.51,0
C100083,A200083,Savings,257798.03,0
C100084,A200084,Current,103439.93,144642.67
C100085,A200085,Salary,235319.09,50000
C100086,A200086,Premium,96980.21,74316.47
C100087,A200087,Savings,23321.86,0
C100088,A200088,Savings,123613.22,0
C100089,A200089,Salary,153649.81,50000
C100090,A200090,Savings,109695.69,0
C100091,A200091,Premium,110601.13,177028.91
C100092,A200092,Salary,159168.99,50000
C100093,A200093,Salary,266375.28,0
C100094,A200094,Savings,144562.11,0
C100095,A200095,Savings,179257.29,0
C100096,A200096,Savings,96988.38,0
C100097,A200097,Savings,94246.16,50000
C100098,A200098,Salary,244429.57,0
C100099,A200099,Savings,179795.06,50000
C100100,A200100,Current,247724.83,187712.1
C100101,A200101,Salary,49862.23,0
C100102,A200102,Savings,88130.13,0
C100103,A200103,Current,59197.51,379227.72
C100104,A200104,Salary,137333.5,0
C100105,A200105,Savings,99605.64,0
C100106,A200106,Savings,187396.4,0
C100107,A200107,Current,127558.99,125358.12
C100108,A200108,Current,178735.77,166930.77
C100109,A200109,Current,68841.07,399561.53
C100110,A200110,Savings,172353.33,50000
C100111,A200111,Savings,185073.66,0
C100112,A200112,Savings,77324.94,0
C100113,A200113,Savings,230004.33,50000
C100114,A200114,Salary,269586.74,50000
C100115,A200115,Current,103202.1,223478.86
C100116,A200116,Current,75161.24,178602.03
C100117,A200117,Savings,241047.76,0
C100118,A200118,Savings,106006.29,0
C100119,A200119,Salary,117112.98,0
C100120,A200120,Salary,193790.58,0
C100121,A200121,Salary,168695.52,0
C100122,A200122,Savings,164338.17,50000
C100123,A200123,Current,373536.87,740571.38
C100124,A200124,Salary,338334.6,0
C100125,A200125,Premium,83600.69,166727.16
C100126,A200126,Premium,84622.45,129796.28
C100127,A200127,Premium,128709.39,145532.71
C100128,A200128,Salary,335205.81,50000
C100129,A200129,Current,383245.75,176349.64
C100130,A200130,Savings,100343.96,0
C100131,A200131,Salary,51218.89,0
C100132,A200132,Savings,259807.45,0
C100133,A200133,Savings,50982.83,0
C100134,A200134,Salary,98898.31,0
C100135,A200135,Salary,237175,50000
C100136,A200136,Salary,180633.12,0
C100137,A200137,Savings,193729.78,0
C100138,A200138,Current,118790.86,124462.42
C100139,A200139,Premium,145340.92,207600.02
C100140,A200140,Salary,123065.9,0
C100141,A200141,Current,184479.63,277945.23
C100142,A200142,Current,191830.33,133636.68
C100143,A200143,Premium,77390,386256.78
C100144,A200144,Savings,493486.46,0
C100145,A200145,Savings,86691.56,0
C100146,A200146,Savings,187538.16,0
C100147,A200147,Savings,125555.02,0
C100148,A200148,Savings,97908.89,50000
C100149,A200149,Current,71581.39,172455.82
C100150,A200150,Savings,77069.5,0
C100151,A200151,Savings,240765.69,0
C100152,A200152,Savings,89040.05,0
C100153,A200153,Premium,203163.87,124743.48
C100154,A200154,Current,87247.59,146095.41
C100155,A200155,Savings,85994.44,0
C100156,A200156,Savings,44871.39,50000
C100157,A200157,Savings,153622.1,0
C100158,A200158,Salary,148689.8,0
C100159,A200159,Current,533137.35,254566.16
C100160,A200160,Premium,99443.81,259613.63
C100161,A200161,Current,90389.59,162442.87
C100162,A200162,Premium,60026.26,91430.71
C100163,A200163,Savings,310003.59,0
C100164,A200164,Salary,73802.84,0
C100165,A200165,Salary,64885.87,0
C100166,A200166,Savings,95251.13,0
C100167,A200167,Savings,105585.12,0
C100168,A200168,Current,14996.39,119720.37
C100169,A200169,Savings,59142.89,0
C100170,A200170,Salary,113639.68,50000
C100171,A200171,Salary,333552.16,50000
C100172,A200172,Savings,173029.11,0
C100173,A200173,Savings,165354.1,0
C100174,A200174,Premium,11484.91,119371.74
C100175,A200175,Savings,99277.36,50000
C100176,A200176,Savings,104397.43,0
C100177,A200177,Savings,102638.82,50000
C100178,A200178,Premium,93653.15,91357.97
C100179,A200179,Salary,81481.32,0
C100180,A200180,Savings,142761.55,0
C100181,A200181,Savings,86190,0
C100182,A200182,Savings,102306.25,0
C100183,A200183,Savings,40691.31,0
C100184,A200184,Salary,98003.57,50000
C100185,A200185,Savings,151626.52,50000
C100186,A200186,Current,51726.92,153508.29
C100187,A200187,Current,79358.78,210426.58
C100188,A200188,Savings,92586.69,0
C100189,A200189,Premium,137753.82,141980.61
C100190,A200190,Savings,99416.37,0
C100191,A200191,Savings,83562.88,0
C100192,A200192,Salary,130351.26,50000
C100193,A200193,Savings,188494.26,0
C100194,A200194,Savings,174915.12,0
C100195,A200195,Savings,213607.55,0
C100196,A200196,Savings,277557.07,0
C100197,A200197,Premium,68430.78,591008.64
C100198,A200198,Savings,174417.82,0
C100199,A200199,Savings,502920.4,0
C100200,A200200,Salary,223636.6,0
C100201,A200201,Savings,112416.3,0
C100202,A200202,Premium,153859.2,187678.43
C100203,A200203,Savings,43898.66,0
C100204,A200204,Savings,161317.48,0
C100205,A200205,Savings,90877.55,50000
C100206,A200206,Savings,185339.05,0
C100207,A200207,Savings,106905.93,0
C100208,A200208,Savings,283575.82,0
C100209,A200209,Current,114482.86,104971.94
C100210,A200210,Savings,204247.78,0
C100211,A200211,Savings,126038.14,0
C100212,A200212,Savings,160369.5,0
C100213,A200213,Current,172929.56,177240.53
C100214,A200214,Savings,233792.79,0
C100215,A200215,Savings,300173.51,0
C100216,A200216,Salary,135773.16,0
C100217,A200217,Savings,220725.33,50000
C100218,A200218,Savings,34519.01,50000
C100219,A200219,Savings,103773.49,0
C100220,A200220,Savings,18517.66,0
C100221,A200221,Salary,160526.07,0
C100222,A200222,Savings,162626.53,0
C100223,A200223,Savings,54340.73,0
C100224,A200224,Savings,497955.82,0
C100225,A200225,Premium,126008.16,93645.12
C100226,A200226,Savings,49707.82,50000
C100227,A200227,Current,283491.78,566319.86
C100228,A200228,Savings,383181.17,0
C100229,A200229,Current,116448.05,191754.13
C100230,A200230,Current,143641.52,305038.35
C100231,A200231,Savings,285585.79,0
C100232,A200232,Savings,245684.23,0
C100233,A200233,Savings,260083,0
C100234,A200234,Savings,94987.12,0
C100235,A200235,Savings,163517.01,0
C100236,A200236,Savings,30414.53,0
C100237,A200237,Savings,110917.26,50000
C100238,A200238,Savings,143800.71,0
C100239,A200239,Current,34998.03,80478.68
C100240,A200240,Savings,139857.02,0
C100241,A200241,Savings,77737.59,0
C100242,A200242,Salary,110620.95,50000
C100243,A200243,Current,50601.57,60718.08
C100244,A200244,Premium,144551.93,340840.58
C100245,A200245,Salary,192309.74,0
C100246,A200246,Salary,1000,50000
C100247,A200247,Savings,50635.23,0
C100248,A200248,Salary,216197.84,50000
C100249,A200249,Salary,155166.06,0
C100250,A200250,Salary,65561.98,0
C100251,A200251,Savings,132370.75,0
C100252,A200252,Current,15592.56,73235.1
C100253,A200253,Current,75578.15,218411.74
C100254,A200254,Savings,262107.54,50000
C100255,A200255,Salary,239427.9,50000
C100256,A200256,Savings,327262.94,50000
C100257,A200257,Current,250790.72,353516.03
C100258,A200258,Current,378913.79,237907.05
C100259,A200259,Savings,76299.37,0
C100260,A200260,Salary,421507.36,50000
C100261,A200261,Salary,101183.91,0
C100262,A200262,Savings,175897.94,0
C100263,A200263,Savings,69688.28,50000
C100264,A200264,Current,162924.57,198450.71
C100265,A200265,Savings,57869.64,0
C100266,A200266,Savings,43904.57,0
C100267,A200267,Salary,121112.59,0
C100268,A200268,Premium,104287.02,288239.58
C100269,A200269,Savings,95493.24,0
C100270,A200270,Savings,99670.65,0
C100271,A200271,Current,204388.97,249405.8
C100272,A200272,Salary,25146.7,0
C100273,A200273,Salary,175862.66,0
C100274,A200274,Savings,63794.35,0
C100275,A200275,Current,92841.69,178316.79
C100276,A200276,Savings,66835.65,0
C100277,A200277,Salary,76527.52,0
C100278,A200278,Savings,233942.28,0
C100279,A200279,Salary,240471.44,0
C100280,A200280,Current,165895.97,287837
C100281,A200281,Salary,125303.67,0
C100282,A200282,Savings,235206.61,50000
C100283,A200283,Salary,125639.19,0
C100284,A200284,Premium,57281.64,237139.63
C100285,A200285,Premium,135437.71,91559.37
C100286,A200286,Premium,271757.34,235363.13
C100287,A200287,Savings,160000.15,0
C100288,A200288,Savings,148846.52,0
C100289,A200289,Savings,88390.6,50000
C100290,A200290,Savings,70433.99,0
C100291,A200291,Savings,49627.93,50000
C100292,A200292,Current,240832.64,200657.58
C100293,A200293,Salary,98271.4,0
C100294,A200294,Current,76189.03,148417.73
C100295,A200295,Salary,58726.38,50000
C100296,A200296,Savings,91367.09,0
C100297,A200297,Salary,227132.62,0
C100298,A200298,Savings,170270.74,0
C100299,A200299,Savings,69497.59,0
C100300,A200300,Savings,122732.07,50000
C100301,A200301,Salary,349725.02,50000
C100302,A200302,Premium,205441.56,219554.61
C100303,A200303,Savings,145417.43,50000
C100304,A200304,Savings,61801.36,50000
C100305,A200305,Salary,69890.74,0
C100306,A200306,Current,239927.33,128411.78
C100307,A200307,Current,110439.93,121449.44
C100308,A200308,Savings,180801.45,0
C100309,A200309,Salary,115700.27,0
C100310,A200310,Savings,136903.12,0
C100311,A200311,Savings,36927,0
C100312,A200312,Savings,52719.79,50000
C100313,A200313,Premium,200253.46,218673.93
C100314,A200314,Savings,212589.5,0
C100315,A200315,Salary,134448,0
C100316,A200316,Savings,87740.57,0
C100317,A200317,Savings,151032.91,0
C100318,A200318,Premium,177959.29,203170.85
C100319,A200319,Savings,260729.38,0
C100320,A200320,Salary,107618.46,0
C100321,A200321,Premium,122223.94,368600.07
C100322,A200322,Salary,117074.23,50000
C100323,A200323,Savings,210453.36,50000
C100324,A200324,Salary,79490.27,0
C100325,A200325,Salary,210291.19,0
C100326,A200326,Premium,127958.19,206329.89
C100327,A200327,Salary,164286.32,50000
C100328,A200328,Savings,131160.14,0
C100329,A200329,Salary,240397.38,50000
C100330,A200330,Savings,302138.28,0
C100331,A200331,Savings,32109.52,0
C100332,A200332,Current,158516.18,185779.74
C100333,A200333,Salary,142989.8,50000
C100334,A200334,Current,253123.04,260373.62
C100335,A200335,Salary,36768.34,0
C100336,A200336,Savings,46017.53,0
C100337,A200337,Savings,169952.31,0
C100338,A200338,Savings,33861,0
C100339,A200339,Savings,116565.53,0
C100340,A200340,Savings,233381.06,0
C100341,A200341,Premium,37652.16,100592.17
C100342,A200342,Current,43311.57,101921.92
C100343,A200343,Savings,92308.65,0
C100344,A200344,Savings,48670.9,0
C100345,A200345,Current,306604.14,212615.34
C100346,A200346,Savings,132832.32,0
C100347,A200347,Current,125572.74,178995.16
C100348,A200348,Savings,114889.02,0
C100349,A200349,Savings,262719.12,0
C100350,A200350,Salary,139830.28,0
C100351,A200351,Current,184176.23,161002.86
C100352,A200352,Savings,201797.46,0
C100353,A200353,Premium,414490.52,368354.16
C100354,A200354,Savings,168989.27,50000
C100355,A200355,Savings,144317,50000
C100356,A200356,Salary,168783.64,0
C100357,A200357,Salary,278543.41,50000
C100358,A200358,Savings,126884.97,0
C100359,A200359,Current,48008.67,39005.21
C100360,A200360,Savings,165124.49,50000
C100361,A200361,Premium,324938.65,170828.11
C100362,A200362,Salary,153884.13,50000
C100363,A200363,Savings,149244.71,50000
C100364,A200364,Savings,76349.04,0
C100365,A200365,Current,53333.54,225182
C100366,A200366,Current,397984.09,505663.56
C100367,A200367,Salary,154755.59,0
C100368,A200368,Premium,135571.85,173310.4
C100369,A200369,Savings,38730.99,0
C100370,A200370,Salary,134363.28,50000
C100371,A200371,Current,105720.32,217271.99
C100372,A200372,Savings,188335.09,0
C100373,A200373,Salary,268153.41,0
C100374,A200374,Savings,238136.17,0
C100375,A200375,Savings,156039.16,0
C100376,A200376,Salary,340406.15,50000
C100377,A200377,Current,98389.3,513338.57
C100378,A200378,Premium,69287.35,255077.41
C100379,A200379,Savings,38837.49,0
C100380,A200380,Savings,194924.34,0
C100381,A200381,Savings,337399.35,0
C100382,A200382,Savings,109451.91,50000
C100383,A200383,Premium,75661.06,225745.56
C100384,A200384,Savings,104379.24,50000
C100385,A200385,Current,137365.4,423697.4
C100386,A200386,Current,67257.26,139153.88
C100387,A200387,Salary,302136.83,0
C100388,A200388,Current,358559.81,535905.42
C100389,A200389,Current,152469.92,285527.26
C100390,A200390,Salary,531585.09,0
C100391,A200391,Savings,230977.78,0
C100392,A200392,Premium,136677.91,413566.09
C100393,A200393,Salary,98758.98,0
C100394,A200394,Savings,124318.53,0
C100395,A200395,Salary,191578.07,0
C100396,A200396,Salary,66885.36,50000
C100397,A200397,Salary,128039.19,0
C100398,A200398,Savings,172433.27,0
C100399,A200399,Salary,107128.22,0
C100400,A200400,Savings,78695.62,50000
C100401,A200401,Savings,332687.18,0
C100402,A200402,Salary,118205.06,0
C100403,A200403,Salary,144132.93,0
C100404,A200404,Current,57339.38,184096.56
C100405,A200405,Current,194169.1,113987.5
C100406,A200406,Salary,128936.56,0
C100407,A200407,Premium,59588.2,436342.8
C100408,A200408,Savings,162465.72,0
C100409,A200409,Savings,124525.81,0
C100410,A200410,Salary,35068.31,0
C100411,A200411,Savings,128470.05,0
C100412,A200412,Savings,169048.64,50000
C100413,A200413,Current,335984.36,440844.4
C100414,A200414,Current,147923.62,114202.95
C100415,A200415,Savings,286502.15,0
C100416,A200416,Salary,53282.21,0
C100417,A200417,Savings,164841.53,0
C100418,A200418,Savings,341348.84,0
C100419,A200419,Savings,153168.42,50000
C100420,A200420,Savings,142174.15,0
C100421,A200421,Current,134916.91,185227.45
C100422,A200422,Savings,120153.91,50000
C100423,A200423,Salary,203567.6,0
C100424,A200424,Salary,124538.09,50000
C100425,A200425,Savings,209750.13,0
C100426,A200426,Savings,138654.52,0
C100427,A200427,Savings,4342.17,0
C100428,A200428,Current,131603.5,441973.78
C100429,A200429,Savings,94032.74,0
C100430,A200430,Salary,120884.1,0
C100431,A200431,Savings,372374.39,50000
C100432,A200432,Premium,136481.68,43603.71
C100433,A200433,Current,69366.57,335383.22
C100434,A200434,Salary,121273.01,50000
C100435,A200435,Current,251825.07,94922.35
C100436,A200436,Current,212980.82,101615.81
C100437,A200437,Salary,298472.63,0
C100438,A200438,Salary,101085.94,0
C100439,A200439,Current,261990.98,623384.23
C100440,A200440,Salary,130722.72,50000
C100441,A200441,Savings,133427.91,0
C100442,A200442,Savings,171053.41,50000
C100443,A200443,Savings,278229.97,50000
C100444,A200444,Salary,77556.98,0
C100445,A200445,Savings,128146.3,50000
C100446,A200446,Salary,151371.62,0
C100447,A200447,Savings,237559.43,0
C100448,A200448,Savings,39960.68,50000
C100449,A200449,Savings,89365.91,0
C100450,A200450,Savings,39881.69,0
C100451,A200451,Current,321484.08,948390.43
C100452,A200452,Savings,134393.2,0
C100453,A200453,Savings,283570.76,50000
C100454,A200454,Salary,107905.43,0
C100455,A200455,Savings,113066.76,0
C100456,A200456,Savings,69687.84,50000
C100457,A200457,Salary,247000.86,50000
C100458,A200458,Savings,74204.22,0
C100459,A200459,Savings,156994.81,0
C100460,A200460,Savings,84144.67,50000
C100461,A200461,Savings,179422.43,0
C100462,A200462,Savings,315294.26,0
C100463,A200463,Savings,175536.38,0
C100464,A200464,Savings,109314.27,0
C100465,A200465,Savings,150502.99,0
C100466,A200466,Savings,102077.09,0
C100467,A200467,Savings,6698.16,0
C100468,A200468,Savings,197271.15,50000
C100469,A200469,Savings,91341.95,0
C100470,A200470,Salary,100521.09,0
C100471,A200471,Salary,39710.52,0
C100472,A200472,Salary,120076.87,0
C100473,A200473,Salary,38002.9,0
C100474,A200474,Current,116219.11,330637.29
C100475,A200475,Current,177780.37,476573.93
C100476,A200476,Savings,108736.8,0
C100477,A200477,Savings,151904.28,0
C100478,A200478,Savings,43124.51,0
C100479,A200479,Savings,108034.16,0
C100480,A200480,Premium,129067.83,158654.58
C100481,A200481,Premium,222791.99,370244.21
C100482,A200482,Savings,115193.45,0
C100483,A200483,Current,205596.89,59915.06
C100484,A200484,Savings,190319.69,0
C100485,A200485,Salary,165193.39,0
C100486,A200486,Current,159850.25,54766.74
C100487,A200487,Savings,126077.82,50000
C100488,A200488,Salary,129093.71,0
C100489,A200489,Current,256755.86,574337.4
C100490,A200490,Current,56913.14,127637.04
C100491,A200491,Savings,54492.03,0
C100492,A200492,Premium,234353.14,148670.87
C100493,A200493,Salary,278675.15,0
C100494,A200494,Current,150059.85,235408.57
C100495,A200495,Savings,72150.28,50000
C100496,A200496,Savings,251809.56,0
C100497,A200497,Salary,136011.85,50000
C100498,A200498,Savings,179219.49,50000
C100499,A200499,Savings,234940.47,50000
C100500,A200500,Savings,99707.85,0
C100501,A200501,Savings,157259.42,50000
C100502,A200502,Savings,62304.76,0
C100503,A200503,Savings,241630.97,50000
C100504,A200504,Savings,246064.05,0
C100505,A200505,Salary,340903.32,0
C100506,A200506,Savings,236350.68,0
C100507,A200507,Savings,81199.2,0
C100508,A200508,Salary,121646.55,0
C100509,A200509,Savings,189797.44,0
C100510,A200510,Savings,155777.73,0
C100511,A200511,Savings,154216.85,0
C100512,A200512,Salary,66244.57,0
C100513,A200513,Salary,219361.13,0
C100514,A200514,Savings,188203.8,50000
C100515,A200515,Salary,28229.65,50000
C100516,A200516,Premium,158540.44,244170.23
C100517,A200517,Savings,77375.88,50000
C100518,A200518,Current,184419.06,60486.41
C100519,A200519,Savings,43619.48,0
C100520,A200520,Current,83640.74,326661.1
C100521,A200521,Current,49027.31,242804.75
C100522,A200522,Salary,62593.72,0
C100523,A200523,Current,207815.99,314976.31
C100524,A200524,Current,259002.94,127280.46
C100525,A200525,Savings,111777.53,0
C100526,A200526,Savings,127526.24,50000
C100527,A200527,Salary,99279.39,0
C100528,A200528,Savings,110978.46,50000
C100529,A200529,Savings,122485.08,0
C100530,A200530,Savings,92815.38,50000
C100531,A200531,Savings,317417.27,0
C100532,A200532,Savings,111550.71,0
C100533,A200533,Salary,71326.74,0
C100534,A200534,Savings,177688.61,0
C100535,A200535,Current,52054.82,123761.73
C100536,A200536,Savings,242217.54,0
C100537,A200537,Salary,205870.65,0
C100538,A200538,Savings,26236.57,0
C100539,A200539,Salary,287336.95,0
C100540,A200540,Savings,122811.71,0
C100541,A200541,Current,9075.42,263703.44
C100542,A200542,Savings,230972.14,0
C100543,A200543,Salary,110387.65,0
C100544,A200544,Savings,134128.35,0
C100545,A200545,Savings,169749.37,0
C100546,A200546,Savings,253620.67,50000
C100547,A200547,Salary,322541.67,0
C100548,A200548,Savings,129638.27,0
C100549,A200549,Salary,428295.4,0
C100550,A200550,Premium,155153.01,115601.22
C100551,A200551,Savings,95971.28,0
C100552,A200552,Premium,105170.96,219321.6
C100553,A200553,Savings,94471.88,50000
C100554,A200554,Salary,11100.92,0
C100555,A200555,Premium,77891.17,66827.56
C100556,A200556,Premium,11688.74,187048.57
C100557,A200557,Savings,283167.83,50000
C100558,A200558,Salary,117240.07,0
C100559,A200559,Savings,211170.02,50000
C100560,A200560,Savings,230588.59,50000
C100561,A200561,Savings,49631.42,0
C100562,A200562,Savings,224472.76,0
C100563,A200563,Salary,201087.37,50000
C100564,A200564,Savings,139773.2,0
C100565,A200565,Premium,275075.2,260465.01
C100566,A200566,Current,92439.53,277646.74
C100567,A200567,Salary,255043.84,0
C100568,A200568,Salary,149479.47,50000
C100569,A200569,Salary,49379.8,0
C100570,A200570,Savings,80101.7,50000
C100571,A200571,Current,177353.23,331382.53
C100572,A200572,Savings,97996.86,50000
C100573,A200573,Savings,74117.84,50000
C100574,A200574,Savings,208325.66,50000
C100575,A200575,Current,144398.25,287722.7
C100576,A200576,Savings,112910.92,50000
C100577,A200577,Savings,216771.08,0
C100578,A200578,Savings,158717.28,50000
C100579,A200579,Savings,269598.25,0
C100580,A200580,Current,52381.07,158029.54
C100581,A200581,Current,143635.68,116087.98
C100582,A200582,Premium,257171.72,193164.96
C100583,A200583,Savings,236866.91,0
C100584,A200584,Savings,211503.72,0
C100585,A200585,Savings,218294.21,0
C100586,A200586,Premium,144865.03,393198.59
C100587,A200587,Savings,100350.76,50000
C100588,A200588,Savings,144031.76,50000
C100589,A200589,Savings,92259.71,0
C100590,A200590,Savings,83640.86,0
C100591,A200591,Savings,121612.72,50000
C100592,A200592,Salary,146731.58,50000
C100593,A200593,Salary,82265.23,0
C100594,A200594,Savings,187199.06,0
C100595,A200595,Savings,207034.03,0
C100596,A200596,Savings,95726.42,0
C100597,A200597,Salary,200480.44,0
C100598,A200598,Salary,146561.53,0
C100599,A200599,Salary,151287.62,0
C100600,A200600,Savings,170514.67,0
C100601,A200601,Salary,76829.39,0
C100602,A200602,Premium,53643.1,315006.06
C100603,A200603,Salary,168940.29,0
C100604,A200604,Savings,104890.85,0
C100605,A200605,Current,120225.09,153555.08
C100606,A200606,Salary,183173.15,50000
C100607,A200607,Savings,127232.66,50000
C100608,A200608,Savings,127426.41,0
C100609,A200609,Current,88387.45,264517.76
C100610,A200610,Salary,42107.58,50000
C100611,A200611,Premium,202610.09,230132.1
C100612,A200612,Savings,302720.36,50000
C100613,A200613,Salary,197253.57,0
C100614,A200614,Savings,99642.69,50000
C100615,A200615,Premium,85024.36,61582.31
C100616,A200616,Savings,252964.28,0
C100617,A200617,Savings,131969.32,0
C100618,A200618,Savings,158059.81,0
C100619,A200619,Current,115195.34,79099.13
C100620,A200620,Savings,148876.17,0
C100621,A200621,Salary,218255.61,0
C100622,A200622,Savings,229359.42,0
C100623,A200623,Savings,249442.52,0
C100624,A200624,Savings,282020.34,50000
C100625,A200625,Savings,203256.21,0
C100626,A200626,Savings,125724.55,0
C100627,A200627,Current,77383.15,270640.32
C100628,A200628,Savings,91601.57,0
C100629,A200629,Savings,311861.58,0
C100630,A200630,Current,115561.02,455574.43
C100631,A200631,Savings,55378.05,50000
C100632,A200632,Current,194206.82,290334.46
C100633,A200633,Premium,207838.08,308431.1
C100634,A200634,Savings,257790.46,0
C100635,A200635,Salary,93915.01,50000
C100636,A200636,Salary,98898.8,50000
C100637,A200637,Savings,110281.21,0
C100638,A200638,Current,58423.95,136017.58
C100639,A200639,Savings,38195.27,0
C100640,A200640,Savings,201933.97,0
C100641,A200641,Salary,59861.72,50000
C100642,A200642,Salary,109487.72,0
C100643,A200643,Premium,215614.32,459380.25
C100644,A200644,Current,122878.66,191362.4
C100645,A200645,Savings,176698.49,0
C100646,A200646,Salary,136640.41,0
C100647,A200647,Current,1000,109291.87
C100648,A200648,Current,211308.03,288192.33
C100649,A200649,Salary,103944.75,0
C100650,A200650,Premium,80743,128843.81
C100651,A200651,Savings,259938.04,0
C100652,A200652,Savings,35300.17,0
C100653,A200653,Salary,209357.81,50000
C100654,A200654,Current,127597.8,328660.69
C100655,A200655,Salary,62754.22,0
C100656,A200656,Savings,259486.96,0
C100657,A200657,Savings,43930.91,0
C100658,A200658,Savings,160150.39,50000
C100659,A200659,Current,259859.69,277499.26
C100660,A200660,Savings,113610.11,0
C100661,A200661,Salary,172509.16,0
C100662,A200662,Premium,160033.46,108307.38
C100663,A200663,Savings,53564.31,0
C100664,A200664,Savings,56342.16,0
C100665,A200665,Savings,225401.14,50000
C100666,A200666,Savings,124725.96,50000
C100667,A200667,Savings,117490.1,0
C100668,A200668,Savings,178279.42,50000
C100669,A200669,Current,139666.03,369436.48
C100670,A200670,Savings,177289.34,50000
C100671,A200671,Salary,177207.18,50000
C100672,A200672,Premium,33640.47,68118.5
C100673,A200673,Savings,198164.04,0
C100674,A200674,Salary,139802.95,0
C100675,A200675,Savings,195875.03,50000
C100676,A200676,Savings,160488.79,0
C100677,A200677,Current,95649.68,270155.01
C100678,A200678,Savings,139767.51,0
C100679,A200679,Savings,190282.98,50000
C100680,A200680,Savings,123216.09,0
C100681,A200681,Premium,128367.7,162775.83
C100682,A200682,Savings,138111.26,0
C100683,A200683,Salary,177686.04,0
C100684,A200684,Salary,477982.31,0
C100685,A200685,Savings,157442.95,0
C100686,A200686,Savings,95398.09,0
C100687,A200687,Savings,52377.65,50000
C100688,A200688,Savings,147258.16,50000
C100689,A200689,Savings,17010.17,0
C100690,A200690,Savings,283033.41,50000
C100691,A200691,Savings,93839.79,50000
C100692,A200692,Savings,121701.19,0
C100693,A200693,Current,289412.14,300351.48
C100694,A200694,Savings,193124.46,50000
C100695,A200695,Premium,148153.73,221252.93
C100696,A200696,Savings,216416.23,0
C100697,A200697,Current,63252.36,57782.72
C100698,A200698,Premium,636763.2,1000000
C100699,A200699,Savings,82303.39,0
C100700,A200700,Current,278003.74,214346.12
C100701,A200701,Savings,157339.57,0
C100702,A200702,Premium,231881.57,248898.43
C100703,A200703,Salary,64247.32,0
C100704,A200704,Savings,210376.56,0
C100705,A200705,Salary,134492.26,50000
C100706,A200706,Current,165184.85,546311.55
C100707,A200707,Savings,91575.82,0
C100708,A200708,Salary,224851.89,0
C100709,A200709,Salary,6078.13,0
C100710,A200710,Savings,279466.1,0
C100711,A200711,Salary,150647.43,0
C100712,A200712,Savings,82741.76,0
C100713,A200713,Current,74117.32,294839.66
C100714,A200714,Savings,225913.4,0
C100715,A200715,Salary,236265.95,0
C100716,A200716,Salary,142867.05,0
C100717,A200717,Current,28591.7,96452.08
C100718,A200718,Premium,55836.52,136366.78
C100719,A200719,Savings,68006.24,50000
C100720,A200720,Savings,126791.24,50000
C100721,A200721,Current,57965.43,60896.37
C100722,A200722,Savings,198191.01,0
C100723,A200723,Savings,61371.61,0
C100724,A200724,Current,75972.45,417275.78
C100725,A200725,Current,64536.89,326957.23
C100726,A200726,Savings,79063.73,0
C100727,A200727,Salary,234915.78,0
C100728,A200728,Salary,138512.42,0
C100729,A200729,Salary,214741.78,0
C100730,A200730,Premium,150774.86,319213.43
C100731,A200731,Savings,31515.3,0
C100732,A200732,Salary,272108.78,50000
C100733,A200733,Savings,183272.34,0
C100734,A200734,Salary,116706.72,0
C100735,A200735,Salary,148022.27,0
C100736,A200736,Savings,83064.65,50000
C100737,A200737,Premium,69308.57,166226.86
C100738,A200738,Salary,199955.54,0
C100739,A200739,Premium,245397.34,307423.02
C100740,A200740,Savings,131629.92,0
C100741,A200741,Salary,215083.41,0
C100742,A200742,Salary,41572,0
C100743,A200743,Current,42151.52,122661.86
C100744,A200744,Salary,31273.59,50000
C100745,A200745,Current,255358.83,346430.25
C100746,A200746,Salary,73957.55,0
C100747,A200747,Savings,102289.55,50000
C100748,A200748,Salary,43221.73,50000
C100749,A200749,Salary,305788.7,0
C100750,A200750,Salary,112564.02,0
C100751,A200751,Savings,134918.16,0
C100752,A200752,Savings,285256.35,0
C100753,A200753,Savings,184016.23,0
C100754,A200754,Salary,90736.81,0
C100755,A200755,Savings,29684.79,0
C100756,A200756,Savings,244221.6,50000
C100757,A200757,Salary,68232.49,0
C100758,A200758,Savings,172751.58,0
C100759,A200759,Premium,224000.98,182462.59
C100760,A200760,Current,80403.73,181327.26
C100761,A200761,Premium,166571.74,135481.67
C100762,A200762,Savings,252826.11,50000
C100763,A200763,Savings,149093.37,0
C100764,A200764,Savings,262910.97,0
C100765,A200765,Salary,73298.81,0
C100766,A200766,Savings,132634.8,0
C100767,A200767,Savings,56139.71,0
C100768,A200768,Premium,31136.44,153410.08
C100769,A200769,Savings,109591.51,0
C100770,A200770,Salary,13169.67,0
C100771,A200771,Salary,85632.95,50000
C100772,A200772,Savings,109854.88,0
C100773,A200773,Salary,78072.47,0
C100774,A200774,Current,135565.36,177477.49
C100775,A200775,Savings,47409.83,0
C100776,A200776,Savings,127063.51,50000
C100777,A200777,Salary,228908.75,0
C100778,A200778,Savings,186288.1,0
C100779,A200779,Current,255398.5,220266.64
C100780,A200780,Salary,67958.82,0
C100781,A200781,Savings,73236.11,0
C100782,A200782,Premium,182433.87,598101.74
C100783,A200783,Savings,44667.07,0
C100784,A200784,Savings,446733.1,50000
C100785,A200785,Salary,95007.09,0
C100786,A200786,Savings,259967.28,0
C100787,A200787,Current,72092.23,57620.73
C100788,A200788,Premium,165933.86,102653.85
C100789,A200789,Savings,174742.56,50000
C100790,A200790,Savings,178281.26,0
C100791,A200791,Savings,200711.55,0
C100792,A200792,Salary,115318.09,0
C100793,A200793,Savings,54506.22,50000
C100794,A200794,Savings,50752.44,50000
C100795,A200795,Current,59026.1,81284.59
C100796,A200796,Savings,94293.24,0
C100797,A200797,Savings,124267.07,50000
C100798,A200798,Premium,84967.11,185978.78
C100799,A200799,Savings,128000.42,50000
C100800,A200800,Savings,104622.21,0
C100801,A200801,Savings,125196.03,0
C100802,A200802,Salary,251944.76,0
C100803,A200803,Savings,156328.04,0
C100804,A200804,Savings,178251.87,0
C100805,A200805,Savings,272097.7,0
C100806,A200806,Premium,22554.24,139378.77
C100807,A200807,Savings,77260.25,50000
C100808,A200808,Savings,110307.94,50000
C100809,A200809,Current,104105.48,112491.91
C100810,A200810,Savings,42029.42,0
C100811,A200811,Salary,241372.09,50000
C100812,A200812,Salary,92927.19,50000
C100813,A200813,Savings,341510.78,0
C100814,A200814,Current,109606.32,292830.19
C100815,A200815,Savings,152935.73,0
C100816,A200816,Savings,92142.06,0
C100817,A200817,Salary,69419.37,50000
C100818,A200818,Savings,125509.26,0
C100819,A200819,Savings,99047.73,50000
C100820,A200820,Savings,163891.57,0
C100821,A200821,Salary,196593.7,0
C100822,A200822,Salary,19010.39,50000
C100823,A200823,Savings,174912.86,0
C100824,A200824,Savings,94426.64,50000
C100825,A200825,Premium,322299.58,538350.8
C100826,A200826,Current,167894.07,522049.92
C100827,A200827,Savings,142510.71,0
C100828,A200828,Salary,100878.12,0
C100829,A200829,Savings,145949.92,0
C100830,A200830,Current,105632.81,182512.68
C100831,A200831,Salary,104302.28,0
C100832,A200832,Savings,162995.53,0
C100833,A200833,Salary,165628.55,0
C100834,A200834,Current,79266.86,264419.47
C100835,A200835,Premium,79989.36,135429.71
C100836,A200836,Savings,370712.59,50000
C100837,A200837,Salary,194345.61,0
C100838,A200838,Savings,40364.91,0
C100839,A200839,Savings,141074.05,0
C100840,A200840,Savings,120089.88,50000
C100841,A200841,Salary,250500.04,50000
C100842,A200842,Savings,82659.97,0
C100843,A200843,Salary,147745.1,0
C100844,A200844,Savings,204092.24,50000
C100845,A200845,Salary,39882.48,0
C100846,A200846,Savings,261031.14,0
C100847,A200847,Savings,167097.08,50000
C100848,A200848,Current,122842.21,151022.57
C100849,A200849,Current,26478.28,79914.22
C100850,A200850,Savings,159338.08,0
C100851,A200851,Salary,169463.3,0
C100852,A200852,Savings,59714.4,0
C100853,A200853,Current,260576.22,251054.26
C100854,A200854,Savings,75955.94,0
C100855,A200855,Savings,125545.06,0
C100856,A200856,Premium,53962.63,71439.13
C100857,A200857,Savings,143049.88,0
C100858,A200858,Salary,205993.77,50000
C100859,A200859,Savings,51549.32,50000
C100860,A200860,Savings,430008.33,0
C100861,A200861,Savings,174125.42,0
C100862,A200862,Savings,251001.92,0
C100863,A200863,Savings,114782.2,0
C100864,A200864,Savings,302232.27,0
C100865,A200865,Savings,72125.46,0
C100866,A200866,Savings,162207.06,0
C100867,A200867,Salary,142615.04,0
C100868,A200868,Savings,77169.74,50000
C100869,A200869,Salary,343052.64,0
C100870,A200870,Savings,121213.59,0
C100871,A200871,Salary,389867.17,50000
C100872,A200872,Savings,195569.58,50000
C100873,A200873,Savings,78743.03,0
C100874,A200874,Savings,131218.57,0
C100875,A200875,Savings,238809.74,0
C100876,A200876,Salary,123191.3,0
C100877,A200877,Savings,173416.94,50000
C100878,A200878,Premium,48205.36,86164.24
C100879,A200879,Salary,92513.99,50000
C100880,A200880,Savings,199823.15,50000
C100881,A200881,Savings,127494.27,0
C100882,A200882,Premium,317326.08,223637.49
C100883,A200883,Savings,19613.5,0
C100884,A200884,Salary,96804.68,50000
C100885,A200885,Premium,44578.13,377349.7
C100886,A200886,Salary,217339.63,0
C100887,A200887,Salary,69512.07,0
C100888,A200888,Salary,75600.18,0
C100889,A200889,Salary,351555.6,0
C100890,A200890,Savings,173632.81,50000
C100891,A200891,Savings,132435.85,0
C100892,A200892,Salary,116166.58,0
C100893,A200893,Premium,253110.87,333864.63
C100894,A200894,Current,111100.03,156332.05
C100895,A200895,Current,127091.76,189821.5
C100896,A200896,Savings,115289.35,0
C100897,A200897,Salary,10531.71,50000
C100898,A200898,Savings,349905.61,0
C100899,A200899,Current,77772.64,131606.51
C100900,A200900,Premium,165468.63,291294.25
C100901,A200901,Savings,83307.99,0
C100902,A200902,Premium,230507.07,322950.38
C100903,A200903,Premium,65347.65,128061.05
C100904,A200904,Premium,132421.45,280287.8
C100905,A200905,Savings,165801.37,0
C100906,A200906,Savings,257243.57,50000
C100907,A200907,Salary,51782.18,0
C100908,A200908,Savings,43309.05,0
C100909,A200909,Savings,150832.87,50000
C100910,A200910,Premium,282546.88,207974.01
C100911,A200911,Current,75779.69,126605.45
C100912,A200912,Savings,308712.35,0
C100913,A200913,Savings,129819.15,0
C100914,A200914,Salary,39624.48,50000
C100915,A200915,Salary,130403.14,50000
C100916,A200916,Savings,16720.29,0
C100917,A200917,Savings,304050.34,0
C100918,A200918,Current,338262.13,907726.65
C100919,A200919,Savings,175153.32,0
C100920,A200920,Savings,127728.64,0
C100921,A200921,Current,101829.86,134842.66
C100922,A200922,Savings,121435.11,0
C100923,A200923,Current,189726.47,93095.95
C100924,A200924,Salary,194103.34,50000
C100925,A200925,Savings,127116.8,0
C100926,A200926,Premium,109691.69,102361.87
C100927,A200927,Salary,203838.03,0
C100928,A200928,Salary,220601.9,50000
C100929,A200929,Savings,333011.62,0
C100930,A200930,Salary,339054.91,0
C100931,A200931,Premium,94136.8,149652.16
C100932,A200932,Savings,153019.97,0
C100933,A200933,Current,15836.75,146765.65
C100934,A200934,Savings,241663.57,0
C100935,A200935,Savings,110277.85,0
C100936,A200936,Savings,76910.35,0
C100937,A200937,Savings,319958.53,0
C100938,A200938,Savings,134792.85,0
C100939,A200939,Savings,126111.9,50000
C100940,A200940,Salary,52549.57,0
C100941,A200941,Salary,437690.25,0
C100942,A200942,Premium,154467.76,149109.93
C100943,A200943,Savings,182486.61,0
C100944,A200944,Current,44622.43,86763.04
C100945,A200945,Salary,141610.27,50000
C100946,A200946,Salary,79613.34,0
C100947,A200947,Savings,126630.43,50000
C100948,A200948,Savings,248803.58,0
C100949,A200949,Premium,62631.4,120522.32
C100950,A200950,Savings,142529.62,0
C100951,A200951,Savings,237317.18,50000
C100952,A200952,Savings,247469.7,50000
C100953,A200953,Premium,229107.07,417757.11
C100954,A200954,Savings,460414.74,0
C100955,A200955,Salary,103719.98,0
C100956,A200956,Savings,69109.08,50000
C100957,A200957,Current,121264.61,219655.72
C100958,A200958,Current,164494.96,242612.98
C100959,A200959,Savings,60099.11,50000
C100960,A200960,Premium,157749.55,158677.17
C100961,A200961,Salary,152029.84,0
C100962,A200962,Savings,176434.88,50000
C100963,A200963,Savings,119766.78,50000
C100964,A200964,Savings,123617.33,0
C100965,A200965,Salary,115557.64,50000
C100966,A200966,Savings,133520.31,0
C100967,A200967,Savings,111295.09,0
C100968,A200968,Savings,234601.39,0
C100969,A200969,Savings,263453.59,50000
C100970,A200970,Savings,299311.33,0
C100971,A200971,Current,170029.09,197522.4
C100972,A200972,Savings,239308.97,0
C100973,A200973,Salary,74811.72,0
C100974,A200974,Premium,216446.68,332695.38
C100975,A200975,Savings,99205.98,0
C100976,A200976,Current,101596.09,195310.19
C100977,A200977,Current,51874.22,66419.32
C100978,A200978,Salary,45938.27,50000
C100979,A200979,Savings,205988.01,0
C100980,A200980,Savings,235815.31,0
C100981,A200981,Salary,126182.41,50000
C100982,A200982,Savings,67265.97,50000
C100983,A200983,Current,145505.51,194948.92
C100984,A200984,Current,206998.46,347569.93
C100985,A200985,Savings,50648.42,0
C100986,A200986,Salary,411813.11,50000
C100987,A200987,Salary,160945.05,50000
C100988,A200988,Savings,144246.56,50000
C100989,A200989,Salary,12860.08,0
C100990,A200990,Savings,275125.76,0
C100991,A200991,Salary,130158.56,50000
C100992,A200992,Current,113297.68,85303.78
C100993,A200993,Current,184093.48,157033.35
C100994,A200994,Savings,256302.15,0
C100995,A200995,Savings,164020.87,0
C100996,A200996,Premium,147702.11,249042.85
C100997,A200997,Savings,126701.68,0
C100998,A200998,Current,27080.6,155670.11
C100999,A200999,Premium,100785.05,225532.06
C101000,A201000,Savings,231307.02,0
C101001,A201001,Savings,180528.45,0
C101002,A201002,Salary,220930.41,0
C101003,A201003,Premium,201490.23,199385.35
C101004,A201004,Savings,236954.49,0
C101005,A201005,Current,148440.58,126573.64
C101006,A201006,Premium,114457.48,204969.48
C101007,A201007,Savings,163826.94,0
C101008,A201008,Savings,86450.52,0
C101009,A201009,Current,87855.25,144063.74
C101010,A201010,Savings,41482.72,50000
C101011,A201011,Current,255692.75,458016.82
C101012,A201012,Salary,93991.61,50000
C101013,A201013,Savings,291213.48,0
C101014,A201014,Salary,139319.67,0
C101015,A201015,Savings,184133.33,50000
C101016,A201016,Savings,50729.56,0
C101017,A201017,Savings,70597.69,0
C101018,A201018,Salary,410759.7,50000
C101019,A201019,Savings,40166.12,0
C101020,A201020,Savings,82197.26,0
C101021,A201021,Premium,146497.75,190600.58
C101022,A201022,Premium,144859.67,137308.9
C101023,A201023,Savings,145076.16,0
C101024,A201024,Savings,305162.52,0
C101025,A201025,Current,258065.95,273171.66
C101026,A201026,Current,12618.49,267844.19
C101027,A201027,Premium,326591.32,164867.48
C101028,A201028,Savings,104472.86,0
C101029,A201029,Savings,132415.34,0
C101030,A201030,Current,276221.99,387965.04
C101031,A201031,Current,264482.37,390916.82
C101032,A201032,Salary,92896.3,50000
C101033,A201033,Salary,78052.17,50000
C101034,A201034,Current,188134.02,360233.22
C101035,A201035,Savings,145020.74,0
C101036,A201036,Current,40357.55,252176.43
C101037,A201037,Savings,155052.08,0
C101038,A201038,Savings,60243.96,0
C101039,A201039,Premium,66233.95,114671.44
C101040,A201040,Current,173814.38,167037.48
C101041,A201041,Savings,378324.87,0
C101042,A201042,Savings,155162.32,0
C101043,A201043,Savings,18854.88,0
C101044,A201044,Savings,136370.38,0
C101045,A201045,Salary,167252.66,0
C101046,A201046,Current,201534.95,260563.26
C101047,A201047,Savings,188109.66,50000
C101048,A201048,Savings,201232.73,0
C101049,A201049,Savings,117052.6,0
C101050,A201050,Savings,131943.14,0
C101051,A201051,Savings,107409.76,0
C101052,A201052,Salary,113620.89,50000
C101053,A201053,Salary,109452.23,0
C101054,A201054,Premium,53289.09,123180.97
C101055,A201055,Salary,181220.6,0
C101056,A201056,Current,100976.54,302337.96
C101057,A201057,Savings,259654.13,0
C101058,A201058,Savings,89078.9,50000
C101059,A201059,Current,161298.88,433654.86
C101060,A201060,Savings,125183.86,50000
C101061,A201061,Salary,269318.34,50000
C101062,A201062,Savings,99212.52,0
C101063,A201063,Premium,89893.45,335366.01
C101064,A201064,Savings,204374.2,50000
C101065,A201065,Savings,133324.71,0
C101066,A201066,Salary,158878.12,0
C101067,A201067,Savings,138340.22,0
C101068,A201068,Salary,139379.18,0
C101069,A201069,Savings,235149.2,0
C101070,A201070,Salary,128681.74,50000
C101071,A201071,Savings,237712.63,0
C101072,A201072,Savings,290056.28,0
C101073,A201073,Salary,191369.76,50000
C101074,A201074,Savings,420356.91,0
C101075,A201075,Savings,182520.95,0
C101076,A201076,Salary,93253.78,0
C101077,A201077,Premium,104908.01,143934.24
C101078,A201078,Savings,121897.1,0
C101079,A201079,Savings,142090.46,50000
C101080,A201080,Salary,133123.09,50000
C101081,A201081,Salary,129838.19,50000
C101082,A201082,Premium,216986.55,106256.17
C101083,A201083,Savings,138850.87,50000
C101084,A201084,Current,45565.85,128801.99
C101085,A201085,Savings,126872.42,0
C101086,A201086,Savings,123580.6,0
C101087,A201087,Savings,179540.68,0
C101088,A201088,Savings,64064.93,50000
C101089,A201089,Current,107590.78,189977.35
C101090,A201090,Savings,57332.29,0
C101091,A201091,Salary,85797.96,50000
C101092,A201092,Salary,297066.18,0
C101093,A201093,Savings,103359.53,0
C101094,A201094,Salary,67875.14,0
C101095,A201095,Premium,138430.54,399745.12
C101096,A201096,Current,155513.07,112932.87
C101097,A201097,Savings,216986.27,0
C101098,A201098,Savings,57146.92,50000
C101099,A201099,Savings,152800.69,0
C101100,A201100,Savings,165274.83,0
C101101,A201101,Savings,70838.35,50000
C101102,A201102,Current,16836.77,166954.49
C101103,A201103,Savings,124690,0
C101104,A201104,Savings,174454.21,50000
C101105,A201105,Savings,108528.87,0
C101106,A201106,Savings,148888.34,0
C101107,A201107,Savings,253473.92,50000
C101108,A201108,Savings,94024.87,0
C101109,A201109,Salary,78774.64,0
C101110,A201110,Salary,65900.59,0
C101111,A201111,Savings,164630.59,0
C101112,A201112,Premium,257941.56,443449.01
C101113,A201113,Salary,296823.82,0
C101114,A201114,Savings,57233.84,0
C101115,A201115,Savings,116805.41,50000
C101116,A201116,Savings,220723.85,0
C101117,A201117,Savings,157766.26,0
C101118,A201118,Savings,41266.29,0
C101119,A201119,Current,229238.37,209034.42
C101120,A201120,Salary,163218.97,0
C101121,A201121,Savings,147041.48,50000
C101122,A201122,Savings,178821.12,0
C101123,A201123,Savings,181863.22,0
C101124,A201124,Premium,230612.4,106841.99
C101125,A201125,Savings,198297.98,0
C101126,A201126,Savings,168123.93,0
C101127,A201127,Savings,148354.59,0
C101128,A201128,Current,83504.64,179567.61
C101129,A201129,Savings,116500.37,0
C101130,A201130,Salary,147475.29,0
C101131,A201131,Savings,192296.79,50000
C101132,A201132,Savings,157505.48,0
C101133,A201133,Savings,83435.26,0
C101134,A201134,Salary,103120.37,0
C101135,A201135,Savings,71051.9,0
C101136,A201136,Salary,159063.82,0
C101137,A201137,Savings,80903.59,50000
C101138,A201138,Savings,253294.06,0
C101139,A201139,Salary,153695.64,0
C101140,A201140,Savings,140751.22,0
C101141,A201141,Savings,1000,0
C101142,A201142,Savings,226701.51,0
C101143,A201143,Savings,29734.59,0
C101144,A201144,Savings,287229.52,0
C101145,A201145,Savings,153627.74,0
C101146,A201146,Savings,37835.81,0
C101147,A201147,Savings,159030.41,50000
C101148,A201148,Current,249419.32,131637.77
C101149,A201149,Savings,273373.92,0
C101150,A201150,Current,114796.72,291738.78
C101151,A201151,Savings,595782.51,0
C101152,A201152,Salary,144348.04,0
C101153,A201153,Current,162153.91,70893.7
C101154,A201154,Current,304947.88,304191.38
C101155,A201155,Salary,8938.91,0
C101156,A201156,Savings,456914.97,50000
C101157,A201157,Savings,124399.4,50000
C101158,A201158,Current,89734.59,205744.31
C101159,A201159,Savings,71463.21,50000
C101160,A201160,Savings,145421.24,0
C101161,A201161,Savings,94020.26,0
C101162,A201162,Savings,35912.69,0
C101163,A201163,Salary,159315.72,0
C101164,A201164,Savings,49644.02,0
C101165,A201165,Savings,73854.08,0
C101166,A201166,Premium,86172.48,226487.99
C101167,A201167,Savings,273784.8,0
C101168,A201168,Savings,27406.73,0
C101169,A201169,Salary,114796.58,50000
C101170,A201170,Savings,181528.01,0
C101171,A201171,Premium,103837.7,275660.59
C101172,A201172,Savings,180026.4,0
C101173,A201173,Savings,317827.22,0
C101174,A201174,Savings,147166.31,0
C101175,A201175,Current,181440.48,422975.78
C101176,A201176,Premium,299439.32,353212.77
C101177,A201177,Salary,184762.16,0
C101178,A201178,Current,103664.85,73970.25
C101179,A201179,Savings,169956.11,0
C101180,A201180,Salary,106422.51,50000
C101181,A201181,Salary,134958.76,0
C101182,A201182,Savings,139101.86,0
C101183,A201183,Salary,46622.78,50000
C101184,A201184,Salary,121999.83,50000
C101185,A201185,Salary,51531.33,50000
C101186,A201186,Savings,161333.99,0
C101187,A201187,Premium,1000,69891.41
C101188,A201188,Savings,176818.31,0
C101189,A201189,Salary,115887.37,0
C101190,A201190,Savings,393309.89,0
C101191,A201191,Premium,129437.81,130750.4
C101192,A201192,Savings,269508.65,0
C101193,A201193,Current,72569.5,49696.39
C101194,A201194,Savings,155548.55,0
C101195,A201195,Current,324515.35,180222.11
C101196,A201196,Premium,524646.43,966193.64
C101197,A201197,Premium,163267.53,254246.75
C101198,A201198,Savings,90476.28,0
C101199,A201199,Savings,216286.21,0
C101200,A201200,Savings,164203.14,50000
C101201,A201201,Savings,178467.58,50000
C101202,A201202,Salary,18262.51,0
C101203,A201203,Salary,167889.79,0
C101204,A201204,Savings,49420.88,0
C101205,A201205,Savings,80423.6,0
C101206,A201206,Salary,215565.7,0
C101207,A201207,Savings,126106.87,0
C101208,A201208,Savings,166546.15,0
C101209,A201209,Savings,183896.78,0
C101210,A201210,Savings,114451.57,0
C101211,A201211,Savings,131344.65,0
C101212,A201212,Premium,78430.04,206784.25
C101213,A201213,Savings,141341.34,0
C101214,A201214,Salary,201947.95,0
C101215,A201215,Current,64218.92,453644.72
C101216,A201216,Current,62422.05,192005.96
C101217,A201217,Savings,84329.94,0
C101218,A201218,Savings,79841.19,0
C101219,A201219,Savings,87448.61,0
C101220,A201220,Salary,107243.14,0
C101221,A201221,Salary,131238.54,0
C101222,A201222,Premium,213969.48,292159.59
C101223,A201223,Savings,71541.3,50000
C101224,A201224,Savings,285210.68,0
C101225,A201225,Savings,242360.99,0
C101226,A201226,Savings,50851.45,0
C101227,A201227,Savings,200416.25,0
C101228,A201228,Salary,11303.16,0
C101229,A201229,Savings,126092.56,0
C101230,A201230,Salary,83392.4,0
C101231,A201231,Savings,232194.63,50000
C101232,A201232,Savings,160935.41,0
C101233,A201233,Current,90242.65,81350.66
C101234,A201234,Savings,196645.74,50000
C101235,A201235,Premium,299909.24,351231.18
C101236,A201236,Salary,232977.47,0
C101237,A201237,Salary,278030.85,0
C101238,A201238,Premium,152714.3,137677.84
C101239,A201239,Savings,152448.17,50000
C101240,A201240,Savings,213153.52,50000
C101241,A201241,Salary,130496.39,50000
C101242,A201242,Savings,83477.5,0
C101243,A201243,Savings,321234.28,0
C101244,A201244,Savings,203080.42,50000
C101245,A201245,Savings,292699.74,0
C101246,A201246,Salary,203545.96,0
C101247,A201247,Savings,135394.27,50000
C101248,A201248,Savings,87357.8,0
C101249,A201249,Savings,347550.88,50000
C101250,A201250,Savings,156780.84,0
C101251,A201251,Salary,51872.39,0
C101252,A201252,Current,84152.9,97542.59
C101253,A201253,Savings,383182.45,0
C101254,A201254,Savings,353010.12,0
C101255,A201255,Savings,150574.85,50000
C101256,A201256,Savings,134311.39,0
C101257,A201257,Salary,11382.38,0
C101258,A201258,Savings,56956.18,0
C101259,A201259,Savings,89203.94,0
C101260,A201260,Salary,216510.69,0
C101261,A201261,Salary,98014.02,50000
C101262,A201262,Current,89126.66,215610.41
C101263,A201263,Current,114772.7,97842.52
C101264,A201264,Savings,133450.49,0
C101265,A201265,Savings,187832.67,0
C101266,A201266,Current,104294.89,110133.26
C101267,A201267,Savings,324936.14,0
C101268,A201268,Savings,181457.09,50000
C101269,A201269,Salary,121518.32,0
C101270,A201270,Salary,165884.22,0
C101271,A201271,Savings,184100.36,0
C101272,A201272,Savings,150864.22,0
C101273,A201273,Current,90359.06,160353.66
C101274,A201274,Savings,324234.11,0
C101275,A201275,Savings,160112.98,0
C101276,A201276,Salary,163698.85,50000
C101277,A201277,Savings,219755.01,0
C101278,A201278,Savings,414450.89,0
C101279,A201279,Savings,167192.58,0
C101280,A201280,Salary,82792.1,0
C101281,A201281,Salary,73839.98,0
C101282,A201282,Salary,83019.89,0
C101283,A201283,Savings,192126.29,0
C101284,A201284,Salary,133711.68,0
C101285,A201285,Salary,81891.03,0
C101286,A201286,Savings,49011.14,0
C101287,A201287,Savings,24970.54,50000
C101288,A201288,Salary,185904.85,0
C101289,A201289,Premium,110017.39,398069.01
C101290,A201290,Premium,168803.49,139367.82
C101291,A201291,Savings,328207.2,0
C101292,A201292,Premium,180465.98,428346.06
C101293,A201293,Savings,124101.38,50000
C101294,A201294,Savings,82559.77,50000
C101295,A201295,Premium,298728.73,619588.97
C101296,A201296,Salary,109008.65,0
C101297,A201297,Salary,69914.31,0
C101298,A201298,Salary,146180.37,50000
C101299,A201299,Salary,112174.98,0
C101300,A201300,Savings,43899.36,0
C101301,A201301,Premium,144475.66,275217.98
C101302,A201302,Premium,235190.5,303579.4
C101303,A201303,Savings,128091.67,0
C101304,A201304,Savings,285355.77,0
C101305,A201305,Savings,94032.72,50000
C101306,A201306,Salary,202031.76,0
C101307,A201307,Salary,276217.64,50000
C101308,A201308,Premium,105107.9,200348.39
C101309,A201309,Savings,300673.71,0
C101310,A201310,Salary,154066.93,0
C101311,A201311,Salary,106197.37,0
C101312,A201312,Savings,59093.6,50000
C101313,A201313,Current,137794.85,180587.53
C101314,A201314,Current,124818.81,123246.13
C101315,A201315,Salary,100186.87,0
C101316,A201316,Salary,114152.17,50000
C101317,A201317,Salary,95239.08,0
C101318,A201318,Savings,94241.22,50000
C101319,A201319,Savings,225081.37,0
C101320,A201320,Salary,286625.52,0
C101321,A201321,Savings,234886.43,0
C101322,A201322,Savings,105768.38,0
C101323,A201323,Savings,304910.46,0
C101324,A201324,Savings,129310.79,0
C101325,A201325,Salary,233754.23,0
C101326,A201326,Salary,176437.48,0
C101327,A201327,Current,187529.87,73342.76
C101328,A201328,Salary,105625.52,0
C101329,A201329,Savings,218482.64,0
C101330,A201330,Savings,221450.62,0
C101331,A201331,Salary,174936.96,50000
C101332,A201332,Savings,111072.92,0
C101333,A201333,Savings,230996.74,0
C101334,A201334,Salary,179552.84,0
C101335,A201335,Savings,116830.16,0
C101336,A201336,Savings,158004.3,0
C101337,A201337,Savings,115085.02,0
C101338,A201338,Premium,196748.26,299989.52
C101339,A201339,Savings,288770.89,50000
C101340,A201340,Savings,94295.09,50000
C101341,A201341,Salary,115659.72,0
C101342,A201342,Salary,257869.67,0
C101343,A201343,Current,449734.77,620141.36
C101344,A201344,Savings,105464.8,0
C101345,A201345,Savings,124860.19,50000
C101346,A201346,Savings,109462.98,50000
C101347,A201347,Current,36871.56,285885.39
C101348,A201348,Current,78245.39,132215.18
C101349,A201349,Savings,19996.56,0
C101350,A201350,Current,18475.64,176133.88
C101351,A201351,Current,246376.29,281686.28
C101352,A201352,Premium,163015.9,174320.92
C101353,A201353,Current,102924.55,118681.37
C101354,A201354,Current,157909.75,210889.51
C101355,A201355,Salary,9639.6,0
C101356,A201356,Savings,118226.39,0
C101357,A201357,Savings,113744.73,50000
C101358,A201358,Salary,211863.78,0
C101359,A201359,Savings,146372.06,50000
C101360,A201360,Savings,176192.07,0
C101361,A201361,Salary,186249.54,0
C101362,A201362,Current,228786.77,206678.86
C101363,A201363,Salary,93979.74,0
C101364,A201364,Salary,127271.77,50000
C101365,A201365,Savings,54955.84,0
C101366,A201366,Salary,184042.1,0
C101367,A201367,Premium,215943.98,247063.27
C101368,A201368,Savings,171787.24,0
C101369,A201369,Salary,211081.93,0
C101370,A201370,Current,131232.18,190302.59
C101371,A201371,Savings,177112.25,0
C101372,A201372,Savings,300431.44,0
C101373,A201373,Savings,270691.86,0
C101374,A201374,Savings,167321.76,0
C101375,A201375,Current,136207.53,213663.57
C101376,A201376,Premium,188350.91,169510.88
C101377,A201377,Savings,90012.16,0
C101378,A201378,Savings,266005.69,0
C101379,A201379,Current,94812.36,114938.54
C101380,A201380,Premium,212736.85,206918.82
C101381,A201381,Current,262964.39,162151.26
C101382,A201382,Salary,184329.91,0
C101383,A201383,Salary,73516.62,50000
C101384,A201384,Current,174447.83,171071.31
C101385,A201385,Savings,52660.77,0
C101386,A201386,Savings,245522.55,0
C101387,A201387,Savings,50573.39,0
C101388,A201388,Savings,5132.95,50000
C101389,A201389,Savings,193201.72,0
C101390,A201390,Current,317357.67,262858.87
C101391,A201391,Savings,51103.89,0
C101392,A201392,Savings,108780.27,0
C101393,A201393,Salary,216348.12,0
C101394,A201394,Savings,208516.22,0
C101395,A201395,Savings,169169.02,0
C101396,A201396,Premium,210216.03,179414.54
C101397,A201397,Savings,88882.56,0
C101398,A201398,Savings,106721.41,0
C101399,A201399,Savings,50819.61,50000
C101400,A201400,Salary,99371.87,0
C101401,A201401,Current,194812.71,580130.32
C101402,A201402,Savings,210090.18,50000
C101403,A201403,Current,66240.42,204517.05
C101404,A201404,Savings,54588.05,0
C101405,A201405,Savings,26124.18,50000
C101406,A201406,Salary,88856.26,50000
C101407,A201407,Savings,79758.5,0
C101408,A201408,Savings,484789.11,50000
C101409,A201409,Savings,466453.92,0
C101410,A201410,Premium,230093.35,390456.56
C101411,A201411,Premium,199135.86,167009.08
C101412,A201412,Salary,77073.94,50000
C101413,A201413,Salary,330600.61,50000
C101414,A201414,Current,263060.82,387827.46
C101415,A201415,Salary,94965.77,50000
C101416,A201416,Savings,164870.71,0
C101417,A201417,Current,185117.43,442149.45
C101418,A201418,Salary,86676.81,0
C101419,A201419,Premium,139278.98,132695.61
C101420,A201420,Savings,115058.2,0
C101421,A201421,Savings,383532.14,0
C101422,A201422,Premium,175815.82,228475.89
C101423,A201423,Current,203855.25,431190.45
C101424,A201424,Premium,67305.34,168658.23
C101425,A201425,Salary,243019.15,0
C101426,A201426,Salary,178964.15,50000
C101427,A201427,Savings,112919.94,0
C101428,A201428,Savings,63105.1,0
C101429,A201429,Current,57738.48,334409.41
C101430,A201430,Salary,141946.37,0
C101431,A201431,Salary,89498.63,0
C101432,A201432,Savings,259588.72,0
C101433,A201433,Salary,92944.61,0
C101434,A201434,Salary,14206.95,0
C101435,A201435,Premium,98382.74,429914.41
C101436,A201436,Savings,257853.99,0
C101437,A201437,Savings,85160.82,0
C101438,A201438,Savings,109130.01,0
C101439,A201439,Savings,77307.32,50000
C101440,A201440,Premium,88792.02,73950.49
C101441,A201441,Savings,283855.82,0
C101442,A201442,Premium,26137.05,199213.76
C101443,A201443,Premium,189324.9,136513.61
C101444,A201444,Savings,150339.89,0
C101445,A201445,Salary,124507.53,0
C101446,A201446,Savings,284100.88,0
C101447,A201447,Salary,103815.63,50000
C101448,A201448,Savings,159006.02,50000
C101449,A201449,Premium,108994.48,56807.82
C101450,A201450,Current,105484.81,220683.8
C101451,A201451,Salary,127118.52,0
C101452,A201452,Salary,190272.5,0
C101453,A201453,Current,329329.54,168502.02
C101454,A201454,Savings,79371.91,0
C101455,A201455,Savings,281145.93,0
C101456,A201456,Savings,162044.82,50000
C101457,A201457,Salary,185513.05,0
C101458,A201458,Savings,228043.04,0
C101459,A201459,Premium,242189.6,135289.74
C101460,A201460,Salary,91891.07,0
C101461,A201461,Savings,77310.49,50000
C101462,A201462,Savings,144132.91,50000
C101463,A201463,Premium,89212.38,270259.16
C101464,A201464,Savings,139578.83,0
C101465,A201465,Savings,136330.14,0
C101466,A201466,Savings,93289.14,0
C101467,A201467,Premium,170327.46,382679.51
C101468,A201468,Current,41975.69,281274.73
C101469,A201469,Savings,1000,50000
C101470,A201470,Savings,135173.54,0
C101471,A201471,Savings,185812.27,0
C101472,A201472,Savings,87754.43,0
C101473,A201473,Salary,206582.42,0
C101474,A201474,Current,38681.18,113603.86
C101475,A201475,Salary,112253.17,50000
C101476,A201476,Savings,90784.8,0
C101477,A201477,Current,141365.01,179438.71
C101478,A201478,Savings,149204.9,0
C101479,A201479,Salary,71500.98,0
C101480,A201480,Salary,177178.14,0
C101481,A201481,Savings,114248.26,0
C101482,A201482,Savings,15934.93,0
C101483,A201483,Salary,60091.58,0
C101484,A201484,Savings,154622.28,0
C101485,A201485,Current,226561.82,136543.35
C101486,A201486,Current,170658.37,267332.97
C101487,A201487,Savings,54006.21,50000
C101488,A201488,Current,219011.73,281527.89
C101489,A201489,Current,117720.32,278690.61
C101490,A201490,Current,100604.72,124451.53
C101491,A201491,Savings,121567.73,0
C101492,A201492,Salary,121327.71,0
C101493,A201493,Savings,417297.75,0
C101494,A201494,Savings,68296.89,50000
C101495,A201495,Savings,178590.83,0
C101496,A201496,Salary,96825.19,0
C101497,A201497,Savings,102481,0
C101498,A201498,Salary,207909.03,0
C101499,A201499,Current,77134.72,112434.89
C101500,A201500,Salary,41302.37,0
C101501,A201501,Current,111054.02,350359.94
C101502,A201502,Current,79864.16,150876.2
C101503,A201503,Salary,161835.79,50000
C101504,A201504,Current,244471.74,415829.74
C101505,A201505,Salary,121046.83,0
C101506,A201506,Savings,99205.81,0
C101507,A201507,Savings,265577.1,50000
C101508,A201508,Salary,406014.34,0
C101509,A201509,Salary,219126.41,0
C101510,A201510,Salary,147398.91,0
C101511,A201511,Current,57110.53,226483.63
C101512,A201512,Premium,232980.19,294258.39
C101513,A201513,Savings,146421.93,0
C101514,A201514,Savings,232625.09,0
C101515,A201515,Savings,126839.59,0
C101516,A201516,Premium,156261.24,294506.37
C101517,A201517,Savings,119122.71,0
C101518,A201518,Salary,155334.19,0
C101519,A201519,Savings,295859.08,50000
C101520,A201520,Savings,164041.13,50000
C101521,A201521,Current,273267.7,221040.14
C101522,A201522,Current,183505.93,326634.22
C101523,A201523,Savings,125283.54,0
C101524,A201524,Savings,265090.57,50000
C101525,A201525,Savings,112705.66,50000
C101526,A201526,Current,159243.95,162890.46
C101527,A201527,Savings,191600.55,0
C101528,A201528,Current,246066.02,260014.06
C101529,A201529,Savings,172067.6,0
C101530,A201530,Current,202628.66,538440.61
C101531,A201531,Savings,67936.8,50000
C101532,A201532,Savings,145066.52,0
C101533,A201533,Savings,183374.21,0
C101534,A201534,Salary,85111.18,50000
C101535,A201535,Current,91251.79,317225.68
C101536,A201536,Premium,39086,161350.19
C101537,A201537,Premium,77452.56,134205.18
C101538,A201538,Salary,164376.25,0
C101539,A201539,Salary,43310.25,0
C101540,A201540,Current,113508.75,111840.29
C101541,A201541,Salary,36658.04,50000
C101542,A201542,Current,233536.31,332432.82
C101543,A201543,Savings,177451.84,0
C101544,A201544,Savings,136357.93,0
C101545,A201545,Current,26444.99,448603.09
C101546,A201546,Salary,93430.75,0
C101547,A201547,Savings,138017.41,0
C101548,A201548,Savings,165083.36,50000
C101549,A201549,Savings,128356.04,0
C101550,A201550,Premium,163638.86,84915.55
C101551,A201551,Savings,193452.59,50000
C101552,A201552,Current,181540.81,409855.63
C101553,A201553,Premium,114911.09,304988.99
C101554,A201554,Savings,144529.65,0
C101555,A201555,Salary,162786.33,0
C101556,A201556,Salary,59010.68,0
C101557,A201557,Savings,85503.07,0
C101558,A201558,Savings,342608.43,0
C101559,A201559,Savings,57694.86,0
C101560,A201560,Savings,370754.16,0
C101561,A201561,Premium,219777.26,281253.6
C101562,A201562,Savings,169054.01,0
C101563,A201563,Premium,182993.97,67045.7
C101564,A201564,Savings,146836.04,0
C101565,A201565,Premium,199354.13,325708.38
C101566,A201566,Savings,157549.11,0
C101567,A201567,Current,239417.32,216323.84
C101568,A201568,Savings,106398.09,50000
C101569,A201569,Savings,131264.07,0
C101570,A201570,Savings,254465.69,0
C101571,A201571,Savings,110938.51,0
C101572,A201572,Savings,112020.66,0
C101573,A201573,Current,158797.11,203548.1
C101574,A201574,Savings,75642.21,0
C101575,A201575,Salary,108579.66,0
C101576,A201576,Salary,108721.89,0
C101577,A201577,Salary,157471.53,0
C101578,A201578,Salary,102253.91,0
C101579,A201579,Salary,243521.36,50000
C101580,A201580,Savings,122372.87,50000
C101581,A201581,Savings,228806.89,50000
C101582,A201582,Current,118803.42,142426.58
C101583,A201583,Current,96803.03,273617.07
C101584,A201584,Savings,81286.41,0
C101585,A201585,Current,253449.51,183854.29
C101586,A201586,Savings,235077.8,0
C101587,A201587,Savings,49656.9,50000
C101588,A201588,Salary,101520.45,0
C101589,A201589,Savings,68882.83,0
C101590,A201590,Savings,137255.85,0
C101591,A201591,Savings,205485.92,0
C101592,A201592,Savings,152020.68,50000
C101593,A201593,Savings,148777.89,0
C101594,A201594,Savings,131897.5,0
C101595,A201595,Savings,132427.92,50000
C101596,A201596,Savings,88277.14,0
C101597,A201597,Savings,66834.07,0
C101598,A201598,Savings,427951.25,0
C101599,A201599,Savings,112414.21,0
C101600,A201600,Salary,213047.99,0
C101601,A201601,Current,93401.65,46959.43
C101602,A201602,Current,284629.95,777808.45
C101603,A201603,Current,128776.29,411618.66
C101604,A201604,Savings,155453.71,0
C101605,A201605,Premium,47990.75,127615.86
C101606,A201606,Savings,189056.93,50000
C101607,A201607,Savings,126505.14,0
C101608,A201608,Savings,148010.47,50000
C101609,A201609,Salary,118788.22,0
C101610,A201610,Premium,43718.37,64530.99
C101611,A201611,Salary,140189.44,0
C101612,A201612,Savings,151877.69,0
C101613,A201613,Premium,67477.41,126803.06
C101614,A201614,Savings,40915,0
C101615,A201615,Salary,133216.67,0
C101616,A201616,Premium,149310.85,290000.97
C101617,A201617,Salary,332393.8,50000
C101618,A201618,Savings,189727.54,50000
C101619,A201619,Salary,66150.03,0
C101620,A201620,Savings,105314.66,0
C101621,A201621,Savings,70510.75,0
C101622,A201622,Salary,143860.59,0
C101623,A201623,Savings,202865.84,0
C101624,A201624,Savings,91995.3,0
C101625,A201625,Current,318756.33,796650.18
C101626,A201626,Current,93515.49,137853.55
C101627,A201627,Savings,148278.07,50000
C101628,A201628,Savings,189419.13,50000
C101629,A201629,Salary,144762.16,0
C101630,A201630,Savings,158306.46,0
C101631,A201631,Current,131258.32,128166.46
C101632,A201632,Premium,93280.84,296106.27
C101633,A201633,Current,179077.71,314347.05
C101634,A201634,Savings,133547.64,50000
C101635,A201635,Savings,29596.43,50000
C101636,A201636,Current,249896.39,150709.52
C101637,A201637,Salary,194252.54,0
C101638,A201638,Current,236195.39,247543.69
C101639,A201639,Savings,129587.75,50000
C101640,A201640,Savings,103386.3,50000
C101641,A201641,Savings,111211.05,0
C101642,A201642,Salary,30485.79,0
C101643,A201643,Current,49011.55,113534.76
C101644,A201644,Savings,191794.88,0
C101645,A201645,Salary,449149.08,0
C101646,A201646,Current,208916.37,525944.5
C101647,A201647,Salary,166717.03,0
C101648,A201648,Savings,81631.24,50000
C101649,A201649,Savings,93550.17,0
C101650,A201650,Savings,153906.81,0
C101651,A201651,Salary,119182.62,0
C101652,A201652,Salary,338252.63,50000
C101653,A201653,Salary,208349.87,0
C101654,A201654,Savings,226767.28,0
C101655,A201655,Current,102251.57,60068.64
C101656,A201656,Savings,152946.96,0
C101657,A201657,Salary,159013.08,0
C101658,A201658,Savings,207170.73,0
C101659,A201659,Savings,158888.08,50000
C101660,A201660,Savings,167144.47,0
C101661,A201661,Savings,90000.02,0
C101662,A201662,Savings,256849.55,50000
C101663,A201663,Savings,259343.92,0
C101664,A201664,Savings,68035.29,0
C101665,A201665,Savings,285829.48,0
C101666,A201666,Salary,87628.15,50000
C101667,A201667,Savings,269667.31,0
C101668,A201668,Premium,350695.03,668349.94
C101669,A201669,Salary,208798.46,0
C101670,A201670,Savings,1000,0
C101671,A201671,Savings,44320.23,0
C101672,A201672,Savings,207006.97,0
C101673,A201673,Current,110577.59,124606.01
C101674,A201674,Current,256009.92,110956.04
C101675,A201675,Savings,155654.78,50000
C101676,A201676,Savings,222575.41,0
C101677,A201677,Current,219294.45,340697.69
C101678,A201678,Savings,67589,0
C101679,A201679,Premium,195648.9,467234.46
C101680,A201680,Savings,366214.23,50000
C101681,A201681,Savings,209536.37,0
C101682,A201682,Savings,156645.34,0
C101683,A201683,Current,90537.86,64344.55
C101684,A201684,Savings,198211.76,0
C101685,A201685,Savings,205181.11,0
C101686,A201686,Savings,263886.21,50000
C101687,A201687,Savings,235228.55,0
C101688,A201688,Current,382175.93,516947.3
C101689,A201689,Savings,198172.72,50000
C101690,A201690,Salary,105513.35,50000
C101691,A201691,Savings,25217.93,50000
C101692,A201692,Savings,243255.8,0
C101693,A201693,Salary,112281.73,0
C101694,A201694,Current,114437.65,49760.81
C101695,A201695,Salary,71150.79,0
C101696,A201696,Savings,87921.95,0
C101697,A201697,Premium,156244.24,189254.64
C101698,A201698,Savings,94723.36,50000
C101699,A201699,Savings,134173.73,50000
C101700,A201700,Savings,182575.13,0
C101701,A201701,Savings,53948.43,50000
C101702,A201702,Salary,226366.85,0
C101703,A201703,Savings,265350.61,0
C101704,A201704,Premium,54846.34,152289.92
C101705,A201705,Savings,77684.9,0
C101706,A201706,Current,98051.85,266483.14
C101707,A201707,Salary,144994.12,50000
C101708,A201708,Salary,168323.83,50000
C101709,A201709,Savings,154138.44,0
C101710,A201710,Premium,44450.96,254733.9
C101711,A201711,Premium,82830.02,342825.47
C101712,A201712,Premium,62048.31,129673.89
C101713,A201713,Salary,294959.91,0
C101714,A201714,Salary,84569.07,50000
C101715,A201715,Current,198215.86,161575.36
C101716,A201716,Salary,311489.67,50000
C101717,A201717,Current,99291.97,195166.81
C101718,A201718,Current,208328.64,337002.54
C101719,A201719,Current,184052.92,622741.35
C101720,A201720,Premium,103569.92,47947.41
C101721,A201721,Savings,78256.98,0
C101722,A201722,Salary,192490.23,50000
C101723,A201723,Savings,132569.58,0
C101724,A201724,Savings,137604.92,0
C101725,A201725,Savings,146757.08,0
C101726,A201726,Savings,265246.9,0
C101727,A201727,Premium,17845.61,71381.03
C101728,A201728,Savings,138114.29,50000
C101729,A201729,Salary,170634.49,50000
C101730,A201730,Savings,207210.06,0
C101731,A201731,Premium,146896.74,197048.45
C101732,A201732,Salary,187504.67,50000
C101733,A201733,Savings,156637.5,0
C101734,A201734,Savings,83069.93,0
C101735,A201735,Savings,74265.98,0
C101736,A201736,Savings,191918.61,50000
C101737,A201737,Savings,134997.74,50000
C101738,A201738,Premium,232584.33,437755.82
C101739,A201739,Salary,159667.98,0
C101740,A201740,Savings,186843.07,50000
C101741,A201741,Premium,66879.19,194831.82
C101742,A201742,Savings,165707,0
C101743,A201743,Savings,58807.42,0
C101744,A201744,Current,235485.79,100640.37
C101745,A201745,Savings,493585.18,0
C101746,A201746,Savings,133834.09,0
C101747,A201747,Savings,65126.83,0
C101748,A201748,Salary,167789.46,0
C101749,A201749,Premium,86913.73,142085.74
C101750,A201750,Current,147472.58,116109.5
C101751,A201751,Current,59252.8,176049.34
C101752,A201752,Current,77243.95,199435.55
C101753,A201753,Savings,133649.36,0
C101754,A201754,Salary,115598.23,0
C101755,A201755,Current,174068.1,85587.82
C101756,A201756,Savings,150963.64,50000
C101757,A201757,Savings,391514.56,0
C101758,A201758,Premium,116902.35,104194.58
C101759,A201759,Savings,118631.81,0
C101760,A201760,Premium,90921.34,115027.78
C101761,A201761,Savings,133465.98,50000
C101762,A201762,Salary,134572.1,0
C101763,A201763,Savings,128957.57,0
C101764,A201764,Salary,117325.38,0
C101765,A201765,Current,223219.02,170350.6
C101766,A201766,Savings,287920.48,0
C101767,A201767,Savings,166597.67,0
C101768,A201768,Savings,148992.73,0
C101769,A201769,Salary,356569.61,50000
C101770,A201770,Salary,202424.82,0
C101771,A201771,Salary,34195.17,50000
C101772,A201772,Savings,172497.03,50000
C101773,A201773,Current,107498.09,142879.97
C101774,A201774,Premium,218772.65,445281.57
C101775,A201775,Salary,55355.19,50000
C101776,A201776,Savings,319354.99,0
C101777,A201777,Salary,136244.38,0
C101778,A201778,Salary,65085.59,0
C101779,A201779,Current,73465.83,282072.85
C101780,A201780,Savings,84102.96,0
C101781,A201781,Savings,313369.48,0
C101782,A201782,Premium,151103.18,268191.93
C101783,A201783,Savings,52863.74,0
C101784,A201784,Savings,183030.52,50000
C101785,A201785,Salary,133451.8,50000
C101786,A201786,Salary,112146.76,0
C101787,A201787,Premium,118991.26,293525.85
C101788,A201788,Savings,145196.94,0
C101789,A201789,Salary,221696.46,0
C101790,A201790,Savings,179863.97,0
C101791,A201791,Savings,298203.77,0
C101792,A201792,Savings,304472.44,0
C101793,A201793,Current,30655.55,146533.73
C101794,A201794,Salary,177357.64,0
C101795,A201795,Savings,202899.65,50000
C101796,A201796,Savings,228173.57,0
C101797,A201797,Current,101957.29,101331.81
C101798,A201798,Savings,77536.36,0
C101799,A201799,Savings,117949.72,0
C101800,A201800,Current,61402.48,162973.35
C101801,A201801,Savings,124449.35,50000
C101802,A201802,Savings,25633.14,0
C101803,A201803,Current,91901.56,292650.11
C101804,A201804,Savings,283584.78,0
C101805,A201805,Salary,317560.12,0
C101806,A201806,Current,248140.93,144997.89
C101807,A201807,Savings,178077.73,0
C101808,A201808,Current,192382.98,212383.15
C101809,A201809,Savings,222225.59,50000
C101810,A201810,Salary,205113.31,50000
C101811,A201811,Salary,247003.47,0
C101812,A201812,Premium,133069.89,370400.27
C101813,A201813,Premium,177886.34,161836.03
C101814,A201814,Current,85132.43,105134.22
C101815,A201815,Current,144115.42,485165.08
C101816,A201816,Savings,40237.84,0
C101817,A201817,Salary,117351.38,50000
C101818,A201818,Savings,277427.02,0
C101819,A201819,Current,155352.77,350262.82
C101820,A201820,Savings,183154,50000
C101821,A201821,Savings,45387.43,0
C101822,A201822,Savings,127903.85,0
C101823,A201823,Savings,103554.22,0
C101824,A201824,Savings,152203.35,50000
C101825,A201825,Savings,207923.89,50000
C101826,A201826,Savings,364346.36,0
C101827,A201827,Savings,340963.63,50000
C101828,A201828,Savings,86350.68,0
C101829,A201829,Current,83697.34,229566.79
C101830,A201830,Salary,54314.82,0
C101831,A201831,Current,113082.48,413979.28
C101832,A201832,Savings,100214.6,50000
C101833,A201833,Savings,116163.24,50000
C101834,A201834,Savings,94171.13,0
C101835,A201835,Premium,46555.37,127920.7
C101836,A201836,Savings,102515.91,0
C101837,A201837,Salary,84769.4,0
C101838,A201838,Savings,115893.99,0
C101839,A201839,Savings,80991.22,0
C101840,A201840,Salary,253899.86,50000
C101841,A201841,Savings,260532.77,0
C101842,A201842,Savings,187697.34,0
C101843,A201843,Premium,24792.8,147069.47
C101844,A201844,Savings,333778.87,0
C101845,A201845,Current,266993.07,257647.54
C101846,A201846,Savings,18283.63,0
C101847,A201847,Premium,168162.14,135630.39
C101848,A201848,Salary,157977.22,0
C101849,A201849,Savings,54084.68,0
C101850,A201850,Premium,169000.62,469749.39
C101851,A201851,Savings,157011.56,50000
C101852,A201852,Savings,339131.65,0
C101853,A201853,Current,110778.33,158092.42
C101854,A201854,Salary,142828.99,0
C101855,A201855,Salary,261148.35,0
C101856,A201856,Current,194844.54,255731.37
C101857,A201857,Savings,220709.23,50000
C101858,A201858,Premium,96045.47,77961.14
C101859,A201859,Salary,107549.06,0
C101860,A201860,Salary,169521.87,0
C101861,A201861,Savings,105333.09,50000
C101862,A201862,Salary,185209.65,0
C101863,A201863,Salary,172848.98,0
C101864,A201864,Premium,219529.97,158341.09
C101865,A201865,Savings,150341.54,50000
C101866,A201866,Salary,14569.61,0
C101867,A201867,Premium,184694.92,365434.24
C101868,A201868,Savings,45077.11,0
C101869,A201869,Salary,215059.35,0
C101870,A201870,Premium,159263.06,155081.54
C101871,A201871,Current,186721.71,194750.75
C101872,A201872,Salary,76953.05,0
C101873,A201873,Savings,64078.95,0
C101874,A201874,Current,181370.97,255288.68
C101875,A201875,Savings,68550.73,50000
C101876,A201876,Savings,162755.1,0
C101877,A201877,Salary,171929.99,0
C101878,A201878,Savings,195085.18,50000
C101879,A201879,Premium,113240.34,445732.18
C101880,A201880,Current,161087.38,312686.98
C101881,A201881,Current,157213.46,108219.33
C101882,A201882,Savings,174917.18,0
C101883,A201883,Savings,177155.94,0
C101884,A201884,Savings,134598.28,0
C101885,A201885,Savings,630042.24,0
C101886,A201886,Salary,24525.09,0
C101887,A201887,Salary,140361.83,0
C101888,A201888,Salary,241373.95,0
C101889,A201889,Salary,141838.05,50000
C101890,A201890,Current,173632.69,120807.91
C101891,A201891,Current,91642.76,488133.23
C101892,A201892,Savings,194910.77,0
C101893,A201893,Salary,290974.04,0
C101894,A201894,Savings,144113.56,0
C101895,A201895,Current,311899.71,515147.26
C101896,A201896,Savings,80080.66,0
C101897,A201897,Current,244865.24,101496.64
C101898,A201898,Savings,75126.69,0
C101899,A201899,Savings,328418.21,50000
C101900,A201900,Current,59823.04,125315.55
C101901,A201901,Savings,309539.21,0
C101902,A201902,Savings,96480.18,50000
C101903,A201903,Savings,79105.08,50000
C101904,A201904,Savings,34798.23,50000
C101905,A201905,Salary,123507.67,0
C101906,A201906,Current,134034.4,323642.28
C101907,A201907,Salary,323877.92,0
C101908,A201908,Savings,127429.88,0
C101909,A201909,Savings,91817.28,0
C101910,A201910,Current,62219,154121.61
C101911,A201911,Savings,202473.34,0
C101912,A201912,Savings,187316.41,0
C101913,A201913,Salary,284737.28,0
C101914,A201914,Salary,168705.23,50000
C101915,A201915,Savings,47866.14,0
C101916,A201916,Savings,146114.1,0
C101917,A201917,Salary,182948.4,0
C101918,A201918,Savings,115898.3,0
C101919,A201919,Premium,1000,104720.22
C101920,A201920,Premium,231012.9,76624.31
C101921,A201921,Salary,363813.97,0
C101922,A201922,Savings,120012.27,0
C101923,A201923,Savings,154452.95,50000
C101924,A201924,Premium,85839.2,84652.13
C101925,A201925,Savings,606212.57,50000
C101926,A201926,Savings,202270.59,0
C101927,A201927,Savings,177491.82,0
C101928,A201928,Savings,199791.04,50000
C101929,A201929,Salary,82198.74,0
C101930,A201930,Premium,52827.23,74670.12
C101931,A201931,Salary,221063.17,50000
C101932,A201932,Salary,65161.85,0
C101933,A201933,Savings,105758.72,0
C101934,A201934,Current,37400.98,322028.86
C101935,A201935,Savings,109556.72,50000
C101936,A201936,Savings,130214.94,50000
C101937,A201937,Savings,119320.7,0
C101938,A201938,Current,261234.83,526001.68
C101939,A201939,Savings,92334.52,0
C101940,A201940,Premium,58310.08,232592.08
C101941,A201941,Premium,150689.5,135636.85
C101942,A201942,Savings,182566.25,0
C101943,A201943,Savings,181088.65,50000
C101944,A201944,Salary,185312.86,0
C101945,A201945,Premium,186938.4,343330.17
C101946,A201946,Salary,125630.65,0
C101947,A201947,Savings,145345.07,0
C101948,A201948,Savings,59255.75,0
C101949,A201949,Savings,299191.49,0
C101950,A201950,Savings,83531.74,0
C101951,A201951,Savings,112788.01,0
C101952,A201952,Salary,253766.62,0
C101953,A201953,Savings,125665.47,50000
C101954,A201954,Salary,116010.65,0
C101955,A201955,Savings,256227.39,0
C101956,A201956,Savings,74610.09,0
C101957,A201957,Savings,246744.35,0
C101958,A201958,Savings,37884.13,0
C101959,A201959,Salary,227599.39,0
C101960,A201960,Savings,59716.99,0
C101961,A201961,Salary,124413.74,0
C101962,A201962,Premium,51333.94,316583.61
C101963,A201963,Salary,77372.82,0
C101964,A201964,Current,71481.03,256876.68
C101965,A201965,Current,114471.83,197556.44
C101966,A201966,Savings,60149.91,0
C101967,A201967,Current,126536.21,170225.56
C101968,A201968,Premium,94769.48,187004.91
C101969,A201969,Savings,48684.95,0
C101970,A201970,Salary,109800.38,0
C101971,A201971,Salary,448644.62,0
C101972,A201972,Premium,153571.28,307917.88
C101973,A201973,Savings,275383.77,0
C101974,A201974,Savings,167542.37,0
C101975,A201975,Savings,22198.11,0
C101976,A201976,Salary,201837.87,0
C101977,A201977,Savings,86017.57,50000
C101978,A201978,Savings,215174.31,0
C101979,A201979,Savings,91007.22,0
C101980,A201980,Savings,186426.91,0
C101981,A201981,Savings,158984.38,0
C101982,A201982,Current,172724.31,239602.76
C101983,A201983,Premium,76447.33,287779.59
C101984,A201984,Savings,177071.49,0
C101985,A201985,Salary,233358.31,0
C101986,A201986,Salary,277141.72,0
C101987,A201987,Savings,301940.19,0
C101988,A201988,Salary,150834.33,0
C101989,A201989,Savings,276372.1,0
C101990,A201990,Salary,166655.45,0
C101991,A201991,Salary,68019.69,0
C101992,A201992,Salary,425857.84,0
C101993,A201993,Savings,286968.75,50000
C101994,A201994,Current,117575.12,255759.38
C101995,A201995,Salary,281113.34,0
C101996,A201996,Current,45963.47,77940.2
C101997,A201997,Salary,66104.74,0
C101998,A201998,Salary,269361.19,0
C101999,A201999,Savings,224049.12,0
C102000,A202000,Savings,90839.39,0
C102001,A202001,Current,182178.88,100025.37
C102002,A202002,Salary,154030.48,0
C102003,A202003,Savings,136156.5,0
C102004,A202004,Savings,116642.77,50000
C102005,A202005,Savings,325111.27,0
C102006,A202006,Current,103459.49,237447.06
C102007,A202007,Current,348781.3,581705.6
C102008,A202008,Current,86300.45,114760.11
C102009,A202009,Savings,105204.1,0
C102010,A202010,Savings,148274.22,50000
C102011,A202011,Salary,227943.81,0
C102012,A202012,Savings,45139.62,0
C102013,A202013,Savings,127086.58,50000
C102014,A202014,Salary,158777.58,0
C102015,A202015,Salary,187230.37,50000
C102016,A202016,Savings,190636.66,0
C102017,A202017,Premium,56749.7,116869.76
C102018,A202018,Savings,163290.69,0
C102019,A202019,Savings,156511.06,0
C102020,A202020,Savings,4692.78,0
C102021,A202021,Salary,382415.68,50000
C102022,A202022,Savings,38924.1,0
C102023,A202023,Current,217817.37,289870.35
C102024,A202024,Savings,148443.36,0
C102025,A202025,Savings,59097.85,0
C102026,A202026,Savings,281948.29,0
C102027,A202027,Current,111428.01,168369.93
C102028,A202028,Current,119658.81,349233.93
C102029,A202029,Salary,118430.47,0
C102030,A202030,Current,243280,274750.83
C102031,A202031,Current,342262.77,391475.59
C102032,A202032,Current,154045.88,296227.43
C102033,A202033,Premium,310015.47,347072.51
C102034,A202034,Salary,172545.98,0
C102035,A202035,Salary,179631.89,0
C102036,A202036,Current,131084.06,99714.27
C102037,A202037,Current,163992.3,687445.35
C102038,A202038,Savings,277877.44,0
C102039,A202039,Salary,90173.67,50000
C102040,A202040,Savings,154541.19,0
C102041,A202041,Savings,96764.6,0
C102042,A202042,Salary,95779.38,0
C102043,A202043,Savings,87933.55,50000
C102044,A202044,Premium,75930.95,79994.76
C102045,A202045,Salary,72822.94,0
C102046,A202046,Current,97478.42,171465.72
C102047,A202047,Savings,66644.34,0
C102048,A202048,Current,225217.68,395966.56
C102049,A202049,Savings,150300.87,0
C102050,A202050,Savings,256975.06,0
C102051,A202051,Premium,256901.92,365984.38
C102052,A202052,Savings,76373.97,0
C102053,A202053,Salary,182584,0
C102054,A202054,Salary,231120.45,0
C102055,A202055,Premium,246221.4,399322.65
C102056,A202056,Current,93353.11,415273.5
C102057,A202057,Current,86745.26,172179.57
C102058,A202058,Premium,182766.23,165191.86
C102059,A202059,Salary,69522.64,50000
C102060,A202060,Salary,176999.12,50000
C102061,A202061,Salary,264769.64,0
C102062,A202062,Savings,67389.52,0
C102063,A202063,Savings,507059.63,0
C102064,A202064,Savings,66179.26,0
C102065,A202065,Current,125995.87,133858.57
C102066,A202066,Savings,235362.86,0
C102067,A202067,Current,145420.05,100291.59
C102068,A202068,Current,251428.86,166438.76
C102069,A202069,Savings,83893.91,0
C102070,A202070,Savings,128445.74,50000
C102071,A202071,Salary,124427.99,50000
C102072,A202072,Premium,141072.99,122902.26
C102073,A202073,Salary,60533.48,0
C102074,A202074,Savings,102192.02,0
C102075,A202075,Current,199384.53,372459.91
C102076,A202076,Salary,94812.17,0
C102077,A202077,Current,168052.6,272183.51
C102078,A202078,Savings,213181.93,50000
C102079,A202079,Savings,99814.89,0
C102080,A202080,Savings,13200.33,0
C102081,A202081,Savings,50786.44,0
C102082,A202082,Savings,174619.67,0
C102083,A202083,Current,94394.36,181016.71
C102084,A202084,Current,241191.85,256777.21
C102085,A202085,Salary,161017.44,0
C102086,A202086,Savings,269521.58,0
C102087,A202087,Savings,187013.5,0
C102088,A202088,Salary,190394.48,0
C102089,A202089,Premium,202558.36,154072.12
C102090,A202090,Savings,63569.45,0
C102091,A202091,Savings,132986.52,0
C102092,A202092,Savings,225327.62,0
C102093,A202093,Salary,144543.39,0
C102094,A202094,Premium,226086.75,401880
C102095,A202095,Current,292754.2,224633.39
C102096,A202096,Salary,140125.8,0
C102097,A202097,Savings,75364.35,50000
C102098,A202098,Savings,99335.8,0
C102099,A202099,Salary,104871.28,0
C102100,A202100,Savings,271587.07,0
C102101,A202101,Savings,136351.62,0
C102102,A202102,Premium,91813.6,331745.63
C102103,A202103,Savings,86915.76,0
C102104,A202104,Savings,96797.26,0
C102105,A202105,Savings,280328.49,0
C102106,A202106,Current,231214.62,478212.81
C102107,A202107,Savings,258515.94,0
C102108,A202108,Savings,198621.57,50000
C102109,A202109,Salary,105643.18,0
C102110,A202110,Premium,225336.25,374331.43
C102111,A202111,Savings,140198.8,0
C102112,A202112,Current,205474.86,213138.17
C102113,A202113,Current,208705.57,62530.18
C102114,A202114,Savings,125729.49,50000
C102115,A202115,Savings,71507.71,0
C102116,A202116,Salary,180583.55,50000
C102117,A202117,Salary,103103.45,0
C102118,A202118,Savings,148997.46,0
C102119,A202119,Savings,145352.17,0
C102120,A202120,Savings,299316.53,0
C102121,A202121,Current,81175.59,83731.02
C102122,A202122,Current,420575.59,836718.58
C102123,A202123,Current,56171.22,49748.77
C102124,A202124,Salary,209213.04,0
C102125,A202125,Premium,101824.13,257399.74
C102126,A202126,Premium,122606.87,88104.46
C102127,A202127,Salary,62430.91,50000
C102128,A202128,Current,126846.09,192934.47
C102129,A202129,Savings,117114.89,0
C102130,A202130,Savings,1000,0
C102131,A202131,Current,193014.45,123426.74
C102132,A202132,Premium,101977.38,257076.64
C102133,A202133,Savings,167678.54,0
C102134,A202134,Salary,128655.07,50000
C102135,A202135,Premium,204539.96,204240.13
C102136,A202136,Salary,194277.72,0
C102137,A202137,Salary,59148.69,50000
C102138,A202138,Savings,119206.96,0
C102139,A202139,Savings,156897.15,0
C102140,A202140,Savings,84921.86,0
C102141,A202141,Salary,181468.76,0
C102142,A202142,Savings,148233.18,0
C102143,A202143,Savings,148778.95,0
C102144,A202144,Current,316949.61,327960.89
C102145,A202145,Current,143480.94,81495.87
C102146,A202146,Current,55907.88,173330.94
C102147,A202147,Premium,126903.38,232718.41
C102148,A202148,Savings,28225.26,0
C102149,A202149,Savings,79029.15,50000
C102150,A202150,Current,339402.64,368951.72
C102151,A202151,Savings,50825.6,50000
C102152,A202152,Current,129978.53,487485.86
C102153,A202153,Salary,168213.46,0
C102154,A202154,Salary,23292.82,0
C102155,A202155,Savings,97469.17,0
C102156,A202156,Salary,108377.6,0
C102157,A202157,Premium,146349.13,172604.6
C102158,A202158,Savings,186248.47,0
C102159,A202159,Savings,236600.94,0
C102160,A202160,Current,224179.02,82183.83
C102161,A202161,Savings,286656.68,50000
C102162,A202162,Current,131972.91,150528.2
C102163,A202163,Savings,245552.25,50000
C102164,A202164,Premium,117116.38,56061.34
C102165,A202165,Savings,244516.7,50000
C102166,A202166,Premium,57318.28,356339.81
C102167,A202167,Savings,69593.78,0
C102168,A202168,Savings,241513.48,0
C102169,A202169,Savings,62551,0
C102170,A202170,Salary,49359.35,0
C102171,A202171,Current,138048.03,276497.23
C102172,A202172,Salary,131949.46,0
C102173,A202173,Savings,60597.2,0
C102174,A202174,Savings,92019.31,0
C102175,A202175,Current,255254.63,275683.99
C102176,A202176,Current,301307.28,549680.88
C102177,A202177,Savings,130894.75,50000
C102178,A202178,Savings,135916.12,0
C102179,A202179,Savings,73207.71,0
C102180,A202180,Savings,16963.57,0
C102181,A202181,Salary,74503.15,0
C102182,A202182,Savings,143323.82,50000
C102183,A202183,Salary,395709.89,0
C102184,A202184,Salary,139383.44,0
C102185,A202185,Current,119082.67,207031.39
C102186,A202186,Current,89996.53,221247.19
C102187,A202187,Salary,258473.11,0
C102188,A202188,Salary,279433.37,0
C102189,A202189,Salary,139737.38,50000
C102190,A202190,Current,147788.96,202488.61
C102191,A202191,Savings,215420.71,50000
C102192,A202192,Savings,141783.53,50000
C102193,A202193,Savings,172139.03,50000
C102194,A202194,Savings,122850.82,0
C102195,A202195,Salary,80201.5,0
C102196,A202196,Current,57602.67,337690.77
C102197,A202197,Current,39942.13,80888.59
C102198,A202198,Savings,199673.77,50000
C102199,A202199,Current,268057.36,257572.97
C102200,A202200,Savings,110059.47,0
C102201,A202201,Savings,174437.23,0
C102202,A202202,Salary,23969.13,50000
C102203,A202203,Savings,150499.35,0
C102204,A202204,Savings,65123.84,50000
C102205,A202205,Savings,72768.77,0
C102206,A202206,Savings,102494.86,50000
C102207,A202207,Savings,294784.22,50000
C102208,A202208,Savings,177207.78,50000
C102209,A202209,Savings,435512.86,0
C102210,A202210,Savings,173278.32,0
C102211,A202211,Salary,182935.51,50000
C102212,A202212,Savings,114474.95,0
C102213,A202213,Current,79298.42,269732.51
C102214,A202214,Savings,143270.19,0
C102215,A202215,Premium,175850.66,272204.6
C102216,A202216,Salary,29216.34,0
C102217,A202217,Savings,145745.42,0
C102218,A202218,Savings,123658.99,50000
C102219,A202219,Savings,115404.91,50000
C102220,A202220,Salary,119219.08,0
C102221,A202221,Savings,120654.66,0
C102222,A202222,Savings,227822.77,0
C102223,A202223,Premium,70682.83,248777.03
C102224,A202224,Savings,370133.72,0
C102225,A202225,Current,125477.32,162790.44
C102226,A202226,Salary,224243.14,0
C102227,A202227,Salary,65009.7,0
C102228,A202228,Current,114058.92,156291.73
C102229,A202229,Salary,187233.61,50000
C102230,A202230,Premium,384583.75,464439.74
C102231,A202231,Premium,511814.67,723391.36
C102232,A202232,Savings,360761.05,0
C102233,A202233,Savings,183724.34,50000
C102234,A202234,Savings,72635.48,0
C102235,A202235,Salary,104348.27,0
C102236,A202236,Savings,72853.15,0
C102237,A202237,Savings,112673.04,50000
C102238,A202238,Savings,195101.65,0
C102239,A202239,Current,404503.13,721455.17
C102240,A202240,Salary,36739.38,0
C102241,A202241,Savings,48828.92,0
C102242,A202242,Salary,188868.74,0
C102243,A202243,Savings,156492.45,50000
C102244,A202244,Savings,142114.73,0
C102245,A202245,Premium,97033.95,164536.07
C102246,A202246,Current,104524.16,99949.44
C102247,A202247,Savings,249772.55,0
C102248,A202248,Premium,39170.95,127031.51
C102249,A202249,Savings,91406.43,0
C102250,A202250,Current,100898.78,377250.56
C102251,A202251,Salary,121503.48,50000
C102252,A202252,Savings,166028.86,0
C102253,A202253,Current,97199.27,91872.4
C102254,A202254,Savings,168841.81,0
C102255,A202255,Savings,397792.31,0
C102256,A202256,Savings,135301.94,0
C102257,A202257,Current,163314.48,278517.77
C102258,A202258,Salary,224783.49,0
C102259,A202259,Current,75770.72,43502.6
C102260,A202260,Salary,92426.1,0
C102261,A202261,Savings,66472.49,0
C102262,A202262,Savings,192358.8,0
C102263,A202263,Savings,135137.18,50000
C102264,A202264,Premium,247680.23,333651.93
C102265,A202265,Salary,80667.63,0
C102266,A202266,Premium,85460.73,207827.85
C102267,A202267,Savings,110176.45,0
C102268,A202268,Current,89844.76,85820.05
C102269,A202269,Current,50859.4,341206.02
C102270,A202270,Current,75156.46,205022.35
C102271,A202271,Salary,151350.44,50000
C102272,A202272,Savings,131552.38,0
C102273,A202273,Salary,136180.55,0
C102274,A202274,Salary,99129.89,50000
C102275,A202275,Savings,89331.12,0
C102276,A202276,Premium,139995.45,50705.1
C102277,A202277,Current,220198.22,270635.65
C102278,A202278,Salary,180003.19,0
C102279,A202279,Salary,47200.69,0
C102280,A202280,Current,169669.3,59004
C102281,A202281,Savings,205578.26,0
C102282,A202282,Salary,1000,0
C102283,A202283,Savings,231555.85,0
C102284,A202284,Premium,210292.53,350693.1
C102285,A202285,Savings,124972.22,50000
C102286,A202286,Savings,128595.25,0
C102287,A202287,Premium,45766.29,131754.7
C102288,A202288,Savings,193456.93,50000
C102289,A202289,Savings,170624.34,50000
C102290,A202290,Salary,173493.5,0
C102291,A202291,Savings,148340,0
C102292,A202292,Savings,125084.58,0
C102293,A202293,Savings,99276.31,0
C102294,A202294,Salary,84929.31,0
C102295,A202295,Savings,148029.8,0
C102296,A202296,Salary,55399.44,50000
C102297,A202297,Savings,194337.2,0
C102298,A202298,Savings,111132.65,0
C102299,A202299,Savings,125102.04,0
C102300,A202300,Premium,96229.33,234752.51
C102301,A202301,Current,30352.91,286441.22
C102302,A202302,Savings,166013.27,0
C102303,A202303,Savings,112500.47,50000
C102304,A202304,Savings,98456.09,50000
C102305,A202305,Current,139343.23,59321.79
C102306,A202306,Savings,200662.56,0
C102307,A202307,Savings,54856.5,0
C102308,A202308,Salary,221408.61,50000
C102309,A202309,Savings,80146.32,0
C102310,A202310,Savings,218527.31,0
C102311,A202311,Savings,198507.5,0
C102312,A202312,Savings,231455.94,50000
C102313,A202313,Savings,130026.77,0
C102314,A202314,Savings,116223.43,0
C102315,A202315,Salary,67082.52,0
C102316,A202316,Savings,59970.6,50000
C102317,A202317,Savings,190472.87,0
C102318,A202318,Current,110369.8,99258.29
C102319,A202319,Salary,58076.86,50000
C102320,A202320,Savings,62696.73,50000
C102321,A202321,Savings,150744.67,50000
C102322,A202322,Savings,139779.54,0
C102323,A202323,Premium,121422.55,313378.07
C102324,A202324,Current,101683.12,248500.14
C102325,A202325,Savings,85048.6,0
C102326,A202326,Savings,151349.62,0
C102327,A202327,Salary,297320.19,0
C102328,A202328,Savings,125751.6,0
C102329,A202329,Salary,125700.08,50000
C102330,A202330,Premium,46812.17,291853.94
C102331,A202331,Savings,163460.66,0
C102332,A202332,Savings,293788.94,50000
C102333,A202333,Savings,42815.61,0
C102334,A202334,Savings,223607.77,50000
C102335,A202335,Current,88071.02,46775.21
C102336,A202336,Savings,240413.66,0
C102337,A202337,Savings,343371.99,50000
C102338,A202338,Current,244694.13,260346.15
C102339,A202339,Premium,142722.51,292162.17
C102340,A202340,Savings,330093.87,0
C102341,A202341,Savings,116215.7,0
C102342,A202342,Savings,120402.07,50000
C102343,A202343,Salary,121536.64,50000
C102344,A202344,Savings,294703.53,50000
C102345,A202345,Savings,231815.43,0
C102346,A202346,Premium,187232.61,85101.46
C102347,A202347,Savings,146883.05,0
C102348,A202348,Savings,149857.19,0
C102349,A202349,Salary,99695.36,0
C102350,A202350,Savings,127397.59,0
C102351,A202351,Savings,110531.12,50000
C102352,A202352,Savings,228306.76,50000
C102353,A202353,Salary,354046.96,0
C102354,A202354,Premium,299689.57,535473.35
C102355,A202355,Current,99641.53,113251.97
C102356,A202356,Savings,138756.56,50000
C102357,A202357,Savings,199779.06,0
C102358,A202358,Current,200183.4,126506.56
C102359,A202359,Salary,1000,0
C102360,A202360,Salary,204838.1,0
C102361,A202361,Current,151246.13,143333.69
C102362,A202362,Premium,94799.01,325733.45
C102363,A202363,Savings,353700.34,0
C102364,A202364,Savings,329606.07,0
C102365,A202365,Salary,153985.47,0
C102366,A202366,Savings,132152.34,0
C102367,A202367,Savings,59796.91,50000
C102368,A202368,Current,181320.86,172243.42
C102369,A202369,Savings,71951.95,0
C102370,A202370,Savings,55590.28,50000
C102371,A202371,Premium,134886.54,632684.51
C102372,A202372,Savings,45633.71,0
C102373,A202373,Savings,87243.72,0
C102374,A202374,Savings,149828.75,0
C102375,A202375,Salary,143610.52,50000
C102376,A202376,Savings,185211.48,0
C102377,A202377,Salary,89790.85,0
C102378,A202378,Savings,203995.25,50000
C102379,A202379,Savings,30666.83,0
C102380,A202380,Salary,127689.61,0
C102381,A202381,Savings,259024.85,0
C102382,A202382,Savings,17140.14,50000
C102383,A202383,Salary,117327.85,0
C102384,A202384,Savings,34505.32,50000
C102385,A202385,Premium,183554.77,252903.25
C102386,A202386,Savings,219477.09,0
C102387,A202387,Salary,60163.67,0
C102388,A202388,Salary,257395.31,0
C102389,A202389,Savings,205965.53,50000
C102390,A202390,Savings,180509.78,50000
C102391,A202391,Savings,122802.1,0
C102392,A202392,Premium,304244.2,530565.36
C102393,A202393,Salary,53694.88,0
C102394,A202394,Savings,226046.62,0
C102395,A202395,Savings,138872.95,50000
C102396,A202396,Savings,195461.5,0
C102397,A202397,Salary,203470.63,50000
C102398,A202398,Premium,210700.55,195017.87
C102399,A202399,Savings,178524.6,0
C102400,A202400,Salary,345251.5,0
C102401,A202401,Savings,195585.35,0
C102402,A202402,Salary,187060.23,0
C102403,A202403,Savings,122850.94,0
C102404,A202404,Salary,148853.68,0
C102405,A202405,Premium,228439.93,113821.11
C102406,A202406,Current,294833.59,120105.94
C102407,A202407,Premium,115827.19,159605.31
C102408,A202408,Savings,283936.66,0
C102409,A202409,Premium,180493.61,415376.23
C102410,A202410,Salary,74783.73,0
C102411,A202411,Savings,65835.33,0
C102412,A202412,Savings,129287.84,0
C102413,A202413,Premium,164438.48,233545.84
C102414,A202414,Savings,152307.09,0
C102415,A202415,Savings,134347.58,50000
C102416,A202416,Salary,59606.42,0
C102417,A202417,Savings,182531.39,0
C102418,A202418,Salary,112020.62,0
C102419,A202419,Savings,85163.48,0
C102420,A202420,Savings,69283.13,0
C102421,A202421,Current,102344.07,170787.89
C102422,A202422,Current,109633.57,135358.72
C102423,A202423,Salary,311075.24,0
C102424,A202424,Salary,255074.92,0
C102425,A202425,Savings,95918.97,50000
C102426,A202426,Salary,84263.64,0
C102427,A202427,Salary,181511.03,0
C102428,A202428,Premium,229622.69,307128.06
C102429,A202429,Salary,138747.61,0
C102430,A202430,Current,292638.68,292870.45
C102431,A202431,Savings,144285.4,0
C102432,A202432,Salary,1000,0
C102433,A202433,Salary,253598.32,50000
C102434,A202434,Savings,82345.74,0
C102435,A202435,Salary,234872.45,0
C102436,A202436,Current,497545.78,493209.88
C102437,A202437,Savings,68590.19,50000
C102438,A202438,Current,116541.29,117272.75
C102439,A202439,Savings,141953.24,50000
C102440,A202440,Salary,365865.02,0
C102441,A202441,Savings,173211.66,0
C102442,A202442,Savings,337611.49,50000
C102443,A202443,Savings,139254.55,50000
C102444,A202444,Savings,343215.47,50000
C102445,A202445,Savings,153095.43,0
C102446,A202446,Salary,184106.53,0
C102447,A202447,Savings,115865.34,0
C102448,A202448,Salary,275130.88,0
C102449,A202449,Current,475240.43,407964.34
C102450,A202450,Premium,111488.78,109557.44
C102451,A202451,Savings,124217.7,0
C102452,A202452,Savings,43755.98,0
C102453,A202453,Current,197836.79,165079.82
C102454,A202454,Salary,132018.85,50000
C102455,A202455,Savings,92564.56,0
C102456,A202456,Savings,135308.03,0
C102457,A202457,Savings,99670.86,0
C102458,A202458,Savings,74633.26,0
C102459,A202459,Savings,311888.58,50000
C102460,A202460,Current,112469.62,225583.98
C102461,A202461,Salary,161192.56,0
C102462,A202462,Premium,214059.72,125134.91
C102463,A202463,Savings,146994.21,0
C102464,A202464,Salary,165819.24,50000
C102465,A202465,Savings,224295.12,0
C102466,A202466,Savings,335231.53,0
C102467,A202467,Current,307989.98,539234.92
C102468,A202468,Salary,440822.36,0
C102469,A202469,Premium,103754.94,103544.82
C102470,A202470,Salary,237118.72,0
C102471,A202471,Savings,51239.28,0
C102472,A202472,Savings,112062.6,0
C102473,A202473,Salary,91027.9,0
C102474,A202474,Current,303036.07,404711.41
C102475,A202475,Savings,172455.12,0
C102476,A202476,Savings,175699.47,50000
C102477,A202477,Premium,319696.26,299790.48
C102478,A202478,Salary,1000,0
C102479,A202479,Savings,225432.32,0
C102480,A202480,Premium,131053.26,95222.94
C102481,A202481,Salary,154899.78,0
C102482,A202482,Savings,46650.55,0
C102483,A202483,Savings,54819.72,50000
C102484,A202484,Current,82463.8,146509.14
C102485,A202485,Savings,96190,50000
C102486,A202486,Salary,87664.88,0
C102487,A202487,Salary,213074.47,50000
C102488,A202488,Savings,99963.7,0
C102489,A202489,Salary,98394.46,50000
C102490,A202490,Current,271792.54,170236.76
C102491,A202491,Savings,136222.34,0
C102492,A202492,Salary,231615.8,50000
C102493,A202493,Current,173767.95,141568.27
C102494,A202494,Current,86303.61,76332.48
C102495,A202495,Savings,107205.84,0
C102496,A202496,Current,119209.04,58207.53
C102497,A202497,Savings,110040,0
C102498,A202498,Savings,94875.5,0
C102499,A202499,Savings,91508.32,50000
C102500,A202500,Current,305788.85,235762.85
C102501,A202501,Savings,8603.5,0
C102502,A202502,Savings,148929.4,0
C102503,A202503,Savings,227356.88,0
C102504,A202504,Salary,41166.96,0
C102505,A202505,Savings,121959.2,0
C102506,A202506,Salary,210805.3,0
C102507,A202507,Savings,265609.5,0
C102508,A202508,Current,92411.02,296025.62
C102509,A202509,Salary,123887.41,0
C102510,A202510,Savings,164711.21,0
C102511,A202511,Savings,58989.21,0
C102512,A202512,Savings,99251.65,50000
C102513,A202513,Salary,104707.83,0
C102514,A202514,Savings,148135.87,0
C102515,A202515,Current,65091.35,144263.46
C102516,A202516,Savings,58483.31,0
C102517,A202517,Savings,118360.35,0
C102518,A202518,Current,64015.21,203132.89
C102519,A202519,Savings,106406.15,0
C102520,A202520,Salary,122184.9,0
C102521,A202521,Premium,66536.56,193219.27
C102522,A202522,Savings,142106.1,50000
C102523,A202523,Salary,183288.62,50000
C102524,A202524,Savings,61088.84,0
C102525,A202525,Salary,26477.31,0
C102526,A202526,Savings,158924.78,50000
C102527,A202527,Salary,87965.12,0
C102528,A202528,Savings,168468.38,0
C102529,A202529,Salary,91259.52,0
C102530,A202530,Salary,152550.77,0
C102531,A202531,Savings,110984.57,50000
C102532,A202532,Savings,127123.22,0
C102533,A202533,Salary,62590.76,0
C102534,A202534,Savings,80584.07,0
C102535,A202535,Premium,123917.79,183924.07
C102536,A202536,Premium,207117.89,111755.03
C102537,A202537,Salary,161931.49,0
C102538,A202538,Current,153240.49,247751.67
C102539,A202539,Savings,206484.27,0
C102540,A202540,Salary,139156.2,0
C102541,A202541,Savings,142899.16,50000
C102542,A202542,Savings,140723.71,0
C102543,A202543,Savings,222055.8,50000
C102544,A202544,Premium,214456.51,429757.74
C102545,A202545,Savings,154170.68,50000
C102546,A202546,Salary,117459.82,0
C102547,A202547,Savings,345353.82,0
C102548,A202548,Savings,219653.92,50000
C102549,A202549,Salary,28625.23,50000
C102550,A202550,Savings,406478.52,0
C102551,A202551,Savings,301194.48,0
C102552,A202552,Salary,89585.87,0
C102553,A202553,Savings,88297.09,0
C102554,A202554,Savings,116785.23,50000
C102555,A202555,Savings,196923.74,0
C102556,A202556,Current,87796.73,288397.33
C102557,A202557,Salary,127917.23,0
C102558,A202558,Savings,40592.49,0
C102559,A202559,Savings,224495.62,0
C102560,A202560,Savings,308711.91,0
C102561,A202561,Savings,108194,0
C102562,A202562,Current,43554.42,473393.66
C102563,A202563,Savings,383611.61,0
C102564,A202564,Salary,141650.15,0
C102565,A202565,Premium,173838.03,62619.35
C102566,A202566,Salary,160369.2,0
C102567,A202567,Savings,255811.94,0
C102568,A202568,Current,107526.99,64225.17
C102569,A202569,Salary,149194.74,0
C102570,A202570,Savings,157632.98,50000
C102571,A202571,Salary,125869.68,50000
C102572,A202572,Salary,116021.84,50000
C102573,A202573,Savings,186623.75,50000
C102574,A202574,Savings,207203.05,0
C102575,A202575,Savings,187831.42,50000
C102576,A202576,Savings,56202.86,0
C102577,A202577,Salary,178458.37,50000
C102578,A202578,Premium,237620.4,391013.33
C102579,A202579,Premium,76314.25,410619.78
C102580,A202580,Savings,116985.32,0
C102581,A202581,Premium,104901.34,355450.99
C102582,A202582,Salary,159148.32,0
C102583,A202583,Salary,246364.71,0
C102584,A202584,Premium,340315.25,154844.74
C102585,A202585,Savings,96877.71,0
C102586,A202586,Savings,104007.49,0
C102587,A202587,Savings,218550.58,50000
C102588,A202588,Savings,185933.44,0
C102589,A202589,Current,197468.85,233370.49
C102590,A202590,Savings,20263.49,0
C102591,A202591,Savings,167315.47,0
C102592,A202592,Savings,88395.2,0
C102593,A202593,Premium,308366.09,233497.38
C102594,A202594,Savings,184009.3,0
C102595,A202595,Savings,159931.28,0
C102596,A202596,Savings,116252.2,0
C102597,A202597,Savings,188267.49,0
C102598,A202598,Salary,76920.05,0
C102599,A202599,Current,131115.57,191108.9
C102600,A202600,Savings,464326.17,0
C102601,A202601,Salary,304766.81,0
C102602,A202602,Savings,48446.17,0
C102603,A202603,Salary,198218.28,0
C102604,A202604,Salary,205492.92,0
C102605,A202605,Salary,75933.47,0
C102606,A202606,Savings,145491.42,0
C102607,A202607,Savings,77629.06,0
C102608,A202608,Savings,133003.83,0
C102609,A202609,Savings,136195.73,0
C102610,A202610,Savings,203572.63,0
C102611,A202611,Savings,143241.13,0
C102612,A202612,Savings,162739,50000
C102613,A202613,Savings,34503.08,0
C102614,A202614,Premium,214577.72,279148.42
C102615,A202615,Salary,85882.85,50000
C102616,A202616,Savings,13576.01,50000
C102617,A202617,Salary,75856.07,50000
C102618,A202618,Premium,133707.95,509870.99
C102619,A202619,Savings,359546.27,0
C102620,A202620,Savings,110977.53,0
C102621,A202621,Savings,345723.78,0
C102622,A202622,Salary,245116.09,0
C102623,A202623,Savings,65728.49,0
C102624,A202624,Salary,79491.06,0
C102625,A202625,Salary,93837.41,0
C102626,A202626,Salary,624578.46,0
C102627,A202627,Savings,276120.52,0
C102628,A202628,Savings,182861.41,50000
C102629,A202629,Savings,43900.67,0
C102630,A202630,Savings,35771.28,0
C102631,A202631,Current,239852.15,151411.44
C102632,A202632,Salary,28885.42,0
C102633,A202633,Salary,173461.36,50000
C102634,A202634,Savings,76657.79,0
C102635,A202635,Savings,222732.75,0
C102636,A202636,Salary,108596.18,0
C102637,A202637,Premium,121407.37,135352.46
C102638,A202638,Savings,183943.88,0
C102639,A202639,Salary,137923.38,50000
C102640,A202640,Savings,84411.59,0
C102641,A202641,Savings,253708.48,0
C102642,A202642,Current,53909.05,60542.88
C102643,A202643,Salary,1000,50000
C102644,A202644,Savings,166143.56,0
C102645,A202645,Salary,97638.8,0
C102646,A202646,Current,107810.19,137862.58
C102647,A202647,Current,25893.45,164640.4
C102648,A202648,Current,200787.3,103246.28
C102649,A202649,Savings,120879.33,0
C102650,A202650,Savings,192736.14,0
C102651,A202651,Current,106813.32,79681.8
C102652,A202652,Current,200221.67,217025.09
C102653,A202653,Savings,193894.43,50000
C102654,A202654,Savings,187818.09,0
C102655,A202655,Salary,203691.05,50000
C102656,A202656,Current,222483.7,267562.76
C102657,A202657,Current,96406.82,109690.11
C102658,A202658,Salary,18094.88,0
C102659,A202659,Savings,212363.88,50000
C102660,A202660,Savings,114509.12,0
C102661,A202661,Savings,124274.4,0
C102662,A202662,Current,103457.02,115982.44
C102663,A202663,Current,111526.52,200377.3
C102664,A202664,Savings,21759.07,50000
C102665,A202665,Savings,228083.1,0
C102666,A202666,Savings,128606.89,50000
C102667,A202667,Current,170359.32,247976.1
C102668,A202668,Savings,120395.6,0
C102669,A202669,Savings,92651.41,0
C102670,A202670,Salary,77682.19,0
C102671,A202671,Savings,242685.26,0
C102672,A202672,Savings,115011.42,0
C102673,A202673,Premium,82886.1,118210.78
C102674,A202674,Salary,135318.58,50000
C102675,A202675,Savings,148929.46,50000
C102676,A202676,Current,223734.73,142991.94
C102677,A202677,Salary,256246.13,0
C102678,A202678,Premium,119983.44,165271.53
C102679,A202679,Current,71222.67,70976.99
C102680,A202680,Current,167753.93,283322.99
C102681,A202681,Salary,96016.15,0
C102682,A202682,Savings,209135.92,0
C102683,A202683,Current,107284.83,217984.73
C102684,A202684,Savings,158481.93,50000
C102685,A202685,Premium,148660.23,101150.63
C102686,A202686,Premium,122346.22,397417.72
C102687,A202687,Savings,333461.91,0
C102688,A202688,Savings,142699.7,50000
C102689,A202689,Savings,114016.52,0
C102690,A202690,Savings,125914.55,0
C102691,A202691,Savings,267145.27,0
C102692,A202692,Current,387872.63,463781.85
C102693,A202693,Current,208883.55,262201.33
C102694,A202694,Salary,62302.25,0
C102695,A202695,Savings,185966.8,0
C102696,A202696,Current,126206.13,328250.55
C102697,A202697,Premium,65005.19,247767.35
C102698,A202698,Savings,168610.14,0
C102699,A202699,Savings,218219.35,50000
C102700,A202700,Savings,388865.99,0
C102701,A202701,Savings,166457.07,0
C102702,A202702,Salary,135017.61,50000
C102703,A202703,Savings,61128.62,50000
C102704,A202704,Salary,165455.76,0
C102705,A202705,Salary,160970.81,0
C102706,A202706,Savings,117950.22,0
C102707,A202707,Savings,156968.57,0
C102708,A202708,Current,210164.78,90977.96
C102709,A202709,Salary,221808.36,0
C102710,A202710,Savings,150926.77,0
C102711,A202711,Premium,126241.71,99728.24
C102712,A202712,Current,82114.27,122684.42
C102713,A202713,Savings,95479.37,0
C102714,A202714,Current,109888.42,101134.82
C102715,A202715,Savings,70402.24,0
C102716,A202716,Savings,92021.42,0
C102717,A202717,Current,11604.76,96935.64
C102718,A202718,Savings,192099.95,0
C102719,A202719,Savings,167966.43,50000
C102720,A202720,Savings,183983.31,0
C102721,A202721,Savings,153534.38,0
C102722,A202722,Savings,343979.04,0
C102723,A202723,Salary,119956.42,50000
C102724,A202724,Savings,135123.04,50000
C102725,A202725,Savings,174868.31,50000
C102726,A202726,Savings,277966.33,50000
C102727,A202727,Savings,127079.47,0
C102728,A202728,Savings,225129.01,0
C102729,A202729,Salary,195100.65,0
C102730,A202730,Salary,119939.46,0
C102731,A202731,Premium,182764.5,134081.29
C102732,A202732,Savings,312416.43,0
C102733,A202733,Salary,186202.03,0
C102734,A202734,Salary,86104.73,0
C102735,A202735,Current,97182.75,90943.45
C102736,A202736,Savings,159107.6,50000
C102737,A202737,Savings,155012.68,0
C102738,A202738,Salary,123857.13,0
C102739,A202739,Salary,349329.71,0
C102740,A202740,Salary,220409.76,0
C102741,A202741,Savings,170761.34,0
C102742,A202742,Savings,332483.12,0
C102743,A202743,Premium,140334.69,263760.52
C102744,A202744,Savings,247090.15,0
C102745,A202745,Salary,165658.91,0
C102746,A202746,Savings,456614.33,50000
C102747,A202747,Salary,79737.11,0
C102748,A202748,Savings,204739.79,0
C102749,A202749,Savings,124991.86,0
C102750,A202750,Savings,127284.22,0
C102751,A202751,Current,116518.91,279090.99
C102752,A202752,Savings,118049.46,0
C102753,A202753,Salary,274692.33,50000
C102754,A202754,Savings,445818.67,50000
C102755,A202755,Premium,162481.78,394672.2
C102756,A202756,Savings,158253.46,0
C102757,A202757,Savings,229878.22,0
C102758,A202758,Premium,150565.44,389554.04
C102759,A202759,Salary,83868.57,0
C102760,A202760,Salary,79745.15,50000
C102761,A202761,Savings,111447.45,0
C102762,A202762,Premium,144548.72,164561.61
C102763,A202763,Salary,205518.31,0
C102764,A202764,Salary,214319.14,0
C102765,A202765,Premium,269693.8,463969.28
C102766,A202766,Current,205722.09,727255.89
C102767,A202767,Savings,90618.62,0
C102768,A202768,Savings,138655.16,0
C102769,A202769,Salary,153421.29,50000
C102770,A202770,Salary,48903.39,0
C102771,A202771,Current,90080.04,52698.73
C102772,A202772,Savings,131605.29,0
C102773,A202773,Salary,168761.19,0
C102774,A202774,Current,159327.39,245816.24
C102775,A202775,Savings,92220.48,0
C102776,A202776,Savings,51217.42,0
C102777,A202777,Premium,140378.77,274001.89
C102778,A202778,Savings,174600.06,50000
C102779,A202779,Savings,188137.99,50000
C102780,A202780,Savings,84394.67,0
C102781,A202781,Savings,57067.42,50000
C102782,A202782,Savings,146939.22,0
C102783,A202783,Salary,464491.82,50000
C102784,A202784,Savings,180932.43,0
C102785,A202785,Salary,147000.36,0
C102786,A202786,Savings,116993.57,0
C102787,A202787,Premium,94596.97,115009.44
C102788,A202788,Savings,207386.07,0
C102789,A202789,Current,152705.77,310753.71
C102790,A202790,Savings,43984.75,0
C102791,A202791,Savings,60999.56,50000
C102792,A202792,Savings,181738.36,0
C102793,A202793,Current,127780.58,159863.82
C102794,A202794,Savings,218772.41,0
C102795,A202795,Salary,112249.42,0
C102796,A202796,Savings,109681.55,0
C102797,A202797,Savings,222503.96,0
C102798,A202798,Savings,125732.74,0
C102799,A202799,Current,239236.33,181987.21
C102800,A202800,Savings,70121.52,50000
C102801,A202801,Savings,116389.08,0
C102802,A202802,Salary,218652.04,0
C102803,A202803,Savings,74130.86,50000
C102804,A202804,Salary,136883.79,50000
C102805,A202805,Savings,202429.87,0
C102806,A202806,Current,76354.58,184914.03
C102807,A202807,Premium,173427.43,91390.71
C102808,A202808,Savings,1000,0
C102809,A202809,Savings,132453.49,0
C102810,A202810,Salary,118708.95,0
C102811,A202811,Current,146406.46,99284.3
C102812,A202812,Savings,271467.31,50000
C102813,A202813,Current,301066.92,205567.44
C102814,A202814,Savings,85159.04,0
C102815,A202815,Salary,54119.63,0
C102816,A202816,Salary,485549.84,50000
C102817,A202817,Current,122299.03,212224.03
C102818,A202818,Premium,159857.29,175524.95
C102819,A202819,Current,61568.12,232426.93
C102820,A202820,Current,83274.85,155273.24
C102821,A202821,Premium,19868.28,228540.05
C102822,A202822,Savings,158883.73,0
C102823,A202823,Savings,159267.78,50000
C102824,A202824,Savings,129260.25,0
C102825,A202825,Premium,116391.5,179199.22
C102826,A202826,Salary,131221.65,0
C102827,A202827,Savings,115530,0
C102828,A202828,Savings,190779.89,0
C102829,A202829,Savings,372602.76,50000
C102830,A202830,Savings,302195.79,0
C102831,A202831,Premium,109191.95,305358.15
C102832,A202832,Salary,114530.21,50000
C102833,A202833,Premium,159606.68,159056.52
C102834,A202834,Savings,59925.47,0
C102835,A202835,Current,176882.16,261669.53
C102836,A202836,Savings,1000,50000
C102837,A202837,Salary,160038.46,0
C102838,A202838,Premium,169033.98,162508.66
C102839,A202839,Premium,139224.3,431808.44
C102840,A202840,Current,146829.35,52690.94
C102841,A202841,Savings,199791.21,50000
C102842,A202842,Current,131097.29,380228.38
C102843,A202843,Savings,153213.7,0
C102844,A202844,Savings,191121.59,0
C102845,A202845,Savings,154427.69,50000
C102846,A202846,Savings,105587.72,0
C102847,A202847,Current,144014.85,224799.02
C102848,A202848,Savings,150516.74,0
C102849,A202849,Savings,104257.3,0
C102850,A202850,Savings,184176.76,0
C102851,A202851,Current,100601.63,205419.77
C102852,A202852,Salary,110636.01,0
C102853,A202853,Savings,157618.33,50000
C102854,A202854,Salary,294889.66,50000
C102855,A202855,Current,1000,109344.47
C102856,A202856,Savings,208872.52,50000
C102857,A202857,Current,168423.57,186443.04
C102858,A202858,Current,175024.99,347586.76
C102859,A202859,Savings,219706.05,0
C102860,A202860,Salary,85376.24,0
C102861,A202861,Current,139420.14,99091.68
C102862,A202862,Savings,275998.41,0
C102863,A202863,Salary,46057.85,0
C102864,A202864,Salary,191207.92,50000
C102865,A202865,Savings,158498.3,0
C102866,A202866,Salary,161389.87,0
C102867,A202867,Savings,65591.12,50000
C102868,A202868,Savings,158703.01,50000
C102869,A202869,Salary,377400.57,0
C102870,A202870,Current,5359.13,253206.58
C102871,A202871,Savings,175082.34,0
C102872,A202872,Salary,186979.61,0
C102873,A202873,Salary,161843.82,0
C102874,A202874,Salary,167526.85,0
C102875,A202875,Savings,59862.07,0
C102876,A202876,Salary,120157.05,50000
C102877,A202877,Salary,236323.94,50000
C102878,A202878,Premium,424409.37,505620.97
C102879,A202879,Premium,329350.52,330232
C102880,A202880,Savings,211480.38,0
C102881,A202881,Savings,296770.41,50000
C102882,A202882,Savings,219624.87,0
C102883,A202883,Savings,184641.12,50000
C102884,A202884,Salary,123334.41,0
C102885,A202885,Salary,192038.64,0
C102886,A202886,Salary,106276.29,0
C102887,A202887,Savings,51375.17,50000
C102888,A202888,Savings,94206.39,0
C102889,A202889,Savings,45671.57,0
C102890,A202890,Current,54317.4,143199.12
C102891,A202891,Salary,123343.47,50000
C102892,A202892,Salary,12537.67,0
C102893,A202893,Savings,213547.25,0
C102894,A202894,Premium,231466.8,102133.9
C102895,A202895,Savings,134716.27,50000
C102896,A202896,Current,102935.1,96666.04
C102897,A202897,Savings,194246.35,0
C102898,A202898,Savings,163555.64,50000
C102899,A202899,Premium,110122.65,110166.69
C102900,A202900,Salary,224509.26,0
C102901,A202901,Savings,106932.27,0
C102902,A202902,Savings,211519.26,0
C102903,A202903,Savings,121132.5,0
C102904,A202904,Savings,70348.06,0
C102905,A202905,Salary,262119.34,0
C102906,A202906,Current,199222.42,258184.45
C102907,A202907,Savings,437486.84,0
C102908,A202908,Savings,444501.09,0
C102909,A202909,Savings,109098.03,0
C102910,A202910,Savings,207789.65,50000
C102911,A202911,Salary,51338.72,0
C102912,A202912,Premium,92193.22,128995.41
C102913,A202913,Savings,191075.38,0
C102914,A202914,Savings,122815.85,0
C102915,A202915,Savings,147396.07,0
C102916,A202916,Savings,207920.39,0
C102917,A202917,Savings,190825,0
C102918,A202918,Premium,284653.68,341063.18
C102919,A202919,Salary,164724.79,0
C102920,A202920,Savings,151860.31,0
C102921,A202921,Savings,126334.52,0
C102922,A202922,Savings,107806.83,0
C102923,A202923,Savings,183385.33,0
C102924,A202924,Current,386562.78,438141.43
C102925,A202925,Current,64614.87,67306.44
C102926,A202926,Savings,165131.23,0
C102927,A202927,Salary,244576.97,0
C102928,A202928,Current,84439.19,282043.48
C102929,A202929,Savings,159690.68,0
C102930,A202930,Savings,108269.43,0
C102931,A202931,Savings,160309.45,50000
C102932,A202932,Current,55714.48,105578.44
C102933,A202933,Current,6766.84,109814.7
C102934,A202934,Salary,29356.37,0
C102935,A202935,Salary,233304.44,0
C102936,A202936,Salary,22457.52,0
C102937,A202937,Current,23485.71,157214.7
C102938,A202938,Salary,369665.73,0
C102939,A202939,Salary,96019.48,0
C102940,A202940,Savings,141515.38,0
C102941,A202941,Savings,62448.38,50000
C102942,A202942,Savings,195122.14,50000
C102943,A202943,Current,42573.1,52158.42
C102944,A202944,Salary,162249.26,0
C102945,A202945,Savings,67121.14,0
C102946,A202946,Salary,201255.04,50000
C102947,A202947,Savings,1000,0
C102948,A202948,Premium,225930.55,213027.89
C102949,A202949,Current,111626.94,151308.18
C102950,A202950,Premium,134842.66,349453.79
C102951,A202951,Savings,104841.4,50000
C102952,A202952,Premium,118851.02,86644.54
C102953,A202953,Savings,219772.85,0
C102954,A202954,Current,141228.97,219844.61
C102955,A202955,Savings,68799.86,0
C102956,A202956,Salary,93237.73,50000
C102957,A202957,Premium,253875.2,578731.98
C102958,A202958,Salary,107582.26,50000
C102959,A202959,Current,321526.31,322253.87
C102960,A202960,Savings,211003.13,0
C102961,A202961,Savings,88273.12,50000
C102962,A202962,Savings,127007.07,0
C102963,A202963,Savings,150704.04,0
C102964,A202964,Salary,81386.86,0
C102965,A202965,Salary,367446.25,0
C102966,A202966,Premium,199544.88,171886.05
C102967,A202967,Savings,15378.49,50000
C102968,A202968,Current,380845.42,304089.68
C102969,A202969,Current,106871,137825.25
C102970,A202970,Salary,112276.35,0
C102971,A202971,Savings,80344.49,0
C102972,A202972,Salary,328294.56,0
C102973,A202973,Savings,126634.53,0
C102974,A202974,Savings,132481.23,50000
C102975,A202975,Salary,83922.67,0
C102976,A202976,Premium,156651.79,143058.24
C102977,A202977,Salary,125446.03,0
C102978,A202978,Savings,73054.82,0
C102979,A202979,Savings,68185.59,50000
C102980,A202980,Savings,99015.87,50000
C102981,A202981,Premium,177937.31,232338.33
C102982,A202982,Savings,76476.24,0
C102983,A202983,Premium,222504.8,237643.59
C102984,A202984,Premium,137211.41,159286.88
C102985,A202985,Salary,124648.03,0
C102986,A202986,Savings,93196.55,0
C102987,A202987,Savings,35343.3,0
C102988,A202988,Salary,153701.97,0
C102989,A202989,Salary,192987.91,0
C102990,A202990,Premium,66509.45,171335.78
C102991,A202991,Savings,205637.51,0
C102992,A202992,Salary,143798.99,0
C102993,A202993,Current,190250.49,242631.24
C102994,A202994,Savings,55256.03,50000
C102995,A202995,Current,56272.34,169667.46
C102996,A202996,Current,110344.33,183649.86
C102997,A202997,Savings,205347.45,0
C102998,A202998,Savings,135075.02,50000
C102999,A202999,Savings,119617.93,50000
C103000,A203000,Savings,171890.87,0
C103001,A203001,Savings,57558.61,50000
C103002,A203002,Savings,243717.35,0
C103003,A203003,Premium,64062.72,558974.7
C103004,A203004,Salary,81095.44,0
C103005,A203005,Salary,136939.74,0
C103006,A203006,Savings,554739.53,0
C103007,A203007,Savings,210801.8,0
C103008,A203008,Salary,112480.43,50000
C103009,A203009,Savings,171794.02,0
C103010,A203010,Current,174128.21,292228.86
C103011,A203011,Savings,133995.69,50000
C103012,A203012,Savings,308476.74,0
C103013,A203013,Salary,49081.97,50000
C103014,A203014,Salary,223635.85,0
C103015,A203015,Premium,342734.07,177621.35
C103016,A203016,Premium,134346.37,302182.85
C103017,A203017,Salary,254315.46,50000
C103018,A203018,Savings,48413.12,0
C103019,A203019,Savings,360378.72,0
C103020,A203020,Current,166566.57,316896.38
C103021,A203021,Savings,108421.13,0
C103022,A203022,Salary,29928.91,0
C103023,A203023,Current,102551.6,169805.14
C103024,A203024,Salary,132533.97,0
C103025,A203025,Salary,104967.69,0
C103026,A203026,Savings,149813.24,50000
C103027,A203027,Salary,136184.41,50000
C103028,A203028,Salary,23071.98,50000
C103029,A203029,Salary,144701.1,0
C103030,A203030,Salary,122150.02,0
C103031,A203031,Savings,69632.17,50000
C103032,A203032,Premium,127456.42,400475.44
C103033,A203033,Savings,281935.54,0
C103034,A203034,Salary,227433.96,0
C103035,A203035,Salary,100146.1,0
C103036,A203036,Savings,297020.84,0
C103037,A203037,Premium,234330.42,187042.57
C103038,A203038,Premium,165235.68,138054.98
C103039,A203039,Current,65042.18,131073.65
C103040,A203040,Salary,134053.5,0
C103041,A203041,Premium,195732.19,323289.73
C103042,A203042,Savings,94306.93,50000
C103043,A203043,Premium,52780.72,322251.32
C103044,A203044,Current,141919.36,331811.86
C103045,A203045,Salary,35030.1,50000
C103046,A203046,Current,132693.9,140507.88
C103047,A203047,Current,116344.9,242134.84
C103048,A203048,Salary,72391.94,50000
C103049,A203049,Current,33396.98,64185.43
C103050,A203050,Savings,64482.87,0
C103051,A203051,Current,97809.05,181237.21
C103052,A203052,Current,108431.89,845313.58
C103053,A203053,Savings,322287.75,0
C103054,A203054,Savings,210340.04,0
C103055,A203055,Savings,156686.95,0
C103056,A203056,Savings,177845.68,50000
C103057,A203057,Savings,129343.07,0
C103058,A203058,Current,188471.84,275503.14
C103059,A203059,Current,215976.79,280928.77
C103060,A203060,Savings,124118.84,0
C103061,A203061,Savings,320102.13,50000
C103062,A203062,Salary,114662.37,0
C103063,A203063,Current,262041.66,580216.73
C103064,A203064,Savings,268404.7,50000
C103065,A203065,Savings,374471.61,0
C103066,A203066,Savings,114900.97,0
C103067,A203067,Salary,226141.57,50000
C103068,A203068,Current,214256.43,268838.94
C103069,A203069,Savings,185308.27,0
C103070,A203070,Savings,172916.54,50000
C103071,A203071,Premium,63096.68,116808.78
C103072,A203072,Current,175834.39,85441.88
C103073,A203073,Savings,126056.94,0
C103074,A203074,Premium,39365.96,113636.86
C103075,A203075,Savings,191500.18,0
C103076,A203076,Salary,170638.78,0
C103077,A203077,Savings,81806.84,0
C103078,A203078,Savings,162850.28,0
C103079,A203079,Current,272329.94,412435.37
C103080,A203080,Savings,103438.52,0
C103081,A203081,Savings,174137.03,0
C103082,A203082,Premium,81492.07,186018.81
C103083,A203083,Savings,97435.78,50000
C103084,A203084,Salary,172698.94,0
C103085,A203085,Savings,161623.68,50000
C103086,A203086,Premium,123555.02,80289.33
C103087,A203087,Premium,128014.92,216085.27
C103088,A203088,Savings,229439.22,50000
C103089,A203089,Current,227889.54,135834.44
C103090,A203090,Salary,103891.54,50000
C103091,A203091,Savings,218833.25,50000
C103092,A203092,Salary,66441.22,0
C103093,A203093,Premium,127506.17,144391.6
C103094,A203094,Savings,75152.57,0
C103095,A203095,Salary,265786.7,0
C103096,A203096,Savings,94946.59,0
C103097,A203097,Current,140994.84,113692.65
C103098,A203098,Savings,172491.63,0
C103099,A203099,Savings,110019.32,0
C103100,A203100,Savings,226203.36,0
C103101,A203101,Savings,84918.7,0
C103102,A203102,Salary,128818.6,0
C103103,A203103,Savings,387599.32,0
C103104,A203104,Savings,191263.07,0
C103105,A203105,Savings,236764.33,0
C103106,A203106,Savings,87775.07,50000
C103107,A203107,Current,65010.9,252073.65
C103108,A203108,Savings,113499.64,0
C103109,A203109,Salary,58081.86,0
C103110,A203110,Current,235301.25,274180.26
C103111,A203111,Salary,352486.84,50000
C103112,A203112,Savings,221538.81,0
C103113,A203113,Salary,161647.43,0
C103114,A203114,Savings,199569.13,50000
C103115,A203115,Savings,211013.96,0
C103116,A203116,Salary,40707.33,0
C103117,A203117,Salary,132161.77,50000
C103118,A203118,Savings,121772.62,50000
C103119,A203119,Premium,192595.37,389907.96
C103120,A203120,Salary,154396.9,0
C103121,A203121,Savings,200068.68,0
C103122,A203122,Savings,94193.76,0
C103123,A203123,Savings,154283.34,0
C103124,A203124,Savings,198218.87,0
C103125,A203125,Savings,109269.7,0
C103126,A203126,Savings,228709.64,50000
C103127,A203127,Savings,82789.07,0
C103128,A203128,Savings,167775.56,50000
C103129,A203129,Savings,186266.24,50000
C103130,A203130,Savings,184459.37,0
C103131,A203131,Savings,327553.26,50000
C103132,A203132,Current,231898.32,581453.91
C103133,A203133,Savings,210261.21,0
C103134,A203134,Salary,183214.27,0
C103135,A203135,Premium,286894.34,109198.94
C103136,A203136,Savings,142210.68,0
C103137,A203137,Savings,51400.65,0
C103138,A203138,Salary,311028.93,0
C103139,A203139,Savings,147421.13,0
C103140,A203140,Savings,158578.88,0
C103141,A203141,Savings,342814.36,0
C103142,A203142,Savings,147083.53,50000
C103143,A203143,Savings,300554.45,0
C103144,A203144,Premium,118053.14,206901.27
C103145,A203145,Savings,356811.76,50000
C103146,A203146,Salary,68766.9,0
C103147,A203147,Savings,124499.92,0
C103148,A203148,Savings,97750.54,0
C103149,A203149,Savings,210700.14,50000
C103150,A203150,Salary,173536.82,0
C103151,A203151,Savings,114164.14,0
C103152,A203152,Savings,40312.93,0
C103153,A203153,Savings,105314.74,0
C103154,A203154,Savings,251754.43,0
C103155,A203155,Savings,140968.66,50000
C103156,A203156,Current,154875.73,397059.2
C103157,A203157,Savings,316120.27,0
C103158,A203158,Savings,136449.14,50000
C103159,A203159,Salary,177483.94,50000
C103160,A203160,Salary,194280.57,0
C103161,A203161,Savings,189030.45,50000
C103162,A203162,Current,152063.97,420547.21
C103163,A203163,Savings,288319.95,0
C103164,A203164,Salary,136637.18,0
C103165,A203165,Current,250388.91,458121.29
C103166,A203166,Current,84849.55,176198.39
C103167,A203167,Salary,232218.88,0
C103168,A203168,Current,151236.28,354271.68
C103169,A203169,Current,245488.15,297878.06
C103170,A203170,Savings,193332.96,0
C103171,A203171,Savings,257478.62,0
C103172,A203172,Salary,164933.23,0
C103173,A203173,Savings,107303.36,0
C103174,A203174,Savings,223699.27,0
C103175,A203175,Current,181357.49,124605.14
C103176,A203176,Premium,318734.33,345575.88
C103177,A203177,Savings,134608.89,0
C103178,A203178,Salary,246645.05,50000
C103179,A203179,Savings,103357.1,0
C103180,A203180,Current,181840.15,213911.94
C103181,A203181,Salary,74791.26,50000
C103182,A203182,Salary,260014,0
C103183,A203183,Salary,364007.45,0
C103184,A203184,Savings,152277.54,0
C103185,A203185,Savings,144467.5,0
C103186,A203186,Savings,137874.49,50000
C103187,A203187,Salary,213503.53,0
C103188,A203188,Salary,88762.02,0
C103189,A203189,Savings,92510.81,0
C103190,A203190,Savings,259677.42,0
C103191,A203191,Salary,203956.35,50000
C103192,A203192,Current,173253.14,137279.24
C103193,A203193,Current,86359.87,187679.42
C103194,A203194,Salary,72770.06,0
C103195,A203195,Savings,183230.12,0
C103196,A203196,Savings,201075.06,0
C103197,A203197,Salary,152311.79,50000
C103198,A203198,Savings,195070.51,0
C103199,A203199,Savings,182452.13,0
C103200,A203200,Savings,290178.47,0
C103201,A203201,Savings,108483,50000
C103202,A203202,Savings,81139.33,0
C103203,A203203,Salary,49552.91,0
C103204,A203204,Premium,72886.09,109790.12
C103205,A203205,Savings,218510.41,50000
C103206,A203206,Salary,155511.93,0
C103207,A203207,Savings,124979.86,0
C103208,A203208,Savings,99270.44,50000
C103209,A203209,Current,292142.99,523312.25
C103210,A203210,Premium,171984.28,67659.5
C103211,A203211,Premium,168926.38,359994.85
C103212,A203212,Savings,132114.82,0
C103213,A203213,Savings,238060.2,50000
C103214,A203214,Premium,114761.66,116929.31
C103215,A203215,Savings,163192.66,50000
C103216,A203216,Salary,313670.35,0
C103217,A203217,Savings,461774.69,0
C103218,A203218,Current,110189.76,264140.29
C103219,A203219,Savings,238310.15,0
C103220,A203220,Savings,248906.98,0
C103221,A203221,Salary,91607.26,0
C103222,A203222,Savings,139313.08,0
C103223,A203223,Savings,55156.89,0
C103224,A203224,Savings,9953.7,0
C103225,A203225,Savings,129100.11,50000
C103226,A203226,Savings,161617.88,0
C103227,A203227,Savings,102078.95,0
C103228,A203228,Savings,187834.16,0
C103229,A203229,Premium,62033.04,139190.8
C103230,A203230,Savings,141241.47,0
C103231,A203231,Current,115583.51,195571.49
C103232,A203232,Salary,218370.16,0
C103233,A203233,Salary,146822.04,0
C103234,A203234,Current,26895.98,281953.82
C103235,A203235,Savings,126168.89,0
C103236,A203236,Savings,42858.04,50000
C103237,A203237,Savings,102158.34,0
C103238,A203238,Salary,147143.55,0
C103239,A203239,Salary,176700.8,0
C103240,A203240,Current,512924.48,815269.32
C103241,A203241,Savings,198959.86,0
C103242,A203242,Current,231397.64,157539.41
C103243,A203243,Savings,149533.27,50000
C103244,A203244,Savings,73449.93,0
C103245,A203245,Savings,163864.29,50000
C103246,A203246,Salary,140450.08,50000
C103247,A203247,Current,303607.45,521416.3
C103248,A203248,Savings,104759.1,50000
C103249,A203249,Savings,96840.7,0
C103250,A203250,Savings,69056.74,0
C103251,A203251,Salary,276551.63,0
C103252,A203252,Salary,286456.15,0
C103253,A203253,Savings,187221.07,0
C103254,A203254,Premium,85786.78,71208.2
C103255,A203255,Salary,99542.08,0
C103256,A203256,Salary,133465.77,50000
C103257,A203257,Savings,337341.72,0
C103258,A203258,Savings,91423.07,0
C103259,A203259,Savings,182674.56,0
C103260,A203260,Savings,89928.87,0
C103261,A203261,Salary,264170.11,50000
C103262,A203262,Savings,128958.4,50000
C103263,A203263,Salary,253627.02,0
C103264,A203264,Current,102574.02,98254.57
C103265,A203265,Savings,378188.99,0
C103266,A203266,Current,165618.98,366720.51
C103267,A203267,Savings,146980.11,50000
C103268,A203268,Savings,125878.17,0
C103269,A203269,Salary,141259.3,0
C103270,A203270,Salary,116961.89,0
C103271,A203271,Savings,36416.8,0
C103272,A203272,Premium,129677.33,164449.88
C103273,A203273,Savings,99788.89,0
C103274,A203274,Savings,100162.45,0
C103275,A203275,Savings,178102.36,0
C103276,A203276,Savings,280763.33,0
C103277,A203277,Savings,125983.34,50000
C103278,A203278,Salary,95660.53,50000
C103279,A203279,Premium,106826.05,391656.17
C103280,A203280,Salary,122800.5,0
C103281,A203281,Current,209805.17,297528.63
C103282,A203282,Salary,190351.39,50000
C103283,A203283,Current,105987.67,163940.78
C103284,A203284,Savings,195542.85,0
C103285,A203285,Salary,189123.13,0
C103286,A203286,Premium,121856.9,120376.49
C103287,A203287,Savings,243270.1,0
C103288,A203288,Savings,110850.84,0
C103289,A203289,Savings,125327.51,0
C103290,A203290,Savings,123059.95,0
C103291,A203291,Current,30792.26,363359.16
C103292,A203292,Current,25418.4,155036.71
C103293,A203293,Savings,67928.15,0
C103294,A203294,Savings,101102.47,0
C103295,A203295,Current,115714.82,69110.64
C103296,A203296,Current,257189.76,349206.99
C103297,A203297,Salary,73205.44,50000
C103298,A203298,Savings,127999.32,0
C103299,A203299,Savings,315466.01,0
C103300,A203300,Savings,165003.55,0
C103301,A203301,Savings,102927.27,0
C103302,A203302,Savings,87296.38,0
C103303,A203303,Savings,77589.66,0
C103304,A203304,Salary,257171.11,50000
C103305,A203305,Savings,75254.91,0
C103306,A203306,Salary,364698.35,50000
C103307,A203307,Savings,130146.86,0
C103308,A203308,Savings,99750.99,50000
C103309,A203309,Savings,26418.93,50000
C103310,A203310,Premium,263743.1,142798.95
C103311,A203311,Savings,261596.33,0
C103312,A203312,Savings,46007.08,50000
C103313,A203313,Savings,114565.45,0
C103314,A203314,Salary,345297.48,0
C103315,A203315,Salary,222785.14,50000
C103316,A203316,Savings,291752.04,0
C103317,A203317,Salary,115267.88,0
C103318,A203318,Savings,55742.15,0
C103319,A203319,Savings,255292.7,0
C103320,A203320,Salary,219133.04,50000
C103321,A203321,Premium,39283.51,111651.99
C103322,A203322,Current,93528.8,140036.09
C103323,A203323,Savings,394277.17,0
C103324,A203324,Savings,94517.99,0
C103325,A203325,Premium,173356.53,349792.68
C103326,A203326,Savings,141797.67,0
C103327,A203327,Salary,74519.84,0
C103328,A203328,Current,206133.15,151451.59
C103329,A203329,Current,214088.57,110838.21
C103330,A203330,Savings,81743.09,0
C103331,A203331,Savings,215689.65,50000
C103332,A203332,Savings,108755.95,50000
C103333,A203333,Premium,90576.35,115404.14
C103334,A203334,Savings,120599.26,0
C103335,A203335,Current,290283.34,424413.14
C103336,A203336,Salary,75530.07,0
C103337,A203337,Savings,139760.26,50000
C103338,A203338,Current,115143.35,272514.39
C103339,A203339,Salary,117383.52,0
C103340,A203340,Salary,49642.6,0
C103341,A203341,Savings,241791.48,0
C103342,A203342,Salary,54958.94,0
C103343,A203343,Savings,55092.55,0
C103344,A203344,Salary,56589.1,50000
C103345,A203345,Savings,156055.31,50000
C103346,A203346,Savings,54993.87,0
C103347,A203347,Savings,131291.1,0
C103348,A203348,Savings,73504.55,50000
C103349,A203349,Savings,44871.04,50000
C103350,A203350,Salary,104361.45,0
C103351,A203351,Salary,105682.44,0
C103352,A203352,Salary,307029.05,0
C103353,A203353,Savings,144260.84,0
C103354,A203354,Salary,220286.07,0
C103355,A203355,Salary,192420.73,0
C103356,A203356,Savings,117107.75,0
C103357,A203357,Savings,225471.26,0
C103358,A203358,Current,85720.29,286118.32
C103359,A203359,Savings,145281.57,50000
C103360,A203360,Premium,66258.39,174993.35
C103361,A203361,Savings,239260.88,0
C103362,A203362,Savings,180434,0
C103363,A203363,Salary,50021.42,0
C103364,A203364,Savings,273169.82,0
C103365,A203365,Savings,106120.5,0
C103366,A203366,Savings,135026.19,0
C103367,A203367,Current,80827.7,220670.91
C103368,A203368,Savings,181777.68,0
C103369,A203369,Salary,159262.06,0
C103370,A203370,Savings,123079.76,0
C103371,A203371,Current,228499.93,424092.66
C103372,A203372,Savings,95390.67,0
C103373,A203373,Savings,273937.27,0
C103374,A203374,Salary,215782.57,0
C103375,A203375,Savings,101264.02,0
C103376,A203376,Salary,39621.3,50000
C103377,A203377,Savings,202939.64,0
C103378,A203378,Current,105738.3,182419.84
C103379,A203379,Current,260286.01,218726.01
C103380,A203380,Current,154593.28,164257.38
C103381,A203381,Premium,92873.01,207288.01
C103382,A203382,Savings,24641.45,50000
C103383,A203383,Salary,147646.09,0
C103384,A203384,Savings,46716.63,0
C103385,A203385,Savings,194063.66,0
C103386,A203386,Savings,122426.08,0
C103387,A203387,Current,296096.25,368441.45
C103388,A203388,Current,111472.27,464376.77
C103389,A203389,Savings,106672.41,50000
C103390,A203390,Salary,138889.28,50000
C103391,A203391,Salary,197842.74,0
C103392,A203392,Salary,148195.47,0
C103393,A203393,Savings,130589.73,0
C103394,A203394,Savings,191425.47,0
C103395,A203395,Savings,84906.79,0
C103396,A203396,Savings,50852.39,0
C103397,A203397,Savings,112093.82,0
C103398,A203398,Savings,115497.23,0
C103399,A203399,Premium,74191.85,82612.34
C103400,A203400,Salary,163510.65,0
C103401,A203401,Salary,122974.25,0
C103402,A203402,Premium,80224.57,82983.85
C103403,A203403,Salary,81475.29,50000
C103404,A203404,Savings,95401.82,50000
C103405,A203405,Salary,125216.64,50000
C103406,A203406,Savings,72528.28,0
C103407,A203407,Savings,172046.41,0
C103408,A203408,Savings,106409.28,0
C103409,A203409,Savings,193491.37,0
C103410,A203410,Salary,135205.47,0
C103411,A203411,Salary,191041.68,0
C103412,A203412,Savings,55596.88,50000
C103413,A203413,Savings,162953.37,0
C103414,A203414,Savings,204328.04,0
C103415,A203415,Current,181843.92,306003.12
C103416,A203416,Savings,68833.3,50000
C103417,A203417,Premium,71080.66,55845.88
C103418,A203418,Savings,232927.76,0
C103419,A203419,Premium,114038.88,304882.42
C103420,A203420,Savings,84616.05,50000
C103421,A203421,Savings,79330.04,0
C103422,A203422,Savings,220409.24,0
C103423,A203423,Current,191297.65,360352.45
C103424,A203424,Savings,72885.53,0
C103425,A203425,Salary,138689.63,0
C103426,A203426,Savings,199097.26,0
C103427,A203427,Current,87442.79,86959.81
C103428,A203428,Savings,109530.79,50000
C103429,A203429,Savings,203832.77,0
C103430,A203430,Savings,111161.99,0
C103431,A203431,Premium,171396.43,271380.09
C103432,A203432,Savings,111939.6,0
C103433,A203433,Savings,182721.1,50000
C103434,A203434,Savings,135996.87,0
C103435,A203435,Salary,239507.95,0
C103436,A203436,Savings,176433.14,0
C103437,A203437,Salary,135628.03,0
C103438,A203438,Savings,79517.51,0
C103439,A203439,Savings,230967.6,50000
C103440,A203440,Savings,83560.72,0
C103441,A203441,Savings,101473.69,0
C103442,A203442,Savings,121890.43,50000
C103443,A203443,Savings,41483.13,0
C103444,A203444,Savings,278530.08,50000
C103445,A203445,Salary,229938.63,0
C103446,A203446,Savings,265040.52,50000
C103447,A203447,Savings,99165.7,50000
C103448,A203448,Current,116183.62,126983
C103449,A203449,Savings,115191.37,0
C103450,A203450,Savings,113147.06,50000
C103451,A203451,Current,142653.89,156647.63
C103452,A203452,Savings,234574.01,50000
C103453,A203453,Savings,169007.13,50000
C103454,A203454,Savings,534826.33,0
C103455,A203455,Savings,377781.71,50000
C103456,A203456,Premium,145547.96,140690.31
C103457,A203457,Savings,259918.96,0
C103458,A203458,Salary,201761.04,0
C103459,A203459,Current,181254.72,92101.21
C103460,A203460,Salary,85386.36,0
C103461,A203461,Salary,113558.64,50000
C103462,A203462,Savings,109019.73,0
C103463,A203463,Savings,124290.6,0
C103464,A203464,Salary,276733.89,50000
C103465,A203465,Current,184038.17,130265.92
C103466,A203466,Savings,123929.1,0
C103467,A203467,Savings,69238.2,50000
C103468,A203468,Savings,104237.33,0
C103469,A203469,Salary,114325.19,0
C103470,A203470,Current,172613.26,297891.1
C103471,A203471,Current,79178.19,62027.01
C103472,A203472,Savings,89791.49,0
C103473,A203473,Savings,270669.17,0
C103474,A203474,Savings,220419.36,0
C103475,A203475,Savings,62333.83,0
C103476,A203476,Savings,256773.73,0
C103477,A203477,Savings,125767.54,0
C103478,A203478,Savings,89503.92,50000
C103479,A203479,Salary,161408.69,0
C103480,A203480,Savings,89288.54,0
C103481,A203481,Savings,187278.35,50000
C103482,A203482,Salary,140824.48,0
C103483,A203483,Savings,80770.57,0
C103484,A203484,Savings,122638.2,0
C103485,A203485,Salary,268575.3,0
C103486,A203486,Salary,26746.87,50000
C103487,A203487,Salary,197551.14,0
C103488,A203488,Savings,87603.94,50000
C103489,A203489,Premium,220263.85,209118.41
C103490,A203490,Savings,267973.81,0
C103491,A203491,Premium,103949.18,153673.7
C103492,A203492,Premium,92768.38,317415.29
C103493,A203493,Current,55006.28,114823.66
C103494,A203494,Current,263130.27,446956.3
C103495,A203495,Salary,227525.5,0
C103496,A203496,Savings,232696.51,0
C103497,A203497,Current,179846.94,100817.42
C103498,A203498,Premium,162020.42,91366.5
C103499,A203499,Savings,154582.54,0
C103500,A203500,Premium,143672.89,420493.5
C103501,A203501,Salary,104229.49,0
C103502,A203502,Salary,86804.17,50000
C103503,A203503,Savings,70977.53,0
C103504,A203504,Savings,156474.17,0
C103505,A203505,Premium,183406.79,405499.66
C103506,A203506,Savings,325131.29,0
C103507,A203507,Current,109281.14,206083.89
C103508,A203508,Salary,119935.58,0
C103509,A203509,Savings,117348.69,50000
C103510,A203510,Salary,64899.85,0
C103511,A203511,Savings,186014.62,0
C103512,A203512,Savings,192833.98,0
C103513,A203513,Savings,119263.32,0
C103514,A203514,Current,105211.21,92786.16
C103515,A203515,Salary,236290.32,0
C103516,A203516,Savings,61296.81,0
C103517,A203517,Savings,132897.1,0
C103518,A203518,Savings,94429.64,50000
C103519,A203519,Savings,182713.16,0
C103520,A203520,Savings,81822.43,0
C103521,A203521,Salary,240568.57,0
C103522,A203522,Premium,95298.05,517968.44
C103523,A203523,Savings,203205.51,0
C103524,A203524,Salary,254026.1,0
C103525,A203525,Current,159641.2,196789.3
C103526,A203526,Premium,183027.67,526487.72
C103527,A203527,Savings,168625.36,0
C103528,A203528,Salary,96556.27,0
C103529,A203529,Premium,100427.78,141355.47
C103530,A203530,Premium,201129.93,321887.31
C103531,A203531,Current,115754.03,418078.86
C103532,A203532,Savings,134898.56,50000
C103533,A203533,Current,260541.05,239406.9
C103534,A203534,Savings,139627.78,0
C103535,A203535,Savings,133274.72,0
C103536,A203536,Savings,129532.39,0
C103537,A203537,Savings,165452.91,0
C103538,A203538,Savings,221561.06,0
C103539,A203539,Savings,75041.08,50000
C103540,A203540,Savings,293331.89,0
C103541,A203541,Savings,147974.66,0
C103542,A203542,Savings,82158.13,0
C103543,A203543,Salary,86172.2,50000
C103544,A203544,Current,263246.49,326929.62
C103545,A203545,Salary,264747.91,0
C103546,A203546,Savings,157636.33,0
C103547,A203547,Salary,148166.68,0
C103548,A203548,Premium,309236.96,431808.18
C103549,A203549,Savings,138529.43,0
C103550,A203550,Savings,180547.03,0
C103551,A203551,Current,127809.66,622454.18
C103552,A203552,Current,205096.76,188403.32
C103553,A203553,Savings,136968.54,0
C103554,A203554,Premium,96102.82,434365.48
C103555,A203555,Savings,242573.41,50000
C103556,A203556,Salary,171383.68,0
C103557,A203557,Savings,121620.3,0
C103558,A203558,Savings,225057.87,0
C103559,A203559,Savings,201340.18,0
C103560,A203560,Savings,273217.6,0
C103561,A203561,Premium,209413.73,376960.46
C103562,A203562,Salary,154067.9,0
C103563,A203563,Salary,206067.85,0
C103564,A203564,Premium,326907.79,395802.38
C103565,A203565,Savings,43088.17,0
C103566,A203566,Savings,31076.12,0
C103567,A203567,Premium,71825,79738.21
C103568,A203568,Current,98295.2,249698.09
C103569,A203569,Current,91797.57,269647.23
C103570,A203570,Savings,88524.48,0
C103571,A203571,Salary,121527.68,0
C103572,A203572,Current,159728.08,213095.08
C103573,A203573,Salary,158522.06,50000
C103574,A203574,Premium,94996.74,214467.43
C103575,A203575,Current,177072.06,165717.78
C103576,A203576,Current,11512.22,114931.96
C103577,A203577,Savings,35063.05,0
C103578,A203578,Savings,248303.26,0
C103579,A203579,Salary,176574.67,0
C103580,A203580,Savings,72421.39,0
C103581,A203581,Premium,106736.79,83976.91
C103582,A203582,Current,216519.36,132640.68
C103583,A203583,Premium,85217.87,643367.17
C103584,A203584,Savings,75757.86,0
C103585,A203585,Premium,134262.21,122231.09
C103586,A203586,Current,163099.94,120206.35
C103587,A203587,Salary,182472.97,0
C103588,A203588,Savings,147732.48,0
C103589,A203589,Current,139912.55,447797.54
C103590,A203590,Current,143910.89,109052.69
C103591,A203591,Savings,137806.68,0
C103592,A203592,Savings,59963.43,50000
C103593,A203593,Premium,158436.17,253965.98
C103594,A203594,Savings,221035.85,0
C103595,A203595,Savings,67950.57,0
C103596,A203596,Savings,227840.55,0
C103597,A203597,Premium,111660.25,212471.09
C103598,A203598,Current,315767.69,375797.37
C103599,A203599,Savings,77966.85,0
C103600,A203600,Savings,41800.25,0
C103601,A203601,Salary,144149.16,50000
C103602,A203602,Savings,38657.31,0
C103603,A203603,Savings,75861.98,50000
C103604,A203604,Savings,77681.73,0
C103605,A203605,Savings,136508.76,0
C103606,A203606,Current,142595.96,71425.36
C103607,A203607,Current,276201.54,350241.32
C103608,A203608,Salary,85551.82,50000
C103609,A203609,Savings,212851.54,50000
C103610,A203610,Savings,198690.78,50000
C103611,A203611,Savings,202687.37,50000
C103612,A203612,Savings,1000,0
C103613,A203613,Savings,129042,50000
C103614,A203614,Current,160185.95,63987.84
C103615,A203615,Savings,215620.9,0
C103616,A203616,Salary,47284.56,0
C103617,A203617,Current,136611.8,317395.37
C103618,A203618,Savings,107920.72,50000
C103619,A203619,Savings,229456.63,0
C103620,A203620,Current,448696.89,362303.57
C103621,A203621,Salary,331616.01,0
C103622,A203622,Salary,133111.18,0
C103623,A203623,Savings,238186.05,0
C103624,A203624,Current,98540.44,187989.79
C103625,A203625,Savings,42121.95,0
C103626,A203626,Current,132942.72,328241.45
C103627,A203627,Premium,76842.01,40844.2
C103628,A203628,Current,216595,494710.47
C103629,A203629,Savings,39400.56,0
C103630,A203630,Current,150011.94,213396.33
C103631,A203631,Premium,83942.92,122001.04
C103632,A203632,Savings,293716.48,0
C103633,A203633,Savings,225850.12,50000
C103634,A203634,Savings,259478.4,50000
C103635,A203635,Savings,140921.49,0
C103636,A203636,Savings,59573.2,50000
C103637,A203637,Savings,70586.68,0
C103638,A203638,Savings,113210.46,0
C103639,A203639,Savings,39650.11,0
C103640,A203640,Current,68386.71,102841.33
C103641,A203641,Savings,60979.9,0
C103642,A203642,Premium,105477.07,79862.76
C103643,A203643,Savings,154876.67,0
C103644,A203644,Current,70181.44,139814.86
C103645,A203645,Savings,339327.68,0
C103646,A203646,Savings,104378.31,0
C103647,A203647,Current,238459.16,456346.35
C103648,A203648,Current,155874.7,343994.39
C103649,A203649,Salary,127012.77,50000
C103650,A203650,Salary,99025.46,0
C103651,A203651,Current,27232.74,146514.49
C103652,A203652,Savings,45805.02,0
C103653,A203653,Current,201699.62,141169.58
C103654,A203654,Savings,179369.75,0
C103655,A203655,Savings,326792.05,0
C103656,A203656,Savings,246071.9,50000
C103657,A203657,Savings,89718.3,0
C103658,A203658,Savings,206425.46,0
C103659,A203659,Savings,73765.79,0
C103660,A203660,Salary,65673.59,50000
C103661,A203661,Savings,271830.67,0
C103662,A203662,Premium,34370.87,311314.49
C103663,A203663,Savings,110778.06,50000
C103664,A203664,Savings,125917.04,50000
C103665,A203665,Current,206026.84,472282.98
C103666,A203666,Salary,112239.16,0
C103667,A203667,Salary,216392.63,0
C103668,A203668,Salary,173380.5,0
C103669,A203669,Salary,238758.76,0
C103670,A203670,Salary,138984.27,50000
C103671,A203671,Salary,69785.03,0
C103672,A203672,Salary,362003.07,0
C103673,A203673,Savings,105784.69,0
C103674,A203674,Salary,429287.89,50000
C103675,A203675,Savings,204088.31,0
C103676,A203676,Premium,156807.09,206203.45
C103677,A203677,Savings,121657.76,0
C103678,A203678,Savings,113354.75,0
C103679,A203679,Premium,50366.65,195303.51
C103680,A203680,Savings,47990.54,0
C103681,A203681,Salary,357267.94,0
C103682,A203682,Savings,452417.88,50000
C103683,A203683,Savings,137158.05,50000
C103684,A203684,Premium,162194.68,145461.11
C103685,A203685,Savings,69710.31,0
C103686,A203686,Salary,107798.92,0
C103687,A203687,Savings,151430.88,50000
C103688,A203688,Salary,238147,50000
C103689,A203689,Salary,187856.17,50000
C103690,A203690,Current,254779.18,291558.13
C103691,A203691,Premium,312969.61,459296.48
C103692,A203692,Savings,174040.56,0
C103693,A203693,Salary,388697.09,0
C103694,A203694,Salary,236298.9,0
C103695,A203695,Savings,56605.98,0
C103696,A203696,Current,174427.64,245022.33
C103697,A203697,Current,133892.88,273054.33
C103698,A203698,Salary,53967.09,50000
C103699,A203699,Savings,228174.68,0
C103700,A203700,Savings,291123.08,50000
C103701,A203701,Savings,49294.54,0
C103702,A203702,Savings,73926.66,50000
C103703,A203703,Savings,76885.71,0
C103704,A203704,Current,120830.66,42543.07
C103705,A203705,Savings,113704.78,0
C103706,A203706,Salary,208123.19,0
C103707,A203707,Salary,167223.24,0
C103708,A203708,Savings,14995.43,50000
C103709,A203709,Savings,149001.84,0
C103710,A203710,Salary,203094.64,0
C103711,A203711,Salary,92370.63,0
C103712,A203712,Salary,227392.17,0
C103713,A203713,Current,335494.58,537956.28
C103714,A203714,Savings,52286.37,0
C103715,A203715,Savings,159905.04,0
C103716,A203716,Salary,92234.79,0
C103717,A203717,Savings,71655.57,0
C103718,A203718,Savings,187655.73,0
C103719,A203719,Savings,83495.77,50000
C103720,A203720,Current,486456.35,248610.99
C103721,A203721,Current,53654.57,298553.6
C103722,A203722,Current,129164.21,308266.18
C103723,A203723,Savings,338118.82,0
C103724,A203724,Current,179378.84,171995.42
C103725,A203725,Premium,93926.86,881279.59
C103726,A203726,Current,41598.28,363145.88
C103727,A203727,Salary,159077.82,50000
C103728,A203728,Savings,167094.97,0
C103729,A203729,Current,113857.28,166453.27
C103730,A203730,Savings,142259.49,0
C103731,A203731,Savings,204637.34,0
C103732,A203732,Savings,145321.97,0
C103733,A203733,Savings,115782.63,0
C103734,A203734,Current,143501.33,237353.84
C103735,A203735,Salary,126834.38,50000
C103736,A203736,Salary,139684.56,0
C103737,A203737,Savings,77189.2,0
C103738,A203738,Salary,168868.85,0
C103739,A203739,Current,71365.63,314510.97
C103740,A203740,Salary,115316.65,0
C103741,A203741,Savings,207949.6,0
C103742,A203742,Savings,143944.21,0
C103743,A203743,Current,98423.04,109924.97
C103744,A203744,Current,151289.71,133896.34
C103745,A203745,Premium,165024.14,116077.96
C103746,A203746,Savings,198304.99,50000
C103747,A203747,Salary,31689.79,50000
C103748,A203748,Savings,214111.32,0
C103749,A203749,Savings,82491.76,0
C103750,A203750,Salary,252001.75,50000
C103751,A203751,Salary,128011.79,0
C103752,A203752,Salary,428556.8,0
C103753,A203753,Savings,331168.23,0
C103754,A203754,Savings,105089.04,50000
C103755,A203755,Savings,201240.28,0
C103756,A203756,Savings,32686.46,0
C103757,A203757,Current,320189.64,251227.56
C103758,A203758,Current,81714.35,215654.9
C103759,A203759,Salary,90916.52,0
C103760,A203760,Current,212758.94,349877.25
C103761,A203761,Current,91866.19,51530.67
C103762,A203762,Current,96360.42,255129.81
C103763,A203763,Savings,21443.07,0
C103764,A203764,Savings,132434.22,0
C103765,A203765,Savings,385438.83,0
C103766,A203766,Salary,115448.6,0
C103767,A203767,Salary,183351.73,0
C103768,A203768,Salary,103182.4,0
C103769,A203769,Current,208519.11,261235.5
C103770,A203770,Current,86608.91,320611.19
C103771,A203771,Savings,332301.6,50000
C103772,A203772,Savings,130525.18,50000
C103773,A203773,Savings,99724.89,0
C103774,A203774,Premium,159419.38,105548.83
C103775,A203775,Savings,185175.22,0
C103776,A203776,Current,34204.18,65630.36
C103777,A203777,Salary,129891.43,0
C103778,A203778,Savings,80656.52,50000
C103779,A203779,Current,85041.01,158371.33
C103780,A203780,Salary,155862.7,50000
C103781,A203781,Current,190096.34,350437.91
C103782,A203782,Salary,197294.23,50000
C103783,A203783,Savings,110960.03,50000
C103784,A203784,Salary,176337.6,0
C103785,A203785,Savings,74951.35,0
C103786,A203786,Savings,340678.12,0
C103787,A203787,Current,168542.65,292966.21
C103788,A203788,Savings,69950,50000
C103789,A203789,Salary,124725.87,0
C103790,A203790,Savings,130589.38,0
C103791,A203791,Salary,207621.84,50000
C103792,A203792,Savings,157452.32,0
C103793,A203793,Premium,93272.88,161495.03
C103794,A203794,Savings,151215.23,50000
C103795,A203795,Savings,344547.49,50000
C103796,A203796,Salary,324721.93,0
C103797,A203797,Premium,182354.91,79558.13
C103798,A203798,Premium,35148.34,78707.95
C103799,A203799,Savings,161623.37,0
C103800,A203800,Salary,146333.96,0
C103801,A203801,Current,82262.73,72824.2
C103802,A203802,Salary,219836.05,0
C103803,A203803,Savings,100993.15,50000
C103804,A203804,Savings,123587.61,50000
C103805,A203805,Salary,35287.84,0
C103806,A203806,Salary,427918.29,0
C103807,A203807,Salary,68404.2,0
C103808,A203808,Salary,187823.49,0
C103809,A203809,Salary,102404.77,0
C103810,A203810,Savings,112711.9,50000
C103811,A203811,Salary,93935.7,0
C103812,A203812,Current,290427.01,349684.28
C103813,A203813,Savings,209858.21,0
C103814,A203814,Salary,143625.19,0
C103815,A203815,Salary,166348.18,0
C103816,A203816,Premium,214155.94,535849.1
C103817,A203817,Savings,81032.85,0
C103818,A203818,Current,176688.59,246191.52
C103819,A203819,Premium,501395.59,830511.94
C103820,A203820,Savings,162574.01,0
C103821,A203821,Salary,126967.72,0
C103822,A203822,Premium,89013.71,131941.12
C103823,A203823,Salary,166328.75,0
C103824,A203824,Premium,170514.51,354113.01
C103825,A203825,Current,148087.58,217542.39
C103826,A203826,Savings,166446.8,0
C103827,A203827,Savings,109499.31,0
C103828,A203828,Salary,251335.38,0
C103829,A203829,Savings,103105.56,0
C103830,A203830,Salary,203643.56,50000
C103831,A203831,Savings,315431.51,0
C103832,A203832,Premium,55740,142695.53
C103833,A203833,Savings,118096.8,0
C103834,A203834,Current,179021.93,125315.72
C103835,A203835,Salary,128053.01,50000
C103836,A203836,Salary,14046.99,0
C103837,A203837,Savings,151077.93,0
C103838,A203838,Premium,93508.34,396285.33
C103839,A203839,Savings,72757.31,0
C103840,A203840,Savings,149827.59,0
C103841,A203841,Current,7793.88,120085.08
C103842,A203842,Salary,98942.14,0
C103843,A203843,Current,93884.21,165318.89
C103844,A203844,Salary,70399.14,0
C103845,A203845,Savings,286171.34,0
C103846,A203846,Savings,102816.87,0
C103847,A203847,Savings,208230.33,0
C103848,A203848,Premium,141981.43,138381.7
C103849,A203849,Salary,95122.05,0
C103850,A203850,Savings,327312.8,0
C103851,A203851,Savings,199727.89,50000
C103852,A203852,Savings,115401.81,50000
C103853,A203853,Salary,200221.57,0
C103854,A203854,Savings,107678.78,0
C103855,A203855,Current,196516.16,162126.74
C103856,A203856,Savings,50802.24,50000
C103857,A203857,Salary,343089.64,50000
C103858,A203858,Savings,215168.21,50000
C103859,A203859,Savings,246156.99,0
C103860,A203860,Salary,199532.81,0
C103861,A203861,Current,154126.69,134058.53
C103862,A203862,Salary,134405.64,0
C103863,A203863,Savings,280010.99,0
C103864,A203864,Current,48591.62,92701.96
C103865,A203865,Savings,163837.52,0
C103866,A203866,Current,133343.32,55640.9
C103867,A203867,Savings,159995.92,0
C103868,A203868,Savings,211755.37,50000
C103869,A203869,Savings,100789.17,0
C103870,A203870,Savings,309703.45,0
C103871,A203871,Savings,43648.21,0
C103872,A203872,Current,119273.59,102309.61
C103873,A203873,Savings,205583.76,50000
C103874,A203874,Savings,278955.12,0
C103875,A203875,Savings,97996.5,0
C103876,A203876,Savings,187179.42,0
C103877,A203877,Savings,159938.41,0
C103878,A203878,Savings,226350.96,50000
C103879,A203879,Savings,266224.02,0
C103880,A203880,Salary,100345.93,0
C103881,A203881,Current,213464.37,273762.13
C103882,A203882,Current,149305.3,253165.72
C103883,A203883,Salary,164120.01,0
C103884,A203884,Premium,212050.29,235188.5
C103885,A203885,Savings,89609.23,50000
C103886,A203886,Savings,278578.83,50000
C103887,A203887,Premium,37303.81,254835.55
C103888,A203888,Salary,64336.16,0
C103889,A203889,Salary,70021.93,50000
C103890,A203890,Current,84352.51,253203.74
C103891,A203891,Current,185830.09,363731.04
C103892,A203892,Current,74640.61,86709.71
C103893,A203893,Salary,193019.37,0
C103894,A203894,Savings,198553.81,0
C103895,A203895,Salary,161933.54,0
C103896,A203896,Premium,78195.61,96783.64
C103897,A203897,Current,224594.53,381508.65
C103898,A203898,Savings,153673.54,0
C103899,A203899,Salary,104464.14,0
C103900,A203900,Savings,219934.16,0
C103901,A203901,Premium,105790.58,163149.04
C103902,A203902,Salary,105486.38,0
C103903,A203903,Savings,49632.75,0
C103904,A203904,Current,90558.56,290659.19
C103905,A203905,Salary,178297,50000
C103906,A203906,Savings,93748.47,0
C103907,A203907,Savings,408689.78,0
C103908,A203908,Savings,337883.61,0
C103909,A203909,Salary,91444.66,0
C103910,A203910,Savings,313508.49,0
C103911,A203911,Salary,81621.67,0
C103912,A203912,Savings,96402.91,50000
C103913,A203913,Savings,61919.98,50000
C103914,A203914,Savings,90684.3,50000
C103915,A203915,Savings,58379.5,50000
C103916,A203916,Premium,178077.32,122236.76
C103917,A203917,Premium,70783.42,127230.49
C103918,A203918,Savings,132441.43,50000
C103919,A203919,Savings,98872.89,0
C103920,A203920,Premium,65603.81,139114.61
C103921,A203921,Savings,187598.01,0
C103922,A203922,Savings,75198.31,0
C103923,A203923,Savings,203806.02,0
C103924,A203924,Salary,349012.75,0
C103925,A203925,Savings,105018.38,0
C103926,A203926,Current,234493.37,220511.7
C103927,A203927,Current,143635.37,163399.07
C103928,A203928,Savings,53178.42,0
C103929,A203929,Savings,132012.74,0
C103930,A203930,Premium,68468.82,120385.62
C103931,A203931,Salary,306712.59,50000
C103932,A203932,Current,226399.25,404805.12
C103933,A203933,Savings,87138.43,0
C103934,A203934,Savings,25978,50000
C103935,A203935,Current,148222.08,135827.15
C103936,A203936,Savings,75058.41,50000
C103937,A203937,Premium,56457.6,184496.96
C103938,A203938,Savings,119545.4,50000
C103939,A203939,Salary,282605.21,0
C103940,A203940,Savings,254357.71,0
C103941,A203941,Current,332829,274261
C103942,A203942,Salary,112018.96,50000
C103943,A203943,Savings,88598.83,0
C103944,A203944,Savings,106125.2,0
C103945,A203945,Current,158849.89,226832.9
C103946,A203946,Premium,78631.81,96505.07
C103947,A203947,Current,101927.07,185606.44
C103948,A203948,Savings,206153.38,50000
C103949,A203949,Salary,223206.5,0
C103950,A203950,Savings,158843.23,50000
C103951,A203951,Savings,203012.56,0
C103952,A203952,Savings,142874.62,0
C103953,A203953,Savings,250606.11,0
C103954,A203954,Savings,176071.98,0
C103955,A203955,Salary,107492.21,0
C103956,A203956,Savings,161333.71,0
C103957,A203957,Savings,45971.61,50000
C103958,A203958,Savings,52830.32,0
C103959,A203959,Current,184463.27,251856.54
C103960,A203960,Savings,236112.86,0
C103961,A203961,Savings,107167.71,50000
C103962,A203962,Savings,378358.03,50000
C103963,A203963,Savings,161220.18,0
C103964,A203964,Savings,266957.55,0
C103965,A203965,Savings,58556.33,50000
C103966,A203966,Savings,208667.74,0
C103967,A203967,Savings,127122.41,0
C103968,A203968,Savings,81928.5,0
C103969,A203969,Current,222090.7,315003.02
C103970,A203970,Salary,174729.59,0
C103971,A203971,Current,242022.37,167865.83
C103972,A203972,Premium,190124.55,262671.45
C103973,A203973,Premium,112605.99,157844.91
C103974,A203974,Savings,201981.29,0
C103975,A203975,Savings,210439.18,0
C103976,A203976,Salary,232194.27,50000
C103977,A203977,Savings,258324.83,0
C103978,A203978,Current,59168.2,141119.69
C103979,A203979,Premium,366439.26,337864.4
C103980,A203980,Salary,53752.17,0
C103981,A203981,Savings,143144.85,50000
C103982,A203982,Salary,79464.62,50000
C103983,A203983,Savings,69661.84,50000
C103984,A203984,Premium,232160.92,219343.41
C103985,A203985,Savings,169506.07,0
C103986,A203986,Savings,291024.61,0
C103987,A203987,Salary,258263.7,0
C103988,A203988,Savings,425432.6,50000
C103989,A203989,Savings,90079.59,0
C103990,A203990,Savings,132648.79,0
C103991,A203991,Savings,231744.96,0
C103992,A203992,Premium,87970.16,170331.24
C103993,A203993,Savings,111508.2,0
C103994,A203994,Savings,152187.11,0
C103995,A203995,Current,110976.71,227187.27
C103996,A203996,Savings,307000.58,0
C103997,A203997,Current,123056.65,139924.77
C103998,A203998,Savings,165246.71,0
C103999,A203999,Savings,150488.08,0
C104000,A204000,Savings,82276.87,0
C104001,A204001,Savings,138812.48,0
C104002,A204002,Salary,132752.06,0
C104003,A204003,Savings,166429.61,0
C104004,A204004,Salary,160906.68,0
C104005,A204005,Salary,93756.99,0
C104006,A204006,Savings,63811.06,0
C104007,A204007,Premium,209677.85,215380.87
C104008,A204008,Savings,92128.68,0
C104009,A204009,Salary,209363.66,50000
C104010,A204010,Savings,70533.13,0
C104011,A204011,Savings,130250.18,0
C104012,A204012,Premium,138580,239278.5
C104013,A204013,Premium,1000,128682.57
C104014,A204014,Current,145295.9,177051.94
C104015,A204015,Savings,141625.82,50000
C104016,A204016,Premium,114744.05,300663.13
C104017,A204017,Current,239866.91,168809.3
C104018,A204018,Savings,195169.19,0
C104019,A204019,Savings,237779.02,0
C104020,A204020,Salary,102800.36,0
C104021,A204021,Salary,175969.18,0
C104022,A204022,Premium,69985.95,93837.92
C104023,A204023,Savings,237408.88,0
C104024,A204024,Salary,103045.27,50000
C104025,A204025,Savings,132273.94,0
C104026,A204026,Salary,190150.41,50000
C104027,A204027,Current,152995.28,122820.87
C104028,A204028,Savings,104376.65,0
C104029,A204029,Salary,102976.22,50000
C104030,A204030,Savings,87539.59,0
C104031,A204031,Savings,123619.95,0
C104032,A204032,Savings,32211.63,50000
C104033,A204033,Salary,125923.67,0
C104034,A204034,Savings,82836.45,0
C104035,A204035,Savings,97449.6,0
C104036,A204036,Savings,108996.31,50000
C104037,A204037,Current,120841.58,195298.57
C104038,A204038,Savings,124659.52,0
C104039,A204039,Salary,167446.15,0
C104040,A204040,Premium,308290.6,219124.12
C104041,A204041,Savings,204696.6,50000
C104042,A204042,Salary,59652.67,50000
C104043,A204043,Savings,40350.59,0
C104044,A204044,Savings,63787.08,0
C104045,A204045,Savings,183467.1,0
C104046,A204046,Current,148270.39,160037.44
C104047,A204047,Premium,153155.92,124230
C104048,A204048,Salary,113028.81,50000
C104049,A204049,Premium,89526.31,352055.09
C104050,A204050,Premium,191958.24,149773.67
C104051,A204051,Savings,286251.42,0
C104052,A204052,Savings,113630.95,50000
C104053,A204053,Savings,18795.99,0
C104054,A204054,Salary,79160.82,0
C104055,A204055,Savings,75874.61,0
C104056,A204056,Salary,285591.65,0
C104057,A204057,Salary,166012.07,0
C104058,A204058,Current,124900.35,120400.87
C104059,A204059,Savings,132525.32,50000
C104060,A204060,Savings,88851.75,0
C104061,A204061,Savings,97442.25,0
C104062,A204062,Premium,91080.71,292830.79
C104063,A204063,Savings,238822.96,0
C104064,A204064,Current,208447.5,99227.37
C104065,A204065,Premium,59536.42,252121.03
C104066,A204066,Savings,62915.38,0
C104067,A204067,Savings,121623.99,0
C104068,A204068,Current,62099.71,337786.12
C104069,A204069,Current,182339.11,136136.81
C104070,A204070,Premium,91071.39,182663.91
C104071,A204071,Savings,203067.98,50000
C104072,A204072,Savings,205332.12,50000
C104073,A204073,Savings,310513.4,0
C104074,A204074,Current,154167.83,144962.53
C104075,A204075,Savings,123762.34,50000
C104076,A204076,Salary,252310.39,0
C104077,A204077,Savings,144136.15,0
C104078,A204078,Salary,347173.44,0
C104079,A204079,Savings,192736.81,0
C104080,A204080,Savings,88858.93,0
C104081,A204081,Salary,84042.25,50000
C104082,A204082,Savings,147493.59,50000
C104083,A204083,Savings,151499.56,50000
C104084,A204084,Current,168072.02,368268.16
C104085,A204085,Salary,68463.06,0
C104086,A204086,Savings,209462.67,0
C104087,A204087,Current,64663,136222.64
C104088,A204088,Savings,44260.59,50000
C104089,A204089,Savings,194553.87,0
C104090,A204090,Savings,145790.82,0
C104091,A204091,Premium,169796.47,230210.95
C104092,A204092,Salary,214456.1,0
C104093,A204093,Savings,209016.83,50000
C104094,A204094,Savings,83396.88,50000
C104095,A204095,Savings,150786.45,0
C104096,A204096,Savings,127419.91,0
C104097,A204097,Salary,181296.41,50000
C104098,A204098,Savings,69199.18,0
C104099,A204099,Savings,79622.19,50000
C104100,A204100,Savings,45079.2,0
C104101,A204101,Savings,150594.66,0
C104102,A204102,Savings,56987.07,0
C104103,A204103,Salary,93872.76,0
C104104,A204104,Savings,195886.68,0
C104105,A204105,Savings,204508.26,0
C104106,A204106,Savings,198573.22,0
C104107,A204107,Salary,196063.71,0
C104108,A204108,Savings,81187.48,0
C104109,A204109,Savings,358697.96,0
C104110,A204110,Savings,491335.83,0
C104111,A204111,Savings,164462.43,0
C104112,A204112,Savings,275400.59,0
C104113,A204113,Savings,153673.1,0
C104114,A204114,Savings,162122.37,0
C104115,A204115,Savings,148957.43,0
C104116,A204116,Savings,19673.23,50000
C104117,A204117,Salary,205769.65,0
C104118,A204118,Current,217132.67,317799.25
C104119,A204119,Savings,144429.45,50000
C104120,A204120,Current,38621.34,311605.49
C104121,A204121,Salary,227163.51,0
C104122,A204122,Premium,57906.76,206749.07
C104123,A204123,Salary,115594.46,50000
C104124,A204124,Current,222633.78,303407.98
C104125,A204125,Salary,89980.55,0
C104126,A204126,Savings,202024.34,0
C104127,A204127,Savings,166273.27,0
C104128,A204128,Savings,88747.34,50000
C104129,A204129,Savings,102052.21,0
C104130,A204130,Savings,118080.71,0
C104131,A204131,Savings,145592.4,0
C104132,A204132,Savings,135530.66,0
C104133,A204133,Premium,131370.35,449037.5
C104134,A204134,Savings,343885.39,50000
C104135,A204135,Current,190523.64,258767.43
C104136,A204136,Premium,101939.55,172001.7
C104137,A204137,Current,107411.52,347736.02
C104138,A204138,Savings,12140.75,50000
C104139,A204139,Salary,149802.99,50000
C104140,A204140,Savings,123684.09,50000
C104141,A204141,Savings,327765.58,0
C104142,A204142,Salary,282318.45,0
C104143,A204143,Savings,226455.44,0
C104144,A204144,Salary,184958.3,0
C104145,A204145,Savings,215550.58,0
C104146,A204146,Current,68474.46,219170.13
C104147,A204147,Savings,111476.76,0
C104148,A204148,Premium,158891.12,233278.75
C104149,A204149,Savings,61723.91,0
C104150,A204150,Premium,61785.26,281264.41
C104151,A204151,Savings,174199.03,50000
C104152,A204152,Salary,108064.18,50000
C104153,A204153,Current,62217.62,104652.03
C104154,A204154,Savings,146257,50000
C104155,A204155,Salary,64173.51,50000
C104156,A204156,Savings,191593.35,0
C104157,A204157,Savings,501552.52,0
C104158,A204158,Salary,177862.73,0
C104159,A204159,Premium,95674.86,112394.01
C104160,A204160,Current,207926.11,554306.94
C104161,A204161,Current,145170.54,222194.88
C104162,A204162,Current,126363.76,134837.28
C104163,A204163,Salary,165749.3,50000
C104164,A204164,Premium,161020.43,258509.06
C104165,A204165,Current,120230.43,185219.27
C104166,A204166,Savings,151729.82,0
C104167,A204167,Savings,84879.49,0
C104168,A204168,Savings,185626.18,0
C104169,A204169,Salary,98498.98,50000
C104170,A204170,Premium,54711.39,54112.31
C104171,A204171,Salary,1000,0
C104172,A204172,Premium,185563.4,313745.81
C104173,A204173,Savings,9560.39,0
C104174,A204174,Current,272357.61,274176.44
C104175,A204175,Current,151876.7,119479.84
C104176,A204176,Savings,79557.17,0
C104177,A204177,Current,118066.79,207188.54
C104178,A204178,Savings,521611.64,0
C104179,A204179,Current,175456.97,79899.63
C104180,A204180,Salary,154643.25,0
C104181,A204181,Salary,85917.25,50000
C104182,A204182,Salary,60701.2,50000
C104183,A204183,Savings,165775.18,50000
C104184,A204184,Savings,144079.82,0
C104185,A204185,Savings,176954,50000
C104186,A204186,Savings,128333.98,0
C104187,A204187,Current,165152.5,130672.88
C104188,A204188,Savings,220882.49,0
C104189,A204189,Current,128766.51,173030.02
C104190,A204190,Savings,338083.42,0
C104191,A204191,Savings,167956.85,0
C104192,A204192,Savings,102679.82,0
C104193,A204193,Savings,73910.35,0
C104194,A204194,Savings,52263.47,0
C104195,A204195,Savings,172461.27,0
C104196,A204196,Savings,404197.86,0
C104197,A204197,Savings,221501.43,0
C104198,A204198,Savings,161830.37,50000
C104199,A204199,Savings,295837.9,0
C104200,A204200,Savings,103970.85,0
C104201,A204201,Savings,99136.4,0
C104202,A204202,Salary,82430.62,0
C104203,A204203,Savings,123653.8,0
C104204,A204204,Current,189243.3,220254.6
C104205,A204205,Savings,101391.87,50000
C104206,A204206,Premium,129861.73,227806.27
C104207,A204207,Savings,109351.46,50000
C104208,A204208,Current,84918.44,174408.07
C104209,A204209,Savings,79883.97,0
C104210,A204210,Current,165991.8,316207.51
C104211,A204211,Current,129175.82,187120.06
C104212,A204212,Savings,281822.19,0
C104213,A204213,Savings,66964.28,50000
C104214,A204214,Premium,330673.14,331381.22
C104215,A204215,Salary,74464.8,0
C104216,A204216,Salary,93887.57,0
C104217,A204217,Salary,128882.01,0
C104218,A204218,Savings,110560.22,0
C104219,A204219,Salary,405191.43,0
C104220,A204220,Savings,70692.77,0
C104221,A204221,Current,121444.74,53663.06
C104222,A204222,Salary,164311.07,50000
C104223,A204223,Savings,65817.98,0
C104224,A204224,Salary,507500.36,0
C104225,A204225,Savings,117943.54,0
C104226,A204226,Savings,177124.94,0
C104227,A204227,Premium,129658.19,117611.8
C104228,A204228,Salary,258558.18,50000
C104229,A204229,Savings,154266.45,0
C104230,A204230,Current,65453.69,65433.97
C104231,A204231,Savings,130327.76,0
C104232,A204232,Savings,60906.96,50000
C104233,A204233,Salary,316944.05,0
C104234,A204234,Savings,460939.4,0
C104235,A204235,Savings,354548.52,0
C104236,A204236,Savings,226961.95,50000
C104237,A204237,Savings,127850.11,50000
C104238,A204238,Savings,46327.25,0
C104239,A204239,Current,190535.25,194775.31
C104240,A204240,Savings,178475.09,0
C104241,A204241,Savings,142105.88,0
C104242,A204242,Savings,177697.62,0
C104243,A204243,Savings,325586.18,0
C104244,A204244,Savings,66340.61,0
C104245,A204245,Savings,121559.17,0
C104246,A204246,Savings,166116.92,0
C104247,A204247,Savings,406920.12,50000
C104248,A204248,Savings,91856.6,0
C104249,A204249,Salary,237310.93,0
C104250,A204250,Savings,195857.48,0
C104251,A204251,Savings,109548.67,0
C104252,A204252,Current,228697.11,155073.78
C104253,A204253,Premium,34997.81,310398.27
C104254,A204254,Salary,77612.94,50000
C104255,A204255,Premium,169854.26,407560.87
C104256,A204256,Salary,253332.32,0
C104257,A204257,Current,153283.27,243950.63
C104258,A204258,Salary,127702.37,0
C104259,A204259,Current,256529.58,241903.24
C104260,A204260,Savings,187132.63,0
C104261,A204261,Savings,256292.66,0
C104262,A204262,Current,178417.1,179889.83
C104263,A204263,Salary,104061.21,0
C104264,A204264,Savings,133423.68,0
C104265,A204265,Savings,51620.04,0
C104266,A204266,Salary,161363.86,50000
C104267,A204267,Current,63185.08,63067.79
C104268,A204268,Salary,116148.57,0
C104269,A204269,Premium,436032.3,699069.37
C104270,A204270,Savings,115225.01,0
C104271,A204271,Savings,158775.99,0
C104272,A204272,Savings,231086.15,0
C104273,A204273,Salary,100150.8,0
C104274,A204274,Savings,96202.46,0
C104275,A204275,Savings,114917.24,0
C104276,A204276,Savings,98889.23,0
C104277,A204277,Savings,150581.76,0
C104278,A204278,Savings,109495.73,0
C104279,A204279,Salary,202720.39,0
C104280,A204280,Salary,159384.24,0
C104281,A204281,Salary,13875.59,0
C104282,A204282,Savings,267033.64,0
C104283,A204283,Current,82985.36,60090.18
C104284,A204284,Current,68071.08,249611.41
C104285,A204285,Savings,188384.15,0
C104286,A204286,Savings,66269.47,0
C104287,A204287,Salary,465588.4,50000
C104288,A204288,Current,137837.85,119715.67
C104289,A204289,Savings,117548.97,0
C104290,A204290,Savings,306218.52,0
C104291,A204291,Savings,103081.97,0
C104292,A204292,Savings,200070.58,0
C104293,A204293,Savings,147833.85,50000
C104294,A204294,Savings,170417.28,50000
C104295,A204295,Savings,246398.78,0
C104296,A204296,Current,103741.96,579985.94
C104297,A204297,Premium,296551.85,447350.48
C104298,A204298,Savings,164511.33,0
C104299,A204299,Savings,94735.69,0
C104300,A204300,Savings,222932.4,0
C104301,A204301,Current,39971.42,141909.13
C104302,A204302,Current,127911.64,243746.11
C104303,A204303,Current,219585.02,168922.22
C104304,A204304,Salary,82754.72,0
C104305,A204305,Salary,136712.06,0
C104306,A204306,Premium,232766.19,226151.6
C104307,A204307,Savings,180958.82,50000
C104308,A204308,Premium,180568.37,223648.32
C104309,A204309,Salary,47256.55,0
C104310,A204310,Salary,148487.79,50000
C104311,A204311,Current,427286.08,459519.02
C104312,A204312,Premium,70756.86,207812.18
C104313,A204313,Premium,228534.6,279168.51
C104314,A204314,Savings,97301.94,50000
C104315,A204315,Savings,154562.09,0
C104316,A204316,Premium,272107.07,425697.54
C104317,A204317,Savings,144510.37,0
C104318,A204318,Savings,40458.15,0
C104319,A204319,Savings,174301.51,0
C104320,A204320,Current,77723.69,233201.39
C104321,A204321,Salary,148060.39,50000
C104322,A204322,Savings,256984.97,0
C104323,A204323,Salary,1000,0
C104324,A204324,Salary,142960.46,0
C104325,A204325,Savings,225795.21,0
C104326,A204326,Savings,190834.73,0
C104327,A204327,Salary,124085.78,0
C104328,A204328,Premium,315950.25,175613.89
C104329,A204329,Savings,215354.45,0
C104330,A204330,Salary,111069.09,0
C104331,A204331,Current,154610.48,115403.76
C104332,A204332,Savings,251436.91,50000
C104333,A204333,Salary,107066.21,0
C104334,A204334,Savings,136448.85,0
C104335,A204335,Salary,181764.49,0
C104336,A204336,Savings,85137.66,0
C104337,A204337,Salary,134980.48,0
C104338,A204338,Savings,139219.5,50000
C104339,A204339,Savings,172103.27,0
C104340,A204340,Savings,233228.51,50000
C104341,A204341,Savings,174688.51,0
C104342,A204342,Salary,85005.85,0
C104343,A204343,Savings,114941.54,0
C104344,A204344,Current,114106.21,620227.91
C104345,A204345,Salary,57277.29,50000
C104346,A204346,Current,87629.93,248759.06
C104347,A204347,Savings,149018.64,0
C104348,A204348,Salary,167809.64,0
C104349,A204349,Savings,201646.72,50000
C104350,A204350,Savings,103914.85,50000
C104351,A204351,Savings,164672.98,0
C104352,A204352,Current,234920.37,172879.1
C104353,A204353,Salary,230940.51,50000
C104354,A204354,Current,130250.53,449280.44
C104355,A204355,Savings,166093.18,0
C104356,A204356,Current,144664.57,313388.93
C104357,A204357,Savings,161805.6,0
C104358,A204358,Savings,257097.1,50000
C104359,A204359,Premium,97071.81,87306.66
C104360,A204360,Savings,86033.35,50000
C104361,A204361,Savings,130372.2,0
C104362,A204362,Salary,75411.2,50000
C104363,A204363,Savings,275411.9,0
C104364,A204364,Current,250685.49,1000000
C104365,A204365,Salary,189489.41,0
C104366,A204366,Savings,45729.09,0
C104367,A204367,Salary,130916.9,0
C104368,A204368,Salary,177113.73,50000
C104369,A204369,Savings,214734.22,0
C104370,A204370,Savings,153912.18,0
C104371,A204371,Premium,182554.12,314534.61
C104372,A204372,Current,51619.08,170751.19
C104373,A204373,Current,24755.59,82595.95
C104374,A204374,Salary,143241.38,0
C104375,A204375,Savings,139696.16,50000
C104376,A204376,Current,246165.65,144528.15
C104377,A204377,Salary,150930.46,50000
C104378,A204378,Savings,145463.82,0
C104379,A204379,Salary,243894.78,0
C104380,A204380,Savings,127105.07,50000
C104381,A204381,Salary,113675.76,50000
C104382,A204382,Current,128287.38,176547.99
C104383,A204383,Savings,304029.87,50000
C104384,A204384,Savings,44222.25,0
C104385,A204385,Savings,229647.99,50000
C104386,A204386,Salary,94914.26,0
C104387,A204387,Current,307843.33,359566.42
C104388,A204388,Salary,88436.16,50000
C104389,A204389,Savings,73106.45,0
C104390,A204390,Salary,235944.86,0
C104391,A204391,Savings,63313.95,0
C104392,A204392,Savings,40325.75,0
C104393,A204393,Savings,67519.69,0
C104394,A204394,Premium,91596.78,164756.53
C104395,A204395,Savings,182925.48,0
C104396,A204396,Savings,315214.41,50000
C104397,A204397,Savings,305515.8,0
C104398,A204398,Current,184124.3,437240.42
C104399,A204399,Salary,124787.63,0
C104400,A204400,Current,111298.47,280773.98
C104401,A204401,Savings,109469.51,0
C104402,A204402,Premium,186554.16,182133.84
C104403,A204403,Premium,47172.76,119054.95
C104404,A204404,Savings,76762.41,0
C104405,A204405,Salary,222710.44,0
C104406,A204406,Savings,146865.95,0
C104407,A204407,Salary,169662.32,0
C104408,A204408,Current,47768.89,215365.81
C104409,A204409,Savings,603686.45,0
C104410,A204410,Premium,123567.99,180730.43
C104411,A204411,Savings,97225.31,0
C104412,A204412,Current,120827.27,74172.1
C104413,A204413,Salary,180165.7,0
C104414,A204414,Savings,195790.49,50000
C104415,A204415,Savings,61265.19,0
C104416,A204416,Savings,131730.79,0
C104417,A204417,Salary,163831.77,0
C104418,A204418,Salary,315699.92,0
C104419,A204419,Savings,185697.41,0
C104420,A204420,Savings,67999.6,0
C104421,A204421,Savings,99771.33,0
C104422,A204422,Salary,34536.28,0
C104423,A204423,Current,145337.55,208728.41
C104424,A204424,Savings,220285.6,0
C104425,A204425,Savings,40348.48,0
C104426,A204426,Savings,133018.67,0
C104427,A204427,Savings,58121.88,50000
C104428,A204428,Savings,117046.73,50000
C104429,A204429,Savings,146549.44,0
C104430,A204430,Current,124947.18,141626.9
C104431,A204431,Savings,278889.92,50000
C104432,A204432,Savings,137822.41,0
C104433,A204433,Current,35683.31,167181.72
C104434,A204434,Salary,73437.27,50000
C104435,A204435,Current,87322.38,269009.99
C104436,A204436,Savings,178532.83,50000
C104437,A204437,Premium,81671.95,105462.07
C104438,A204438,Savings,111265.05,0
C104439,A204439,Savings,88628.67,50000
C104440,A204440,Premium,143138.36,205668.15
C104441,A204441,Current,200075.99,589184.97
C104442,A204442,Salary,196140.57,0
C104443,A204443,Savings,141112.57,0
C104444,A204444,Savings,180928.58,0
C104445,A204445,Savings,16621.15,50000
C104446,A204446,Savings,128893.11,0
C104447,A204447,Savings,43468.21,50000
C104448,A204448,Savings,113916.9,0
C104449,A204449,Savings,126192.57,0
C104450,A204450,Current,116144.64,66580.87
C104451,A204451,Premium,176067.6,644548.58
C104452,A204452,Salary,224711.95,50000
C104453,A204453,Salary,136945.78,0
C104454,A204454,Savings,180160.58,0
C104455,A204455,Savings,200836.01,50000
C104456,A204456,Savings,45529.9,0
C104457,A204457,Savings,57733.1,0
C104458,A204458,Salary,296254.01,0
C104459,A204459,Premium,181564.18,302525.63
C104460,A204460,Salary,116238.1,50000
C104461,A204461,Savings,90024.86,0
C104462,A204462,Salary,132584.81,0
C104463,A204463,Savings,262363.93,0
C104464,A204464,Savings,118164.34,0
C104465,A204465,Savings,179912.99,0
C104466,A204466,Current,335482.24,482194.36
C104467,A204467,Salary,466136.43,0
C104468,A204468,Savings,167511.81,0
C104469,A204469,Savings,38274.39,50000
C104470,A204470,Savings,174934.57,50000
C104471,A204471,Savings,74316.11,50000
C104472,A204472,Premium,186038.98,383050.84
C104473,A204473,Premium,127214.91,181734.37
C104474,A204474,Premium,50143.36,278795.15
C104475,A204475,Savings,140447.34,50000
C104476,A204476,Savings,193436.18,0
C104477,A204477,Premium,73930.7,179222.5
C104478,A204478,Premium,245053.87,339569.46
C104479,A204479,Savings,163127.25,50000
C104480,A204480,Salary,363246.73,0
C104481,A204481,Savings,42992.33,0
C104482,A204482,Premium,112249.85,234686.82
C104483,A204483,Savings,143038.7,0
C104484,A204484,Salary,38867.09,50000
C104485,A204485,Savings,149630.23,0
C104486,A204486,Current,103022.89,378979.72
C104487,A204487,Savings,101392.91,0
C104488,A204488,Savings,189023.82,0
C104489,A204489,Savings,92152.58,0
C104490,A204490,Salary,108751,0
C104491,A204491,Savings,253377.69,0
C104492,A204492,Salary,196327.79,0
C104493,A204493,Savings,270269.04,0
C104494,A204494,Savings,109064.6,0
C104495,A204495,Current,178256.15,203514.98
C104496,A204496,Savings,82881.73,0
C104497,A204497,Premium,113102.64,61893.29
C104498,A204498,Salary,90555.01,0
C104499,A204499,Salary,161949.53,50000
C104500,A204500,Savings,116191.48,0
C104501,A204501,Savings,136637.01,50000
C104502,A204502,Premium,205740.46,191030.07
C104503,A204503,Savings,159622.27,0
C104504,A204504,Salary,82241.61,0
C104505,A204505,Savings,89687.1,0
C104506,A204506,Savings,204982.51,0
C104507,A204507,Salary,104979.55,0
C104508,A204508,Premium,29706.97,106888.17
C104509,A204509,Savings,290355.38,50000
C104510,A204510,Savings,115900.68,0
C104511,A204511,Salary,354485.37,0
C104512,A204512,Savings,127290.8,0
C104513,A204513,Savings,82631.04,0
C104514,A204514,Savings,148696.26,0
C104515,A204515,Current,129970.68,233309.64
C104516,A204516,Salary,94855.37,50000
C104517,A204517,Premium,292998.23,252367.62
C104518,A204518,Savings,201127.13,0
C104519,A204519,Savings,184340.18,0
C104520,A204520,Savings,148847.33,0
C104521,A204521,Savings,111037.59,0
C104522,A204522,Savings,16771.2,0
C104523,A204523,Current,51505.58,516255.58
C104524,A204524,Savings,123644.07,0
C104525,A204525,Current,100092.94,216616.72
C104526,A204526,Premium,33589.68,344114.75
C104527,A204527,Salary,135145.39,0
C104528,A204528,Savings,144187.49,0
C104529,A204529,Savings,148412.74,0
C104530,A204530,Savings,88617.04,0
C104531,A204531,Salary,207536.69,0
C104532,A204532,Premium,147609.77,149679.1
C104533,A204533,Salary,61968.24,0
C104534,A204534,Current,229398.03,560711.9
C104535,A204535,Savings,163488.75,0
C104536,A204536,Premium,200813.68,277806.93
C104537,A204537,Salary,194034.58,0
C104538,A204538,Salary,39831.83,0
C104539,A204539,Savings,48435.25,0
C104540,A204540,Savings,64525.64,0
C104541,A204541,Savings,232925.82,0
C104542,A204542,Premium,102802.73,277071.1
C104543,A204543,Premium,460437.31,678800.43
C104544,A204544,Savings,90251.61,0
C104545,A204545,Salary,173180.57,0
C104546,A204546,Savings,247075.47,0
C104547,A204547,Savings,240477.55,50000
C104548,A204548,Savings,69633.15,50000
C104549,A204549,Savings,100905.67,50000
C104550,A204550,Savings,96542.88,0
C104551,A204551,Savings,184778.79,0
C104552,A204552,Salary,99120.55,0
C104553,A204553,Savings,304411.93,0
C104554,A204554,Salary,124819.7,0
C104555,A204555,Current,39238.67,325291.31
C104556,A204556,Salary,246228.97,50000
C104557,A204557,Premium,48640.44,188197.02
C104558,A204558,Savings,50474.94,0
C104559,A204559,Savings,210031.1,0
C104560,A204560,Savings,123217.91,50000
C104561,A204561,Savings,183367.04,0
C104562,A204562,Savings,161779.39,0
C104563,A204563,Current,128225.62,190545.2
C104564,A204564,Salary,118135.12,50000
C104565,A204565,Savings,266158.75,0
C104566,A204566,Savings,204025.1,0
C104567,A204567,Savings,54779.95,50000
C104568,A204568,Savings,138742.82,0
C104569,A204569,Salary,134655.26,0
C104570,A204570,Savings,167685.21,0
C104571,A204571,Premium,90778.83,542354.04
C104572,A204572,Current,167715.44,680494.35
C104573,A204573,Savings,255188.18,0
C104574,A204574,Savings,142616.84,0
C104575,A204575,Savings,107638,0
C104576,A204576,Salary,45165.72,0
C104577,A204577,Premium,273160.05,410311.09
C104578,A204578,Savings,99841.82,50000
C104579,A204579,Salary,174679.27,50000
C104580,A204580,Savings,112788.35,0
C104581,A204581,Savings,241605.22,0
C104582,A204582,Current,72292.13,235747.72
C104583,A204583,Premium,75464.42,256659.52
C104584,A204584,Savings,186986.52,0
C104585,A204585,Savings,210320.91,50000
C104586,A204586,Current,68160.02,56803.42
C104587,A204587,Salary,98143.92,0
C104588,A204588,Current,91769.82,113684.79
C104589,A204589,Savings,196345.72,50000
C104590,A204590,Premium,199997.41,416438.93
C104591,A204591,Premium,263892.33,93327.86
C104592,A204592,Salary,140556.03,50000
C104593,A204593,Salary,85510.19,0
C104594,A204594,Salary,230641.13,0
C104595,A204595,Savings,176945.53,0
C104596,A204596,Savings,142929.26,0
C104597,A204597,Current,33432.09,67584.82
C104598,A204598,Premium,270565.75,149204.92
C104599,A204599,Salary,95455.09,0
C104600,A204600,Savings,104954.09,50000
C104601,A204601,Savings,395293.48,0
C104602,A204602,Salary,58445.99,0
C104603,A204603,Current,268786.14,532209.53
C104604,A204604,Savings,261193.71,0
C104605,A204605,Current,328601.8,461157.87
C104606,A204606,Savings,47350.54,0
C104607,A204607,Premium,123912.89,90635.99
C104608,A204608,Salary,147163.3,0
C104609,A204609,Premium,138496.52,169311.44
C104610,A204610,Savings,143237.59,0
C104611,A204611,Salary,125890.26,50000
C104612,A204612,Current,200404.12,459330.01
C104613,A204613,Savings,188318.75,50000
C104614,A204614,Savings,346820.85,0
C104615,A204615,Premium,165876.12,356820.23
C104616,A204616,Salary,35168.99,50000
C104617,A204617,Savings,137304.73,50000
C104618,A204618,Premium,205399.41,211447.85
C104619,A204619,Savings,138240.47,0
C104620,A204620,Salary,167265.41,0
C104621,A204621,Salary,169414.02,50000
C104622,A204622,Salary,174416.4,0
C104623,A204623,Salary,301249.28,50000
C104624,A204624,Savings,58786.9,0
C104625,A204625,Premium,52321.42,199677.66
C104626,A204626,Savings,138374.38,0
C104627,A204627,Current,96466.23,436930.71
C104628,A204628,Savings,229517.68,50000
C104629,A204629,Savings,115845.01,0
C104630,A204630,Current,77447.76,54367.73
C104631,A204631,Salary,254569.94,0
C104632,A204632,Savings,281528.67,50000
C104633,A204633,Savings,117912.98,0
C104634,A204634,Current,225558.73,150838.12
C104635,A204635,Salary,180190.29,0
C104636,A204636,Savings,262263.37,0
C104637,A204637,Salary,127837.19,0
C104638,A204638,Savings,175713.96,0
C104639,A204639,Savings,186978.83,0
C104640,A204640,Savings,104897.7,50000
C104641,A204641,Salary,123948.08,0
C104642,A204642,Savings,398326.37,0
C104643,A204643,Savings,136346.64,0
C104644,A204644,Current,48033.23,59977.39
C104645,A204645,Current,27754.13,150386.74
C104646,A204646,Current,162107.82,339262.35
C104647,A204647,Savings,114725.26,0
C104648,A204648,Salary,130935.66,0
C104649,A204649,Salary,173049.84,50000
C104650,A204650,Savings,201405.23,50000
C104651,A204651,Savings,179475.36,0
C104652,A204652,Salary,277515.95,0
C104653,A204653,Salary,351551.92,0
C104654,A204654,Salary,74136.88,50000
C104655,A204655,Salary,178985.79,0
C104656,A204656,Savings,133806.36,0
C104657,A204657,Current,193551.74,197475.47
C104658,A204658,Savings,104510.8,0
C104659,A204659,Savings,114161.27,0
C104660,A204660,Premium,216598.44,207465.83
C104661,A204661,Premium,111170.33,243180.15
C104662,A204662,Salary,307802.75,0
C104663,A204663,Savings,153333.05,50000
C104664,A204664,Current,173187.32,222051.12
C104665,A204665,Salary,127864.89,0
C104666,A204666,Current,213378.76,191511.49
C104667,A204667,Salary,385380.93,0
C104668,A204668,Savings,176975.04,0
C104669,A204669,Savings,287997.7,0
C104670,A204670,Salary,215824.41,50000
C104671,A204671,Premium,150900.24,373367.45
C104672,A204672,Salary,224504.01,50000
C104673,A204673,Salary,112279.97,0
C104674,A204674,Savings,116445.71,0
C104675,A204675,Savings,87735.91,50000
C104676,A204676,Savings,53932.09,0
C104677,A204677,Current,46454.25,113969.32
C104678,A204678,Savings,178833.84,0
C104679,A204679,Current,317949.07,385283
C104680,A204680,Premium,47244.37,170560.58
C104681,A204681,Savings,123084.95,0
C104682,A204682,Savings,106774.57,50000
C104683,A204683,Savings,183199.81,0
C104684,A204684,Savings,413692.78,0
C104685,A204685,Current,142815.64,496471.24
C104686,A204686,Salary,182986.19,0
C104687,A204687,Current,295395.74,509290.97
C104688,A204688,Salary,180524.06,50000
C104689,A204689,Savings,83266.76,0
C104690,A204690,Current,67542.58,66208.25
C104691,A204691,Salary,302561.1,50000
C104692,A204692,Savings,216349.28,50000
C104693,A204693,Savings,136247,0
C104694,A204694,Current,38663.63,161263.31
C104695,A204695,Savings,103757.13,0
C104696,A204696,Salary,177644.2,0
C104697,A204697,Savings,226812.36,50000
C104698,A204698,Savings,162761.92,50000
C104699,A204699,Savings,154339.44,0
C104700,A204700,Current,143319.49,380402.05
C104701,A204701,Savings,147639.29,50000
C104702,A204702,Savings,503875.95,0
C104703,A204703,Savings,94755.6,0
C104704,A204704,Savings,92399.79,0
C104705,A204705,Savings,197322.71,0
C104706,A204706,Savings,106340.2,0
C104707,A204707,Salary,238403.46,0
C104708,A204708,Current,152009.18,526382.59
C104709,A204709,Savings,268200.89,0
C104710,A204710,Savings,111640.74,0
C104711,A204711,Premium,303045.17,134793.19
C104712,A204712,Salary,187286.51,0
C104713,A204713,Salary,110453.11,0
C104714,A204714,Savings,122278.4,0
C104715,A204715,Savings,278824.8,0
C104716,A204716,Salary,195110.89,0
C104717,A204717,Savings,37600.79,0
C104718,A204718,Savings,79282.44,0
C104719,A204719,Savings,114496.41,0
C104720,A204720,Savings,160038.71,0
C104721,A204721,Savings,281509.3,0
C104722,A204722,Current,208998.28,228811.51
C104723,A204723,Salary,271595.65,0
C104724,A204724,Savings,126991.27,50000
C104725,A204725,Savings,64372.66,0
C104726,A204726,Salary,338463.29,50000
C104727,A204727,Savings,144322.09,0
C104728,A204728,Salary,258047.77,0
C104729,A204729,Salary,88054.88,0
C104730,A204730,Savings,91811.57,0
C104731,A204731,Savings,172452.64,0
C104732,A204732,Salary,106694,50000
C104733,A204733,Savings,134759.66,0
C104734,A204734,Savings,108354.63,50000
C104735,A204735,Savings,211494.8,50000
C104736,A204736,Salary,223035.25,0
C104737,A204737,Premium,202688.57,131815.53
C104738,A204738,Current,56019.56,163340.03
C104739,A204739,Savings,34460.43,0
C104740,A204740,Savings,168172.24,50000
C104741,A204741,Savings,108340.27,50000
C104742,A204742,Savings,102091.11,0
C104743,A204743,Savings,70009.77,0
C104744,A204744,Salary,161487.66,0
C104745,A204745,Savings,117752.1,50000
C104746,A204746,Premium,96308.48,201992.48
C104747,A204747,Savings,224179.2,0
C104748,A204748,Current,93398.56,92061.29
C104749,A204749,Salary,88376.37,0
C104750,A204750,Savings,16584.07,0
C104751,A204751,Savings,145202.45,0
C104752,A204752,Savings,154173.69,0
C104753,A204753,Premium,210443.03,217179.33
C104754,A204754,Savings,250788.11,50000
C104755,A204755,Savings,62907.29,0
C104756,A204756,Salary,253252.38,0
C104757,A204757,Current,281048.55,556685.6
C104758,A204758,Savings,210892.8,50000
C104759,A204759,Savings,304185.06,0
C104760,A204760,Savings,256790.05,0
C104761,A204761,Savings,43490.34,50000
C104762,A204762,Savings,76175.02,50000
C104763,A204763,Savings,105726.95,0
C104764,A204764,Salary,86775.94,0
C104765,A204765,Savings,94734.63,50000
C104766,A204766,Savings,303477.09,0
C104767,A204767,Premium,30911.97,253443.79
C104768,A204768,Savings,194755.64,0
C104769,A204769,Savings,90038.89,50000
C104770,A204770,Salary,116539.54,0
C104771,A204771,Salary,94976.47,0
C104772,A204772,Savings,143209.9,0
C104773,A204773,Salary,172115.34,0
C104774,A204774,Current,68138.19,77736.87
C104775,A204775,Salary,169326.07,0
C104776,A204776,Salary,9166.64,0
C104777,A204777,Salary,218154.6,0
C104778,A204778,Premium,129815.19,140898
C104779,A204779,Salary,79922.25,0
C104780,A204780,Savings,155932.91,0
C104781,A204781,Premium,9064.19,127017.57
C104782,A204782,Savings,239989.49,0
C104783,A204783,Salary,136362.1,0
C104784,A204784,Salary,231364.73,0
C104785,A204785,Savings,470161.82,0
C104786,A204786,Savings,117954.76,0
C104787,A204787,Premium,49858.21,125477.59
C104788,A204788,Savings,281152.34,0
C104789,A204789,Savings,426146.15,0
C104790,A204790,Current,123981.12,138920.93
C104791,A204791,Savings,271919.4,0
C104792,A204792,Salary,288786.52,0
C104793,A204793,Savings,43110.27,0
C104794,A204794,Premium,38364.98,93838.7
C104795,A204795,Premium,70629.36,167103.81
C104796,A204796,Current,139204.17,189156.5
C104797,A204797,Salary,35559.6,0
C104798,A204798,Current,144839,171224.94
C104799,A204799,Savings,317683.47,50000
C104800,A204800,Savings,128127.9,0
C104801,A204801,Salary,84026.12,50000
C104802,A204802,Current,146761.09,185474.24
C104803,A204803,Salary,89907.73,0
C104804,A204804,Current,240437.61,168850.91
C104805,A204805,Savings,193115.48,0
C104806,A204806,Savings,100923.01,0
C104807,A204807,Savings,441301.11,0
C104808,A204808,Salary,151578.68,0
C104809,A204809,Salary,152358.23,0
C104810,A204810,Salary,155546.67,0
C104811,A204811,Salary,167657.8,0
C104812,A204812,Savings,65806.86,0
C104813,A204813,Savings,159255.41,0
C104814,A204814,Savings,172188.53,50000
C104815,A204815,Savings,214843.55,0
C104816,A204816,Savings,230454.97,0
C104817,A204817,Savings,174321.07,50000
C104818,A204818,Salary,55304.15,0
C104819,A204819,Current,95874.27,195352.24
C104820,A204820,Savings,273464.26,0
C104821,A204821,Current,290981.44,306004.28
C104822,A204822,Savings,263907.63,0
C104823,A204823,Current,113918.26,331771.21
C104824,A204824,Savings,266209.94,50000
C104825,A204825,Premium,152841.29,85040.32
C104826,A204826,Savings,85674.39,50000
C104827,A204827,Salary,136165.54,0
C104828,A204828,Salary,99341.37,0
C104829,A204829,Current,196661.84,363780.49
C104830,A204830,Premium,73593.53,221811.05
C104831,A204831,Savings,114209.8,0
C104832,A204832,Savings,249818.91,50000
C104833,A204833,Savings,71965.56,0
C104834,A204834,Salary,150329.86,0
C104835,A204835,Savings,28913.64,0
C104836,A204836,Savings,48845.08,0
C104837,A204837,Savings,74486.91,0
C104838,A204838,Salary,226666.9,50000
C104839,A204839,Savings,42049.81,50000
C104840,A204840,Savings,244975.64,50000
C104841,A204841,Savings,161270.3,0
C104842,A204842,Savings,453855.64,50000
C104843,A204843,Salary,130820.28,50000
C104844,A204844,Savings,84845.35,0
C104845,A204845,Salary,238713.53,0
C104846,A204846,Salary,71705.03,0
C104847,A204847,Savings,254327.52,0
C104848,A204848,Current,103948.46,62716.19
C104849,A204849,Premium,89450.24,140955.86
C104850,A204850,Savings,109734.69,0
C104851,A204851,Savings,546738.78,0
C104852,A204852,Salary,61513.23,0
C104853,A204853,Savings,41183.91,0
C104854,A204854,Salary,141776.01,0
C104855,A204855,Salary,86960.65,50000
C104856,A204856,Savings,33166.63,50000
C104857,A204857,Savings,165289.78,50000
C104858,A204858,Premium,241943.56,374266.47
C104859,A204859,Savings,82418.19,0
C104860,A204860,Savings,296259.97,0
C104861,A204861,Salary,255369.52,0
C104862,A204862,Savings,401221.15,0
C104863,A204863,Premium,122769.16,163932.05
C104864,A204864,Current,255248.54,518973.84
C104865,A204865,Current,85672.55,60689.71
C104866,A204866,Savings,192315.29,50000
C104867,A204867,Salary,149987.64,50000
C104868,A204868,Premium,165315.42,170189.97
C104869,A204869,Savings,175375.37,0
C104870,A204870,Current,235749.08,325553.76
C104871,A204871,Savings,103087.93,50000
C104872,A204872,Savings,171014.49,50000
C104873,A204873,Savings,261466.56,50000
C104874,A204874,Salary,214540.03,0
C104875,A204875,Premium,213553.01,443769.91
C104876,A204876,Salary,97271.59,50000
C104877,A204877,Current,164105.64,317034.58
C104878,A204878,Salary,118234.42,0
C104879,A204879,Salary,125467.37,0
C104880,A204880,Current,71393.17,245311.38
C104881,A204881,Premium,114305.22,125122.57
C104882,A204882,Savings,198310.05,0
C104883,A204883,Savings,278280.73,50000
C104884,A204884,Savings,221381.09,50000
C104885,A204885,Savings,141999.09,0
C104886,A204886,Savings,61558.08,0
C104887,A204887,Premium,171000.1,158857.94
C104888,A204888,Salary,53080.24,0
C104889,A204889,Salary,227106.4,50000
C104890,A204890,Savings,29073.59,0
C104891,A204891,Current,103001.42,144293.64
C104892,A204892,Savings,106663.91,50000
C104893,A204893,Current,61701.87,312285.03
C104894,A204894,Salary,138818,50000
C104895,A204895,Current,218675.14,256360.14
C104896,A204896,Savings,131859.85,0
C104897,A204897,Salary,122311.98,0
C104898,A204898,Savings,116078.82,50000
C104899,A204899,Savings,159914.75,50000
C104900,A204900,Premium,68486.89,222574.54
C104901,A204901,Premium,43229.56,57687.15
C104902,A204902,Savings,57804.24,0
C104903,A204903,Current,177419.95,340270.94
C104904,A204904,Savings,84125.29,0
C104905,A204905,Savings,192760.55,50000
C104906,A204906,Current,100320.68,186562.81
C104907,A204907,Savings,103521.21,0
C104908,A204908,Salary,125112.83,50000
C104909,A204909,Savings,117580.2,0
C104910,A204910,Premium,109185.97,206159.52
C104911,A204911,Current,201346.22,126450.73
C104912,A204912,Salary,229142.6,50000
C104913,A204913,Current,132639.08,334770.18
C104914,A204914,Premium,165788.01,109634.37
C104915,A204915,Premium,27586.87,119530.37
C104916,A204916,Current,73417.21,165407.54
C104917,A204917,Salary,140403.93,0
C104918,A204918,Current,181802.21,407070
C104919,A204919,Savings,62451.36,50000
C104920,A204920,Savings,94252.96,0
C104921,A204921,Savings,350404.3,0
C104922,A204922,Salary,170927.33,50000
C104923,A204923,Savings,12495.81,0
C104924,A204924,Current,234840.84,270310.44
C104925,A204925,Savings,279714.9,50000
C104926,A204926,Current,83474.66,182817.11
C104927,A204927,Salary,189040.8,0
C104928,A204928,Savings,133376.7,0
C104929,A204929,Salary,147506.94,0
C104930,A204930,Salary,76532.2,0
C104931,A204931,Savings,107072.45,0
C104932,A204932,Salary,158782.77,0
C104933,A204933,Savings,60687.7,0
C104934,A204934,Savings,134215.05,0
C104935,A204935,Savings,96407.38,0
C104936,A204936,Premium,101512.26,121665.06
C104937,A204937,Premium,138431.86,422030.63
C104938,A204938,Premium,47328.73,130868.34
C104939,A204939,Salary,107838.6,50000
C104940,A204940,Savings,221088.91,0
C104941,A204941,Savings,81846.21,0
C104942,A204942,Salary,115520.04,50000
C104943,A204943,Salary,84885.68,0
C104944,A204944,Savings,339646.77,0
C104945,A204945,Salary,98938.52,0
C104946,A204946,Savings,228408.05,0
C104947,A204947,Current,297977.64,420066.1
C104948,A204948,Current,173170.25,168924.5
C104949,A204949,Current,377449.19,561747.3
C104950,A204950,Salary,134763.84,0
C104951,A204951,Premium,397528.45,471673.77
C104952,A204952,Savings,7196.57,50000
C104953,A204953,Salary,162886.66,50000
C104954,A204954,Current,145157.84,235184.32
C104955,A204955,Salary,66709.49,50000
C104956,A204956,Savings,178366.54,0
C104957,A204957,Premium,79697.99,194787.9
C104958,A204958,Savings,138796.52,0
C104959,A204959,Savings,115065.67,0
C104960,A204960,Salary,299143.23,0
C104961,A204961,Savings,274785.56,0
C104962,A204962,Savings,47894.34,0
C104963,A204963,Savings,261576.73,0
C104964,A204964,Current,193648.27,81806.89
C104965,A204965,Savings,68979.78,0
C104966,A204966,Savings,215404.46,0
C104967,A204967,Salary,109532.23,0
C104968,A204968,Savings,501640.59,0
C104969,A204969,Savings,274642.15,0
C104970,A204970,Salary,157299.89,50000
C104971,A204971,Current,184037.34,200827.02
C104972,A204972,Salary,119701.21,0
C104973,A204973,Savings,198064.73,0
C104974,A204974,Current,147904.61,162066.5
C104975,A204975,Salary,82356.2,0
C104976,A204976,Savings,107810.9,0
C104977,A204977,Salary,248627.38,0
C104978,A204978,Current,250052,312569.25
C104979,A204979,Savings,261813.52,0
C104980,A204980,Salary,139722.48,0
C104981,A204981,Savings,88611.09,0
C104982,A204982,Salary,164934.29,0
C104983,A204983,Current,10569.91,191080.17
C104984,A204984,Savings,193727.59,0
C104985,A204985,Salary,99227.09,0
C104986,A204986,Salary,259284.74,0
C104987,A204987,Savings,192795.93,50000
C104988,A204988,Salary,278782.94,0
C104989,A204989,Savings,145989.55,0
C104990,A204990,Salary,207315.1,0
C104991,A204991,Savings,157359.27,0
C104992,A204992,Savings,95584.31,0
C104993,A204993,Savings,160402.51,0
C104994,A204994,Salary,53024.02,0
C104995,A204995,Current,197836,156179.23
C104996,A204996,Current,78994.52,350325.62
C104997,A204997,Salary,86825.71,0
C104998,A204998,Savings,218677.93,0
C104999,A204999,Savings,16422.75,0
