customer_id,monthly_txn_avg,last_transaction_date,complaint_count,login_frequency_monthly,churn_probability,churn_flag,Risk_Segment
C100000,1.1,21-06-2026,0,17,0.135,No,Low Risk
C100001,1,02-03-2026,1,14,0.16,No,Medium Risk
C100002,0.6,29-04-2026,0,6,0.135,No,Low Risk
C100003,1.1,30-06-2026,2,3,0.195,Yes,Medium Risk
C100004,0.8,24-06-2026,1,4,0.135,Yes,Medium Risk
C100005,0.9,15-06-2026,1,5,0.135,No,Medium Risk
C100006,0.7,26-06-2026,0,4,0.135,No,Low Risk
C100007,0.8,10-05-2026,1,10,0.135,No,Medium Risk
C100008,0.5,03-02-2026,1,12,0.16,No,Medium Risk
C100009,0.6,18-06-2026,1,13,0.135,No,Medium Risk
C100010,1.2,19-06-2026,1,3,0.17,Yes,Medium Risk
C100011,1.1,29-06-2026,0,11,0.135,No,Low Risk
C100012,0.7,30-06-2026,0,8,0.135,No,Low Risk
C100013,1.2,11-05-2026,1,12,0.135,No,Medium Risk
C100014,0.9,18-06-2026,2,11,0.16,No,Medium Risk
C100015,0.7,08-06-2026,1,8,0.135,Yes,Medium Risk
C100016,1.1,24-06-2026,0,9,0.135,Yes,Low Risk
C100017,0.9,14-05-2026,0,8,0.135,No,Low Risk
C100018,0.7,29-06-2026,1,16,0.135,No,Medium Risk
C100019,1,30-06-2026,0,6,0.135,No,Low Risk
C100020,1.1,16-06-2026,1,11,0.135,No,Medium Risk
C100021,1.1,16-06-2026,0,3,0.17,No,Low Risk
C100022,0.9,12-06-2026,1,13,0.135,No,Medium Risk
C100023,0.8,23-05-2026,1,4,0.135,Yes,Medium Risk
C100024,1.2,11-05-2026,1,20,0.135,No,Medium Risk
C100025,0.9,26-06-2026,1,11,0.135,No,Medium Risk
C100026,1.1,19-05-2026,2,9,0.16,No,Medium Risk
C100027,0.7,28-06-2026,0,7,0.135,No,Low Risk
C100028,0.8,14-06-2026,1,8,0.135,No,Medium Risk
C100029,1.2,21-05-2026,0,11,0.135,Yes,Low Risk
C100030,1.2,03-06-2026,0,14,0.135,No,Low Risk
C100031,1.2,17-06-2026,0,14,0.135,No,Low Risk
C100032,1.1,30-06-2026,0,8,0.135,No,Low Risk
C100033,0.7,21-05-2026,2,3,0.195,No,Medium Risk
C100034,1.1,07-05-2026,0,12,0.135,No,Low Risk
C100035,0.5,28-12-2025,0,9,0.16,No,Low Risk
C100036,0.9,02-05-2026,1,7,0.135,Yes,Medium Risk
C100037,0.8,26-05-2026,1,6,0.135,Yes,Medium Risk
C100038,0.7,04-06-2026,3,15,0.16,No,Medium Risk
C100039,1.1,18-06-2026,0,9,0.135,No,Low Risk
C100040,1.1,26-06-2026,1,4,0.135,No,Medium Risk
C100041,0.8,29-06-2026,2,13,0.16,No,Medium Risk
C100042,0.6,25-06-2026,0,11,0.135,No,Low Risk
C100043,1,26-06-2026,2,5,0.16,No,Medium Risk
C100044,0.6,15-05-2026,1,8,0.135,No,Medium Risk
C100045,1,16-06-2026,4,4,0.16,No,Medium Risk
C100046,0.9,18-06-2026,1,7,0.135,No,Medium Risk
C100047,1,24-06-2026,1,7,0.135,No,Medium Risk
C100048,0.9,11-06-2026,2,15,0.16,No,Medium Risk
C100049,0.7,18-05-2026,2,6,0.16,No,Medium Risk
C100050,1.1,09-05-2026,2,1,0.195,Yes,Medium Risk
C100051,0.6,17-01-2026,0,12,0.16,No,Low Risk
C100052,1.3,18-06-2026,0,13,0.135,No,Low Risk
C100053,0.6,22-04-2026,2,11,0.16,No,Medium Risk
C100054,0.9,13-06-2026,0,15,0.135,No,Low Risk
C100055,0.9,18-06-2026,1,7,0.135,Yes,Medium Risk
C100056,0.4,11-05-2026,1,8,0.135,No,Medium Risk
C100057,0.8,23-06-2026,2,4,0.16,No,Medium Risk
C100058,0.7,25-06-2026,2,8,0.16,Yes,Medium Risk
C100059,0.6,09-01-2026,2,9,0.185,Yes,Medium Risk
C100060,1.1,26-06-2026,0,6,0.135,No,Low Risk
C100061,1.4,16-06-2026,0,5,0.135,No,Low Risk
C100062,0.7,19-03-2026,2,13,0.185,No,Medium Risk
C100063,1.3,18-06-2026,0,11,0.135,No,Low Risk
C100064,0.6,21-06-2026,3,7,0.16,No,Medium Risk
C100065,0.8,07-06-2026,3,10,0.16,No,Medium Risk
C100066,0.9,24-03-2026,0,10,0.16,No,Low Risk
C100067,0.9,08-05-2026,2,15,0.16,Yes,Medium Risk
C100068,1,13-06-2026,1,5,0.135,No,Medium Risk
C100069,1.2,27-05-2026,1,10,0.135,No,Medium Risk
C100070,0.8,19-06-2026,0,4,0.135,Yes,Low Risk
C100071,1.4,01-06-2026,1,7,0.135,No,Medium Risk
C100072,0.9,02-06-2026,2,9,0.16,No,Medium Risk
C100073,1.3,20-06-2026,1,9,0.135,No,Medium Risk
C100074,0.8,15-06-2026,0,10,0.135,Yes,Low Risk
C100075,0.8,21-04-2026,1,11,0.135,No,Medium Risk
C100076,1.3,21-06-2026,1,9,0.135,No,Medium Risk
C100077,0.7,06-06-2026,0,12,0.135,No,Low Risk
C100078,0.7,27-06-2026,1,10,0.135,No,Medium Risk
C100079,1.4,30-06-2026,1,13,0.135,No,Medium Risk
C100080,0.9,15-06-2026,0,7,0.135,Yes,Low Risk
C100081,0.7,29-06-2026,1,6,0.135,No,Medium Risk
C100082,1.1,07-06-2026,0,5,0.135,Yes,Low Risk
C100083,0.6,04-06-2026,3,16,0.16,No,Medium Risk
C100084,1,15-05-2026,1,8,0.135,No,Medium Risk
C100085,0.8,28-04-2026,0,11,0.135,No,Low Risk
C100086,1.2,21-06-2026,0,6,0.135,No,Low Risk
C100087,0.9,29-03-2026,0,5,0.16,Yes,Low Risk
C100088,0.8,17-05-2026,2,17,0.16,No,Medium Risk
C100089,0.5,03-04-2026,0,11,0.135,No,Low Risk
C100090,1.3,11-05-2026,2,13,0.16,No,Medium Risk
C100091,0.8,29-06-2026,0,4,0.135,No,Low Risk
C100092,0.6,17-05-2026,1,8,0.135,No,Medium Risk
C100093,0.9,18-05-2026,3,13,0.16,No,Medium Risk
C100094,0.4,07-04-2026,0,9,0.135,Yes,Low Risk
C100095,1.5,30-06-2026,1,8,0.135,No,Medium Risk
C100096,0.8,28-06-2026,2,6,0.16,No,Medium Risk
C100097,1,29-06-2026,1,6,0.135,No,Medium Risk
C100098,1.1,30-06-2026,0,1,0.17,No,Low Risk
C100099,0.8,13-05-2026,1,11,0.135,No,Medium Risk
C100100,0.9,30-06-2026,1,11,0.135,No,Medium Risk
C100101,1.1,11-04-2026,2,12,0.16,No,Medium Risk
C100102,0.7,20-05-2026,1,8,0.135,Yes,Medium Risk
C100103,0.7,24-03-2026,0,17,0.16,No,Low Risk
C100104,1,29-06-2026,0,9,0.135,Yes,Low Risk
C100105,0.8,31-05-2026,1,3,0.17,No,Medium Risk
C100106,1.2,17-05-2026,0,11,0.135,No,Low Risk
C100107,1,30-04-2026,2,19,0.16,No,Medium Risk
C100108,1.2,25-06-2026,0,14,0.135,No,Low Risk
C100109,1.1,17-06-2026,1,9,0.135,No,Medium Risk
C100110,1,10-06-2026,2,8,0.16,No,Medium Risk
C100111,1,23-05-2026,3,9,0.16,No,Medium Risk
C100112,1.2,19-06-2026,0,3,0.17,No,Low Risk
C100113,0.8,05-05-2026,1,13,0.135,No,Medium Risk
C100114,0.8,30-06-2026,1,15,0.135,No,Medium Risk
C100115,0.7,09-05-2026,0,13,0.135,No,Low Risk
C100116,0.8,20-05-2026,0,8,0.135,No,Low Risk
C100117,0.7,10-04-2026,1,3,0.17,No,Medium Risk
C100118,0.7,27-06-2026,0,13,0.135,No,Low Risk
C100119,0.6,09-06-2026,1,14,0.135,No,Medium Risk
C100120,0.9,26-04-2026,0,9,0.135,Yes,Low Risk
C100121,1.1,28-06-2026,0,6,0.135,No,Low Risk
C100122,1.2,11-06-2026,1,15,0.135,No,Medium Risk
C100123,0.8,10-05-2026,0,16,0.135,No,Low Risk
C100124,0.7,25-05-2026,0,5,0.135,No,Low Risk
C100125,1.2,27-05-2026,1,12,0.135,No,Medium Risk
C100126,0.8,19-05-2026,4,10,0.16,No,Medium Risk
C100127,0.7,28-04-2026,2,4,0.16,No,Medium Risk
C100128,0.9,15-06-2026,3,6,0.16,No,Medium Risk
C100129,0.9,27-05-2026,3,13,0.16,No,Medium Risk
C100130,1.2,18-05-2026,1,10,0.135,No,Medium Risk
C100131,0.4,29-06-2026,1,9,0.135,No,Medium Risk
C100132,1.1,13-06-2026,1,2,0.17,No,Medium Risk
C100133,0.9,30-05-2026,2,11,0.16,No,Medium Risk
C100134,0.4,19-05-2026,1,9,0.135,No,Medium Risk
C100135,1,01-05-2026,1,5,0.135,No,Medium Risk
C100136,0.8,06-05-2026,0,0,0.17,No,Low Risk
C100137,1.1,14-05-2026,1,1,0.17,Yes,Medium Risk
C100138,1.2,28-06-2026,0,3,0.17,No,Low Risk
C100139,0.9,28-05-2026,2,12,0.16,No,Medium Risk
C100140,1.1,22-06-2026,1,10,0.135,No,Medium Risk
C100141,0.7,24-04-2026,0,5,0.135,No,Low Risk
C100142,0.7,18-06-2026,0,7,0.135,No,Low Risk
C100143,0.6,05-05-2026,0,12,0.135,No,Low Risk
C100144,1,15-06-2026,0,7,0.135,Yes,Low Risk
C100145,0.6,28-02-2026,1,10,0.16,No,Medium Risk
C100146,1.2,21-03-2026,0,9,0.16,No,Low Risk
C100147,0.8,20-05-2026,1,9,0.135,Yes,Medium Risk
C100148,0.6,12-05-2026,1,9,0.135,No,Medium Risk
C100149,0.7,15-06-2026,0,12,0.135,No,Low Risk
C100150,0.8,10-06-2026,1,13,0.135,No,Medium Risk
C100151,1,14-05-2026,2,9,0.16,No,Medium Risk
C100152,1,29-06-2026,0,12,0.135,No,Low Risk
C100153,1.2,30-06-2026,0,5,0.135,No,Low Risk
C100154,0.7,05-06-2026,0,8,0.135,No,Low Risk
C100155,1.1,17-06-2026,2,15,0.16,No,Medium Risk
C100156,0.5,26-04-2026,1,10,0.135,No,Medium Risk
C100157,0.6,24-06-2026,1,2,0.17,No,Medium Risk
C100158,1.1,24-06-2026,1,10,0.135,No,Medium Risk
C100159,1.1,11-06-2026,0,7,0.135,No,Low Risk
C100160,1,22-06-2026,1,13,0.135,No,Medium Risk
C100161,1.1,08-05-2026,1,0,0.17,No,Medium Risk
C100162,0.8,03-06-2026,1,18,0.135,No,Medium Risk
C100163,0.9,28-06-2026,2,9,0.16,No,Medium Risk
C100164,0.5,09-05-2026,2,8,0.16,Yes,Medium Risk
C100165,0.9,21-06-2026,0,13,0.135,No,Low Risk
C100166,1.1,14-06-2026,1,21,0.135,No,Medium Risk
C100167,1.1,19-06-2026,1,8,0.135,No,Medium Risk
C100168,0.8,31-05-2026,2,14,0.16,No,Medium Risk
C100169,0.9,25-06-2026,1,14,0.135,No,Medium Risk
C100170,0.7,15-06-2026,0,9,0.135,Yes,Low Risk
C100171,0.6,30-06-2026,1,8,0.135,No,Medium Risk
C100172,1.1,21-05-2026,0,3,0.17,No,Low Risk
C100173,1.1,10-06-2026,1,8,0.135,No,Medium Risk
C100174,0.7,05-06-2026,0,2,0.17,No,Low Risk
C100175,0.8,14-04-2026,1,11,0.135,No,Medium Risk
C100176,0.9,01-05-2026,1,9,0.135,No,Medium Risk
C100177,0.8,11-06-2026,0,5,0.135,No,Low Risk
C100178,1.1,15-06-2026,1,13,0.135,No,Medium Risk
C100179,1.1,02-06-2026,0,10,0.135,No,Low Risk
C100180,0.5,08-05-2026,1,4,0.135,No,Medium Risk
C100181,0.7,23-05-2026,0,4,0.135,Yes,Low Risk
C100182,1.1,22-06-2026,0,13,0.135,No,Low Risk
C100183,0.9,23-04-2026,0,9,0.135,Yes,Low Risk
C100184,0.7,06-06-2026,2,10,0.16,Yes,Medium Risk
C100185,1.1,24-05-2026,1,4,0.135,No,Medium Risk
C100186,0.8,14-05-2026,2,6,0.16,No,Medium Risk
C100187,0.9,04-05-2026,1,7,0.135,No,Medium Risk
C100188,0.7,25-06-2026,0,7,0.135,No,Low Risk
C100189,1.2,04-06-2026,0,14,0.135,No,Low Risk
C100190,0.8,27-05-2026,0,12,0.135,Yes,Low Risk
C100191,0.7,18-02-2026,0,13,0.16,No,Low Risk
C100192,1.4,24-06-2026,0,8,0.135,Yes,Low Risk
C100193,0.9,22-05-2026,0,9,0.135,No,Low Risk
C100194,1.2,24-06-2026,2,10,0.16,No,Medium Risk
C100195,0.7,18-02-2026,2,11,0.185,No,Medium Risk
C100196,1.6,17-04-2026,0,10,0.135,Yes,Low Risk
C100197,0.6,09-06-2026,1,10,0.135,No,Medium Risk
C100198,0.8,20-04-2026,1,18,0.135,Yes,Medium Risk
C100199,0.9,02-05-2026,0,7,0.135,Yes,Low Risk
C100200,0.9,20-06-2026,0,3,0.17,No,Low Risk
C100201,0.5,02-06-2026,0,6,0.135,No,Low Risk
C100202,1,29-06-2026,2,1,0.195,No,Medium Risk
C100203,0.6,02-06-2026,0,2,0.17,No,Low Risk
C100204,0.9,28-06-2026,1,7,0.135,No,Medium Risk
C100205,0.9,24-04-2026,0,4,0.135,No,Low Risk
C100206,0.6,24-05-2026,3,10,0.16,Yes,Medium Risk
C100207,0.9,30-06-2026,2,14,0.16,No,Medium Risk
C100208,1.1,17-06-2026,0,11,0.135,No,Low Risk
C100209,0.8,03-06-2026,0,7,0.135,Yes,Low Risk
C100210,0.6,17-03-2026,0,18,0.16,No,Low Risk
C100211,1.1,24-06-2026,1,10,0.135,No,Medium Risk
C100212,1.1,29-05-2026,0,8,0.135,No,Low Risk
C100213,0.8,13-06-2026,0,12,0.135,No,Low Risk
C100214,1.2,27-05-2026,0,9,0.135,No,Low Risk
C100215,1.1,04-03-2026,2,10,0.185,No,Medium Risk
C100216,0.9,26-05-2026,1,4,0.135,No,Medium Risk
C100217,0.7,19-06-2026,0,14,0.135,No,Low Risk
C100218,1,20-06-2026,0,16,0.135,No,Low Risk
C100219,0.8,29-05-2026,2,8,0.16,No,Medium Risk
C100220,1.1,08-06-2026,0,9,0.135,No,Low Risk
C100221,0.9,19-06-2026,0,6,0.135,No,Low Risk
C100222,1.1,29-06-2026,1,10,0.135,No,Medium Risk
C100223,0.8,30-06-2026,0,8,0.135,No,Low Risk
C100224,1.2,21-06-2026,0,12,0.135,No,Low Risk
C100225,0.8,03-03-2026,0,12,0.16,No,Low Risk
C100226,0.4,09-06-2026,0,5,0.135,No,Low Risk
C100227,1.1,29-04-2026,1,1,0.17,No,Medium Risk
C100228,1.1,26-06-2026,0,14,0.135,No,Low Risk
C100229,0.9,14-05-2026,1,11,0.135,Yes,Medium Risk
C100230,0.8,22-05-2026,1,7,0.135,No,Medium Risk
C100231,0.9,15-06-2026,1,5,0.135,No,Medium Risk
C100232,1,13-06-2026,0,13,0.135,No,Low Risk
C100233,1.1,29-06-2026,1,7,0.135,No,Medium Risk
C100234,0.9,23-05-2026,0,11,0.135,No,Low Risk
C100235,1,26-06-2026,0,7,0.135,No,Low Risk
C100236,1,25-05-2026,2,14,0.16,Yes,Medium Risk
C100237,0.9,30-05-2026,1,10,0.135,No,Medium Risk
C100238,0.6,05-06-2026,0,4,0.135,No,Low Risk
C100239,1.2,28-05-2026,1,9,0.135,No,Medium Risk
C100240,0.7,14-05-2026,0,14,0.135,No,Low Risk
C100241,0.6,21-04-2026,2,7,0.16,Yes,Medium Risk
C100242,0.6,30-06-2026,3,9,0.16,No,Medium Risk
C100243,1,06-04-2026,1,7,0.135,No,Medium Risk
C100244,0.8,29-06-2026,2,9,0.16,No,Medium Risk
C100245,0.7,18-05-2026,0,14,0.135,No,Low Risk
C100246,0.8,04-06-2026,1,3,0.17,No,Medium Risk
C100247,0.9,11-06-2026,1,11,0.135,No,Medium Risk
C100248,0.4,30-05-2026,4,7,0.16,No,Medium Risk
C100249,0.9,21-06-2026,0,8,0.135,No,Low Risk
C100250,0.7,21-05-2026,3,10,0.16,No,Medium Risk
C100251,0.5,03-06-2026,0,5,0.135,No,Low Risk
C100252,1,06-05-2026,0,11,0.135,No,Low Risk
C100253,0.8,07-06-2026,2,9,0.16,No,Medium Risk
C100254,0.8,19-06-2026,0,12,0.135,No,Low Risk
C100255,0.6,14-06-2026,0,13,0.135,No,Low Risk
C100256,0.9,03-06-2026,1,12,0.135,No,Medium Risk
C100257,0.7,27-06-2026,0,5,0.135,No,Low Risk
C100258,1.3,15-06-2026,0,6,0.135,No,Low Risk
C100259,0.9,29-05-2026,0,8,0.135,No,Low Risk
C100260,1,30-06-2026,0,6,0.135,No,Low Risk
C100261,0.8,19-03-2026,3,7,0.185,No,Medium Risk
C100262,0.9,03-06-2026,1,11,0.135,No,Medium Risk
C100263,0.9,23-05-2026,1,9,0.135,No,Medium Risk
C100264,0.6,19-05-2026,1,5,0.135,No,Medium Risk
C100265,0.8,16-04-2026,1,11,0.135,No,Medium Risk
C100266,1.1,17-05-2026,1,6,0.135,No,Medium Risk
C100267,1.3,12-06-2026,2,14,0.16,No,Medium Risk
C100268,0.8,07-04-2026,0,6,0.135,Yes,Low Risk
C100269,1.1,27-03-2026,1,8,0.16,No,Medium Risk
C100270,0.8,12-04-2026,1,10,0.135,Yes,Medium Risk
C100271,0.6,22-04-2026,0,10,0.135,No,Low Risk
C100272,0.8,20-05-2026,1,11,0.135,No,Medium Risk
C100273,1,30-06-2026,1,10,0.135,No,Medium Risk
C100274,0.8,21-06-2026,3,11,0.16,Yes,Medium Risk
C100275,0.8,25-06-2026,1,11,0.135,Yes,Medium Risk
C100276,0.9,11-06-2026,1,24,0.135,No,Medium Risk
C100277,1.3,23-06-2026,0,4,0.135,No,Low Risk
C100278,0.8,09-06-2026,0,11,0.135,No,Low Risk
C100279,0.8,25-04-2026,2,16,0.16,No,Medium Risk
C100280,1.2,05-06-2026,1,14,0.135,No,Medium Risk
C100281,0.6,26-06-2026,1,14,0.135,No,Medium Risk
C100282,1.1,16-06-2026,1,10,0.135,No,Medium Risk
C100283,0.9,27-06-2026,1,6,0.135,Yes,Medium Risk
C100284,1.2,15-06-2026,1,13,0.135,Yes,Medium Risk
C100285,0.9,27-06-2026,0,11,0.135,No,Low Risk
C100286,0.7,24-06-2026,0,16,0.135,No,Low Risk
C100287,0.6,16-06-2026,2,2,0.195,No,Medium Risk
C100288,1.2,08-06-2026,0,8,0.135,No,Low Risk
C100289,0.8,10-06-2026,1,5,0.135,No,Medium Risk
C100290,0.5,10-03-2026,1,13,0.16,No,Medium Risk
C100291,1.1,27-06-2026,2,6,0.16,No,Medium Risk
C100292,1.2,20-06-2026,0,15,0.135,No,Low Risk
C100293,0.9,24-06-2026,2,16,0.16,Yes,Medium Risk
C100294,0.9,19-06-2026,1,11,0.135,No,Medium Risk
C100295,0.6,30-05-2026,0,6,0.135,No,Low Risk
C100296,0.8,01-05-2026,0,8,0.135,No,Low Risk
C100297,0.8,29-05-2026,2,13,0.16,No,Medium Risk
C100298,0.7,02-05-2026,0,6,0.135,No,Low Risk
C100299,0.9,26-04-2026,0,5,0.135,No,Low Risk
C100300,1.1,04-06-2026,0,13,0.135,No,Low Risk
C100301,0.7,25-03-2026,1,8,0.16,Yes,Medium Risk
C100302,1.1,12-06-2026,1,9,0.135,No,Medium Risk
C100303,1.1,11-03-2026,4,13,0.185,Yes,Medium Risk
C100304,0.6,29-04-2026,1,7,0.135,No,Medium Risk
C100305,0.7,30-06-2026,2,7,0.16,Yes,Medium Risk
C100306,0.6,14-06-2026,1,18,0.135,No,Medium Risk
C100307,0.8,23-05-2026,0,11,0.135,Yes,Low Risk
C100308,0.7,06-05-2026,1,13,0.135,No,Medium Risk
C100309,1.1,02-04-2026,1,9,0.135,No,Medium Risk
C100310,1,18-05-2026,1,12,0.135,No,Medium Risk
C100311,0.8,07-04-2026,0,10,0.135,No,Low Risk
C100312,0.9,29-03-2026,2,7,0.185,No,Medium Risk
C100313,0.8,24-06-2026,1,15,0.135,No,Medium Risk
C100314,0.9,17-05-2026,2,7,0.16,No,Medium Risk
C100315,0.9,24-05-2026,2,11,0.16,No,Medium Risk
C100316,1.3,28-06-2026,0,12,0.135,No,Low Risk
C100317,0.6,16-06-2026,1,8,0.135,No,Medium Risk
C100318,0.8,30-05-2026,0,9,0.135,No,Low Risk
C100319,1,16-06-2026,0,6,0.135,No,Low Risk
C100320,0.6,27-06-2026,3,11,0.16,Yes,Medium Risk
C100321,1.2,13-05-2026,4,9,0.16,No,Medium Risk
C100322,0.9,28-06-2026,0,6,0.135,No,Low Risk
C100323,0.7,09-04-2026,2,17,0.16,No,Medium Risk
C100324,0.8,27-06-2026,6,8,0.16,No,Medium Risk
C100325,0.7,28-06-2026,3,4,0.16,No,Medium Risk
C100326,1,09-06-2026,1,5,0.135,No,Medium Risk
C100327,1.3,09-06-2026,1,9,0.135,No,Medium Risk
C100328,0.7,08-06-2026,3,12,0.16,No,Medium Risk
C100329,1.2,03-06-2026,2,8,0.16,No,Medium Risk
C100330,1.1,25-06-2026,0,4,0.135,No,Low Risk
C100331,0.6,29-06-2026,1,11,0.135,No,Medium Risk
C100332,0.7,25-05-2026,1,5,0.135,No,Medium Risk
C100333,0.8,18-06-2026,1,16,0.135,Yes,Medium Risk
C100334,0.9,23-06-2026,2,12,0.16,No,Medium Risk
C100335,1,03-04-2026,2,11,0.16,No,Medium Risk
C100336,0.8,25-05-2026,1,5,0.135,No,Medium Risk
C100337,0.9,27-06-2026,0,12,0.135,No,Low Risk
C100338,1,21-04-2026,1,2,0.17,Yes,Medium Risk
C100339,1.4,19-06-2026,2,9,0.16,Yes,Medium Risk
C100340,1.2,27-06-2026,0,7,0.135,Yes,Low Risk
C100341,0.6,22-05-2026,1,2,0.17,No,Medium Risk
C100342,0.9,02-05-2026,0,7,0.135,Yes,Low Risk
C100343,0.7,11-06-2026,0,6,0.135,No,Low Risk
C100344,0.7,28-05-2026,0,0,0.17,No,Low Risk
C100345,1.5,17-06-2026,1,6,0.135,No,Medium Risk
C100346,0.9,17-03-2026,0,7,0.16,No,Low Risk
C100347,1.1,24-03-2026,1,8,0.16,No,Medium Risk
C100348,1.3,15-05-2026,2,14,0.16,Yes,Medium Risk
C100349,0.8,18-06-2026,3,4,0.16,No,Medium Risk
C100350,0.6,16-05-2026,1,10,0.135,No,Medium Risk
C100351,1.1,27-05-2026,0,9,0.135,No,Low Risk
C100352,1.1,26-05-2026,0,6,0.135,No,Low Risk
C100353,1.2,22-06-2026,2,9,0.16,No,Medium Risk
C100354,0.8,27-04-2026,1,4,0.135,No,Medium Risk
C100355,0.6,04-05-2026,1,11,0.135,No,Medium Risk
C100356,1.2,27-06-2026,0,16,0.135,No,Low Risk
C100357,0.8,30-06-2026,1,0,0.17,No,Medium Risk
C100358,0.8,08-05-2026,1,9,0.135,No,Medium Risk
C100359,0.9,22-12-2025,1,9,0.16,No,Medium Risk
C100360,0.9,22-06-2026,0,13,0.135,No,Low Risk
C100361,0.9,26-06-2026,0,10,0.135,No,Low Risk
C100362,1.1,29-06-2026,0,15,0.135,No,Low Risk
C100363,1.2,16-05-2026,3,4,0.16,No,Medium Risk
C100364,0.9,16-06-2026,2,10,0.16,No,Medium Risk
C100365,1.2,17-06-2026,1,8,0.135,No,Medium Risk
C100366,0.6,05-06-2026,1,10,0.135,No,Medium Risk
C100367,0.8,29-06-2026,4,10,0.16,No,Medium Risk
C100368,0.9,23-05-2026,3,8,0.16,Yes,Medium Risk
C100369,0.7,25-06-2026,0,15,0.135,No,Low Risk
C100370,0.9,29-05-2026,1,7,0.135,No,Medium Risk
C100371,0.6,31-05-2026,2,9,0.16,No,Medium Risk
C100372,0.9,24-06-2026,1,8,0.135,No,Medium Risk
C100373,0.5,01-06-2026,0,1,0.17,No,Low Risk
C100374,0.6,26-06-2026,1,11,0.135,No,Medium Risk
C100375,0.6,29-06-2026,0,12,0.135,No,Low Risk
C100376,1,11-06-2026,1,6,0.135,No,Medium Risk
C100377,0.6,16-01-2026,0,12,0.16,No,Low Risk
C100378,0.6,25-06-2026,3,7,0.16,No,Medium Risk
C100379,0.9,23-06-2026,1,8,0.135,No,Medium Risk
C100380,0.8,16-04-2026,0,10,0.135,No,Low Risk
C100381,1.1,30-06-2026,2,9,0.16,No,Medium Risk
C100382,0.8,26-06-2026,0,4,0.135,No,Low Risk
C100383,0.6,13-05-2026,0,3,0.17,No,Low Risk
C100384,1.2,17-06-2026,0,11,0.135,Yes,Low Risk
C100385,1.4,17-06-2026,3,8,0.16,Yes,Medium Risk
C100386,0.9,17-06-2026,0,6,0.135,No,Low Risk
C100387,1.2,04-06-2026,1,3,0.17,No,Medium Risk
C100388,0.9,21-06-2026,0,11,0.135,No,Low Risk
C100389,0.6,09-10-2025,1,6,0.16,No,Medium Risk
C100390,0.4,07-03-2026,0,13,0.16,No,Low Risk
C100391,0.6,30-06-2026,1,11,0.135,No,Medium Risk
C100392,1.1,25-06-2026,0,12,0.135,No,Low Risk
C100393,0.8,23-06-2026,1,17,0.135,No,Medium Risk
C100394,1.2,28-06-2026,0,8,0.135,No,Low Risk
C100395,1.1,03-05-2026,1,12,0.135,No,Medium Risk
C100396,0.6,23-06-2026,1,7,0.135,No,Medium Risk
C100397,1.4,03-06-2026,0,7,0.135,No,Low Risk
C100398,0.9,28-06-2026,0,16,0.135,No,Low Risk
C100399,0.8,29-05-2026,1,7,0.135,No,Medium Risk
C100400,0.7,28-03-2026,1,7,0.16,Yes,Medium Risk
C100401,0.7,14-06-2026,0,11,0.135,No,Low Risk
C100402,1.4,03-06-2026,1,10,0.135,No,Medium Risk
C100403,0.7,23-06-2026,1,7,0.135,No,Medium Risk
C100404,0.9,19-06-2026,1,7,0.135,No,Medium Risk
C100405,0.9,06-05-2026,1,17,0.135,No,Medium Risk
C100406,1.1,13-06-2026,0,3,0.17,No,Low Risk
C100407,0.9,17-06-2026,0,15,0.135,No,Low Risk
C100408,0.9,13-06-2026,0,5,0.135,No,Low Risk
C100409,0.9,01-04-2026,3,3,0.195,No,Medium Risk
C100410,1.1,11-04-2026,0,11,0.135,No,Low Risk
C100411,0.7,03-05-2026,0,11,0.135,No,Low Risk
C100412,1.2,09-06-2026,2,8,0.16,Yes,Medium Risk
C100413,0.6,30-05-2026,3,8,0.16,No,Medium Risk
C100414,1,23-06-2026,2,10,0.16,No,Medium Risk
C100415,0.9,30-05-2026,0,6,0.135,Yes,Low Risk
C100416,0.8,28-06-2026,0,9,0.135,No,Low Risk
C100417,1,04-04-2026,1,14,0.135,No,Medium Risk
C100418,0.9,11-06-2026,1,7,0.135,No,Medium Risk
C100419,0.9,22-06-2026,1,11,0.135,No,Medium Risk
C100420,0.9,13-06-2026,2,11,0.16,No,Medium Risk
C100421,0.7,11-05-2026,1,8,0.135,No,Medium Risk
C100422,1.1,15-06-2026,0,9,0.135,No,Low Risk
C100423,1.1,21-06-2026,1,8,0.135,No,Medium Risk
C100424,0.6,24-06-2026,0,0,0.17,No,Low Risk
C100425,0.6,15-06-2026,1,6,0.135,No,Medium Risk
C100426,0.9,29-06-2026,2,11,0.16,No,Medium Risk
C100427,0.7,30-04-2026,0,8,0.135,Yes,Low Risk
C100428,1.1,26-05-2026,0,6,0.135,Yes,Low Risk
C100429,1,04-06-2026,1,8,0.135,No,Medium Risk
C100430,0.9,15-06-2026,1,13,0.135,No,Medium Risk
C100431,1.1,12-05-2026,2,8,0.16,No,Medium Risk
C100432,0.6,30-04-2026,2,12,0.16,No,Medium Risk
C100433,1.1,30-06-2026,0,12,0.135,No,Low Risk
C100434,1,17-05-2026,1,7,0.135,No,Medium Risk
C100435,0.9,14-06-2026,1,5,0.135,No,Medium Risk
C100436,0.6,03-06-2026,0,12,0.135,No,Low Risk
C100437,0.7,02-05-2026,0,13,0.135,Yes,Low Risk
C100438,0.9,06-04-2026,0,13,0.135,Yes,Low Risk
C100439,1.1,23-06-2026,2,11,0.16,No,Medium Risk
C100440,0.8,25-06-2026,0,10,0.135,Yes,Low Risk
C100441,1.3,25-06-2026,1,8,0.135,No,Medium Risk
C100442,0.8,16-06-2026,0,14,0.135,No,Low Risk
C100443,0.9,29-05-2026,1,11,0.135,No,Medium Risk
C100444,1,16-03-2026,3,4,0.185,Yes,Medium Risk
C100445,1,25-04-2026,0,9,0.135,No,Low Risk
C100446,1.4,30-06-2026,0,7,0.135,No,Low Risk
C100447,1.1,23-06-2026,1,19,0.135,No,Medium Risk
C100448,0.7,10-05-2026,1,8,0.135,No,Medium Risk
C100449,0.9,28-06-2026,1,5,0.135,No,Medium Risk
C100450,0.6,18-04-2026,1,13,0.135,No,Medium Risk
C100451,0.8,01-05-2026,1,12,0.135,No,Medium Risk
C100452,1.2,23-06-2026,1,8,0.135,No,Medium Risk
C100453,0.7,08-06-2026,3,6,0.16,No,Medium Risk
C100454,0.7,02-06-2026,0,11,0.135,No,Low Risk
C100455,1.1,23-06-2026,3,7,0.16,No,Medium Risk
C100456,1,27-06-2026,1,14,0.135,Yes,Medium Risk
C100457,1.2,16-06-2026,1,6,0.135,No,Medium Risk
C100458,0.9,18-06-2026,1,14,0.135,No,Medium Risk
C100459,0.9,01-06-2026,1,0,0.17,No,Medium Risk
C100460,0.7,08-06-2026,1,10,0.135,No,Medium Risk
C100461,1.1,17-06-2026,0,7,0.135,No,Low Risk
C100462,1,15-06-2026,0,9,0.135,No,Low Risk
C100463,1.1,27-06-2026,2,8,0.16,Yes,Medium Risk
C100464,1,11-06-2026,0,6,0.135,No,Low Risk
C100465,1.2,27-04-2026,1,4,0.135,Yes,Medium Risk
C100466,1,30-06-2026,0,23,0.135,No,Low Risk
C100467,0.8,24-05-2026,1,6,0.135,No,Medium Risk
C100468,0.7,28-05-2026,0,6,0.135,No,Low Risk
C100469,1.1,04-03-2026,4,6,0.185,Yes,Medium Risk
C100470,0.5,26-05-2026,0,7,0.135,No,Low Risk
C100471,0.8,11-06-2026,3,9,0.16,No,Medium Risk
C100472,0.9,29-05-2026,0,6,0.135,No,Low Risk
C100473,0.8,29-05-2026,1,2,0.17,No,Medium Risk
C100474,0.8,24-06-2026,0,9,0.135,No,Low Risk
C100475,0.6,17-04-2026,1,4,0.135,No,Medium Risk
C100476,1.2,05-06-2026,2,8,0.16,No,Medium Risk
C100477,0.6,07-06-2026,0,14,0.135,No,Low Risk
C100478,0.9,24-04-2026,1,8,0.135,Yes,Medium Risk
C100479,1.1,16-05-2026,0,11,0.135,Yes,Low Risk
C100480,0.8,26-06-2026,0,11,0.135,Yes,Low Risk
C100481,0.6,26-03-2026,3,2,0.22,No,Medium Risk
C100482,1.1,27-06-2026,0,10,0.135,Yes,Low Risk
C100483,0.9,14-06-2026,2,14,0.16,No,Medium Risk
C100484,1.1,23-06-2026,1,4,0.135,No,Medium Risk
C100485,0.7,07-05-2026,3,11,0.16,Yes,Medium Risk
C100486,0.8,20-06-2026,1,9,0.135,Yes,Medium Risk
C100487,1.1,29-06-2026,0,5,0.135,No,Low Risk
C100488,0.8,09-06-2026,1,8,0.135,No,Medium Risk
C100489,1.3,17-06-2026,1,14,0.135,No,Medium Risk
C100490,0.6,14-06-2026,1,15,0.135,No,Medium Risk
C100491,0.7,30-05-2026,1,17,0.135,Yes,Medium Risk
C100492,1.3,27-06-2026,1,7,0.135,No,Medium Risk
C100493,0.5,14-06-2026,2,5,0.16,No,Medium Risk
C100494,1.2,27-05-2026,1,11,0.135,No,Medium Risk
C100495,0.9,10-05-2026,1,10,0.135,No,Medium Risk
C100496,1.2,30-04-2026,1,11,0.135,No,Medium Risk
C100497,1.1,23-06-2026,1,5,0.135,No,Medium Risk
C100498,1.1,21-06-2026,1,16,0.135,No,Medium Risk
C100499,1.1,27-06-2026,0,7,0.135,No,Low Risk
C100500,0.7,29-06-2026,0,5,0.135,No,Low Risk
C100501,0.6,02-05-2026,2,17,0.16,No,Medium Risk
C100502,0.6,05-03-2026,1,8,0.16,No,Medium Risk
C100503,0.9,06-05-2026,1,8,0.135,No,Medium Risk
C100504,1,19-06-2026,2,11,0.16,No,Medium Risk
C100505,0.5,08-06-2026,0,5,0.135,No,Low Risk
C100506,0.7,08-01-2026,0,11,0.16,Yes,Low Risk
C100507,0.7,03-05-2026,1,10,0.135,Yes,Medium Risk
C100508,0.5,27-05-2026,1,10,0.135,No,Medium Risk
C100509,1.1,14-06-2026,0,4,0.135,No,Low Risk
C100510,0.5,14-04-2026,1,8,0.135,No,Medium Risk
C100511,0.8,22-06-2026,0,6,0.135,No,Low Risk
C100512,1.2,16-06-2026,1,10,0.135,No,Medium Risk
C100513,0.9,11-04-2026,1,5,0.135,No,Medium Risk
C100514,0.9,15-04-2026,1,0,0.17,No,Medium Risk
C100515,0.8,09-06-2026,1,14,0.135,Yes,Medium Risk
C100516,0.9,20-06-2026,2,8,0.16,Yes,Medium Risk
C100517,0.7,03-06-2026,2,5,0.16,No,Medium Risk
C100518,0.7,10-05-2026,0,17,0.135,No,Low Risk
C100519,0.8,21-04-2026,1,14,0.135,No,Medium Risk
C100520,0.8,04-06-2026,1,9,0.135,No,Medium Risk
C100521,0.9,09-06-2026,3,9,0.16,No,Medium Risk
C100522,0.9,27-06-2026,0,7,0.135,No,Low Risk
C100523,1.1,28-06-2026,0,8,0.135,No,Low Risk
C100524,1.1,05-04-2026,0,11,0.135,Yes,Low Risk
C100525,0.8,26-04-2026,0,10,0.135,No,Low Risk
C100526,0.8,05-05-2026,1,9,0.135,No,Medium Risk
C100527,1.1,23-06-2026,0,8,0.135,No,Low Risk
C100528,0.9,20-06-2026,2,10,0.16,No,Medium Risk
C100529,0.6,23-06-2026,1,11,0.135,Yes,Medium Risk
C100530,0.9,04-06-2026,1,7,0.135,No,Medium Risk
C100531,1.2,11-06-2026,3,8,0.16,No,Medium Risk
C100532,1.2,25-06-2026,1,13,0.135,No,Medium Risk
C100533,1.1,10-06-2026,2,8,0.16,No,Medium Risk
C100534,1.2,27-05-2026,0,5,0.135,No,Low Risk
C100535,0.8,21-06-2026,1,12,0.135,No,Medium Risk
C100536,1.2,25-06-2026,0,4,0.135,No,Low Risk
C100537,0.7,24-02-2026,1,7,0.16,No,Medium Risk
C100538,0.6,04-04-2026,1,14,0.135,No,Medium Risk
C100539,0.6,06-02-2026,1,8,0.16,Yes,Medium Risk
C100540,0.6,08-05-2026,0,9,0.135,Yes,Low Risk
C100541,0.7,16-04-2026,1,8,0.135,No,Medium Risk
C100542,0.9,01-06-2026,1,13,0.135,No,Medium Risk
C100543,1.1,25-06-2026,1,13,0.135,Yes,Medium Risk
C100544,0.8,11-04-2026,3,9,0.16,No,Medium Risk
C100545,0.6,30-05-2026,1,18,0.135,No,Medium Risk
C100546,0.9,29-06-2026,0,15,0.135,No,Low Risk
C100547,0.7,04-06-2026,0,10,0.135,No,Low Risk
C100548,0.9,22-03-2026,0,7,0.16,No,Low Risk
C100549,0.9,24-02-2026,0,7,0.16,No,Low Risk
C100550,1.1,23-06-2026,0,13,0.135,No,Low Risk
C100551,1.2,28-06-2026,1,7,0.135,No,Medium Risk
C100552,1,29-05-2026,0,12,0.135,No,Low Risk
C100553,0.7,27-06-2026,1,10,0.135,No,Medium Risk
C100554,1.4,16-06-2026,1,6,0.135,No,Medium Risk
C100555,0.8,14-06-2026,1,5,0.135,No,Medium Risk
C100556,0.7,04-02-2026,0,9,0.16,No,Low Risk
C100557,1,05-06-2026,1,8,0.135,No,Medium Risk
C100558,1.3,17-06-2026,2,9,0.16,Yes,Medium Risk
C100559,0.6,26-06-2026,0,11,0.135,No,Low Risk
C100560,0.7,07-06-2026,2,6,0.16,No,Medium Risk
C100561,0.8,26-06-2026,0,2,0.17,No,Low Risk
C100562,1.1,16-06-2026,0,8,0.135,No,Low Risk
C100563,1,31-05-2026,0,8,0.135,No,Low Risk
C100564,0.6,27-05-2026,1,4,0.135,No,Medium Risk
C100565,1.1,23-05-2026,0,15,0.135,No,Low Risk
C100566,0.9,26-05-2026,1,3,0.17,No,Medium Risk
C100567,0.6,19-06-2026,1,6,0.135,No,Medium Risk
C100568,1.1,22-06-2026,2,7,0.16,No,Medium Risk
C100569,0.7,02-06-2026,0,8,0.135,No,Low Risk
C100570,0.9,11-05-2026,1,9,0.135,No,Medium Risk
C100571,0.7,27-06-2026,1,8,0.135,No,Medium Risk
C100572,0.8,07-05-2026,0,5,0.135,No,Low Risk
C100573,0.5,21-02-2026,0,10,0.16,No,Low Risk
C100574,1.1,25-06-2026,2,10,0.16,No,Medium Risk
C100575,0.6,13-04-2026,3,12,0.16,Yes,Medium Risk
C100576,1,19-05-2026,0,8,0.135,No,Low Risk
C100577,1.2,03-06-2026,3,11,0.16,Yes,Medium Risk
C100578,0.9,23-05-2026,0,13,0.135,No,Low Risk
C100579,0.8,24-06-2026,0,8,0.135,No,Low Risk
C100580,1.2,12-06-2026,1,8,0.135,No,Medium Risk
C100581,0.5,17-06-2026,1,9,0.135,No,Medium Risk
C100582,1.1,02-06-2026,1,4,0.135,No,Medium Risk
C100583,1.1,29-06-2026,1,11,0.135,No,Medium Risk
C100584,1.1,07-05-2026,2,3,0.195,No,Medium Risk
C100585,0.9,28-06-2026,1,8,0.135,No,Medium Risk
C100586,1.1,28-06-2026,0,8,0.135,No,Low Risk
C100587,0.9,31-05-2026,0,8,0.135,No,Low Risk
C100588,1.1,19-06-2026,0,0,0.17,No,Low Risk
C100589,1.1,03-06-2026,0,6,0.135,No,Low Risk
C100590,1.3,29-06-2026,0,12,0.135,No,Low Risk
C100591,0.8,12-06-2026,1,5,0.135,No,Medium Risk
C100592,0.8,27-06-2026,1,11,0.135,No,Medium Risk
C100593,0.9,10-06-2026,0,16,0.135,No,Low Risk
C100594,1.1,16-02-2026,2,3,0.22,No,Medium Risk
C100595,1.2,28-06-2026,2,5,0.16,No,Medium Risk
C100596,1.2,30-06-2026,1,17,0.135,No,Medium Risk
C100597,1.2,14-05-2026,1,13,0.135,No,Medium Risk
C100598,0.7,04-06-2026,0,12,0.135,No,Low Risk
C100599,0.7,16-06-2026,1,11,0.135,No,Medium Risk
C100600,0.9,20-06-2026,1,4,0.135,No,Medium Risk
C100601,1.2,22-05-2026,2,6,0.16,No,Medium Risk
C100602,0.7,08-06-2026,0,12,0.135,No,Low Risk
C100603,1.3,27-06-2026,2,10,0.16,Yes,Medium Risk
C100604,0.9,29-06-2026,0,14,0.135,Yes,Low Risk
C100605,0.8,24-06-2026,1,14,0.135,No,Medium Risk
C100606,0.9,25-04-2026,0,6,0.135,No,Low Risk
C100607,1.1,27-06-2026,2,12,0.16,No,Medium Risk
C100608,0.9,29-06-2026,1,7,0.135,No,Medium Risk
C100609,1,17-06-2026,1,17,0.135,No,Medium Risk
C100610,1.1,29-05-2026,1,8,0.135,No,Medium Risk
C100611,1.2,26-06-2026,0,13,0.135,No,Low Risk
C100612,1.1,05-05-2026,1,5,0.135,No,Medium Risk
C100613,0.9,21-06-2026,3,15,0.16,No,Medium Risk
C100614,1.2,03-06-2026,1,8,0.135,Yes,Medium Risk
C100615,0.9,26-06-2026,2,13,0.16,No,Medium Risk
C100616,0.8,24-02-2026,0,11,0.16,No,Low Risk
C100617,0.8,28-06-2026,1,12,0.135,No,Medium Risk
C100618,0.7,08-05-2026,0,10,0.135,No,Low Risk
C100619,1,05-06-2026,0,8,0.135,No,Low Risk
C100620,1.2,29-05-2026,3,4,0.16,No,Medium Risk
C100621,0.8,19-06-2026,0,3,0.17,No,Low Risk
C100622,0.7,23-02-2026,0,6,0.16,No,Low Risk
C100623,1.1,18-05-2026,1,7,0.135,No,Medium Risk
C100624,0.8,29-05-2026,0,7,0.135,No,Low Risk
C100625,1,29-04-2026,0,11,0.135,No,Low Risk
C100626,1.1,25-02-2026,1,16,0.16,No,Medium Risk
C100627,1.3,14-06-2026,2,6,0.16,No,Medium Risk
C100628,0.8,21-06-2026,1,12,0.135,No,Medium Risk
C100629,0.7,29-01-2026,2,5,0.185,No,Medium Risk
C100630,0.7,11-05-2026,0,10,0.135,Yes,Low Risk
C100631,1.3,12-06-2026,0,9,0.135,Yes,Low Risk
C100632,0.6,21-04-2026,0,8,0.135,No,Low Risk
C100633,1.1,14-06-2026,1,5,0.135,No,Medium Risk
C100634,0.4,30-03-2026,1,7,0.16,No,Medium Risk
C100635,0.6,09-06-2026,1,16,0.135,No,Medium Risk
C100636,0.9,05-06-2026,1,3,0.17,No,Medium Risk
C100637,0.6,22-06-2026,0,12,0.135,No,Low Risk
C100638,0.9,16-05-2026,1,2,0.17,Yes,Medium Risk
C100639,0.8,04-06-2026,0,5,0.135,No,Low Risk
C100640,0.8,14-02-2026,1,11,0.16,Yes,Medium Risk
C100641,1.1,23-06-2026,1,16,0.135,No,Medium Risk
C100642,1,13-05-2026,4,13,0.16,No,Medium Risk
C100643,1.1,09-06-2026,2,11,0.16,No,Medium Risk
C100644,0.6,28-06-2026,2,6,0.16,No,Medium Risk
C100645,0.8,07-05-2026,1,10,0.135,No,Medium Risk
C100646,1,01-06-2026,1,3,0.17,No,Medium Risk
C100647,0.7,23-04-2026,3,3,0.195,No,Medium Risk
C100648,0.8,13-06-2026,0,4,0.135,No,Low Risk
C100649,0.7,15-06-2026,1,12,0.135,No,Medium Risk
C100650,0.8,24-06-2026,0,5,0.135,Yes,Low Risk
C100651,0.4,27-05-2026,1,10,0.135,Yes,Medium Risk
C100652,1,09-05-2026,0,17,0.135,No,Low Risk
C100653,0.8,08-06-2026,1,12,0.135,No,Medium Risk
C100654,1.3,15-06-2026,1,3,0.17,No,Medium Risk
C100655,0.9,11-06-2026,1,17,0.135,No,Medium Risk
C100656,1.1,16-06-2026,1,2,0.17,Yes,Medium Risk
C100657,0.8,04-06-2026,3,15,0.16,No,Medium Risk
C100658,0.8,09-06-2026,1,15,0.135,No,Medium Risk
C100659,0.8,24-05-2026,0,3,0.17,No,Low Risk
C100660,0.6,23-05-2026,1,14,0.135,No,Medium Risk
C100661,0.9,27-06-2026,0,11,0.135,Yes,Low Risk
C100662,0.8,09-06-2026,1,8,0.135,No,Medium Risk
C100663,0.9,28-05-2026,0,10,0.135,No,Low Risk
C100664,1.2,17-04-2026,1,9,0.135,No,Medium Risk
C100665,1.2,27-06-2026,0,8,0.135,No,Low Risk
C100666,1.2,23-04-2026,1,10,0.135,No,Medium Risk
C100667,0.7,14-06-2026,2,7,0.16,No,Medium Risk
C100668,0.9,23-05-2026,3,4,0.16,No,Medium Risk
C100669,0.8,20-06-2026,1,9,0.135,No,Medium Risk
C100670,0.9,03-06-2026,2,13,0.16,No,Medium Risk
C100671,0.7,01-05-2026,0,8,0.135,No,Low Risk
C100672,0.6,04-02-2026,0,8,0.16,Yes,Low Risk
C100673,1.2,07-04-2026,0,14,0.135,No,Low Risk
C100674,1.2,02-06-2026,2,13,0.16,No,Medium Risk
C100675,1.4,22-06-2026,0,14,0.135,Yes,Low Risk
C100676,0.8,18-04-2026,0,13,0.135,No,Low Risk
C100677,0.8,22-06-2026,3,11,0.16,No,Medium Risk
C100678,0.7,03-03-2026,0,13,0.16,No,Low Risk
C100679,1,21-05-2026,1,13,0.135,No,Medium Risk
C100680,1.5,27-06-2026,0,3,0.17,No,Low Risk
C100681,1.3,25-06-2026,0,14,0.135,No,Low Risk
C100682,1,17-06-2026,1,11,0.135,No,Medium Risk
C100683,0.8,18-06-2026,1,10,0.135,No,Medium Risk
C100684,0.9,28-06-2026,1,8,0.135,No,Medium Risk
C100685,0.9,08-06-2026,1,12,0.135,No,Medium Risk
C100686,1.2,15-06-2026,1,7,0.135,No,Medium Risk
C100687,1,06-06-2026,2,13,0.16,No,Medium Risk
C100688,1.4,30-05-2026,0,10,0.135,No,Low Risk
C100689,0.7,09-04-2026,0,6,0.135,No,Low Risk
C100690,0.6,08-05-2026,0,4,0.135,No,Low Risk
C100691,0.7,16-05-2026,0,6,0.135,No,Low Risk
C100692,0.8,02-06-2026,0,11,0.135,No,Low Risk
C100693,0.7,02-04-2026,1,5,0.135,No,Medium Risk
C100694,0.9,11-06-2026,3,16,0.16,Yes,Medium Risk
C100695,1.1,19-05-2026,2,7,0.16,No,Medium Risk
C100696,0.9,21-04-2026,1,1,0.17,No,Medium Risk
C100697,0.7,15-04-2026,5,12,0.16,No,Medium Risk
C100698,0.9,29-06-2026,0,4,0.135,No,Low Risk
C100699,0.7,14-05-2026,0,8,0.135,No,Low Risk
C100700,0.9,05-05-2026,3,9,0.16,No,Medium Risk
C100701,0.8,25-06-2026,2,7,0.16,No,Medium Risk
C100702,1.3,23-06-2026,0,14,0.135,Yes,Low Risk
C100703,0.7,14-06-2026,0,18,0.135,No,Low Risk
C100704,0.9,07-06-2026,0,4,0.135,No,Low Risk
C100705,0.8,29-06-2026,0,7,0.135,No,Low Risk
C100706,0.9,01-06-2026,3,2,0.195,No,Medium Risk
C100707,0.6,22-03-2026,0,4,0.16,No,Low Risk
C100708,1.2,11-01-2026,1,3,0.195,Yes,Medium Risk
C100709,0.9,10-06-2026,2,6,0.16,No,Medium Risk
C100710,0.4,05-04-2026,1,11,0.135,No,Medium Risk
C100711,0.4,04-06-2026,1,13,0.135,No,Medium Risk
C100712,0.9,12-04-2026,0,8,0.135,No,Low Risk
C100713,1,28-06-2026,0,15,0.135,No,Low Risk
C100714,0.9,10-06-2026,0,11,0.135,No,Low Risk
C100715,1,11-06-2026,3,6,0.16,No,Medium Risk
C100716,0.9,13-06-2026,1,11,0.135,No,Medium Risk
C100717,1,22-06-2026,1,10,0.135,Yes,Medium Risk
C100718,0.9,08-06-2026,1,11,0.135,No,Medium Risk
C100719,0.9,27-06-2026,0,9,0.135,No,Low Risk
C100720,1.5,29-06-2026,1,13,0.135,No,Medium Risk
C100721,0.8,29-06-2026,0,13,0.135,No,Low Risk
C100722,1.1,03-05-2026,1,7,0.135,No,Medium Risk
C100723,1.1,12-05-2026,2,15,0.16,No,Medium Risk
C100724,1.3,27-04-2026,3,6,0.16,No,Medium Risk
C100725,0.7,26-05-2026,1,10,0.135,No,Medium Risk
C100726,1.6,20-06-2026,1,6,0.135,No,Medium Risk
C100727,0.8,28-06-2026,3,14,0.16,No,Medium Risk
C100728,0.8,25-06-2026,2,13,0.16,No,Medium Risk
C100729,0.4,08-06-2026,0,3,0.17,No,Low Risk
C100730,1.1,15-05-2026,0,13,0.135,No,Low Risk
C100731,1.2,19-06-2026,1,12,0.135,Yes,Medium Risk
C100732,1.1,19-06-2026,2,12,0.16,No,Medium Risk
C100733,0.7,25-03-2026,0,4,0.16,No,Low Risk
C100734,1.2,19-06-2026,2,7,0.16,Yes,Medium Risk
C100735,0.8,03-05-2026,1,6,0.135,No,Medium Risk
C100736,0.9,01-06-2026,2,18,0.16,No,Medium Risk
C100737,1,10-05-2026,0,6,0.135,No,Low Risk
C100738,0.8,10-06-2026,0,9,0.135,No,Low Risk
C100739,0.8,11-05-2026,1,8,0.135,No,Medium Risk
C100740,0.8,12-06-2026,0,11,0.135,No,Low Risk
C100741,1.1,30-06-2026,0,2,0.17,No,Low Risk
C100742,0.4,19-06-2026,3,7,0.16,No,Medium Risk
C100743,0.7,19-06-2026,0,7,0.135,No,Low Risk
C100744,1.1,04-06-2026,2,2,0.195,No,Medium Risk
C100745,1,28-04-2026,3,11,0.16,No,Medium Risk
C100746,0.9,29-06-2026,0,7,0.135,No,Low Risk
C100747,0.9,13-04-2026,0,7,0.135,No,Low Risk
C100748,0.8,23-05-2026,2,12,0.16,No,Medium Risk
C100749,0.9,05-04-2026,0,16,0.135,No,Low Risk
C100750,0.9,26-04-2026,1,5,0.135,No,Medium Risk
C100751,0.9,04-06-2026,1,9,0.135,No,Medium Risk
C100752,0.8,09-04-2026,0,9,0.135,Yes,Low Risk
C100753,1,24-05-2026,0,13,0.135,No,Low Risk
C100754,0.6,22-05-2026,0,5,0.135,No,Low Risk
C100755,1.2,22-05-2026,0,7,0.135,No,Low Risk
C100756,0.7,29-05-2026,0,1,0.17,No,Low Risk
C100757,0.4,13-04-2026,2,7,0.16,No,Medium Risk
C100758,0.7,23-05-2026,0,9,0.135,No,Low Risk
C100759,0.9,16-06-2026,0,2,0.17,No,Low Risk
C100760,0.7,19-04-2026,2,5,0.16,No,Medium Risk
C100761,1.1,18-06-2026,3,11,0.16,No,Medium Risk
C100762,1,17-06-2026,0,13,0.135,No,Low Risk
C100763,1.2,19-06-2026,2,4,0.16,No,Medium Risk
C100764,0.9,15-06-2026,1,12,0.135,No,Medium Risk
C100765,1,18-04-2026,1,4,0.135,No,Medium Risk
C100766,1.1,29-04-2026,0,13,0.135,Yes,Low Risk
C100767,0.8,03-06-2026,0,15,0.135,No,Low Risk
C100768,1.1,27-05-2026,0,8,0.135,Yes,Low Risk
C100769,1.1,07-05-2026,1,0,0.17,No,Medium Risk
C100770,0.8,04-02-2026,0,1,0.195,No,Low Risk
C100771,1.1,30-06-2026,0,17,0.135,No,Low Risk
C100772,0.8,06-06-2026,1,0,0.17,No,Medium Risk
C100773,1,31-05-2026,0,10,0.135,No,Low Risk
C100774,0.8,25-05-2026,1,12,0.135,No,Medium Risk
C100775,0.8,24-06-2026,0,11,0.135,No,Low Risk
C100776,0.7,27-06-2026,2,2,0.195,No,Medium Risk
C100777,1.2,20-05-2026,0,15,0.135,No,Low Risk
C100778,1.3,07-05-2026,0,13,0.135,No,Low Risk
C100779,0.9,14-06-2026,0,9,0.135,No,Low Risk
C100780,0.8,30-05-2026,4,12,0.16,No,Medium Risk
C100781,0.8,05-06-2026,3,7,0.16,No,Medium Risk
C100782,0.9,28-06-2026,0,10,0.135,Yes,Low Risk
C100783,1.5,25-05-2026,0,13,0.135,No,Low Risk
C100784,1.1,27-05-2026,2,12,0.16,No,Medium Risk
C100785,0.7,15-03-2026,1,6,0.16,No,Medium Risk
C100786,0.9,16-04-2026,0,12,0.135,Yes,Low Risk
C100787,0.9,15-06-2026,1,8,0.135,No,Medium Risk
C100788,0.8,31-03-2026,0,4,0.16,No,Low Risk
C100789,0.8,25-06-2026,0,12,0.135,No,Low Risk
C100790,0.9,23-06-2026,2,11,0.16,No,Medium Risk
C100791,0.3,26-04-2026,0,7,0.135,No,Low Risk
C100792,0.8,30-06-2026,1,11,0.135,No,Medium Risk
C100793,1.2,11-06-2026,1,8,0.135,No,Medium Risk
C100794,1,23-06-2026,0,7,0.135,No,Low Risk
C100795,0.9,19-06-2026,1,11,0.135,Yes,Medium Risk
C100796,1,29-06-2026,0,10,0.135,No,Low Risk
C100797,0.6,12-05-2026,2,11,0.16,No,Medium Risk
C100798,0.8,21-03-2026,0,10,0.16,No,Low Risk
C100799,0.9,31-05-2026,1,3,0.17,No,Medium Risk
C100800,0.7,17-06-2026,0,6,0.135,No,Low Risk
C100801,0.7,29-06-2026,0,7,0.135,No,Low Risk
C100802,0.8,04-06-2026,1,4,0.135,No,Medium Risk
C100803,0.7,06-05-2026,1,20,0.135,No,Medium Risk
C100804,0.5,15-06-2026,0,13,0.135,No,Low Risk
C100805,1.1,24-06-2026,0,13,0.135,No,Low Risk
C100806,0.9,04-05-2026,2,11,0.16,No,Medium Risk
C100807,1.1,30-05-2026,2,10,0.16,No,Medium Risk
C100808,1.3,18-06-2026,2,5,0.16,No,Medium Risk
C100809,0.7,15-06-2026,1,10,0.135,No,Medium Risk
C100810,0.8,26-05-2026,2,13,0.16,No,Medium Risk
C100811,0.7,30-06-2026,0,3,0.17,No,Low Risk
C100812,1,08-06-2026,0,15,0.135,No,Low Risk
C100813,0.9,30-04-2026,0,9,0.135,No,Low Risk
C100814,0.5,19-05-2026,0,12,0.135,No,Low Risk
C100815,1.3,21-06-2026,0,5,0.135,No,Low Risk
C100816,0.8,29-06-2026,0,9,0.135,No,Low Risk
C100817,0.8,15-06-2026,1,1,0.17,No,Medium Risk
C100818,0.6,24-05-2026,0,5,0.135,Yes,Low Risk
C100819,0.9,02-06-2026,2,3,0.195,No,Medium Risk
C100820,1,09-05-2026,1,8,0.135,No,Medium Risk
C100821,0.7,16-06-2026,0,13,0.135,No,Low Risk
C100822,1.2,20-04-2026,0,19,0.135,No,Low Risk
C100823,1.1,07-06-2026,2,12,0.16,No,Medium Risk
C100824,0.6,14-12-2025,1,3,0.195,No,Medium Risk
C100825,0.9,03-06-2026,0,3,0.17,No,Low Risk
C100826,0.9,12-06-2026,0,7,0.135,No,Low Risk
C100827,1.1,21-06-2026,3,5,0.16,No,Medium Risk
C100828,0.9,13-05-2026,0,9,0.135,No,Low Risk
C100829,1.2,15-05-2026,1,9,0.135,No,Medium Risk
C100830,1.2,18-06-2026,1,16,0.135,No,Medium Risk
C100831,0.7,16-06-2026,0,15,0.135,No,Low Risk
C100832,0.8,27-06-2026,1,4,0.135,No,Medium Risk
C100833,0.9,02-06-2026,1,5,0.135,No,Medium Risk
C100834,0.8,16-03-2026,1,5,0.16,No,Medium Risk
C100835,0.9,20-04-2026,3,4,0.16,No,Medium Risk
C100836,0.7,19-06-2026,2,13,0.16,No,Medium Risk
C100837,1.1,16-06-2026,1,7,0.135,Yes,Medium Risk
C100838,0.7,26-03-2026,1,14,0.16,No,Medium Risk
C100839,1,06-06-2026,1,12,0.135,No,Medium Risk
C100840,1.1,30-06-2026,2,9,0.16,No,Medium Risk
C100841,0.5,28-05-2026,0,5,0.135,No,Low Risk
C100842,0.5,20-04-2026,0,9,0.135,No,Low Risk
C100843,1.2,26-06-2026,1,11,0.135,No,Medium Risk
C100844,1,14-06-2026,0,13,0.135,No,Low Risk
C100845,1,29-06-2026,0,15,0.135,Yes,Low Risk
C100846,1,27-01-2026,0,2,0.195,No,Low Risk
C100847,0.8,30-06-2026,0,7,0.135,No,Low Risk
C100848,1,23-05-2026,0,5,0.135,Yes,Low Risk
C100849,1,29-06-2026,0,9,0.135,No,Low Risk
C100850,0.9,21-06-2026,1,9,0.135,No,Medium Risk
C100851,0.9,16-06-2026,2,6,0.16,No,Medium Risk
C100852,1,04-06-2026,0,13,0.135,Yes,Low Risk
C100853,1.2,30-06-2026,1,14,0.135,No,Medium Risk
C100854,0.9,21-06-2026,2,7,0.16,No,Medium Risk
C100855,0.6,21-06-2026,1,8,0.135,No,Medium Risk
C100856,0.6,04-04-2026,1,8,0.135,No,Medium Risk
C100857,0.8,26-05-2026,1,8,0.135,No,Medium Risk
C100858,1,30-06-2026,4,15,0.16,No,Medium Risk
C100859,1.1,26-05-2026,1,7,0.135,No,Medium Risk
C100860,0.9,19-06-2026,0,0,0.17,Yes,Low Risk
C100861,0.5,12-04-2026,0,4,0.135,No,Low Risk
C100862,1.5,11-06-2026,1,9,0.135,No,Medium Risk
C100863,0.5,28-03-2026,2,12,0.185,No,Medium Risk
C100864,1.1,08-05-2026,0,6,0.135,No,Low Risk
C100865,1.1,06-06-2026,0,7,0.135,No,Low Risk
C100866,0.8,27-05-2026,5,9,0.16,No,Medium Risk
C100867,0.4,05-06-2026,0,6,0.135,No,Low Risk
C100868,1.1,29-06-2026,0,10,0.135,No,Low Risk
C100869,0.6,27-06-2026,1,7,0.135,Yes,Medium Risk
C100870,1.2,19-06-2026,2,11,0.16,No,Medium Risk
C100871,1,30-06-2026,0,17,0.135,No,Low Risk
C100872,1,26-06-2026,1,7,0.135,No,Medium Risk
C100873,1,24-03-2026,1,11,0.16,No,Medium Risk
C100874,1.1,12-05-2026,2,12,0.16,Yes,Medium Risk
C100875,0.4,06-05-2026,0,13,0.135,Yes,Low Risk
C100876,0.7,29-05-2026,0,9,0.135,No,Low Risk
C100877,0.9,30-06-2026,2,11,0.16,No,Medium Risk
C100878,0.9,07-06-2026,0,14,0.135,No,Low Risk
C100879,0.9,03-06-2026,0,8,0.135,No,Low Risk
C100880,1.1,04-06-2026,1,8,0.135,No,Medium Risk
C100881,1.2,24-06-2026,1,0,0.17,No,Medium Risk
C100882,0.7,20-03-2026,1,7,0.16,Yes,Medium Risk
C100883,0.8,04-06-2026,0,11,0.135,No,Low Risk
C100884,0.9,12-06-2026,1,6,0.135,No,Medium Risk
C100885,0.8,28-05-2026,1,9,0.135,No,Medium Risk
C100886,0.6,09-06-2026,0,15,0.135,No,Low Risk
C100887,0.9,26-05-2026,2,14,0.16,No,Medium Risk
C100888,0.7,30-06-2026,0,11,0.135,No,Low Risk
C100889,0.6,23-06-2026,0,9,0.135,No,Low Risk
C100890,0.6,22-01-2026,1,10,0.16,No,Medium Risk
C100891,0.9,14-06-2026,0,14,0.135,No,Low Risk
C100892,0.8,24-06-2026,1,17,0.135,No,Medium Risk
C100893,1.2,09-05-2026,3,9,0.16,Yes,Medium Risk
C100894,0.9,30-05-2026,0,8,0.135,No,Low Risk
C100895,0.9,21-06-2026,2,11,0.16,No,Medium Risk
C100896,0.9,30-06-2026,0,8,0.135,No,Low Risk
C100897,0.8,16-06-2026,0,12,0.135,No,Low Risk
C100898,1.3,30-06-2026,1,13,0.135,No,Medium Risk
C100899,1.1,29-06-2026,2,16,0.16,No,Medium Risk
C100900,0.7,24-06-2026,0,2,0.17,No,Low Risk
C100901,0.9,26-06-2026,0,5,0.135,No,Low Risk
C100902,0.8,13-06-2026,1,9,0.135,Yes,Medium Risk
C100903,1.1,09-06-2026,2,9,0.16,No,Medium Risk
C100904,0.8,07-04-2026,3,6,0.16,No,Medium Risk
C100905,0.8,28-05-2026,3,10,0.16,No,Medium Risk
C100906,0.9,12-06-2026,1,12,0.135,Yes,Medium Risk
C100907,1,09-06-2026,1,14,0.135,No,Medium Risk
C100908,0.7,15-06-2026,0,2,0.17,Yes,Low Risk
C100909,0.9,12-06-2026,1,7,0.135,No,Medium Risk
C100910,1.1,27-06-2026,1,8,0.135,No,Medium Risk
C100911,1.1,22-04-2026,1,6,0.135,Yes,Medium Risk
C100912,0.8,05-06-2026,0,3,0.17,No,Low Risk
C100913,0.9,09-05-2026,0,11,0.135,No,Low Risk
C100914,1.1,30-05-2026,0,6,0.135,No,Low Risk
C100915,1.1,18-05-2026,1,13,0.135,No,Medium Risk
C100916,1.1,23-06-2026,0,4,0.135,No,Low Risk
C100917,1,29-05-2026,2,9,0.16,No,Medium Risk
C100918,0.9,20-06-2026,1,12,0.135,No,Medium Risk
C100919,0.7,13-06-2026,2,8,0.16,No,Medium Risk
C100920,1,12-06-2026,3,10,0.16,No,Medium Risk
C100921,1,17-04-2026,2,6,0.16,Yes,Medium Risk
C100922,0.7,09-03-2026,1,15,0.16,No,Medium Risk
C100923,0.9,14-06-2026,1,8,0.135,No,Medium Risk
C100924,1.2,06-06-2026,1,6,0.135,No,Medium Risk
C100925,1.1,29-03-2026,2,12,0.185,Yes,Medium Risk
C100926,0.6,14-05-2026,2,11,0.16,No,Medium Risk
C100927,0.8,01-05-2026,0,5,0.135,No,Low Risk
C100928,0.5,01-06-2026,0,8,0.135,No,Low Risk
C100929,0.7,15-06-2026,1,10,0.135,Yes,Medium Risk
C100930,0.6,20-05-2026,1,6,0.135,No,Medium Risk
C100931,1.2,02-05-2026,0,9,0.135,No,Low Risk
C100932,0.9,24-04-2026,2,12,0.16,Yes,Medium Risk
C100933,1,19-05-2026,2,8,0.16,No,Medium Risk
C100934,0.7,23-06-2026,0,19,0.135,No,Low Risk
C100935,1.2,20-04-2026,0,4,0.135,No,Low Risk
C100936,0.9,29-05-2026,1,15,0.135,No,Medium Risk
C100937,0.9,19-06-2026,3,6,0.16,No,Medium Risk
C100938,0.9,16-06-2026,0,11,0.135,No,Low Risk
C100939,0.9,20-06-2026,0,8,0.135,No,Low Risk
C100940,1.1,22-06-2026,2,10,0.16,No,Medium Risk
C100941,0.7,18-06-2026,1,17,0.135,No,Medium Risk
C100942,0.8,30-04-2026,3,7,0.16,No,Medium Risk
C100943,0.7,31-05-2026,1,5,0.135,No,Medium Risk
C100944,0.7,25-06-2026,2,6,0.16,No,Medium Risk
C100945,1.2,07-06-2026,0,11,0.135,No,Low Risk
C100946,1.1,17-06-2026,3,8,0.16,No,Medium Risk
C100947,0.6,04-06-2026,2,9,0.16,No,Medium Risk
C100948,1.1,19-06-2026,0,9,0.135,No,Low Risk
C100949,0.6,27-06-2026,1,12,0.135,No,Medium Risk
C100950,0.8,02-05-2026,1,11,0.135,No,Medium Risk
C100951,0.9,16-06-2026,0,5,0.135,Yes,Low Risk
C100952,0.7,27-04-2026,1,7,0.135,No,Medium Risk
C100953,0.7,24-05-2026,0,9,0.135,No,Low Risk
C100954,0.9,30-06-2026,1,16,0.135,No,Medium Risk
C100955,0.7,26-06-2026,1,7,0.135,No,Medium Risk
C100956,0.9,22-06-2026,0,15,0.135,No,Low Risk
C100957,1.1,11-03-2026,2,14,0.185,No,Medium Risk
C100958,1.1,22-06-2026,0,9,0.135,Yes,Low Risk
C100959,0.8,11-04-2026,1,6,0.135,No,Medium Risk
C100960,1.2,26-06-2026,0,3,0.17,Yes,Low Risk
C100961,0.9,02-04-2026,1,10,0.135,No,Medium Risk
C100962,0.7,11-06-2026,0,9,0.135,No,Low Risk
C100963,0.6,28-05-2026,2,14,0.16,No,Medium Risk
C100964,0.7,14-06-2026,1,13,0.135,No,Medium Risk
C100965,0.7,28-06-2026,0,9,0.135,No,Low Risk
C100966,0.7,29-03-2026,2,12,0.185,No,Medium Risk
C100967,0.7,15-04-2026,1,12,0.135,Yes,Medium Risk
C100968,0.8,23-06-2026,0,5,0.135,No,Low Risk
C100969,1,06-06-2026,1,9,0.135,No,Medium Risk
C100970,0.8,03-06-2026,0,6,0.135,No,Low Risk
C100971,0.8,15-06-2026,1,14,0.135,No,Medium Risk
C100972,0.6,02-05-2026,1,9,0.135,No,Medium Risk
C100973,0.9,02-05-2026,1,3,0.17,No,Medium Risk
C100974,0.8,17-02-2026,1,3,0.195,No,Medium Risk
C100975,0.7,20-03-2026,1,6,0.16,No,Medium Risk
C100976,0.6,12-05-2026,0,4,0.135,No,Low Risk
C100977,0.6,31-03-2026,1,3,0.195,Yes,Medium Risk
C100978,1.2,21-06-2026,0,6,0.135,No,Low Risk
C100979,0.8,25-04-2026,2,9,0.16,No,Medium Risk
C100980,0.6,06-05-2026,1,0,0.17,No,Medium Risk
C100981,1,10-06-2026,2,13,0.16,No,Medium Risk
C100982,1.1,28-05-2026,0,10,0.135,No,Low Risk
C100983,1.1,09-06-2026,0,4,0.135,No,Low Risk
C100984,0.7,31-05-2026,1,11,0.135,Yes,Medium Risk
C100985,0.7,23-04-2026,0,11,0.135,No,Low Risk
C100986,1.2,11-06-2026,1,9,0.135,No,Medium Risk
C100987,1.1,05-05-2026,1,9,0.135,Yes,Medium Risk
C100988,0.8,26-06-2026,1,9,0.135,Yes,Medium Risk
C100989,1.2,08-06-2026,0,6,0.135,No,Low Risk
C100990,0.9,17-06-2026,2,7,0.16,No,Medium Risk
C100991,1.1,26-02-2026,2,8,0.185,No,Medium Risk
C100992,1.1,27-05-2026,2,9,0.16,No,Medium Risk
C100993,1.1,04-05-2026,1,12,0.135,Yes,Medium Risk
C100994,0.8,01-05-2026,1,6,0.135,No,Medium Risk
C100995,0.6,13-04-2026,0,11,0.135,Yes,Low Risk
C100996,0.8,09-04-2026,1,3,0.17,No,Medium Risk
C100997,0.7,30-06-2026,1,8,0.135,No,Medium Risk
C100998,0.7,29-03-2026,2,10,0.185,Yes,Medium Risk
C100999,0.8,30-06-2026,1,7,0.135,No,Medium Risk
C101000,0.8,17-06-2026,1,3,0.17,No,Medium Risk
C101001,0.9,16-06-2026,0,15,0.135,No,Low Risk
C101002,0.4,07-02-2026,0,7,0.16,Yes,Low Risk
C101003,0.7,13-03-2026,0,11,0.16,No,Low Risk
C101004,0.9,05-05-2026,3,8,0.16,No,Medium Risk
C101005,0.9,26-06-2026,3,12,0.16,No,Medium Risk
C101006,0.8,19-06-2026,1,8,0.135,No,Medium Risk
C101007,0.8,09-02-2026,1,11,0.16,No,Medium Risk
C101008,0.4,24-04-2026,1,5,0.135,No,Medium Risk
C101009,0.7,06-06-2026,2,9,0.16,No,Medium Risk
C101010,0.9,12-06-2026,0,14,0.135,No,Low Risk
C101011,0.5,10-06-2026,1,11,0.135,No,Medium Risk
C101012,0.7,15-05-2026,1,5,0.135,No,Medium Risk
C101013,0.8,18-06-2026,0,11,0.135,Yes,Low Risk
C101014,0.8,30-05-2026,0,8,0.135,No,Low Risk
C101015,1,04-05-2026,1,13,0.135,No,Medium Risk
C101016,1.2,05-06-2026,1,10,0.135,No,Medium Risk
C101017,0.8,06-06-2026,1,0,0.17,No,Medium Risk
C101018,1.2,27-06-2026,0,19,0.135,No,Low Risk
C101019,0.6,16-04-2026,0,14,0.135,No,Low Risk
C101020,0.9,11-04-2026,0,6,0.135,No,Low Risk
C101021,0.6,09-06-2026,2,15,0.16,No,Medium Risk
C101022,0.7,11-06-2026,1,7,0.135,No,Medium Risk
C101023,1.1,23-05-2026,1,11,0.135,No,Medium Risk
C101024,1.2,30-06-2026,2,10,0.16,No,Medium Risk
C101025,0.7,30-06-2026,0,1,0.17,No,Low Risk
C101026,1,21-06-2026,2,5,0.16,No,Medium Risk
C101027,0.4,08-06-2026,0,9,0.135,Yes,Low Risk
C101028,0.6,09-01-2026,2,9,0.185,No,Medium Risk
C101029,0.7,11-05-2026,3,15,0.16,No,Medium Risk
C101030,1,05-03-2026,0,14,0.16,No,Low Risk
C101031,0.7,22-06-2026,1,17,0.135,No,Medium Risk
C101032,0.8,21-06-2026,1,13,0.135,No,Medium Risk
C101033,1,27-05-2026,0,10,0.135,Yes,Low Risk
C101034,1.1,14-05-2026,1,7,0.135,Yes,Medium Risk
C101035,1.2,17-04-2026,0,5,0.135,Yes,Low Risk
C101036,0.8,08-06-2026,1,6,0.135,No,Medium Risk
C101037,0.9,24-05-2026,0,8,0.135,Yes,Low Risk
C101038,0.7,08-05-2026,0,9,0.135,No,Low Risk
C101039,0.9,26-06-2026,0,9,0.135,No,Low Risk
C101040,0.4,22-04-2026,0,10,0.135,No,Low Risk
C101041,1,20-06-2026,1,13,0.135,No,Medium Risk
C101042,0.6,01-06-2026,0,8,0.135,No,Low Risk
C101043,0.8,24-06-2026,1,1,0.17,No,Medium Risk
C101044,0.8,19-06-2026,1,10,0.135,Yes,Medium Risk
C101045,0.7,21-05-2026,1,10,0.135,No,Medium Risk
C101046,0.7,10-05-2026,0,8,0.135,No,Low Risk
C101047,0.8,27-06-2026,0,13,0.135,No,Low Risk
C101048,0.9,24-05-2026,1,8,0.135,No,Medium Risk
C101049,0.6,03-06-2026,0,12,0.135,No,Low Risk
C101050,0.9,13-06-2026,1,1,0.17,No,Medium Risk
C101051,0.8,28-06-2026,0,9,0.135,No,Low Risk
C101052,0.8,03-05-2026,1,13,0.135,No,Medium Risk
C101053,0.8,14-06-2026,1,16,0.135,No,Medium Risk
C101054,0.9,13-06-2026,1,13,0.135,No,Medium Risk
C101055,0.9,22-04-2026,0,9,0.135,No,Low Risk
C101056,0.7,09-06-2026,0,15,0.135,Yes,Low Risk
C101057,1,26-05-2026,0,12,0.135,No,Low Risk
C101058,1,12-05-2026,0,8,0.135,No,Low Risk
C101059,0.6,18-06-2026,3,9,0.16,No,Medium Risk
C101060,1,26-06-2026,0,6,0.135,No,Low Risk
C101061,0.8,14-06-2026,1,9,0.135,No,Medium Risk
C101062,0.8,15-06-2026,0,6,0.135,Yes,Low Risk
C101063,0.7,21-05-2026,1,6,0.135,No,Medium Risk
C101064,0.7,04-06-2026,0,9,0.135,No,Low Risk
C101065,0.8,15-06-2026,1,13,0.135,No,Medium Risk
C101066,0.9,10-06-2026,2,4,0.16,No,Medium Risk
C101067,0.9,20-06-2026,2,5,0.16,Yes,Medium Risk
C101068,1.1,19-04-2026,0,12,0.135,No,Low Risk
C101069,0.7,07-06-2026,0,6,0.135,No,Low Risk
C101070,0.6,12-06-2026,0,16,0.135,No,Low Risk
C101071,1,07-04-2026,0,10,0.135,No,Low Risk
C101072,0.7,23-05-2026,1,11,0.135,No,Medium Risk
C101073,0.9,06-06-2026,1,7,0.135,No,Medium Risk
C101074,1.2,04-05-2026,0,13,0.135,No,Low Risk
C101075,0.7,24-06-2026,0,3,0.17,No,Low Risk
C101076,0.8,29-06-2026,2,11,0.16,No,Medium Risk
C101077,0.6,16-06-2026,0,4,0.135,No,Low Risk
C101078,0.8,29-06-2026,4,9,0.16,No,Medium Risk
C101079,1.1,23-04-2026,0,13,0.135,Yes,Low Risk
C101080,1.1,29-05-2026,0,5,0.135,No,Low Risk
C101081,0.9,16-04-2026,0,4,0.135,No,Low Risk
C101082,0.5,13-03-2026,1,14,0.16,No,Medium Risk
C101083,0.9,04-06-2026,0,13,0.135,No,Low Risk
C101084,0.5,29-04-2026,0,11,0.135,No,Low Risk
C101085,1,22-04-2026,1,9,0.135,Yes,Medium Risk
C101086,1.2,29-06-2026,0,1,0.17,No,Low Risk
C101087,1.1,05-05-2026,2,1,0.195,No,Medium Risk
C101088,1.1,14-04-2026,0,5,0.135,No,Low Risk
C101089,0.6,30-01-2026,1,9,0.16,No,Medium Risk
C101090,0.8,27-05-2026,2,6,0.16,No,Medium Risk
C101091,0.9,20-05-2026,0,7,0.135,No,Low Risk
C101092,0.7,22-04-2026,0,12,0.135,No,Low Risk
C101093,0.9,18-05-2026,0,12,0.135,No,Low Risk
C101094,1.2,02-06-2026,4,14,0.16,Yes,Medium Risk
C101095,0.7,10-01-2026,0,3,0.195,Yes,Low Risk
C101096,1.1,09-06-2026,1,15,0.135,No,Medium Risk
C101097,0.9,26-05-2026,1,12,0.135,No,Medium Risk
C101098,0.9,05-06-2026,0,4,0.135,No,Low Risk
C101099,1.6,18-06-2026,1,14,0.135,No,Medium Risk
C101100,1.1,29-06-2026,2,11,0.16,No,Medium Risk
C101101,0.7,20-06-2026,2,14,0.16,No,Medium Risk
C101102,1.1,03-06-2026,3,8,0.16,Yes,Medium Risk
C101103,0.6,27-06-2026,0,8,0.135,No,Low Risk
C101104,0.7,02-06-2026,2,10,0.16,Yes,Medium Risk
C101105,1,22-06-2026,1,9,0.135,No,Medium Risk
C101106,0.5,09-04-2026,0,13,0.135,No,Low Risk
C101107,0.9,15-06-2026,0,7,0.135,No,Low Risk
C101108,0.7,29-06-2026,1,8,0.135,No,Medium Risk
C101109,0.7,22-05-2026,0,14,0.135,No,Low Risk
C101110,0.9,18-04-2026,1,14,0.135,Yes,Medium Risk
C101111,0.6,09-03-2026,0,6,0.16,Yes,Low Risk
C101112,0.9,17-06-2026,0,12,0.135,No,Low Risk
C101113,0.7,27-02-2026,0,3,0.195,No,Low Risk
C101114,0.9,10-06-2026,1,6,0.135,No,Medium Risk
C101115,0.9,02-06-2026,1,9,0.135,No,Medium Risk
C101116,0.9,17-06-2026,1,13,0.135,No,Medium Risk
C101117,1.2,02-05-2026,0,9,0.135,No,Low Risk
C101118,0.8,25-05-2026,0,18,0.135,No,Low Risk
C101119,0.9,17-06-2026,0,6,0.135,Yes,Low Risk
C101120,0.6,24-06-2026,2,9,0.16,No,Medium Risk
C101121,0.9,01-06-2026,0,16,0.135,Yes,Low Risk
C101122,0.7,20-06-2026,0,4,0.135,No,Low Risk
C101123,1,10-06-2026,0,3,0.17,No,Low Risk
C101124,0.9,12-06-2026,0,6,0.135,No,Low Risk
C101125,0.6,12-06-2026,1,2,0.17,No,Medium Risk
C101126,1,26-05-2026,1,0,0.17,No,Medium Risk
C101127,1,25-06-2026,0,11,0.135,No,Low Risk
C101128,0.6,17-04-2026,1,11,0.135,No,Medium Risk
C101129,0.8,27-06-2026,2,12,0.16,No,Medium Risk
C101130,0.7,07-06-2026,0,12,0.135,No,Low Risk
C101131,0.8,25-03-2026,0,14,0.16,No,Low Risk
C101132,1,24-04-2026,1,15,0.135,Yes,Medium Risk
C101133,0.6,10-06-2026,2,8,0.16,Yes,Medium Risk
C101134,0.4,07-05-2026,1,10,0.135,No,Medium Risk
C101135,0.8,29-06-2026,1,11,0.135,No,Medium Risk
C101136,0.7,29-05-2026,2,11,0.16,No,Medium Risk
C101137,0.5,12-06-2026,1,7,0.135,No,Medium Risk
C101138,1.4,13-06-2026,1,19,0.135,No,Medium Risk
C101139,1.1,23-06-2026,1,9,0.135,Yes,Medium Risk
C101140,1.1,12-03-2026,1,9,0.16,No,Medium Risk
C101141,0.9,24-06-2026,1,12,0.135,No,Medium Risk
C101142,0.7,19-06-2026,0,6,0.135,No,Low Risk
C101143,0.9,25-06-2026,0,11,0.135,No,Low Risk
C101144,0.7,31-05-2026,0,13,0.135,No,Low Risk
C101145,0.6,09-04-2026,0,12,0.135,Yes,Low Risk
C101146,0.6,10-06-2026,1,11,0.135,No,Medium Risk
C101147,1.1,06-06-2026,0,10,0.135,No,Low Risk
C101148,1.3,26-06-2026,0,7,0.135,No,Low Risk
C101149,0.8,19-06-2026,0,12,0.135,No,Low Risk
C101150,0.7,14-05-2026,1,5,0.135,No,Medium Risk
C101151,0.8,30-05-2026,2,4,0.16,Yes,Medium Risk
C101152,1.1,25-06-2026,0,6,0.135,Yes,Low Risk
C101153,0.9,27-05-2026,2,10,0.16,No,Medium Risk
C101154,0.9,25-06-2026,0,10,0.135,No,Low Risk
C101155,1,12-06-2026,1,16,0.135,No,Medium Risk
C101156,0.6,11-04-2026,2,20,0.16,No,Medium Risk
C101157,0.6,18-05-2026,0,22,0.135,No,Low Risk
C101158,1.2,13-06-2026,1,5,0.135,No,Medium Risk
C101159,1.1,06-06-2026,0,14,0.135,No,Low Risk
C101160,1.6,26-06-2026,0,10,0.135,Yes,Low Risk
C101161,0.7,15-06-2026,2,15,0.16,No,Medium Risk
C101162,0.8,29-05-2026,2,13,0.16,Yes,Medium Risk
C101163,0.8,27-06-2026,0,4,0.135,No,Low Risk
C101164,0.8,19-03-2026,2,15,0.185,No,Medium Risk
C101165,0.7,29-06-2026,1,3,0.17,No,Medium Risk
C101166,0.6,21-06-2026,4,12,0.16,No,Medium Risk
C101167,0.8,25-05-2026,1,8,0.135,No,Medium Risk
C101168,0.8,30-04-2026,2,9,0.16,No,Medium Risk
C101169,0.8,06-06-2026,0,11,0.135,No,Low Risk
C101170,1.2,06-06-2026,1,10,0.135,No,Medium Risk
C101171,0.9,01-05-2026,1,0,0.17,No,Medium Risk
C101172,0.7,11-06-2026,2,6,0.16,No,Medium Risk
C101173,0.8,16-06-2026,1,15,0.135,No,Medium Risk
C101174,1.3,08-06-2026,3,7,0.16,No,Medium Risk
C101175,0.8,27-05-2026,1,4,0.135,No,Medium Risk
C101176,0.8,29-01-2026,1,11,0.16,No,Medium Risk
C101177,1.1,24-06-2026,0,7,0.135,No,Low Risk
C101178,1.1,03-06-2026,1,9,0.135,No,Medium Risk
C101179,0.9,27-05-2026,1,13,0.135,No,Medium Risk
C101180,0.7,04-06-2026,1,2,0.17,No,Medium Risk
C101181,0.8,27-04-2026,3,4,0.16,No,Medium Risk
C101182,1,06-06-2026,2,9,0.16,No,Medium Risk
C101183,0.9,25-06-2026,0,7,0.135,No,Low Risk
C101184,1,07-06-2026,1,13,0.135,Yes,Medium Risk
C101185,1.3,20-06-2026,1,11,0.135,No,Medium Risk
C101186,1.2,16-06-2026,0,7,0.135,No,Low Risk
C101187,0.7,25-06-2026,0,12,0.135,No,Low Risk
C101188,0.6,10-06-2026,0,8,0.135,No,Low Risk
C101189,0.9,03-03-2026,3,12,0.185,Yes,Medium Risk
C101190,1.1,30-06-2026,3,13,0.16,No,Medium Risk
C101191,1.1,01-05-2026,1,8,0.135,No,Medium Risk
C101192,0.7,05-04-2026,0,11,0.135,No,Low Risk
C101193,1.2,27-06-2026,0,7,0.135,No,Low Risk
C101194,1.2,15-04-2026,0,12,0.135,No,Low Risk
C101195,1.1,29-06-2026,2,6,0.16,No,Medium Risk
C101196,0.9,22-06-2026,1,0,0.17,Yes,Medium Risk
C101197,1.2,26-06-2026,0,9,0.135,No,Low Risk
C101198,0.8,08-06-2026,0,14,0.135,No,Low Risk
C101199,0.6,29-06-2026,0,14,0.135,No,Low Risk
C101200,0.8,21-06-2026,1,12,0.135,No,Medium Risk
C101201,1,19-05-2026,1,14,0.135,No,Medium Risk
C101202,1.1,21-06-2026,1,11,0.135,No,Medium Risk
C101203,0.9,07-06-2026,2,7,0.16,No,Medium Risk
C101204,0.9,20-06-2026,0,3,0.17,No,Low Risk
C101205,0.8,17-04-2026,0,0,0.17,No,Low Risk
C101206,0.8,23-05-2026,0,9,0.135,No,Low Risk
C101207,0.8,25-06-2026,2,11,0.16,Yes,Medium Risk
C101208,1,17-05-2026,1,5,0.135,No,Medium Risk
C101209,1.1,02-05-2026,2,8,0.16,No,Medium Risk
C101210,1.1,08-05-2026,1,13,0.135,No,Medium Risk
C101211,0.8,11-05-2026,0,11,0.135,No,Low Risk
C101212,0.7,15-06-2026,1,7,0.135,No,Medium Risk
C101213,1,03-05-2026,1,6,0.135,No,Medium Risk
C101214,1,23-06-2026,1,13,0.135,No,Medium Risk
C101215,0.7,04-06-2026,0,8,0.135,No,Low Risk
C101216,0.8,20-05-2026,0,14,0.135,No,Low Risk
C101217,1.1,06-06-2026,0,0,0.17,No,Low Risk
C101218,0.9,23-06-2026,3,5,0.16,No,Medium Risk
C101219,0.7,28-06-2026,1,16,0.135,No,Medium Risk
C101220,1.1,01-06-2026,1,10,0.135,Yes,Medium Risk
C101221,0.9,06-06-2026,3,7,0.16,No,Medium Risk
C101222,0.8,27-06-2026,2,14,0.16,No,Medium Risk
C101223,0.8,27-04-2026,0,15,0.135,No,Low Risk
C101224,1.1,11-05-2026,0,13,0.135,No,Low Risk
C101225,0.8,01-05-2026,0,14,0.135,No,Low Risk
C101226,1.1,20-04-2026,0,14,0.135,No,Low Risk
C101227,0.9,25-06-2026,0,5,0.135,Yes,Low Risk
C101228,0.9,24-05-2026,1,8,0.135,No,Medium Risk
C101229,0.7,14-04-2026,0,11,0.135,No,Low Risk
C101230,0.7,12-05-2026,0,11,0.135,No,Low Risk
C101231,0.8,30-06-2026,1,5,0.135,Yes,Medium Risk
C101232,0.9,21-06-2026,0,6,0.135,No,Low Risk
C101233,0.9,25-06-2026,2,10,0.16,No,Medium Risk
C101234,0.9,22-06-2026,1,14,0.135,No,Medium Risk
C101235,0.9,21-06-2026,0,7,0.135,Yes,Low Risk
C101236,0.9,27-03-2026,2,7,0.185,Yes,Medium Risk
C101237,0.8,04-05-2026,2,11,0.16,No,Medium Risk
C101238,0.7,09-05-2026,0,14,0.135,No,Low Risk
C101239,0.8,25-04-2026,0,2,0.17,No,Low Risk
C101240,0.9,23-06-2026,1,6,0.135,No,Medium Risk
C101241,0.9,16-04-2026,1,4,0.135,No,Medium Risk
C101242,1.1,27-06-2026,1,13,0.135,No,Medium Risk
C101243,1.1,09-06-2026,0,9,0.135,No,Low Risk
C101244,0.5,30-04-2026,0,11,0.135,No,Low Risk
C101245,1,28-05-2026,1,7,0.135,Yes,Medium Risk
C101246,0.9,10-05-2026,0,11,0.135,No,Low Risk
C101247,1.3,14-05-2026,3,10,0.16,No,Medium Risk
C101248,0.5,08-04-2026,2,9,0.16,No,Medium Risk
C101249,0.9,01-05-2026,1,14,0.135,No,Medium Risk
C101250,0.8,14-06-2026,0,8,0.135,No,Low Risk
C101251,0.8,06-05-2026,4,8,0.16,No,Medium Risk
C101252,0.7,17-06-2026,1,8,0.135,No,Medium Risk
C101253,0.8,20-06-2026,0,7,0.135,Yes,Low Risk
C101254,0.8,20-05-2026,0,9,0.135,No,Low Risk
C101255,1,11-06-2026,1,4,0.135,No,Medium Risk
C101256,1,29-06-2026,1,9,0.135,Yes,Medium Risk
C101257,0.7,22-06-2026,0,12,0.135,No,Low Risk
C101258,1,26-06-2026,0,7,0.135,No,Low Risk
C101259,1.1,28-05-2026,0,12,0.135,No,Low Risk
C101260,0.8,23-05-2026,1,19,0.135,No,Medium Risk
C101261,0.7,19-01-2026,1,10,0.16,No,Medium Risk
C101262,0.7,08-06-2026,1,12,0.135,No,Medium Risk
C101263,1.1,27-06-2026,1,11,0.135,No,Medium Risk
C101264,0.8,29-06-2026,1,8,0.135,No,Medium Risk
C101265,0.9,06-06-2026,3,10,0.16,No,Medium Risk
C101266,0.6,12-06-2026,3,10,0.16,No,Medium Risk
C101267,0.8,11-05-2026,2,13,0.16,No,Medium Risk
C101268,1.1,25-04-2026,1,7,0.135,No,Medium Risk
C101269,0.4,18-05-2026,0,6,0.135,No,Low Risk
C101270,0.8,23-06-2026,1,14,0.135,No,Medium Risk
C101271,0.7,26-06-2026,0,3,0.17,No,Low Risk
C101272,1.3,26-06-2026,1,6,0.135,No,Medium Risk
C101273,1.2,13-06-2026,1,7,0.135,Yes,Medium Risk
C101274,0.8,19-05-2026,1,4,0.135,No,Medium Risk
C101275,0.6,04-04-2026,0,15,0.135,No,Low Risk
C101276,0.7,24-06-2026,0,5,0.135,No,Low Risk
C101277,1,11-04-2026,2,4,0.16,Yes,Medium Risk
C101278,0.7,16-03-2026,1,10,0.16,No,Medium Risk
C101279,0.8,24-06-2026,4,14,0.16,No,Medium Risk
C101280,1.1,14-05-2026,1,11,0.135,No,Medium Risk
C101281,0.8,18-06-2026,1,3,0.17,No,Medium Risk
C101282,0.8,27-05-2026,3,8,0.16,Yes,Medium Risk
C101283,0.7,08-01-2026,2,14,0.185,Yes,Medium Risk
C101284,0.7,30-06-2026,1,14,0.135,No,Medium Risk
C101285,0.8,15-01-2026,0,16,0.16,Yes,Low Risk
C101286,0.9,06-02-2026,0,12,0.16,No,Low Risk
C101287,1,29-06-2026,1,9,0.135,No,Medium Risk
C101288,1.1,01-04-2026,1,12,0.135,No,Medium Risk
C101289,0.9,09-04-2026,3,15,0.16,No,Medium Risk
C101290,0.8,08-02-2026,2,13,0.185,Yes,Medium Risk
C101291,1.3,17-05-2026,4,12,0.16,No,Medium Risk
C101292,1.1,27-06-2026,1,13,0.135,No,Medium Risk
C101293,0.8,14-06-2026,1,11,0.135,No,Medium Risk
C101294,1.1,05-06-2026,1,10,0.135,No,Medium Risk
C101295,1.1,07-06-2026,1,15,0.135,No,Medium Risk
C101296,1.3,23-06-2026,1,5,0.135,Yes,Medium Risk
C101297,0.7,29-06-2026,3,5,0.16,No,Medium Risk
C101298,1.2,04-06-2026,0,1,0.17,No,Low Risk
C101299,0.7,18-04-2026,0,16,0.135,No,Low Risk
C101300,0.7,03-03-2026,0,11,0.16,Yes,Low Risk
C101301,0.8,10-06-2026,0,12,0.135,No,Low Risk
C101302,0.8,11-04-2026,0,12,0.135,No,Low Risk
C101303,0.6,30-03-2026,1,19,0.16,No,Medium Risk
C101304,1.2,03-06-2026,3,13,0.16,No,Medium Risk
C101305,0.7,27-05-2026,0,7,0.135,No,Low Risk
C101306,1,16-06-2026,1,1,0.17,No,Medium Risk
C101307,0.8,20-03-2026,2,7,0.185,No,Medium Risk
C101308,0.9,17-06-2026,1,7,0.135,Yes,Medium Risk
C101309,1.1,22-06-2026,3,5,0.16,No,Medium Risk
C101310,1.1,10-04-2026,1,7,0.135,No,Medium Risk
C101311,0.9,27-06-2026,0,16,0.135,No,Low Risk
C101312,0.9,25-06-2026,0,7,0.135,No,Low Risk
C101313,0.8,05-05-2026,1,10,0.135,No,Medium Risk
C101314,0.8,16-06-2026,0,9,0.135,No,Low Risk
C101315,0.7,25-05-2026,0,7,0.135,Yes,Low Risk
C101316,1,03-06-2026,1,8,0.135,No,Medium Risk
C101317,0.7,04-05-2026,0,5,0.135,No,Low Risk
C101318,1,28-05-2026,0,14,0.135,No,Low Risk
C101319,0.9,24-06-2026,0,13,0.135,No,Low Risk
C101320,0.8,29-06-2026,0,9,0.135,No,Low Risk
C101321,0.7,22-05-2026,0,9,0.135,No,Low Risk
C101322,0.6,26-05-2026,0,7,0.135,No,Low Risk
C101323,1.2,15-06-2026,3,2,0.195,Yes,Medium Risk
C101324,0.4,19-06-2026,0,4,0.135,No,Low Risk
C101325,0.6,09-03-2026,1,5,0.16,Yes,Medium Risk
C101326,1,30-04-2026,0,13,0.135,Yes,Low Risk
C101327,1.1,28-06-2026,1,11,0.135,No,Medium Risk
C101328,0.7,07-06-2026,0,0,0.17,No,Low Risk
C101329,0.7,10-03-2026,1,10,0.16,No,Medium Risk
C101330,1.1,03-02-2026,2,13,0.185,No,Medium Risk
C101331,0.5,05-06-2026,1,8,0.135,No,Medium Risk
C101332,1.1,11-06-2026,1,0,0.17,No,Medium Risk
C101333,0.9,27-05-2026,3,14,0.16,No,Medium Risk
C101334,0.5,27-05-2026,1,9,0.135,No,Medium Risk
C101335,1,23-04-2026,0,8,0.135,Yes,Low Risk
C101336,0.8,25-03-2026,2,9,0.185,No,Medium Risk
C101337,0.6,28-05-2026,2,11,0.16,Yes,Medium Risk
C101338,1.1,28-04-2026,1,10,0.135,No,Medium Risk
C101339,0.9,10-05-2026,1,13,0.135,No,Medium Risk
C101340,0.7,14-06-2026,2,7,0.16,No,Medium Risk
C101341,1.2,08-06-2026,1,12,0.135,No,Medium Risk
C101342,1.4,27-06-2026,0,7,0.135,No,Low Risk
C101343,0.6,13-06-2026,1,11,0.135,Yes,Medium Risk
C101344,0.6,08-06-2026,1,9,0.135,No,Medium Risk
C101345,0.7,26-06-2026,3,2,0.195,No,Medium Risk
C101346,0.8,18-06-2026,1,9,0.135,No,Medium Risk
C101347,0.9,27-06-2026,2,11,0.16,No,Medium Risk
C101348,1.3,19-06-2026,0,8,0.135,No,Low Risk
C101349,1.2,24-06-2026,0,11,0.135,Yes,Low Risk
C101350,0.9,12-06-2026,3,11,0.16,No,Medium Risk
C101351,0.9,28-05-2026,2,7,0.16,No,Medium Risk
C101352,0.9,23-05-2026,0,11,0.135,Yes,Low Risk
C101353,0.8,31-05-2026,0,10,0.135,No,Low Risk
C101354,0.4,20-06-2026,1,1,0.17,No,Medium Risk
C101355,0.9,06-06-2026,0,5,0.135,No,Low Risk
C101356,1.1,19-06-2026,0,8,0.135,No,Low Risk
C101357,0.9,15-06-2026,0,8,0.135,No,Low Risk
C101358,0.6,18-06-2026,2,10,0.16,Yes,Medium Risk
C101359,1.1,28-02-2026,2,8,0.185,No,Medium Risk
C101360,0.8,22-06-2026,0,9,0.135,No,Low Risk
C101361,0.9,19-06-2026,3,13,0.16,No,Medium Risk
C101362,0.9,11-06-2026,1,5,0.135,No,Medium Risk
C101363,0.7,30-05-2026,1,8,0.135,No,Medium Risk
C101364,0.7,14-06-2026,0,14,0.135,No,Low Risk
C101365,0.8,02-05-2026,2,11,0.16,No,Medium Risk
C101366,0.9,11-06-2026,2,9,0.16,No,Medium Risk
C101367,0.7,07-03-2026,0,4,0.16,No,Low Risk
C101368,0.7,15-06-2026,0,7,0.135,No,Low Risk
C101369,0.3,06-03-2026,0,4,0.16,No,Low Risk
C101370,0.8,26-05-2026,0,10,0.135,No,Low Risk
C101371,0.7,25-05-2026,0,6,0.135,No,Low Risk
C101372,1.1,10-06-2026,1,9,0.135,No,Medium Risk
C101373,1.1,17-05-2026,0,16,0.135,No,Low Risk
C101374,0.8,25-04-2026,0,12,0.135,No,Low Risk
C101375,0.8,14-06-2026,1,11,0.135,No,Medium Risk
C101376,0.9,24-04-2026,0,8,0.135,No,Low Risk
C101377,0.4,29-05-2026,1,12,0.135,No,Medium Risk
C101378,0.5,26-05-2026,0,10,0.135,No,Low Risk
C101379,0.7,12-06-2026,1,7,0.135,No,Medium Risk
C101380,1.5,25-06-2026,1,5,0.135,No,Medium Risk
C101381,0.6,25-06-2026,2,9,0.16,No,Medium Risk
C101382,1.1,02-04-2026,0,13,0.135,No,Low Risk
C101383,1,22-06-2026,2,8,0.16,No,Medium Risk
C101384,0.9,19-05-2026,1,7,0.135,No,Medium Risk
C101385,1.1,16-06-2026,3,16,0.16,No,Medium Risk
C101386,1.1,30-05-2026,2,10,0.16,No,Medium Risk
C101387,0.9,20-06-2026,0,5,0.135,No,Low Risk
C101388,1,27-06-2026,2,15,0.16,No,Medium Risk
C101389,0.9,25-05-2026,0,7,0.135,No,Low Risk
C101390,0.4,30-03-2026,1,7,0.16,No,Medium Risk
C101391,0.9,18-05-2026,1,12,0.135,Yes,Medium Risk
C101392,1.4,23-06-2026,0,13,0.135,Yes,Low Risk
C101393,1,21-06-2026,0,7,0.135,Yes,Low Risk
C101394,0.7,14-05-2026,1,7,0.135,No,Medium Risk
C101395,1.2,24-06-2026,4,8,0.16,No,Medium Risk
C101396,0.7,28-02-2026,3,15,0.185,No,Medium Risk
C101397,0.4,16-05-2026,3,14,0.16,No,Medium Risk
C101398,0.7,23-05-2026,0,9,0.135,No,Low Risk
C101399,1.2,19-06-2026,0,15,0.135,No,Low Risk
C101400,0.8,21-06-2026,0,7,0.135,No,Low Risk
C101401,1.1,07-06-2026,2,9,0.16,No,Medium Risk
C101402,1.1,08-06-2026,3,18,0.16,No,Medium Risk
C101403,1,27-04-2026,0,14,0.135,No,Low Risk
C101404,1.4,20-06-2026,0,2,0.17,No,Low Risk
C101405,0.9,26-06-2026,0,14,0.135,No,Low Risk
C101406,0.9,03-06-2026,3,14,0.16,No,Medium Risk
C101407,0.6,26-05-2026,3,10,0.16,No,Medium Risk
C101408,1,09-06-2026,0,8,0.135,No,Low Risk
C101409,1.2,30-06-2026,0,14,0.135,No,Low Risk
C101410,0.6,13-06-2026,2,12,0.16,No,Medium Risk
C101411,0.7,10-03-2026,0,9,0.16,No,Low Risk
C101412,0.7,31-05-2026,0,15,0.135,No,Low Risk
C101413,0.9,30-06-2026,0,14,0.135,No,Low Risk
C101414,0.8,28-06-2026,0,9,0.135,No,Low Risk
C101415,0.3,09-01-2026,0,13,0.16,No,Low Risk
C101416,0.9,28-05-2026,3,3,0.195,No,Medium Risk
C101417,1,13-06-2026,0,7,0.135,No,Low Risk
C101418,1.4,10-06-2026,2,16,0.16,Yes,Medium Risk
C101419,1,08-06-2026,1,5,0.135,No,Medium Risk
C101420,0.7,27-05-2026,0,12,0.135,No,Low Risk
C101421,1.2,18-06-2026,1,12,0.135,No,Medium Risk
C101422,0.8,12-06-2026,1,7,0.135,No,Medium Risk
C101423,1.1,24-06-2026,1,15,0.135,No,Medium Risk
C101424,0.8,09-04-2026,1,9,0.135,No,Medium Risk
C101425,0.7,02-06-2026,2,6,0.16,No,Medium Risk
C101426,1.3,17-06-2026,2,10,0.16,No,Medium Risk
C101427,0.9,08-03-2026,1,5,0.16,No,Medium Risk
C101428,0.9,11-05-2026,1,13,0.135,No,Medium Risk
C101429,0.8,24-06-2026,1,3,0.17,Yes,Medium Risk
C101430,0.6,03-06-2026,1,8,0.135,No,Medium Risk
C101431,0.9,26-05-2026,0,10,0.135,No,Low Risk
C101432,1.3,29-05-2026,0,8,0.135,No,Low Risk
C101433,1.1,05-04-2026,0,10,0.135,No,Low Risk
C101434,1.1,29-05-2026,2,0,0.195,No,Medium Risk
C101435,0.7,13-05-2026,0,15,0.135,Yes,Low Risk
C101436,0.9,13-06-2026,3,8,0.16,No,Medium Risk
C101437,0.7,21-04-2026,1,10,0.135,No,Medium Risk
C101438,1.1,16-06-2026,1,9,0.135,No,Medium Risk
C101439,0.8,25-06-2026,2,17,0.16,Yes,Medium Risk
C101440,1.4,13-05-2026,1,8,0.135,No,Medium Risk
C101441,0.7,29-06-2026,1,8,0.135,No,Medium Risk
C101442,1.3,13-06-2026,1,12,0.135,No,Medium Risk
C101443,0.9,24-05-2026,1,7,0.135,No,Medium Risk
C101444,0.6,17-05-2026,0,8,0.135,No,Low Risk
C101445,0.9,28-06-2026,2,10,0.16,No,Medium Risk
C101446,0.6,05-05-2026,4,7,0.16,No,Medium Risk
C101447,1.1,29-06-2026,2,8,0.16,No,Medium Risk
C101448,0.8,22-06-2026,2,9,0.16,No,Medium Risk
C101449,0.8,15-06-2026,0,7,0.135,No,Low Risk
C101450,0.7,22-06-2026,0,6,0.135,No,Low Risk
C101451,0.4,23-06-2026,1,11,0.135,No,Medium Risk
C101452,0.9,11-06-2026,0,12,0.135,No,Low Risk
C101453,0.7,27-04-2026,0,0,0.17,No,Low Risk
C101454,0.4,04-04-2026,1,10,0.135,No,Medium Risk
C101455,1,30-06-2026,1,5,0.135,No,Medium Risk
C101456,0.6,23-04-2026,0,6,0.135,No,Low Risk
C101457,1.4,14-06-2026,0,13,0.135,No,Low Risk
C101458,0.8,25-06-2026,1,11,0.135,No,Medium Risk
C101459,1.2,18-06-2026,0,15,0.135,No,Low Risk
C101460,0.9,23-06-2026,1,14,0.135,No,Medium Risk
C101461,0.8,23-06-2026,2,13,0.16,No,Medium Risk
C101462,0.8,07-05-2026,2,12,0.16,No,Medium Risk
C101463,0.7,28-06-2026,1,8,0.135,No,Medium Risk
C101464,0.9,13-04-2026,0,8,0.135,No,Low Risk
C101465,0.9,18-06-2026,1,10,0.135,No,Medium Risk
C101466,1.3,14-04-2026,3,5,0.16,No,Medium Risk
C101467,0.6,22-02-2026,0,1,0.195,No,Low Risk
C101468,1,21-06-2026,2,14,0.16,No,Medium Risk
C101469,1,11-06-2026,0,13,0.135,No,Low Risk
C101470,1.3,30-06-2026,1,7,0.135,Yes,Medium Risk
C101471,0.9,24-06-2026,1,10,0.135,Yes,Medium Risk
C101472,0.6,09-05-2026,1,10,0.135,No,Medium Risk
C101473,0.8,22-06-2026,3,11,0.16,No,Medium Risk
C101474,0.7,04-06-2026,0,5,0.135,No,Low Risk
C101475,0.9,09-06-2026,0,14,0.135,No,Low Risk
C101476,0.8,03-05-2026,0,4,0.135,No,Low Risk
C101477,0.9,21-06-2026,1,10,0.135,No,Medium Risk
C101478,0.8,09-06-2026,1,8,0.135,No,Medium Risk
C101479,0.9,27-06-2026,0,11,0.135,No,Low Risk
C101480,1,24-04-2026,1,7,0.135,No,Medium Risk
C101481,0.8,16-05-2026,0,10,0.135,No,Low Risk
C101482,0.9,04-06-2026,1,9,0.135,No,Medium Risk
C101483,0.7,19-06-2026,2,12,0.16,No,Medium Risk
C101484,0.9,19-06-2026,1,14,0.135,No,Medium Risk
C101485,1.1,09-06-2026,0,13,0.135,No,Low Risk
C101486,0.7,20-05-2026,1,5,0.135,No,Medium Risk
C101487,0.6,07-05-2026,0,1,0.17,No,Low Risk
C101488,0.6,29-03-2026,1,6,0.16,No,Medium Risk
C101489,1.2,07-03-2026,1,12,0.16,No,Medium Risk
C101490,1.1,29-06-2026,0,9,0.135,Yes,Low Risk
C101491,0.9,10-06-2026,1,17,0.135,No,Medium Risk
C101492,0.8,16-06-2026,0,7,0.135,No,Low Risk
C101493,0.7,16-06-2026,0,8,0.135,No,Low Risk
C101494,1.1,25-02-2026,1,14,0.16,No,Medium Risk
C101495,1,29-04-2026,0,14,0.135,No,Low Risk
C101496,0.3,23-05-2026,1,4,0.135,No,Medium Risk
C101497,0.8,09-05-2026,2,12,0.16,No,Medium Risk
C101498,0.8,23-06-2026,0,12,0.135,No,Low Risk
C101499,1,28-06-2026,1,9,0.135,No,Medium Risk
C101500,0.6,28-04-2026,2,4,0.16,No,Medium Risk
C101501,0.9,05-02-2026,1,6,0.16,No,Medium Risk
C101502,1.5,22-06-2026,1,10,0.135,No,Medium Risk
C101503,0.9,18-06-2026,1,10,0.135,No,Medium Risk
C101504,0.8,28-04-2026,1,8,0.135,No,Medium Risk
C101505,1.3,28-06-2026,0,4,0.135,No,Low Risk
C101506,1.1,02-05-2026,0,9,0.135,No,Low Risk
C101507,1.2,14-06-2026,0,9,0.135,No,Low Risk
C101508,1.1,16-05-2026,0,5,0.135,Yes,Low Risk
C101509,1.1,04-06-2026,2,16,0.16,Yes,Medium Risk
C101510,0.8,08-06-2026,0,11,0.135,No,Low Risk
C101511,0.9,19-06-2026,1,12,0.135,No,Medium Risk
C101512,1.1,08-06-2026,1,12,0.135,Yes,Medium Risk
C101513,0.8,18-06-2026,2,12,0.16,No,Medium Risk
C101514,0.8,12-06-2026,0,5,0.135,No,Low Risk
C101515,1.1,29-06-2026,0,13,0.135,No,Low Risk
C101516,1.1,30-06-2026,1,10,0.135,No,Medium Risk
C101517,0.8,28-06-2026,0,10,0.135,No,Low Risk
C101518,1.1,23-06-2026,1,7,0.135,No,Medium Risk
C101519,1.2,19-06-2026,0,6,0.135,No,Low Risk
C101520,1.2,31-05-2026,2,10,0.16,No,Medium Risk
C101521,0.9,08-06-2026,0,5,0.135,No,Low Risk
C101522,0.8,21-06-2026,0,4,0.135,No,Low Risk
C101523,0.9,04-05-2026,1,7,0.135,Yes,Medium Risk
C101524,1.3,17-03-2026,0,8,0.16,No,Low Risk
C101525,0.9,09-06-2026,0,9,0.135,Yes,Low Risk
C101526,0.9,29-05-2026,1,11,0.135,No,Medium Risk
C101527,0.6,03-06-2026,2,9,0.16,Yes,Medium Risk
C101528,0.8,07-06-2026,0,9,0.135,No,Low Risk
C101529,1.2,11-06-2026,3,10,0.16,No,Medium Risk
C101530,0.8,29-05-2026,1,5,0.135,No,Medium Risk
C101531,1.2,26-06-2026,1,9,0.135,Yes,Medium Risk
C101532,0.8,29-06-2026,1,15,0.135,No,Medium Risk
C101533,0.7,18-05-2026,2,12,0.16,No,Medium Risk
C101534,1.2,17-05-2026,1,9,0.135,No,Medium Risk
C101535,0.6,20-06-2026,0,9,0.135,No,Low Risk
C101536,1.1,19-06-2026,0,7,0.135,No,Low Risk
C101537,1.1,30-06-2026,0,11,0.135,No,Low Risk
C101538,0.8,28-06-2026,0,15,0.135,Yes,Low Risk
C101539,0.9,03-05-2026,0,7,0.135,No,Low Risk
C101540,0.4,23-03-2026,0,2,0.195,No,Low Risk
C101541,0.6,22-04-2026,2,10,0.16,No,Medium Risk
C101542,0.6,14-05-2026,0,10,0.135,No,Low Risk
C101543,0.6,26-04-2026,0,11,0.135,No,Low Risk
C101544,0.9,18-06-2026,1,10,0.135,No,Medium Risk
C101545,0.8,16-06-2026,0,3,0.17,No,Low Risk
C101546,0.6,06-06-2026,1,10,0.135,No,Medium Risk
C101547,0.9,19-05-2026,2,15,0.16,No,Medium Risk
C101548,0.8,17-06-2026,0,12,0.135,Yes,Low Risk
C101549,0.6,01-03-2026,0,9,0.16,No,Low Risk
C101550,0.8,29-06-2026,1,6,0.135,No,Medium Risk
C101551,1.1,10-06-2026,0,14,0.135,Yes,Low Risk
C101552,0.5,05-05-2026,0,7,0.135,No,Low Risk
C101553,0.9,03-05-2026,0,11,0.135,No,Low Risk
C101554,0.6,29-04-2026,0,12,0.135,No,Low Risk
C101555,0.7,06-06-2026,1,5,0.135,No,Medium Risk
C101556,0.6,08-05-2026,1,0,0.17,No,Medium Risk
C101557,0.9,11-12-2025,0,9,0.16,No,Low Risk
C101558,0.9,31-05-2026,1,13,0.135,Yes,Medium Risk
C101559,0.8,24-05-2026,0,11,0.135,No,Low Risk
C101560,0.6,22-04-2026,1,11,0.135,No,Medium Risk
C101561,1.1,12-06-2026,1,10,0.135,No,Medium Risk
C101562,1.1,13-06-2026,1,14,0.135,No,Medium Risk
C101563,1.1,28-05-2026,1,8,0.135,No,Medium Risk
C101564,1,23-06-2026,0,3,0.17,No,Low Risk
C101565,0.6,15-06-2026,0,16,0.135,No,Low Risk
C101566,0.9,06-04-2026,1,9,0.135,No,Medium Risk
C101567,0.8,04-06-2026,0,14,0.135,No,Low Risk
C101568,0.9,29-06-2026,3,6,0.16,No,Medium Risk
C101569,0.2,22-05-2026,1,8,0.135,Yes,Medium Risk
C101570,0.5,27-04-2026,1,9,0.135,No,Medium Risk
C101571,0.7,22-05-2026,2,6,0.16,No,Medium Risk
C101572,0.6,22-02-2026,0,9,0.16,No,Low Risk
C101573,0.9,30-05-2026,0,6,0.135,No,Low Risk
C101574,1.3,11-06-2026,1,7,0.135,Yes,Medium Risk
C101575,1.1,14-06-2026,1,8,0.135,No,Medium Risk
C101576,0.9,10-06-2026,0,21,0.135,Yes,Low Risk
C101577,1.4,21-06-2026,1,10,0.135,No,Medium Risk
C101578,0.5,23-06-2026,1,7,0.135,No,Medium Risk
C101579,1.1,29-06-2026,2,11,0.16,Yes,Medium Risk
C101580,1,29-06-2026,1,10,0.135,No,Medium Risk
C101581,0.9,15-06-2026,0,10,0.135,Yes,Low Risk
C101582,0.8,30-05-2026,1,8,0.135,No,Medium Risk
C101583,0.9,15-06-2026,0,11,0.135,No,Low Risk
C101584,0.6,12-02-2026,2,12,0.185,No,Medium Risk
C101585,1.1,15-05-2026,0,11,0.135,No,Low Risk
C101586,0.8,28-05-2026,0,9,0.135,No,Low Risk
C101587,0.9,28-06-2026,0,7,0.135,No,Low Risk
C101588,0.8,18-06-2026,1,15,0.135,No,Medium Risk
C101589,0.7,14-06-2026,1,5,0.135,No,Medium Risk
C101590,0.6,28-06-2026,3,14,0.16,No,Medium Risk
C101591,1.2,19-06-2026,1,4,0.135,No,Medium Risk
C101592,0.9,07-05-2026,1,5,0.135,Yes,Medium Risk
C101593,1.2,27-06-2026,2,1,0.195,No,Medium Risk
C101594,0.7,29-06-2026,1,13,0.135,No,Medium Risk
C101595,0.9,03-06-2026,0,13,0.135,No,Low Risk
C101596,1.1,09-06-2026,1,5,0.135,No,Medium Risk
C101597,0.8,26-04-2026,2,14,0.16,No,Medium Risk
C101598,0.9,22-06-2026,0,3,0.17,No,Low Risk
C101599,0.6,26-04-2026,0,12,0.135,No,Low Risk
C101600,1.2,07-06-2026,0,10,0.135,No,Low Risk
C101601,0.8,13-06-2026,0,8,0.135,No,Low Risk
C101602,0.7,24-06-2026,1,4,0.135,No,Medium Risk
C101603,1.1,01-06-2026,1,15,0.135,Yes,Medium Risk
C101604,0.5,30-05-2026,1,6,0.135,No,Medium Risk
C101605,0.9,21-06-2026,6,9,0.16,No,Medium Risk
C101606,0.9,13-04-2026,0,13,0.135,No,Low Risk
C101607,1.3,10-06-2026,0,9,0.135,No,Low Risk
C101608,1.2,15-06-2026,1,10,0.135,No,Medium Risk
C101609,0.6,17-06-2026,3,3,0.195,Yes,Medium Risk
C101610,0.8,05-05-2026,0,5,0.135,No,Low Risk
C101611,1.1,20-06-2026,1,18,0.135,No,Medium Risk
C101612,0.7,28-05-2026,0,23,0.135,No,Low Risk
C101613,0.9,09-06-2026,0,15,0.135,Yes,Low Risk
C101614,1.2,23-04-2026,1,7,0.135,No,Medium Risk
C101615,1.1,27-05-2026,0,9,0.135,No,Low Risk
C101616,0.9,12-06-2026,2,7,0.16,No,Medium Risk
C101617,0.7,20-06-2026,0,7,0.135,No,Low Risk
C101618,1,27-03-2026,1,6,0.16,No,Medium Risk
C101619,0.8,23-05-2026,0,13,0.135,No,Low Risk
C101620,1.6,10-06-2026,1,7,0.135,No,Medium Risk
C101621,1.2,30-06-2026,1,14,0.135,No,Medium Risk
C101622,1.1,01-05-2026,1,16,0.135,No,Medium Risk
C101623,0.9,23-06-2026,1,15,0.135,Yes,Medium Risk
C101624,0.9,17-06-2026,1,2,0.17,No,Medium Risk
C101625,1,24-06-2026,1,8,0.135,Yes,Medium Risk
C101626,1,31-05-2026,0,12,0.135,No,Low Risk
C101627,0.7,11-06-2026,3,10,0.16,No,Medium Risk
C101628,0.3,01-02-2026,0,3,0.195,No,Low Risk
C101629,0.9,21-04-2026,0,12,0.135,No,Low Risk
C101630,1,21-06-2026,2,13,0.16,No,Medium Risk
C101631,0.7,09-06-2026,0,8,0.135,No,Low Risk
C101632,1.1,23-06-2026,2,8,0.16,No,Medium Risk
C101633,1.4,12-05-2026,0,6,0.135,No,Low Risk
C101634,0.7,16-04-2026,0,11,0.135,No,Low Risk
C101635,0.6,06-06-2026,2,15,0.16,Yes,Medium Risk
C101636,1.2,09-06-2026,1,0,0.17,No,Medium Risk
C101637,0.8,29-05-2026,0,11,0.135,No,Low Risk
C101638,1.3,23-06-2026,1,6,0.135,No,Medium Risk
C101639,0.9,29-06-2026,0,11,0.135,Yes,Low Risk
C101640,1,27-06-2026,2,0,0.195,Yes,Medium Risk
C101641,0.9,22-02-2026,2,13,0.185,Yes,Medium Risk
C101642,1,03-06-2026,0,10,0.135,No,Low Risk
C101643,0.9,07-05-2026,0,8,0.135,Yes,Low Risk
C101644,0.7,22-06-2026,2,10,0.16,No,Medium Risk
C101645,1.1,15-05-2026,0,10,0.135,No,Low Risk
C101646,0.6,29-06-2026,0,10,0.135,No,Low Risk
C101647,1.1,30-06-2026,2,10,0.16,No,Medium Risk
C101648,0.5,01-03-2026,0,22,0.16,No,Low Risk
C101649,0.8,10-06-2026,2,0,0.195,Yes,Medium Risk
C101650,1.1,24-05-2026,0,11,0.135,No,Low Risk
C101651,0.7,11-05-2026,0,17,0.135,No,Low Risk
C101652,0.9,22-06-2026,0,16,0.135,No,Low Risk
C101653,0.7,21-06-2026,2,13,0.16,No,Medium Risk
C101654,1.1,26-05-2026,2,13,0.16,No,Medium Risk
C101655,0.9,24-06-2026,0,8,0.135,No,Low Risk
C101656,0.7,06-05-2026,2,11,0.16,No,Medium Risk
C101657,0.9,27-06-2026,1,10,0.135,No,Medium Risk
C101658,0.9,17-06-2026,0,6,0.135,No,Low Risk
C101659,0.7,30-06-2026,1,13,0.135,No,Medium Risk
C101660,0.6,11-05-2026,0,8,0.135,No,Low Risk
C101661,1.3,13-05-2026,1,13,0.135,No,Medium Risk
C101662,0.7,07-04-2026,1,6,0.135,Yes,Medium Risk
C101663,0.8,12-03-2026,0,12,0.16,No,Low Risk
C101664,1.1,29-05-2026,2,11,0.16,No,Medium Risk
C101665,0.7,14-06-2026,1,6,0.135,No,Medium Risk
C101666,0.9,31-05-2026,2,12,0.16,No,Medium Risk
C101667,1.3,27-06-2026,0,12,0.135,No,Low Risk
C101668,1.3,16-06-2026,2,5,0.16,No,Medium Risk
C101669,1,31-05-2026,0,5,0.135,No,Low Risk
C101670,0.8,23-06-2026,1,12,0.135,No,Medium Risk
C101671,1.1,14-06-2026,3,11,0.16,No,Medium Risk
C101672,0.7,21-05-2026,1,10,0.135,No,Medium Risk
C101673,0.9,30-05-2026,0,2,0.17,No,Low Risk
C101674,1.1,25-06-2026,0,15,0.135,No,Low Risk
C101675,1.1,25-06-2026,0,11,0.135,No,Low Risk
C101676,0.9,26-06-2026,1,8,0.135,No,Medium Risk
C101677,0.9,17-06-2026,2,4,0.16,Yes,Medium Risk
C101678,0.9,30-05-2026,0,13,0.135,No,Low Risk
C101679,1.2,17-06-2026,0,7,0.135,No,Low Risk
C101680,1.1,26-06-2026,0,2,0.17,No,Low Risk
C101681,0.7,29-06-2026,2,5,0.16,No,Medium Risk
C101682,0.8,14-06-2026,1,11,0.135,No,Medium Risk
C101683,0.8,18-05-2026,1,13,0.135,No,Medium Risk
C101684,0.9,22-06-2026,0,4,0.135,No,Low Risk
C101685,1.1,15-05-2026,2,12,0.16,No,Medium Risk
C101686,1.1,11-06-2026,1,8,0.135,Yes,Medium Risk
C101687,0.7,29-04-2026,1,6,0.135,No,Medium Risk
C101688,0.8,08-04-2026,3,8,0.16,No,Medium Risk
C101689,0.8,30-06-2026,0,12,0.135,No,Low Risk
C101690,1,19-06-2026,0,11,0.135,No,Low Risk
C101691,1.1,22-06-2026,0,13,0.135,No,Low Risk
C101692,1.1,10-03-2026,0,9,0.16,No,Low Risk
C101693,0.9,24-05-2026,1,9,0.135,No,Medium Risk
C101694,0.6,28-06-2026,0,17,0.135,No,Low Risk
C101695,0.8,08-06-2026,0,6,0.135,No,Low Risk
C101696,0.9,26-05-2026,1,10,0.135,No,Medium Risk
C101697,0.7,03-06-2026,1,10,0.135,Yes,Medium Risk
C101698,0.8,19-06-2026,1,6,0.135,No,Medium Risk
C101699,0.9,29-05-2026,0,11,0.135,No,Low Risk
C101700,0.8,25-06-2026,0,12,0.135,No,Low Risk
C101701,1,28-06-2026,0,7,0.135,No,Low Risk
C101702,0.5,03-04-2026,0,3,0.17,No,Low Risk
C101703,0.9,22-06-2026,1,9,0.135,No,Medium Risk
C101704,1.1,06-05-2026,2,12,0.16,No,Medium Risk
C101705,0.9,21-04-2026,1,7,0.135,No,Medium Risk
C101706,0.6,19-06-2026,2,12,0.16,Yes,Medium Risk
C101707,0.9,15-06-2026,1,6,0.135,No,Medium Risk
C101708,0.8,22-06-2026,1,9,0.135,No,Medium Risk
C101709,0.8,29-06-2026,1,4,0.135,No,Medium Risk
C101710,0.6,30-05-2026,0,6,0.135,No,Low Risk
C101711,0.8,26-06-2026,1,9,0.135,No,Medium Risk
C101712,0.7,07-06-2026,3,14,0.16,No,Medium Risk
C101713,0.8,09-06-2026,0,10,0.135,No,Low Risk
C101714,0.5,05-06-2026,1,8,0.135,No,Medium Risk
C101715,1.1,15-06-2026,1,7,0.135,No,Medium Risk
C101716,0.7,16-06-2026,0,5,0.135,No,Low Risk
C101717,0.8,06-06-2026,4,12,0.16,No,Medium Risk
C101718,1.2,04-06-2026,0,6,0.135,No,Low Risk
C101719,1.1,22-06-2026,2,12,0.16,No,Medium Risk
C101720,0.8,14-06-2026,3,5,0.16,No,Medium Risk
C101721,0.9,25-06-2026,1,2,0.17,No,Medium Risk
C101722,0.9,26-06-2026,0,7,0.135,No,Low Risk
C101723,0.7,18-02-2026,0,7,0.16,No,Low Risk
C101724,1.3,05-06-2026,0,6,0.135,No,Low Risk
C101725,0.7,06-06-2026,1,14,0.135,No,Medium Risk
C101726,1.2,25-06-2026,0,10,0.135,No,Low Risk
C101727,1,17-05-2026,0,9,0.135,No,Low Risk
C101728,0.9,30-06-2026,3,5,0.16,Yes,Medium Risk
C101729,1.2,28-06-2026,1,11,0.135,Yes,Medium Risk
C101730,0.5,09-05-2026,2,9,0.16,No,Medium Risk
C101731,0.7,17-06-2026,1,13,0.135,No,Medium Risk
C101732,1.2,22-06-2026,0,9,0.135,No,Low Risk
C101733,1.3,22-04-2026,1,13,0.135,No,Medium Risk
C101734,0.9,11-06-2026,1,13,0.135,No,Medium Risk
C101735,1.1,18-05-2026,1,8,0.135,Yes,Medium Risk
C101736,0.7,15-06-2026,1,7,0.135,No,Medium Risk
C101737,0.8,11-06-2026,0,10,0.135,No,Low Risk
C101738,0.7,04-06-2026,0,17,0.135,No,Low Risk
C101739,1,10-06-2026,0,11,0.135,Yes,Low Risk
C101740,1,10-06-2026,2,11,0.16,Yes,Medium Risk
C101741,1.1,13-06-2026,2,9,0.16,No,Medium Risk
C101742,1.1,03-06-2026,2,5,0.16,No,Medium Risk
C101743,1.2,14-06-2026,1,10,0.135,No,Medium Risk
C101744,1.2,28-05-2026,1,11,0.135,No,Medium Risk
C101745,0.7,15-05-2026,1,12,0.135,No,Medium Risk
C101746,0.9,09-06-2026,1,9,0.135,No,Medium Risk
C101747,1.3,09-06-2026,0,11,0.135,No,Low Risk
C101748,0.7,28-05-2026,0,8,0.135,No,Low Risk
C101749,0.7,24-04-2026,1,6,0.135,Yes,Medium Risk
C101750,0.6,25-06-2026,2,16,0.16,No,Medium Risk
C101751,1.4,28-06-2026,1,13,0.135,No,Medium Risk
C101752,1.1,23-06-2026,1,6,0.135,No,Medium Risk
C101753,1.1,26-05-2026,2,6,0.16,No,Medium Risk
C101754,0.7,13-06-2026,1,6,0.135,Yes,Medium Risk
C101755,0.6,07-06-2026,1,11,0.135,No,Medium Risk
C101756,0.8,14-05-2026,1,8,0.135,No,Medium Risk
C101757,1.1,26-06-2026,2,7,0.16,No,Medium Risk
C101758,1.2,19-06-2026,1,14,0.135,No,Medium Risk
C101759,1.1,29-05-2026,0,13,0.135,No,Low Risk
C101760,0.9,02-06-2026,0,12,0.135,No,Low Risk
C101761,0.9,27-06-2026,0,8,0.135,No,Low Risk
C101762,0.8,18-05-2026,2,9,0.16,No,Medium Risk
C101763,0.7,25-06-2026,1,3,0.17,No,Medium Risk
C101764,0.6,27-06-2026,1,13,0.135,No,Medium Risk
C101765,1,12-06-2026,2,12,0.16,No,Medium Risk
C101766,0.9,22-06-2026,0,11,0.135,No,Low Risk
C101767,1.2,21-05-2026,0,12,0.135,Yes,Low Risk
C101768,0.8,26-06-2026,0,11,0.135,No,Low Risk
C101769,0.8,18-05-2026,0,11,0.135,No,Low Risk
C101770,0.9,04-05-2026,1,6,0.135,No,Medium Risk
C101771,0.9,04-05-2026,1,14,0.135,Yes,Medium Risk
C101772,0.7,09-04-2026,1,15,0.135,No,Medium Risk
C101773,0.5,07-06-2026,0,10,0.135,No,Low Risk
C101774,1.1,30-05-2026,2,0,0.195,Yes,Medium Risk
C101775,1,20-06-2026,0,10,0.135,No,Low Risk
C101776,0.7,28-06-2026,1,12,0.135,Yes,Medium Risk
C101777,0.7,28-06-2026,2,6,0.16,No,Medium Risk
C101778,1,18-06-2026,0,6,0.135,No,Low Risk
C101779,0.9,21-06-2026,0,14,0.135,No,Low Risk
C101780,1.1,16-05-2026,0,9,0.135,No,Low Risk
C101781,0.6,02-06-2026,1,11,0.135,No,Medium Risk
C101782,1.2,24-06-2026,3,3,0.195,Yes,Medium Risk
C101783,0.9,23-03-2026,2,8,0.185,No,Medium Risk
C101784,0.8,15-05-2026,1,6,0.135,No,Medium Risk
C101785,0.4,01-06-2026,0,12,0.135,No,Low Risk
C101786,0.8,04-05-2026,0,7,0.135,No,Low Risk
C101787,0.9,30-04-2026,2,12,0.16,Yes,Medium Risk
C101788,0.9,26-05-2026,1,6,0.135,No,Medium Risk
C101789,1,26-05-2026,0,7,0.135,No,Low Risk
C101790,0.8,25-04-2026,1,10,0.135,No,Medium Risk
C101791,0.8,10-06-2026,0,2,0.17,No,Low Risk
C101792,0.8,02-06-2026,0,8,0.135,No,Low Risk
C101793,0.8,26-06-2026,3,9,0.16,No,Medium Risk
C101794,1,08-05-2026,0,8,0.135,No,Low Risk
C101795,0.9,01-06-2026,0,6,0.135,No,Low Risk
C101796,0.6,21-05-2026,1,14,0.135,Yes,Medium Risk
C101797,0.9,28-05-2026,0,9,0.135,No,Low Risk
C101798,0.8,04-06-2026,0,2,0.17,Yes,Low Risk
C101799,1.1,18-05-2026,2,11,0.16,No,Medium Risk
C101800,1.3,03-06-2026,1,7,0.135,No,Medium Risk
C101801,0.9,29-05-2026,0,13,0.135,No,Low Risk
C101802,0.7,23-06-2026,1,9,0.135,No,Medium Risk
C101803,1.1,26-06-2026,2,10,0.16,No,Medium Risk
C101804,0.9,05-06-2026,1,9,0.135,No,Medium Risk
C101805,0.7,28-06-2026,1,10,0.135,No,Medium Risk
C101806,0.8,26-05-2026,0,8,0.135,No,Low Risk
C101807,0.6,29-06-2026,0,4,0.135,No,Low Risk
C101808,1.2,02-02-2026,3,2,0.22,No,Medium Risk
C101809,0.7,26-03-2026,0,3,0.195,No,Low Risk
C101810,0.6,07-04-2026,0,16,0.135,No,Low Risk
C101811,0.8,23-05-2026,0,4,0.135,No,Low Risk
C101812,0.6,05-06-2026,1,16,0.135,No,Medium Risk
C101813,1.1,28-06-2026,1,12,0.135,No,Medium Risk
C101814,0.8,14-04-2026,1,9,0.135,Yes,Medium Risk
C101815,0.6,24-06-2026,1,9,0.135,No,Medium Risk
C101816,1.5,09-05-2026,0,14,0.135,No,Low Risk
C101817,1.5,05-06-2026,2,12,0.16,No,Medium Risk
C101818,0.9,30-05-2026,0,10,0.135,No,Low Risk
C101819,0.9,16-05-2026,0,8,0.135,No,Low Risk
C101820,0.7,18-06-2026,1,14,0.135,No,Medium Risk
C101821,0.7,15-05-2026,1,0,0.17,No,Medium Risk
C101822,0.9,23-06-2026,2,10,0.16,No,Medium Risk
C101823,1.3,24-04-2026,3,2,0.195,No,Medium Risk
C101824,0.9,29-05-2026,0,7,0.135,No,Low Risk
C101825,1.2,22-06-2026,0,12,0.135,No,Low Risk
C101826,0.9,03-04-2026,1,7,0.135,Yes,Medium Risk
C101827,0.8,02-06-2026,0,8,0.135,No,Low Risk
C101828,0.8,23-05-2026,1,3,0.17,No,Medium Risk
C101829,0.7,23-05-2026,0,9,0.135,No,Low Risk
C101830,1.2,03-04-2026,3,1,0.195,No,Medium Risk
C101831,1.2,01-05-2026,1,6,0.135,No,Medium Risk
C101832,0.9,11-04-2026,3,11,0.16,Yes,Medium Risk
C101833,0.8,14-05-2026,2,10,0.16,No,Medium Risk
C101834,0.7,03-05-2026,2,15,0.16,No,Medium Risk
C101835,0.9,11-04-2026,1,16,0.135,No,Medium Risk
C101836,1.1,12-06-2026,0,13,0.135,No,Low Risk
C101837,0.7,21-05-2026,2,8,0.16,No,Medium Risk
C101838,0.9,07-06-2026,2,14,0.16,No,Medium Risk
C101839,0.8,24-06-2026,1,16,0.135,No,Medium Risk
C101840,0.8,23-06-2026,0,17,0.135,No,Low Risk
C101841,0.9,23-06-2026,0,5,0.135,No,Low Risk
C101842,1.2,08-05-2026,1,9,0.135,No,Medium Risk
C101843,1.1,16-06-2026,1,3,0.17,No,Medium Risk
C101844,0.7,25-06-2026,2,6,0.16,Yes,Medium Risk
C101845,0.9,02-04-2026,1,8,0.135,No,Medium Risk
C101846,0.7,30-06-2026,1,17,0.135,No,Medium Risk
C101847,0.4,18-06-2026,0,9,0.135,No,Low Risk
C101848,0.9,03-01-2026,0,0,0.195,No,Low Risk
C101849,0.7,08-04-2026,0,2,0.17,No,Low Risk
C101850,0.6,25-02-2026,1,10,0.16,No,Medium Risk
C101851,1,23-06-2026,1,5,0.135,No,Medium Risk
C101852,1.1,05-06-2026,1,2,0.17,No,Medium Risk
C101853,0.6,24-03-2026,1,12,0.16,Yes,Medium Risk
C101854,0.8,31-05-2026,0,6,0.135,No,Low Risk
C101855,1,15-06-2026,0,10,0.135,No,Low Risk
C101856,0.8,31-05-2026,2,3,0.195,No,Medium Risk
C101857,0.9,25-03-2026,1,7,0.16,No,Medium Risk
C101858,0.9,29-06-2026,0,16,0.135,No,Low Risk
C101859,0.9,15-05-2026,1,12,0.135,No,Medium Risk
C101860,0.7,10-05-2026,2,11,0.16,No,Medium Risk
C101861,1.3,25-06-2026,1,11,0.135,No,Medium Risk
C101862,0.6,17-06-2026,2,0,0.195,No,Medium Risk
C101863,0.7,04-05-2026,1,5,0.135,No,Medium Risk
C101864,0.6,04-06-2026,0,12,0.135,No,Low Risk
C101865,0.6,15-05-2026,0,3,0.17,Yes,Low Risk
C101866,0.9,28-06-2026,1,6,0.135,No,Medium Risk
C101867,0.8,22-05-2026,0,8,0.135,No,Low Risk
C101868,1.1,17-06-2026,1,9,0.135,No,Medium Risk
C101869,0.9,29-05-2026,0,3,0.17,No,Low Risk
C101870,1.1,31-05-2026,1,4,0.135,No,Medium Risk
C101871,1,15-06-2026,0,14,0.135,No,Low Risk
C101872,0.8,02-05-2026,0,10,0.135,No,Low Risk
C101873,1.1,28-06-2026,0,6,0.135,No,Low Risk
C101874,0.9,27-06-2026,0,8,0.135,Yes,Low Risk
C101875,1.4,30-06-2026,0,12,0.135,No,Low Risk
C101876,0.5,25-06-2026,1,10,0.135,No,Medium Risk
C101877,0.9,07-06-2026,0,8,0.135,No,Low Risk
C101878,0.8,09-05-2026,2,11,0.16,No,Medium Risk
C101879,1,31-05-2026,3,5,0.16,No,Medium Risk
C101880,0.8,18-06-2026,1,8,0.135,No,Medium Risk
C101881,0.8,03-04-2026,0,8,0.135,No,Low Risk
C101882,1,18-06-2026,3,3,0.195,No,Medium Risk
C101883,0.7,08-04-2026,0,0,0.17,No,Low Risk
C101884,1.1,27-06-2026,1,6,0.135,No,Medium Risk
C101885,0.9,23-06-2026,0,4,0.135,No,Low Risk
C101886,0.8,24-06-2026,1,8,0.135,No,Medium Risk
C101887,0.7,05-03-2026,0,7,0.16,No,Low Risk
C101888,0.9,05-06-2026,1,11,0.135,No,Medium Risk
C101889,1,10-06-2026,1,10,0.135,No,Medium Risk
C101890,0.9,25-06-2026,2,13,0.16,No,Medium Risk
C101891,0.6,13-06-2026,0,3,0.17,No,Low Risk
C101892,0.9,12-05-2026,1,12,0.135,No,Medium Risk
C101893,0.8,22-05-2026,1,7,0.135,No,Medium Risk
C101894,0.6,29-06-2026,2,6,0.16,No,Medium Risk
C101895,1.1,06-06-2026,1,9,0.135,No,Medium Risk
C101896,1.1,19-06-2026,1,7,0.135,No,Medium Risk
C101897,1.1,15-06-2026,1,8,0.135,No,Medium Risk
C101898,1,12-06-2026,3,13,0.16,No,Medium Risk
C101899,0.7,27-05-2026,4,10,0.16,No,Medium Risk
C101900,0.9,27-06-2026,0,12,0.135,No,Low Risk
C101901,0.8,07-04-2026,0,7,0.135,No,Low Risk
C101902,0.9,22-05-2026,2,11,0.16,Yes,Medium Risk
C101903,0.7,15-05-2026,2,2,0.195,No,Medium Risk
C101904,1,26-06-2026,2,9,0.16,No,Medium Risk
C101905,0.9,21-06-2026,0,3,0.17,No,Low Risk
C101906,1.1,14-06-2026,1,9,0.135,No,Medium Risk
C101907,0.5,17-06-2026,1,12,0.135,No,Medium Risk
C101908,1,13-06-2026,1,12,0.135,No,Medium Risk
C101909,1.1,24-06-2026,0,12,0.135,No,Low Risk
C101910,1.1,05-06-2026,2,8,0.16,No,Medium Risk
C101911,1.2,14-05-2026,1,11,0.135,No,Medium Risk
C101912,0.7,19-06-2026,0,5,0.135,Yes,Low Risk
C101913,0.9,10-06-2026,0,12,0.135,No,Low Risk
C101914,1,26-06-2026,3,11,0.16,No,Medium Risk
C101915,1.3,12-05-2026,1,8,0.135,No,Medium Risk
C101916,0.8,20-06-2026,1,13,0.135,No,Medium Risk
C101917,0.8,22-03-2026,1,11,0.16,No,Medium Risk
C101918,0.7,25-06-2026,0,8,0.135,No,Low Risk
C101919,0.7,06-05-2026,0,6,0.135,No,Low Risk
C101920,0.7,10-06-2026,2,9,0.16,No,Medium Risk
C101921,1.1,19-06-2026,2,9,0.16,No,Medium Risk
C101922,0.7,30-05-2026,2,13,0.16,No,Medium Risk
C101923,1,12-06-2026,1,12,0.135,No,Medium Risk
C101924,0.4,15-06-2026,1,15,0.135,No,Medium Risk
C101925,0.8,05-05-2026,1,9,0.135,No,Medium Risk
C101926,0.9,24-06-2026,0,9,0.135,No,Low Risk
C101927,1.1,13-06-2026,1,14,0.135,No,Medium Risk
C101928,0.7,29-06-2026,0,2,0.17,Yes,Low Risk
C101929,0.8,26-05-2026,1,12,0.135,No,Medium Risk
C101930,0.7,26-06-2026,0,13,0.135,No,Low Risk
C101931,1.3,11-06-2026,0,6,0.135,No,Low Risk
C101932,1.7,23-06-2026,1,7,0.135,No,Medium Risk
C101933,0.8,14-06-2026,0,13,0.135,No,Low Risk
C101934,0.8,29-04-2026,0,4,0.135,No,Low Risk
C101935,1.1,25-06-2026,1,8,0.135,No,Medium Risk
C101936,0.6,29-06-2026,1,5,0.135,No,Medium Risk
C101937,0.8,06-05-2026,0,9,0.135,No,Low Risk
C101938,0.6,29-05-2026,0,14,0.135,No,Low Risk
C101939,1,25-06-2026,3,0,0.195,No,Medium Risk
C101940,1.2,26-06-2026,2,11,0.16,No,Medium Risk
C101941,0.7,21-03-2026,1,11,0.16,No,Medium Risk
C101942,0.7,25-06-2026,1,14,0.135,No,Medium Risk
C101943,0.8,21-06-2026,3,8,0.16,No,Medium Risk
C101944,0.9,02-06-2026,1,12,0.135,No,Medium Risk
C101945,0.7,26-05-2026,2,9,0.16,No,Medium Risk
C101946,0.9,30-06-2026,1,8,0.135,No,Medium Risk
C101947,0.7,29-06-2026,2,17,0.16,No,Medium Risk
C101948,0.7,24-04-2026,2,7,0.16,No,Medium Risk
C101949,0.7,18-03-2026,0,9,0.16,No,Low Risk
C101950,0.8,27-06-2026,0,12,0.135,No,Low Risk
C101951,1.1,28-05-2026,3,7,0.16,No,Medium Risk
C101952,0.8,22-06-2026,0,9,0.135,No,Low Risk
C101953,0.8,12-06-2026,2,9,0.16,Yes,Medium Risk
C101954,0.7,11-06-2026,0,9,0.135,No,Low Risk
C101955,0.6,27-04-2026,0,8,0.135,No,Low Risk
C101956,0.5,16-04-2026,1,7,0.135,No,Medium Risk
C101957,0.8,10-05-2026,0,10,0.135,No,Low Risk
C101958,0.8,10-04-2026,0,16,0.135,No,Low Risk
C101959,1,23-06-2026,3,15,0.16,Yes,Medium Risk
C101960,0.8,05-06-2026,1,9,0.135,No,Medium Risk
C101961,1.1,30-06-2026,1,12,0.135,No,Medium Risk
C101962,0.6,28-06-2026,1,6,0.135,No,Medium Risk
C101963,0.9,22-04-2026,0,7,0.135,No,Low Risk
C101964,1.2,21-06-2026,1,9,0.135,No,Medium Risk
C101965,0.6,03-02-2026,1,6,0.16,No,Medium Risk
C101966,0.6,17-06-2026,1,10,0.135,No,Medium Risk
C101967,0.9,22-06-2026,0,11,0.135,No,Low Risk
C101968,0.7,08-06-2026,1,16,0.135,No,Medium Risk
C101969,0.6,19-04-2026,2,6,0.16,No,Medium Risk
C101970,0.5,30-04-2026,2,9,0.16,No,Medium Risk
C101971,0.8,10-04-2026,0,11,0.135,No,Low Risk
C101972,0.9,02-06-2026,1,5,0.135,No,Medium Risk
C101973,1.1,15-06-2026,1,15,0.135,No,Medium Risk
C101974,1.2,22-06-2026,4,6,0.16,No,Medium Risk
C101975,0.7,17-04-2026,0,5,0.135,No,Low Risk
C101976,1.2,11-06-2026,0,1,0.17,Yes,Low Risk
C101977,0.9,27-06-2026,0,11,0.135,No,Low Risk
C101978,0.9,12-06-2026,3,4,0.16,No,Medium Risk
C101979,0.7,25-05-2026,1,10,0.135,No,Medium Risk
C101980,1.1,23-06-2026,4,5,0.16,No,Medium Risk
C101981,0.6,09-06-2026,2,10,0.16,No,Medium Risk
C101982,0.6,03-03-2026,2,7,0.185,No,Medium Risk
C101983,1,16-06-2026,0,14,0.135,Yes,Low Risk
C101984,0.6,18-06-2026,1,9,0.135,No,Medium Risk
C101985,0.8,18-06-2026,0,5,0.135,No,Low Risk
C101986,0.8,19-06-2026,1,12,0.135,No,Medium Risk
C101987,0.8,15-05-2026,2,7,0.16,Yes,Medium Risk
C101988,0.8,24-03-2026,1,16,0.16,Yes,Medium Risk
C101989,0.8,11-06-2026,0,9,0.135,No,Low Risk
C101990,0.7,30-06-2026,1,9,0.135,Yes,Medium Risk
C101991,1.2,12-06-2026,1,13,0.135,No,Medium Risk
C101992,0.6,11-06-2026,0,8,0.135,No,Low Risk
C101993,0.9,01-05-2026,1,11,0.135,No,Medium Risk
C101994,0.8,13-06-2026,0,13,0.135,No,Low Risk
C101995,0.6,11-05-2026,0,9,0.135,No,Low Risk
C101996,0.9,07-05-2026,1,14,0.135,No,Medium Risk
C101997,0.9,30-06-2026,0,7,0.135,No,Low Risk
C101998,0.6,24-06-2026,1,9,0.135,No,Medium Risk
C101999,1.1,31-05-2026,0,9,0.135,No,Low Risk
C102000,0.8,22-06-2026,0,8,0.135,Yes,Low Risk
C102001,1,11-05-2026,0,12,0.135,No,Low Risk
C102002,0.8,24-06-2026,0,6,0.135,No,Low Risk
C102003,0.7,27-05-2026,0,10,0.135,No,Low Risk
C102004,1.1,28-06-2026,0,7,0.135,No,Low Risk
C102005,0.4,13-06-2026,1,7,0.135,No,Medium Risk
C102006,1,31-05-2026,0,11,0.135,No,Low Risk
C102007,0.7,19-06-2026,0,12,0.135,No,Low Risk
C102008,0.7,09-06-2026,1,8,0.135,No,Medium Risk
C102009,0.9,23-06-2026,0,13,0.135,No,Low Risk
C102010,0.9,27-06-2026,0,8,0.135,No,Low Risk
C102011,0.8,28-04-2026,0,12,0.135,Yes,Low Risk
C102012,0.7,25-06-2026,3,12,0.16,Yes,Medium Risk
C102013,1.2,22-06-2026,0,10,0.135,No,Low Risk
C102014,0.8,30-06-2026,1,6,0.135,No,Medium Risk
C102015,1.3,03-06-2026,0,3,0.17,No,Low Risk
C102016,0.9,27-06-2026,0,6,0.135,No,Low Risk
C102017,1.1,10-04-2026,1,14,0.135,No,Medium Risk
C102018,0.9,04-05-2026,0,7,0.135,No,Low Risk
C102019,1.1,29-06-2026,1,10,0.135,Yes,Medium Risk
C102020,0.8,04-05-2026,0,5,0.135,No,Low Risk
C102021,1.6,20-06-2026,0,13,0.135,No,Low Risk
C102022,0.7,22-06-2026,0,4,0.135,No,Low Risk
C102023,0.8,16-04-2026,0,10,0.135,No,Low Risk
C102024,1,03-06-2026,1,8,0.135,No,Medium Risk
C102025,0.9,05-05-2026,2,9,0.16,Yes,Medium Risk
C102026,1.4,08-05-2026,1,11,0.135,No,Medium Risk
C102027,0.8,15-06-2026,0,10,0.135,No,Low Risk
C102028,0.7,25-06-2026,0,8,0.135,No,Low Risk
C102029,0.7,09-03-2026,0,9,0.16,No,Low Risk
C102030,0.8,21-06-2026,0,4,0.135,No,Low Risk
C102031,0.8,19-06-2026,1,10,0.135,No,Medium Risk
C102032,1,28-06-2026,0,9,0.135,No,Low Risk
C102033,1.4,25-04-2026,1,8,0.135,No,Medium Risk
C102034,0.4,27-05-2026,0,14,0.135,Yes,Low Risk
C102035,1.2,10-06-2026,3,8,0.16,No,Medium Risk
C102036,0.8,19-06-2026,0,3,0.17,No,Low Risk
C102037,0.6,17-06-2026,1,5,0.135,No,Medium Risk
C102038,1.1,24-06-2026,3,9,0.16,Yes,Medium Risk
C102039,0.9,18-05-2026,0,7,0.135,No,Low Risk
C102040,0.6,19-05-2026,0,11,0.135,No,Low Risk
C102041,1.4,16-05-2026,2,11,0.16,No,Medium Risk
C102042,0.9,15-03-2026,4,10,0.185,No,Medium Risk
C102043,0.9,11-04-2026,0,1,0.17,No,Low Risk
C102044,0.7,19-05-2026,2,15,0.16,No,Medium Risk
C102045,0.6,04-06-2026,3,15,0.16,No,Medium Risk
C102046,0.5,27-12-2025,0,8,0.16,No,Low Risk
C102047,0.7,08-06-2026,0,5,0.135,No,Low Risk
C102048,0.7,03-05-2026,0,13,0.135,No,Low Risk
C102049,0.8,10-05-2026,4,10,0.16,No,Medium Risk
C102050,1.1,22-05-2026,2,7,0.16,No,Medium Risk
C102051,1.1,28-06-2026,1,9,0.135,No,Medium Risk
C102052,0.8,17-06-2026,0,7,0.135,No,Low Risk
C102053,0.8,08-06-2026,2,17,0.16,No,Medium Risk
C102054,0.6,29-05-2026,0,11,0.135,No,Low Risk
C102055,1.4,29-06-2026,0,7,0.135,No,Low Risk
C102056,1.3,16-06-2026,0,7,0.135,No,Low Risk
C102057,0.7,12-05-2026,1,15,0.135,No,Medium Risk
C102058,0.7,26-06-2026,0,12,0.135,Yes,Low Risk
C102059,0.7,23-05-2026,2,11,0.16,No,Medium Risk
C102060,0.9,15-06-2026,1,14,0.135,No,Medium Risk
C102061,1.3,13-06-2026,0,10,0.135,No,Low Risk
C102062,0.9,12-06-2026,1,13,0.135,No,Medium Risk
C102063,1.1,29-04-2026,1,18,0.135,No,Medium Risk
C102064,0.7,22-06-2026,0,10,0.135,No,Low Risk
C102065,1,25-02-2026,0,2,0.195,No,Low Risk
C102066,1.1,23-06-2026,2,2,0.195,No,Medium Risk
C102067,0.7,07-03-2026,1,5,0.16,No,Medium Risk
C102068,1.1,03-06-2026,4,15,0.16,Yes,Medium Risk
C102069,1.3,21-06-2026,1,10,0.135,No,Medium Risk
C102070,1.1,21-06-2026,2,4,0.16,No,Medium Risk
C102071,0.6,10-05-2026,2,1,0.195,Yes,Medium Risk
C102072,0.9,16-06-2026,2,14,0.16,No,Medium Risk
C102073,0.8,13-06-2026,0,20,0.135,No,Low Risk
C102074,0.8,07-06-2026,0,10,0.135,No,Low Risk
C102075,1.3,23-06-2026,1,7,0.135,No,Medium Risk
C102076,0.8,27-06-2026,1,10,0.135,Yes,Medium Risk
C102077,1.1,29-06-2026,0,14,0.135,No,Low Risk
C102078,0.8,15-12-2025,1,11,0.16,No,Medium Risk
C102079,0.8,28-05-2026,0,13,0.135,No,Low Risk
C102080,0.9,17-05-2026,2,10,0.16,Yes,Medium Risk
C102081,1,24-06-2026,2,15,0.16,No,Medium Risk
C102082,1,19-04-2026,0,6,0.135,No,Low Risk
C102083,1.3,30-06-2026,0,4,0.135,No,Low Risk
C102084,0.9,10-05-2026,0,11,0.135,Yes,Low Risk
C102085,0.6,26-06-2026,0,10,0.135,No,Low Risk
C102086,0.9,28-06-2026,0,10,0.135,Yes,Low Risk
C102087,0.9,26-05-2026,2,18,0.16,No,Medium Risk
C102088,1.2,09-06-2026,0,8,0.135,No,Low Risk
C102089,1.1,01-06-2026,2,2,0.195,No,Medium Risk
C102090,0.9,30-06-2026,0,13,0.135,No,Low Risk
C102091,0.8,14-04-2026,0,2,0.17,No,Low Risk
C102092,1.2,09-06-2026,1,10,0.135,No,Medium Risk
C102093,0.9,19-03-2026,0,5,0.16,No,Low Risk
C102094,1,19-06-2026,3,1,0.195,No,Medium Risk
C102095,0.7,25-06-2026,0,10,0.135,No,Low Risk
C102096,0.8,22-06-2026,2,12,0.16,No,Medium Risk
C102097,1,26-05-2026,1,8,0.135,No,Medium Risk
C102098,0.9,04-04-2026,0,9,0.135,Yes,Low Risk
C102099,0.9,11-06-2026,1,2,0.17,No,Medium Risk
C102100,0.6,17-05-2026,1,7,0.135,No,Medium Risk
C102101,0.8,30-05-2026,0,6,0.135,No,Low Risk
C102102,0.9,28-06-2026,0,12,0.135,No,Low Risk
C102103,1.3,30-06-2026,2,9,0.16,No,Medium Risk
C102104,0.7,06-06-2026,1,15,0.135,No,Medium Risk
C102105,1.5,02-06-2026,1,12,0.135,No,Medium Risk
C102106,0.7,13-05-2026,0,7,0.135,No,Low Risk
C102107,1.2,12-06-2026,1,11,0.135,No,Medium Risk
C102108,0.8,28-04-2026,1,3,0.17,No,Medium Risk
C102109,0.6,08-06-2026,0,3,0.17,No,Low Risk
C102110,0.7,06-04-2026,0,9,0.135,No,Low Risk
C102111,0.8,30-05-2026,0,12,0.135,No,Low Risk
C102112,1.1,31-03-2026,0,11,0.16,No,Low Risk
C102113,0.9,07-06-2026,0,10,0.135,No,Low Risk
C102114,0.6,18-05-2026,1,7,0.135,No,Medium Risk
C102115,0.8,21-04-2026,3,11,0.16,No,Medium Risk
C102116,0.9,24-06-2026,3,11,0.16,No,Medium Risk
C102117,0.8,05-06-2026,0,9,0.135,No,Low Risk
C102118,0.9,17-06-2026,1,6,0.135,No,Medium Risk
C102119,1.1,28-04-2026,1,12,0.135,No,Medium Risk
C102120,0.8,21-05-2026,0,1,0.17,No,Low Risk
C102121,1.1,10-06-2026,1,8,0.135,No,Medium Risk
C102122,0.9,05-06-2026,1,5,0.135,No,Medium Risk
C102123,0.8,24-05-2026,0,10,0.135,No,Low Risk
C102124,1,23-05-2026,0,11,0.135,No,Low Risk
C102125,0.8,30-04-2026,0,8,0.135,No,Low Risk
C102126,0.8,19-06-2026,0,8,0.135,No,Low Risk
C102127,0.9,22-06-2026,2,6,0.16,No,Medium Risk
C102128,0.7,18-03-2026,1,3,0.195,No,Medium Risk
C102129,0.8,28-06-2026,1,13,0.135,No,Medium Risk
C102130,0.8,04-06-2026,1,11,0.135,No,Medium Risk
C102131,0.8,28-05-2026,1,10,0.135,No,Medium Risk
C102132,0.6,29-06-2026,1,11,0.135,No,Medium Risk
C102133,0.9,27-06-2026,0,8,0.135,No,Low Risk
C102134,0.9,31-05-2026,0,8,0.135,No,Low Risk
C102135,0.9,22-06-2026,0,5,0.135,No,Low Risk
C102136,1,29-05-2026,0,11,0.135,Yes,Low Risk
C102137,0.9,12-05-2026,1,6,0.135,No,Medium Risk
C102138,0.6,29-06-2026,1,9,0.135,No,Medium Risk
C102139,0.7,17-06-2026,1,11,0.135,No,Medium Risk
C102140,0.8,31-05-2026,0,10,0.135,No,Low Risk
C102141,0.9,22-06-2026,2,6,0.16,No,Medium Risk
C102142,0.6,18-05-2026,1,2,0.17,No,Medium Risk
C102143,0.7,24-05-2026,2,9,0.16,No,Medium Risk
C102144,0.7,02-06-2026,2,9,0.16,No,Medium Risk
C102145,0.9,21-06-2026,4,10,0.16,No,Medium Risk
C102146,1,29-06-2026,0,10,0.135,No,Low Risk
C102147,0.9,13-05-2026,0,11,0.135,No,Low Risk
C102148,0.6,18-11-2025,1,9,0.16,No,Medium Risk
C102149,0.8,02-06-2026,1,12,0.135,No,Medium Risk
C102150,0.8,16-05-2026,2,5,0.16,No,Medium Risk
C102151,1,25-06-2026,1,13,0.135,No,Medium Risk
C102152,0.8,12-05-2026,2,7,0.16,No,Medium Risk
C102153,0.8,17-06-2026,5,6,0.16,No,Medium Risk
C102154,0.7,11-06-2026,3,12,0.16,No,Medium Risk
C102155,0.9,05-05-2026,0,6,0.135,No,Low Risk
C102156,1.3,02-05-2026,0,11,0.135,No,Low Risk
C102157,0.7,26-06-2026,0,4,0.135,No,Low Risk
C102158,1,15-06-2026,0,10,0.135,No,Low Risk
C102159,0.4,16-05-2026,2,9,0.16,No,Medium Risk
C102160,1.1,06-06-2026,0,11,0.135,No,Low Risk
C102161,1,10-06-2026,1,8,0.135,No,Medium Risk
C102162,1.3,07-05-2026,0,7,0.135,No,Low Risk
C102163,0.9,07-06-2026,0,13,0.135,No,Low Risk
C102164,0.8,30-04-2026,2,10,0.16,No,Medium Risk
C102165,0.8,07-06-2026,0,9,0.135,Yes,Low Risk
C102166,1.1,13-05-2026,3,10,0.16,No,Medium Risk
C102167,0.7,07-06-2026,0,16,0.135,No,Low Risk
C102168,0.9,04-06-2026,1,6,0.135,No,Medium Risk
C102169,0.8,24-06-2026,0,6,0.135,No,Low Risk
C102170,1.4,20-06-2026,0,14,0.135,No,Low Risk
C102171,1,27-06-2026,1,10,0.135,No,Medium Risk
C102172,0.9,08-06-2026,0,8,0.135,No,Low Risk
C102173,0.8,06-05-2026,1,11,0.135,No,Medium Risk
C102174,0.8,20-05-2026,1,8,0.135,No,Medium Risk
C102175,1.3,25-06-2026,1,4,0.135,No,Medium Risk
C102176,0.9,13-06-2026,1,13,0.135,No,Medium Risk
C102177,0.8,29-05-2026,2,10,0.16,No,Medium Risk
C102178,0.8,07-05-2026,0,8,0.135,No,Low Risk
C102179,0.8,12-06-2026,1,9,0.135,Yes,Medium Risk
C102180,0.9,16-06-2026,1,11,0.135,No,Medium Risk
C102181,1.2,19-05-2026,2,15,0.16,No,Medium Risk
C102182,1.1,26-06-2026,0,12,0.135,Yes,Low Risk
C102183,0.5,23-06-2026,1,14,0.135,No,Medium Risk
C102184,0.8,29-06-2026,2,11,0.16,No,Medium Risk
C102185,0.8,22-05-2026,0,7,0.135,No,Low Risk
C102186,0.9,10-06-2026,0,13,0.135,No,Low Risk
C102187,0.8,15-05-2026,1,16,0.135,No,Medium Risk
C102188,1.1,07-06-2026,1,8,0.135,No,Medium Risk
C102189,1.3,23-05-2026,3,8,0.16,No,Medium Risk
C102190,0.9,26-06-2026,1,7,0.135,No,Medium Risk
C102191,0.7,28-06-2026,0,15,0.135,No,Low Risk
C102192,0.7,22-06-2026,0,11,0.135,No,Low Risk
C102193,1.1,03-06-2026,0,6,0.135,Yes,Low Risk
C102194,0.8,18-06-2026,1,15,0.135,Yes,Medium Risk
C102195,0.8,05-05-2026,1,10,0.135,No,Medium Risk
C102196,0.8,04-03-2026,3,13,0.185,No,Medium Risk
C102197,0.6,29-05-2026,0,14,0.135,No,Low Risk
C102198,0.9,11-06-2026,0,6,0.135,No,Low Risk
C102199,0.9,20-06-2026,1,5,0.135,No,Medium Risk
C102200,0.7,08-06-2026,2,16,0.16,No,Medium Risk
C102201,1.2,07-06-2026,0,7,0.135,No,Low Risk
C102202,1,11-06-2026,0,7,0.135,No,Low Risk
C102203,0.7,29-04-2026,0,18,0.135,No,Low Risk
C102204,0.8,17-05-2026,0,5,0.135,No,Low Risk
C102205,1,11-06-2026,1,10,0.135,No,Medium Risk
C102206,0.8,06-04-2026,0,6,0.135,No,Low Risk
C102207,0.6,28-03-2026,3,10,0.185,No,Medium Risk
C102208,0.9,29-06-2026,0,4,0.135,No,Low Risk
C102209,1.1,29-06-2026,1,3,0.17,No,Medium Risk
C102210,1.3,02-06-2026,2,13,0.16,No,Medium Risk
C102211,1,31-05-2026,2,14,0.16,No,Medium Risk
C102212,0.7,23-06-2026,2,0,0.195,No,Medium Risk
C102213,0.8,23-06-2026,1,11,0.135,No,Medium Risk
C102214,0.9,15-06-2026,1,0,0.17,Yes,Medium Risk
C102215,0.7,06-06-2026,3,5,0.16,No,Medium Risk
C102216,1.1,08-06-2026,1,10,0.135,No,Medium Risk
C102217,0.9,05-06-2026,1,10,0.135,Yes,Medium Risk
C102218,0.8,11-05-2026,2,10,0.16,Yes,Medium Risk
C102219,0.8,15-06-2026,1,16,0.135,Yes,Medium Risk
C102220,0.8,24-06-2026,0,13,0.135,Yes,Low Risk
C102221,0.8,19-06-2026,2,16,0.16,No,Medium Risk
C102222,0.9,20-06-2026,0,11,0.135,No,Low Risk
C102223,0.4,03-04-2026,1,1,0.17,No,Medium Risk
C102224,1.2,13-06-2026,1,10,0.135,No,Medium Risk
C102225,0.9,22-05-2026,2,10,0.16,No,Medium Risk
C102226,0.8,12-03-2026,2,15,0.185,No,Medium Risk
C102227,1.3,20-05-2026,2,13,0.16,No,Medium Risk
C102228,1.2,01-06-2026,2,5,0.16,No,Medium Risk
C102229,0.7,19-04-2026,1,11,0.135,No,Medium Risk
C102230,0.7,17-06-2026,1,1,0.17,No,Medium Risk
C102231,0.7,20-12-2025,3,10,0.185,No,Medium Risk
C102232,0.8,13-05-2026,4,15,0.16,No,Medium Risk
C102233,0.8,07-06-2026,1,11,0.135,No,Medium Risk
C102234,1.2,24-04-2026,1,14,0.135,No,Medium Risk
C102235,0.8,18-06-2026,1,11,0.135,Yes,Medium Risk
C102236,1.1,19-03-2026,1,19,0.16,No,Medium Risk
C102237,1.1,23-06-2026,0,10,0.135,No,Low Risk
C102238,0.9,19-06-2026,2,11,0.16,Yes,Medium Risk
C102239,1.3,01-05-2026,1,13,0.135,No,Medium Risk
C102240,0.6,17-06-2026,1,8,0.135,No,Medium Risk
C102241,1.2,23-06-2026,0,14,0.135,No,Low Risk
C102242,0.7,20-03-2026,0,4,0.16,No,Low Risk
C102243,0.6,11-06-2026,0,16,0.135,No,Low Risk
C102244,0.8,24-06-2026,1,14,0.135,No,Medium Risk
C102245,0.9,30-06-2026,0,1,0.17,Yes,Low Risk
C102246,0.4,01-06-2026,2,6,0.16,No,Medium Risk
C102247,0.7,28-06-2026,3,9,0.16,No,Medium Risk
C102248,0.8,14-06-2026,0,9,0.135,No,Low Risk
C102249,0.6,15-06-2026,2,2,0.195,No,Medium Risk
C102250,0.9,22-06-2026,0,13,0.135,Yes,Low Risk
C102251,0.6,23-06-2026,0,10,0.135,Yes,Low Risk
C102252,0.7,15-06-2026,1,11,0.135,No,Medium Risk
C102253,0.9,28-05-2026,2,6,0.16,No,Medium Risk
C102254,0.5,25-05-2026,0,7,0.135,No,Low Risk
C102255,0.7,12-03-2026,0,9,0.16,No,Low Risk
C102256,0.8,25-01-2026,0,11,0.16,No,Low Risk
C102257,0.8,30-06-2026,0,5,0.135,No,Low Risk
C102258,0.9,29-06-2026,1,8,0.135,No,Medium Risk
C102259,0.6,25-04-2026,1,5,0.135,No,Medium Risk
C102260,0.9,28-05-2026,2,7,0.16,No,Medium Risk
C102261,0.7,13-01-2026,0,8,0.16,Yes,Low Risk
C102262,0.8,29-06-2026,0,8,0.135,Yes,Low Risk
C102263,1.1,15-05-2026,2,12,0.16,Yes,Medium Risk
C102264,0.9,16-05-2026,1,10,0.135,No,Medium Risk
C102265,1.1,04-05-2026,2,1,0.195,No,Medium Risk
C102266,0.7,23-04-2026,1,5,0.135,No,Medium Risk
C102267,0.9,02-06-2026,1,10,0.135,No,Medium Risk
C102268,0.9,24-06-2026,0,5,0.135,No,Low Risk
C102269,1.1,05-04-2026,1,6,0.135,No,Medium Risk
C102270,1,30-06-2026,2,7,0.16,No,Medium Risk
C102271,0.6,16-06-2026,0,10,0.135,Yes,Low Risk
C102272,0.7,29-06-2026,1,6,0.135,No,Medium Risk
C102273,1.2,02-06-2026,1,9,0.135,No,Medium Risk
C102274,0.9,21-02-2026,4,7,0.185,No,Medium Risk
C102275,1.2,25-06-2026,0,11,0.135,No,Low Risk
C102276,0.9,29-06-2026,2,6,0.16,No,Medium Risk
C102277,0.8,20-06-2026,1,5,0.135,No,Medium Risk
C102278,0.8,29-06-2026,0,11,0.135,No,Low Risk
C102279,0.8,22-04-2026,1,12,0.135,No,Medium Risk
C102280,0.6,19-04-2026,0,8,0.135,Yes,Low Risk
C102281,1.1,09-06-2026,1,10,0.135,No,Medium Risk
C102282,0.8,16-03-2026,1,17,0.16,Yes,Medium Risk
C102283,0.9,26-05-2026,1,12,0.135,No,Medium Risk
C102284,0.8,12-06-2026,0,14,0.135,No,Low Risk
C102285,0.6,28-05-2026,1,9,0.135,No,Medium Risk
C102286,1.3,21-06-2026,1,16,0.135,No,Medium Risk
C102287,1,03-06-2026,1,12,0.135,No,Medium Risk
C102288,0.8,15-03-2026,0,8,0.16,No,Low Risk
C102289,0.9,24-06-2026,2,8,0.16,No,Medium Risk
C102290,0.9,18-05-2026,1,10,0.135,No,Medium Risk
C102291,0.7,18-06-2026,1,10,0.135,No,Medium Risk
C102292,1.2,26-06-2026,0,12,0.135,No,Low Risk
C102293,0.6,08-06-2026,1,7,0.135,No,Medium Risk
C102294,0.9,05-04-2026,0,10,0.135,Yes,Low Risk
C102295,1.1,12-02-2026,1,13,0.16,No,Medium Risk
C102296,0.7,19-04-2026,1,11,0.135,No,Medium Risk
C102297,0.9,18-05-2026,1,20,0.135,No,Medium Risk
C102298,0.8,16-04-2026,2,11,0.16,No,Medium Risk
C102299,0.8,30-05-2026,2,12,0.16,No,Medium Risk
C102300,0.9,14-06-2026,0,7,0.135,Yes,Low Risk
C102301,1,07-06-2026,0,7,0.135,No,Low Risk
C102302,1.1,24-06-2026,0,10,0.135,No,Low Risk
C102303,0.4,04-06-2026,1,10,0.135,No,Medium Risk
C102304,0.6,30-04-2026,0,13,0.135,No,Low Risk
C102305,0.7,15-05-2026,2,6,0.16,Yes,Medium Risk
C102306,0.8,21-05-2026,2,14,0.16,Yes,Medium Risk
C102307,0.9,12-03-2026,0,7,0.16,No,Low Risk
C102308,1.1,20-06-2026,0,10,0.135,No,Low Risk
C102309,0.8,07-05-2026,1,11,0.135,Yes,Medium Risk
C102310,0.7,29-06-2026,0,6,0.135,No,Low Risk
C102311,0.7,01-06-2026,0,8,0.135,No,Low Risk
C102312,0.5,24-05-2026,0,14,0.135,No,Low Risk
C102313,0.9,15-05-2026,0,11,0.135,No,Low Risk
C102314,1.4,27-06-2026,1,10,0.135,No,Medium Risk
C102315,0.8,24-06-2026,0,17,0.135,No,Low Risk
C102316,0.8,25-06-2026,0,8,0.135,No,Low Risk
C102317,1.1,17-05-2026,1,7,0.135,No,Medium Risk
C102318,1.6,26-06-2026,0,3,0.17,No,Low Risk
C102319,0.7,08-05-2026,1,5,0.135,No,Medium Risk
C102320,0.5,06-05-2026,2,9,0.16,Yes,Medium Risk
C102321,0.9,04-05-2026,0,2,0.17,No,Low Risk
C102322,1,14-05-2026,0,5,0.135,No,Low Risk
C102323,0.8,27-04-2026,0,20,0.135,No,Low Risk
C102324,0.8,05-05-2026,0,10,0.135,Yes,Low Risk
C102325,0.7,10-02-2026,1,8,0.16,No,Medium Risk
C102326,1.2,04-06-2026,0,7,0.135,No,Low Risk
C102327,0.6,22-04-2026,1,8,0.135,No,Medium Risk
C102328,1.2,29-06-2026,0,9,0.135,No,Low Risk
C102329,1.1,31-05-2026,2,15,0.16,Yes,Medium Risk
C102330,1.2,03-05-2026,1,4,0.135,No,Medium Risk
C102331,0.9,12-06-2026,0,17,0.135,No,Low Risk
C102332,0.6,01-01-2026,0,11,0.16,Yes,Low Risk
C102333,1,09-06-2026,0,6,0.135,No,Low Risk
C102334,0.6,12-06-2026,0,8,0.135,No,Low Risk
C102335,0.9,01-06-2026,1,8,0.135,No,Medium Risk
C102336,1.2,29-06-2026,0,5,0.135,No,Low Risk
C102337,0.9,28-06-2026,1,8,0.135,No,Medium Risk
C102338,1.1,24-06-2026,0,10,0.135,No,Low Risk
C102339,0.7,17-06-2026,1,12,0.135,No,Medium Risk
C102340,0.8,04-06-2026,0,3,0.17,No,Low Risk
C102341,1,08-06-2026,0,8,0.135,No,Low Risk
C102342,1,23-06-2026,1,8,0.135,No,Medium Risk
C102343,0.9,08-06-2026,2,13,0.16,Yes,Medium Risk
C102344,0.7,12-06-2026,2,12,0.16,No,Medium Risk
C102345,1.4,10-06-2026,2,7,0.16,No,Medium Risk
C102346,0.8,07-06-2026,1,5,0.135,No,Medium Risk
C102347,0.9,02-06-2026,1,13,0.135,No,Medium Risk
C102348,1,07-06-2026,1,8,0.135,No,Medium Risk
C102349,0.9,03-03-2026,2,9,0.185,No,Medium Risk
C102350,0.8,12-06-2026,2,3,0.195,No,Medium Risk
C102351,0.8,01-05-2026,0,9,0.135,No,Low Risk
C102352,0.7,08-06-2026,3,9,0.16,No,Medium Risk
C102353,1.1,21-06-2026,2,6,0.16,Yes,Medium Risk
C102354,1.2,10-05-2026,2,7,0.16,No,Medium Risk
C102355,0.6,12-04-2026,2,11,0.16,No,Medium Risk
C102356,1.1,24-06-2026,0,9,0.135,No,Low Risk
C102357,0.8,23-06-2026,1,6,0.135,Yes,Medium Risk
C102358,0.7,26-05-2026,1,7,0.135,No,Medium Risk
C102359,1.1,19-06-2026,1,7,0.135,No,Medium Risk
C102360,1.4,29-06-2026,1,11,0.135,No,Medium Risk
C102361,0.8,18-06-2026,3,12,0.16,No,Medium Risk
C102362,0.9,14-04-2026,1,3,0.17,No,Medium Risk
C102363,0.9,05-06-2026,1,13,0.135,No,Medium Risk
C102364,1.1,10-04-2026,0,8,0.135,No,Low Risk
C102365,0.7,29-03-2026,0,10,0.16,Yes,Low Risk
C102366,0.5,28-05-2026,0,6,0.135,No,Low Risk
C102367,1.1,10-06-2026,0,6,0.135,No,Low Risk
C102368,1.1,07-06-2026,1,0,0.17,No,Medium Risk
C102369,0.8,19-01-2026,2,7,0.185,No,Medium Risk
C102370,0.9,05-06-2026,1,10,0.135,No,Medium Risk
C102371,0.8,02-04-2026,0,8,0.135,No,Low Risk
C102372,0.8,07-06-2026,0,4,0.135,No,Low Risk
C102373,1,04-04-2026,2,8,0.16,No,Medium Risk
C102374,0.8,13-05-2026,0,10,0.135,No,Low Risk
C102375,0.7,17-03-2026,1,9,0.16,No,Medium Risk
C102376,1.2,29-06-2026,0,12,0.135,Yes,Low Risk
C102377,0.9,20-06-2026,1,12,0.135,No,Medium Risk
C102378,1.1,25-06-2026,2,12,0.16,No,Medium Risk
C102379,0.9,23-05-2026,2,3,0.195,No,Medium Risk
C102380,1.3,19-05-2026,0,7,0.135,No,Low Risk
C102381,0.6,20-04-2026,1,6,0.135,No,Medium Risk
C102382,0.9,21-06-2026,0,7,0.135,No,Low Risk
C102383,0.9,13-06-2026,1,12,0.135,No,Medium Risk
C102384,0.7,05-06-2026,0,9,0.135,No,Low Risk
C102385,0.7,11-04-2026,4,9,0.16,No,Medium Risk
C102386,1.1,04-05-2026,0,4,0.135,No,Low Risk
C102387,0.6,19-04-2026,2,9,0.16,No,Medium Risk
C102388,0.6,03-05-2026,2,13,0.16,No,Medium Risk
C102389,0.8,23-06-2026,0,7,0.135,No,Low Risk
C102390,1.2,17-06-2026,3,11,0.16,No,Medium Risk
C102391,0.9,27-05-2026,0,7,0.135,No,Low Risk
C102392,0.9,28-06-2026,0,18,0.135,No,Low Risk
C102393,0.4,30-06-2026,0,8,0.135,No,Low Risk
C102394,0.6,06-06-2026,0,3,0.17,No,Low Risk
C102395,1,04-06-2026,0,14,0.135,No,Low Risk
C102396,0.6,16-06-2026,0,0,0.17,No,Low Risk
C102397,0.9,15-06-2026,0,7,0.135,No,Low Risk
C102398,0.9,20-05-2026,3,11,0.16,No,Medium Risk
C102399,0.7,03-06-2026,0,4,0.135,Yes,Low Risk
C102400,0.6,24-06-2026,1,6,0.135,No,Medium Risk
C102401,0.6,24-03-2026,2,15,0.185,No,Medium Risk
C102402,0.6,24-04-2026,1,5,0.135,No,Medium Risk
C102403,1.1,30-06-2026,1,7,0.135,No,Medium Risk
C102404,0.8,13-06-2026,0,12,0.135,No,Low Risk
C102405,1,29-06-2026,0,11,0.135,No,Low Risk
C102406,1.1,23-06-2026,2,9,0.16,No,Medium Risk
C102407,1.1,13-06-2026,2,7,0.16,No,Medium Risk
C102408,1.1,27-06-2026,1,13,0.135,No,Medium Risk
C102409,0.7,21-05-2026,1,4,0.135,No,Medium Risk
C102410,0.8,16-06-2026,1,4,0.135,No,Medium Risk
C102411,0.5,10-03-2026,1,3,0.195,No,Medium Risk
C102412,0.9,19-06-2026,0,6,0.135,No,Low Risk
C102413,1.3,22-06-2026,2,6,0.16,No,Medium Risk
C102414,0.7,06-06-2026,0,9,0.135,Yes,Low Risk
C102415,0.8,30-06-2026,3,9,0.16,No,Medium Risk
C102416,1.3,15-06-2026,1,10,0.135,Yes,Medium Risk
C102417,0.9,28-06-2026,2,6,0.16,No,Medium Risk
C102418,1.3,29-03-2026,0,8,0.16,No,Low Risk
C102419,1.2,16-06-2026,1,8,0.135,No,Medium Risk
C102420,0.8,06-06-2026,3,2,0.195,No,Medium Risk
C102421,1,25-06-2026,1,16,0.135,No,Medium Risk
C102422,0.8,18-06-2026,0,14,0.135,No,Low Risk
C102423,1.1,30-06-2026,4,9,0.16,No,Medium Risk
C102424,0.8,01-05-2026,1,12,0.135,No,Medium Risk
C102425,0.9,28-05-2026,0,8,0.135,No,Low Risk
C102426,0.4,28-04-2026,0,10,0.135,No,Low Risk
C102427,0.8,04-06-2026,1,11,0.135,No,Medium Risk
C102428,1.2,15-05-2026,1,12,0.135,No,Medium Risk
C102429,1.1,06-04-2026,2,13,0.16,No,Medium Risk
C102430,1.2,21-06-2026,0,5,0.135,No,Low Risk
C102431,0.9,22-06-2026,2,2,0.195,No,Medium Risk
C102432,0.6,30-06-2026,1,8,0.135,No,Medium Risk
C102433,1.1,16-06-2026,2,5,0.16,No,Medium Risk
C102434,0.9,19-06-2026,2,7,0.16,No,Medium Risk
C102435,0.8,28-06-2026,0,8,0.135,No,Low Risk
C102436,0.6,03-06-2026,0,4,0.135,No,Low Risk
C102437,1.1,21-06-2026,2,7,0.16,No,Medium Risk
C102438,1,06-05-2026,0,8,0.135,No,Low Risk
C102439,0.7,21-02-2026,2,12,0.185,No,Medium Risk
C102440,1,09-06-2026,0,7,0.135,No,Low Risk
C102441,1,16-06-2026,0,7,0.135,No,Low Risk
C102442,0.5,12-05-2026,0,13,0.135,No,Low Risk
C102443,1.1,25-06-2026,1,16,0.135,No,Medium Risk
C102444,0.9,07-05-2026,0,4,0.135,Yes,Low Risk
C102445,0.9,30-05-2026,2,4,0.16,No,Medium Risk
C102446,0.9,07-06-2026,0,11,0.135,No,Low Risk
C102447,0.8,26-06-2026,0,7,0.135,No,Low Risk
C102448,0.7,05-03-2026,0,14,0.16,Yes,Low Risk
C102449,0.7,28-03-2026,1,3,0.195,No,Medium Risk
C102450,1.2,25-06-2026,0,9,0.135,No,Low Risk
C102451,0.8,24-06-2026,0,5,0.135,No,Low Risk
C102452,0.8,14-06-2026,0,18,0.135,Yes,Low Risk
C102453,0.9,19-06-2026,1,9,0.135,No,Medium Risk
C102454,0.9,08-03-2026,1,7,0.16,Yes,Medium Risk
C102455,0.4,29-01-2026,2,8,0.185,No,Medium Risk
C102456,0.8,16-06-2026,2,7,0.16,No,Medium Risk
C102457,0.6,26-06-2026,0,9,0.135,No,Low Risk
C102458,0.9,14-06-2026,1,8,0.135,No,Medium Risk
C102459,0.7,20-06-2026,0,9,0.135,No,Low Risk
C102460,0.9,30-04-2026,1,8,0.135,No,Medium Risk
C102461,0.8,27-04-2026,0,11,0.135,No,Low Risk
C102462,0.9,14-06-2026,0,11,0.135,No,Low Risk
C102463,0.8,19-06-2026,2,13,0.16,No,Medium Risk
C102464,1.3,29-03-2026,2,7,0.185,No,Medium Risk
C102465,0.8,05-05-2026,0,10,0.135,No,Low Risk
C102466,1.2,06-06-2026,1,15,0.135,No,Medium Risk
C102467,0.9,19-05-2026,1,0,0.17,No,Medium Risk
C102468,1.3,19-06-2026,1,5,0.135,No,Medium Risk
C102469,0.9,20-03-2026,0,6,0.16,No,Low Risk
C102470,1.3,29-05-2026,0,8,0.135,No,Low Risk
C102471,0.7,29-04-2026,1,1,0.17,No,Medium Risk
C102472,0.7,29-06-2026,0,11,0.135,No,Low Risk
C102473,0.8,17-05-2026,1,4,0.135,No,Medium Risk
C102474,0.6,06-05-2026,1,17,0.135,No,Medium Risk
C102475,0.9,17-05-2026,1,8,0.135,No,Medium Risk
C102476,0.8,23-04-2026,1,14,0.135,No,Medium Risk
C102477,0.7,09-06-2026,0,16,0.135,No,Low Risk
C102478,1.4,16-06-2026,1,6,0.135,No,Medium Risk
C102479,1.3,29-05-2026,0,11,0.135,Yes,Low Risk
C102480,0.6,27-06-2026,3,4,0.16,No,Medium Risk
C102481,1,24-06-2026,1,5,0.135,No,Medium Risk
C102482,0.7,08-04-2026,0,12,0.135,No,Low Risk
C102483,0.7,14-05-2026,0,12,0.135,No,Low Risk
C102484,0.6,30-05-2026,1,4,0.135,Yes,Medium Risk
C102485,0.8,12-06-2026,0,10,0.135,No,Low Risk
C102486,0.9,20-06-2026,1,17,0.135,No,Medium Risk
C102487,0.6,09-06-2026,1,14,0.135,No,Medium Risk
C102488,1.1,07-05-2026,1,7,0.135,No,Medium Risk
C102489,0.9,16-06-2026,0,5,0.135,No,Low Risk
C102490,0.9,08-05-2026,2,11,0.16,No,Medium Risk
C102491,0.9,06-06-2026,1,13,0.135,No,Medium Risk
C102492,1.1,30-06-2026,0,10,0.135,No,Low Risk
C102493,0.8,27-05-2026,0,9,0.135,No,Low Risk
C102494,0.8,26-05-2026,0,8,0.135,No,Low Risk
C102495,0.8,26-03-2026,1,14,0.16,No,Medium Risk
C102496,0.7,04-04-2026,1,14,0.135,Yes,Medium Risk
C102497,1.1,21-04-2026,0,7,0.135,No,Low Risk
C102498,1,01-06-2026,0,9,0.135,No,Low Risk
C102499,0.8,18-06-2026,2,17,0.16,No,Medium Risk
C102500,1.2,25-06-2026,1,5,0.135,No,Medium Risk
C102501,0.8,09-06-2026,0,8,0.135,No,Low Risk
C102502,0.9,27-06-2026,0,8,0.135,No,Low Risk
C102503,1.7,21-06-2026,0,11,0.135,No,Low Risk
C102504,0.6,07-04-2026,1,5,0.135,No,Medium Risk
C102505,0.9,06-06-2026,2,6,0.16,No,Medium Risk
C102506,1.2,16-05-2026,1,7,0.135,No,Medium Risk
C102507,0.8,14-06-2026,0,14,0.135,No,Low Risk
C102508,0.8,09-05-2026,2,7,0.16,No,Medium Risk
C102509,0.6,29-06-2026,0,14,0.135,No,Low Risk
C102510,0.6,15-05-2026,2,6,0.16,No,Medium Risk
C102511,1.2,28-06-2026,1,12,0.135,No,Medium Risk
C102512,0.9,30-06-2026,0,17,0.135,Yes,Low Risk
C102513,0.6,17-06-2026,0,8,0.135,No,Low Risk
C102514,0.8,11-03-2026,1,13,0.16,No,Medium Risk
C102515,1.3,19-06-2026,0,8,0.135,Yes,Low Risk
C102516,1,14-06-2026,0,14,0.135,No,Low Risk
C102517,1,21-06-2026,0,13,0.135,No,Low Risk
C102518,0.6,21-03-2026,0,8,0.16,No,Low Risk
C102519,1,11-06-2026,2,12,0.16,No,Medium Risk
C102520,0.9,16-06-2026,2,7,0.16,No,Medium Risk
C102521,0.9,11-03-2026,1,9,0.16,No,Medium Risk
C102522,1,04-06-2026,2,14,0.16,No,Medium Risk
C102523,0.7,08-01-2026,0,3,0.195,No,Low Risk
C102524,0.8,04-06-2026,1,10,0.135,No,Medium Risk
C102525,0.7,26-06-2026,1,12,0.135,No,Medium Risk
C102526,1.2,25-06-2026,1,10,0.135,No,Medium Risk
C102527,1.2,16-06-2026,1,8,0.135,No,Medium Risk
C102528,1.1,15-06-2026,2,10,0.16,No,Medium Risk
C102529,1,25-06-2026,0,0,0.17,No,Low Risk
C102530,1.1,31-05-2026,1,8,0.135,Yes,Medium Risk
C102531,0.8,24-06-2026,1,6,0.135,No,Medium Risk
C102532,0.6,03-06-2026,0,10,0.135,No,Low Risk
C102533,0.8,13-06-2026,2,10,0.16,No,Medium Risk
C102534,0.6,24-04-2026,0,8,0.135,No,Low Risk
C102535,0.9,26-06-2026,2,12,0.16,Yes,Medium Risk
C102536,0.7,09-06-2026,0,0,0.17,Yes,Low Risk
C102537,0.9,29-06-2026,0,5,0.135,No,Low Risk
C102538,0.8,27-05-2026,0,7,0.135,No,Low Risk
C102539,1.2,21-06-2026,0,9,0.135,No,Low Risk
C102540,0.7,18-06-2026,1,15,0.135,No,Medium Risk
C102541,1,23-05-2026,0,6,0.135,No,Low Risk
C102542,0.9,22-06-2026,1,10,0.135,No,Medium Risk
C102543,1.2,11-05-2026,2,17,0.16,No,Medium Risk
C102544,0.9,01-06-2026,0,6,0.135,No,Low Risk
C102545,0.9,23-05-2026,0,11,0.135,No,Low Risk
C102546,1.2,31-05-2026,0,6,0.135,No,Low Risk
C102547,0.7,14-05-2026,0,11,0.135,Yes,Low Risk
C102548,0.7,19-06-2026,0,8,0.135,No,Low Risk
C102549,0.9,15-06-2026,1,8,0.135,Yes,Medium Risk
C102550,0.9,04-05-2026,0,8,0.135,No,Low Risk
C102551,1.1,12-05-2026,0,8,0.135,No,Low Risk
C102552,0.8,24-05-2026,0,15,0.135,No,Low Risk
C102553,0.7,27-06-2026,0,4,0.135,Yes,Low Risk
C102554,0.9,02-06-2026,2,9,0.16,No,Medium Risk
C102555,0.7,19-05-2026,1,11,0.135,Yes,Medium Risk
C102556,1.1,25-06-2026,0,9,0.135,Yes,Low Risk
C102557,0.8,24-06-2026,0,9,0.135,No,Low Risk
C102558,1,17-05-2026,1,8,0.135,No,Medium Risk
C102559,1,26-05-2026,0,11,0.135,No,Low Risk
C102560,0.7,06-04-2026,0,3,0.17,No,Low Risk
C102561,1.1,31-05-2026,1,12,0.135,No,Medium Risk
C102562,1.2,30-06-2026,0,13,0.135,No,Low Risk
C102563,0.8,09-06-2026,1,9,0.135,No,Medium Risk
C102564,1.2,30-04-2026,1,16,0.135,Yes,Medium Risk
C102565,1.1,03-06-2026,0,6,0.135,No,Low Risk
C102566,0.9,27-06-2026,0,8,0.135,No,Low Risk
C102567,1.2,15-06-2026,1,11,0.135,No,Medium Risk
C102568,0.6,06-06-2026,1,10,0.135,No,Medium Risk
C102569,1,01-05-2026,2,4,0.16,No,Medium Risk
C102570,1,11-04-2026,1,4,0.135,No,Medium Risk
C102571,0.7,25-06-2026,2,4,0.16,No,Medium Risk
C102572,0.7,01-05-2026,2,8,0.16,No,Medium Risk
C102573,0.8,16-06-2026,0,7,0.135,No,Low Risk
C102574,0.7,03-03-2026,2,14,0.185,Yes,Medium Risk
C102575,0.7,22-05-2026,0,8,0.135,No,Low Risk
C102576,0.8,10-05-2026,4,14,0.16,No,Medium Risk
C102577,0.5,23-03-2026,1,10,0.16,Yes,Medium Risk
C102578,0.8,03-05-2026,1,9,0.135,No,Medium Risk
C102579,0.9,29-06-2026,0,13,0.135,No,Low Risk
C102580,0.6,13-06-2026,0,2,0.17,No,Low Risk
C102581,0.6,17-12-2025,1,8,0.16,No,Medium Risk
C102582,1.1,26-06-2026,0,8,0.135,Yes,Low Risk
C102583,0.8,25-06-2026,1,14,0.135,No,Medium Risk
C102584,0.6,21-04-2026,0,4,0.135,No,Low Risk
C102585,1.4,14-06-2026,1,13,0.135,No,Medium Risk
C102586,0.8,23-03-2026,1,10,0.16,No,Medium Risk
C102587,1.1,14-06-2026,0,10,0.135,No,Low Risk
C102588,0.7,23-06-2026,1,4,0.135,No,Medium Risk
C102589,0.6,30-05-2026,0,6,0.135,No,Low Risk
C102590,0.7,21-06-2026,1,11,0.135,No,Medium Risk
C102591,0.4,08-06-2026,2,10,0.16,No,Medium Risk
C102592,1.1,16-06-2026,3,18,0.16,No,Medium Risk
C102593,0.9,07-06-2026,1,5,0.135,No,Medium Risk
C102594,0.9,27-05-2026,0,11,0.135,No,Low Risk
C102595,1.1,04-06-2026,0,6,0.135,No,Low Risk
C102596,0.9,04-06-2026,1,8,0.135,Yes,Medium Risk
C102597,0.7,11-06-2026,2,5,0.16,No,Medium Risk
C102598,0.8,19-06-2026,1,9,0.135,No,Medium Risk
C102599,0.9,13-03-2026,0,14,0.16,No,Low Risk
C102600,0.9,23-04-2026,0,5,0.135,No,Low Risk
C102601,0.8,12-02-2026,1,0,0.195,No,Medium Risk
C102602,0.7,19-06-2026,1,8,0.135,No,Medium Risk
C102603,0.7,15-06-2026,1,13,0.135,No,Medium Risk
C102604,1,30-06-2026,0,4,0.135,No,Low Risk
C102605,1.1,02-06-2026,0,6,0.135,No,Low Risk
C102606,0.9,17-05-2026,0,7,0.135,No,Low Risk
C102607,1,01-06-2026,1,9,0.135,No,Medium Risk
C102608,0.6,18-06-2026,1,13,0.135,No,Medium Risk
C102609,0.4,31-05-2026,0,7,0.135,No,Low Risk
C102610,1.2,12-06-2026,0,12,0.135,No,Low Risk
C102611,0.9,06-06-2026,1,10,0.135,No,Medium Risk
C102612,1.1,15-06-2026,1,5,0.135,Yes,Medium Risk
C102613,0.6,18-03-2026,3,8,0.185,No,Medium Risk
C102614,0.9,19-06-2026,0,4,0.135,No,Low Risk
C102615,0.7,22-03-2026,1,6,0.16,No,Medium Risk
C102616,1.1,01-06-2026,0,16,0.135,No,Low Risk
C102617,1.1,10-05-2026,0,7,0.135,Yes,Low Risk
C102618,0.9,26-06-2026,2,15,0.16,No,Medium Risk
C102619,1.3,26-06-2026,1,16,0.135,No,Medium Risk
C102620,0.4,12-05-2026,0,6,0.135,No,Low Risk
C102621,0.7,10-06-2026,0,14,0.135,No,Low Risk
C102622,0.7,10-05-2026,0,9,0.135,No,Low Risk
C102623,0.7,24-04-2026,0,12,0.135,No,Low Risk
C102624,1.1,24-06-2026,1,10,0.135,No,Medium Risk
C102625,1,21-06-2026,1,5,0.135,No,Medium Risk
C102626,1.1,16-04-2026,0,16,0.135,No,Low Risk
C102627,1.3,06-06-2026,2,11,0.16,No,Medium Risk
C102628,0.6,23-06-2026,2,6,0.16,No,Medium Risk
C102629,0.9,30-06-2026,0,10,0.135,No,Low Risk
C102630,1.1,21-06-2026,1,11,0.135,Yes,Medium Risk
C102631,1.2,15-03-2026,0,14,0.16,No,Low Risk
C102632,1.2,28-06-2026,2,10,0.16,No,Medium Risk
C102633,1.1,21-06-2026,0,10,0.135,No,Low Risk
C102634,1.1,07-04-2026,1,9,0.135,No,Medium Risk
C102635,0.8,17-05-2026,2,8,0.16,No,Medium Risk
C102636,1,22-06-2026,0,12,0.135,No,Low Risk
C102637,1.1,18-05-2026,1,0,0.17,Yes,Medium Risk
C102638,1.1,25-04-2026,1,3,0.17,No,Medium Risk
C102639,0.9,30-06-2026,2,12,0.16,No,Medium Risk
C102640,0.8,18-04-2026,1,10,0.135,No,Medium Risk
C102641,0.8,21-06-2026,0,9,0.135,Yes,Low Risk
C102642,0.9,30-06-2026,1,8,0.135,No,Medium Risk
C102643,0.9,07-06-2026,3,5,0.16,No,Medium Risk
C102644,0.7,23-06-2026,1,6,0.135,No,Medium Risk
C102645,0.8,20-03-2026,0,10,0.16,No,Low Risk
C102646,1.1,23-06-2026,0,12,0.135,No,Low Risk
C102647,1.3,19-04-2026,1,20,0.135,No,Medium Risk
C102648,0.9,14-06-2026,1,11,0.135,No,Medium Risk
C102649,1.1,04-06-2026,1,10,0.135,No,Medium Risk
C102650,0.8,23-06-2026,0,11,0.135,No,Low Risk
C102651,0.7,05-06-2026,0,14,0.135,Yes,Low Risk
C102652,0.9,16-05-2026,0,16,0.135,Yes,Low Risk
C102653,1.1,28-06-2026,3,13,0.16,No,Medium Risk
C102654,0.8,03-05-2026,0,7,0.135,No,Low Risk
C102655,0.7,22-06-2026,0,9,0.135,No,Low Risk
C102656,0.9,23-06-2026,1,14,0.135,No,Medium Risk
C102657,0.9,21-06-2026,2,6,0.16,No,Medium Risk
C102658,1,10-06-2026,0,8,0.135,No,Low Risk
C102659,0.7,28-06-2026,1,9,0.135,No,Medium Risk
C102660,0.7,29-06-2026,0,9,0.135,No,Low Risk
C102661,1.2,27-06-2026,0,10,0.135,No,Low Risk
C102662,0.9,11-05-2026,0,4,0.135,No,Low Risk
C102663,0.7,16-06-2026,1,13,0.135,No,Medium Risk
C102664,0.8,30-06-2026,0,7,0.135,No,Low Risk
C102665,1.4,15-06-2026,0,5,0.135,Yes,Low Risk
C102666,1,08-06-2026,2,15,0.16,No,Medium Risk
C102667,0.8,27-06-2026,0,0,0.17,No,Low Risk
C102668,0.9,23-06-2026,0,4,0.135,No,Low Risk
C102669,0.7,07-04-2026,0,4,0.135,Yes,Low Risk
C102670,1.1,16-05-2026,2,18,0.16,No,Medium Risk
C102671,1.4,29-06-2026,0,10,0.135,Yes,Low Risk
C102672,1,16-06-2026,4,8,0.16,No,Medium Risk
C102673,0.9,20-05-2026,2,9,0.16,No,Medium Risk
C102674,0.9,17-06-2026,2,1,0.195,Yes,Medium Risk
C102675,0.4,24-06-2026,0,14,0.135,No,Low Risk
C102676,1.1,23-06-2026,0,10,0.135,No,Low Risk
C102677,0.8,29-06-2026,2,12,0.16,No,Medium Risk
C102678,0.8,29-06-2026,0,7,0.135,No,Low Risk
C102679,0.7,02-05-2026,0,10,0.135,No,Low Risk
C102680,1.1,28-05-2026,0,13,0.135,No,Low Risk
C102681,1.1,26-06-2026,1,1,0.17,No,Medium Risk
C102682,0.3,14-09-2025,0,15,0.16,No,Low Risk
C102683,0.7,07-06-2026,3,8,0.16,No,Medium Risk
C102684,1,24-06-2026,0,11,0.135,No,Low Risk
C102685,0.6,25-05-2026,1,8,0.135,No,Medium Risk
C102686,0.8,28-02-2026,0,9,0.16,No,Low Risk
C102687,0.5,28-04-2026,0,7,0.135,No,Low Risk
C102688,0.9,21-03-2026,1,9,0.16,No,Medium Risk
C102689,1.1,14-06-2026,3,12,0.16,No,Medium Risk
C102690,0.8,07-06-2026,4,9,0.16,No,Medium Risk
C102691,0.8,08-05-2026,2,10,0.16,No,Medium Risk
C102692,0.8,29-06-2026,1,10,0.135,No,Medium Risk
C102693,1.1,17-06-2026,0,13,0.135,No,Low Risk
C102694,0.8,17-06-2026,0,7,0.135,No,Low Risk
C102695,1,26-06-2026,1,10,0.135,Yes,Medium Risk
C102696,1.2,10-06-2026,0,7,0.135,No,Low Risk
C102697,0.7,23-04-2026,4,7,0.16,Yes,Medium Risk
C102698,0.6,25-04-2026,2,7,0.16,Yes,Medium Risk
C102699,1.2,13-06-2026,2,11,0.16,No,Medium Risk
C102700,0.9,17-06-2026,1,15,0.135,No,Medium Risk
C102701,1.1,15-06-2026,0,4,0.135,No,Low Risk
C102702,1.1,12-04-2026,0,8,0.135,No,Low Risk
C102703,1,16-05-2026,2,7,0.16,No,Medium Risk
C102704,1,11-06-2026,3,4,0.16,No,Medium Risk
C102705,0.8,26-02-2026,0,10,0.16,No,Low Risk
C102706,0.5,13-06-2026,1,10,0.135,No,Medium Risk
C102707,0.8,19-02-2026,0,9,0.16,No,Low Risk
C102708,1.1,23-05-2026,0,8,0.135,No,Low Risk
C102709,1.1,13-06-2026,1,4,0.135,Yes,Medium Risk
C102710,0.6,02-04-2026,0,10,0.135,No,Low Risk
C102711,1,26-05-2026,0,14,0.135,No,Low Risk
C102712,0.4,07-06-2026,2,7,0.16,Yes,Medium Risk
C102713,1,21-05-2026,1,14,0.135,Yes,Medium Risk
C102714,0.8,08-04-2026,0,11,0.135,Yes,Low Risk
C102715,0.9,07-05-2026,2,10,0.16,No,Medium Risk
C102716,0.8,24-06-2026,0,6,0.135,No,Low Risk
C102717,0.7,13-06-2026,1,9,0.135,No,Medium Risk
C102718,1,16-04-2026,3,6,0.16,Yes,Medium Risk
C102719,1.2,22-05-2026,0,11,0.135,No,Low Risk
C102720,1.2,07-05-2026,2,3,0.195,No,Medium Risk
C102721,1.1,03-06-2026,1,14,0.135,No,Medium Risk
C102722,0.9,03-06-2026,0,12,0.135,No,Low Risk
C102723,0.9,05-06-2026,1,15,0.135,No,Medium Risk
C102724,0.6,26-06-2026,1,12,0.135,No,Medium Risk
C102725,0.8,10-06-2026,0,11,0.135,Yes,Low Risk
C102726,1.1,16-06-2026,2,6,0.16,No,Medium Risk
C102727,0.7,17-06-2026,2,12,0.16,No,Medium Risk
C102728,1.1,04-06-2026,2,5,0.16,No,Medium Risk
C102729,0.8,29-04-2026,2,13,0.16,Yes,Medium Risk
C102730,1,29-06-2026,0,9,0.135,No,Low Risk
C102731,0.4,06-05-2026,0,7,0.135,No,Low Risk
C102732,1.2,21-06-2026,3,10,0.16,No,Medium Risk
C102733,1,11-06-2026,1,9,0.135,No,Medium Risk
C102734,0.7,28-05-2026,1,10,0.135,No,Medium Risk
C102735,1.1,26-04-2026,2,5,0.16,Yes,Medium Risk
C102736,0.8,30-06-2026,1,10,0.135,No,Medium Risk
C102737,0.6,27-06-2026,2,11,0.16,No,Medium Risk
C102738,0.7,15-05-2026,0,8,0.135,Yes,Low Risk
C102739,1,31-05-2026,1,6,0.135,No,Medium Risk
C102740,1,14-06-2026,0,9,0.135,No,Low Risk
C102741,0.6,31-05-2026,2,9,0.16,No,Medium Risk
C102742,1,25-06-2026,0,7,0.135,No,Low Risk
C102743,0.9,15-05-2026,0,8,0.135,No,Low Risk
C102744,0.9,15-06-2026,2,8,0.16,No,Medium Risk
C102745,0.9,20-06-2026,2,5,0.16,No,Medium Risk
C102746,1.1,29-03-2026,1,12,0.16,No,Medium Risk
C102747,1.1,06-06-2026,1,8,0.135,No,Medium Risk
C102748,0.9,22-06-2026,2,10,0.16,Yes,Medium Risk
C102749,1.5,14-06-2026,0,8,0.135,No,Low Risk
C102750,0.9,22-05-2026,0,9,0.135,No,Low Risk
C102751,1,23-06-2026,0,12,0.135,No,Low Risk
C102752,1.1,23-04-2026,0,9,0.135,No,Low Risk
C102753,0.8,16-05-2026,1,10,0.135,No,Medium Risk
C102754,0.6,22-06-2026,1,9,0.135,No,Medium Risk
C102755,0.7,18-05-2026,1,8,0.135,No,Medium Risk
C102756,0.9,15-06-2026,2,10,0.16,No,Medium Risk
C102757,0.6,20-05-2026,0,10,0.135,Yes,Low Risk
C102758,0.7,22-02-2026,0,10,0.16,No,Low Risk
C102759,1.1,21-06-2026,2,10,0.16,No,Medium Risk
C102760,0.6,19-02-2026,1,15,0.16,No,Medium Risk
C102761,0.8,10-03-2026,1,11,0.16,No,Medium Risk
C102762,1.1,31-05-2026,1,11,0.135,No,Medium Risk
C102763,0.9,27-06-2026,2,13,0.16,Yes,Medium Risk
C102764,0.8,24-05-2026,1,15,0.135,Yes,Medium Risk
C102765,0.7,15-06-2026,1,11,0.135,No,Medium Risk
C102766,0.3,24-06-2026,0,12,0.135,Yes,Low Risk
C102767,1.2,25-06-2026,0,12,0.135,No,Low Risk
C102768,0.8,10-06-2026,0,4,0.135,Yes,Low Risk
C102769,0.8,04-06-2026,1,10,0.135,No,Medium Risk
C102770,1,19-06-2026,2,11,0.16,No,Medium Risk
C102771,0.9,20-06-2026,0,6,0.135,No,Low Risk
C102772,0.8,17-06-2026,2,11,0.16,No,Medium Risk
C102773,1.2,25-06-2026,2,11,0.16,No,Medium Risk
C102774,1.1,28-06-2026,1,8,0.135,No,Medium Risk
C102775,0.9,09-06-2026,1,9,0.135,No,Medium Risk
C102776,0.8,04-05-2026,2,10,0.16,No,Medium Risk
C102777,0.8,16-05-2026,2,8,0.16,Yes,Medium Risk
C102778,0.8,08-06-2026,1,7,0.135,No,Medium Risk
C102779,0.7,13-06-2026,1,5,0.135,No,Medium Risk
C102780,1.2,23-06-2026,2,8,0.16,No,Medium Risk
C102781,1.2,24-06-2026,2,6,0.16,No,Medium Risk
C102782,0.7,23-05-2026,1,0,0.17,No,Medium Risk
C102783,0.6,25-02-2026,0,13,0.16,No,Low Risk
C102784,1.1,30-06-2026,4,14,0.16,No,Medium Risk
C102785,0.8,06-06-2026,1,9,0.135,No,Medium Risk
C102786,0.6,17-05-2026,0,7,0.135,No,Low Risk
C102787,0.9,09-05-2026,3,9,0.16,No,Medium Risk
C102788,0.9,15-06-2026,0,12,0.135,No,Low Risk
C102789,1.4,27-05-2026,0,11,0.135,No,Low Risk
C102790,1.1,22-06-2026,1,5,0.135,Yes,Medium Risk
C102791,0.8,24-06-2026,0,8,0.135,No,Low Risk
C102792,0.7,22-06-2026,0,4,0.135,Yes,Low Risk
C102793,0.9,19-06-2026,0,14,0.135,No,Low Risk
C102794,1,02-06-2026,2,16,0.16,No,Medium Risk
C102795,1.2,09-04-2026,0,0,0.17,No,Low Risk
C102796,0.8,14-01-2026,2,15,0.185,No,Medium Risk
C102797,0.7,21-06-2026,0,2,0.17,No,Low Risk
C102798,1.2,29-06-2026,0,12,0.135,No,Low Risk
C102799,0.8,11-06-2026,0,6,0.135,No,Low Risk
C102800,0.7,23-06-2026,0,5,0.135,No,Low Risk
C102801,0.9,20-05-2026,0,14,0.135,No,Low Risk
C102802,0.9,20-06-2026,0,8,0.135,Yes,Low Risk
C102803,0.9,25-04-2026,0,9,0.135,No,Low Risk
C102804,1.1,21-06-2026,0,0,0.17,Yes,Low Risk
C102805,0.9,15-06-2026,0,12,0.135,No,Low Risk
C102806,1.3,29-06-2026,0,11,0.135,Yes,Low Risk
C102807,0.6,29-05-2026,1,7,0.135,No,Medium Risk
C102808,1.1,26-06-2026,3,8,0.16,No,Medium Risk
C102809,1.3,29-06-2026,0,13,0.135,No,Low Risk
C102810,1.2,17-03-2026,0,9,0.16,No,Low Risk
C102811,1,28-06-2026,2,8,0.16,Yes,Medium Risk
C102812,0.8,28-02-2026,1,1,0.195,No,Medium Risk
C102813,0.9,06-06-2026,2,5,0.16,No,Medium Risk
C102814,0.6,08-03-2026,1,9,0.16,No,Medium Risk
C102815,0.7,21-06-2026,1,18,0.135,No,Medium Risk
C102816,1.1,09-06-2026,1,8,0.135,No,Medium Risk
C102817,0.7,17-05-2026,3,7,0.16,No,Medium Risk
C102818,0.9,09-06-2026,1,11,0.135,No,Medium Risk
C102819,0.9,28-06-2026,0,10,0.135,No,Low Risk
C102820,1.2,27-05-2026,0,10,0.135,No,Low Risk
C102821,0.8,29-06-2026,0,7,0.135,No,Low Risk
C102822,1,25-06-2026,1,15,0.135,No,Medium Risk
C102823,1.2,30-06-2026,0,9,0.135,No,Low Risk
C102824,1,27-04-2026,3,11,0.16,No,Medium Risk
C102825,0.9,10-06-2026,5,5,0.16,No,Medium Risk
C102826,0.9,29-06-2026,1,2,0.17,No,Medium Risk
C102827,1.2,12-06-2026,0,5,0.135,No,Low Risk
C102828,1.2,22-02-2026,0,13,0.16,No,Low Risk
C102829,0.9,28-06-2026,1,11,0.135,No,Medium Risk
C102830,0.8,24-05-2026,2,11,0.16,No,Medium Risk
C102831,0.8,09-05-2026,2,3,0.195,No,Medium Risk
C102832,1.2,29-05-2026,0,9,0.135,Yes,Low Risk
C102833,0.9,22-06-2026,2,15,0.16,No,Medium Risk
C102834,1,21-06-2026,0,10,0.135,No,Low Risk
C102835,1.3,28-05-2026,1,12,0.135,Yes,Medium Risk
C102836,0.6,14-06-2026,3,10,0.16,No,Medium Risk
C102837,1.1,29-06-2026,1,14,0.135,No,Medium Risk
C102838,1,25-04-2026,1,5,0.135,Yes,Medium Risk
C102839,1.1,31-01-2026,1,18,0.16,No,Medium Risk
C102840,1.3,14-06-2026,0,10,0.135,No,Low Risk
C102841,0.5,21-05-2026,1,10,0.135,No,Medium Risk
C102842,0.9,14-05-2026,1,9,0.135,No,Medium Risk
C102843,0.9,17-05-2026,1,12,0.135,No,Medium Risk
C102844,0.9,30-05-2026,2,9,0.16,No,Medium Risk
C102845,1,15-06-2026,1,6,0.135,No,Medium Risk
C102846,0.4,24-04-2026,0,14,0.135,No,Low Risk
C102847,0.9,23-06-2026,0,11,0.135,No,Low Risk
C102848,1.1,25-05-2026,0,5,0.135,No,Low Risk
C102849,1.2,26-05-2026,1,13,0.135,No,Medium Risk
C102850,1.2,17-05-2026,3,5,0.16,No,Medium Risk
C102851,0.9,04-05-2026,3,7,0.16,No,Medium Risk
C102852,1.1,28-06-2026,0,12,0.135,No,Low Risk
C102853,0.7,10-05-2026,0,3,0.17,No,Low Risk
C102854,1.2,02-05-2026,2,7,0.16,Yes,Medium Risk
C102855,0.8,05-06-2026,0,6,0.135,No,Low Risk
C102856,0.8,15-05-2026,2,5,0.16,No,Medium Risk
C102857,1,24-05-2026,0,5,0.135,No,Low Risk
C102858,0.7,29-04-2026,1,16,0.135,Yes,Medium Risk
C102859,0.6,11-06-2026,2,10,0.16,No,Medium Risk
C102860,0.9,18-06-2026,1,11,0.135,No,Medium Risk
C102861,0.8,22-05-2026,1,7,0.135,No,Medium Risk
C102862,0.8,12-05-2026,1,17,0.135,No,Medium Risk
C102863,0.9,26-06-2026,2,9,0.16,Yes,Medium Risk
C102864,0.8,21-04-2026,0,9,0.135,No,Low Risk
C102865,0.9,22-05-2026,1,7,0.135,No,Medium Risk
C102866,1,24-06-2026,2,13,0.16,No,Medium Risk
C102867,1,16-06-2026,1,12,0.135,No,Medium Risk
C102868,0.8,14-06-2026,0,3,0.17,No,Low Risk
C102869,0.8,14-12-2025,2,8,0.185,No,Medium Risk
C102870,0.8,09-03-2026,2,11,0.185,Yes,Medium Risk
C102871,0.8,25-06-2026,2,9,0.16,No,Medium Risk
C102872,0.7,22-05-2026,0,9,0.135,No,Low Risk
C102873,0.7,12-05-2026,2,9,0.16,No,Medium Risk
C102874,0.9,10-06-2026,2,11,0.16,No,Medium Risk
C102875,0.6,19-06-2026,3,5,0.16,No,Medium Risk
C102876,0.7,27-06-2026,0,4,0.135,No,Low Risk
C102877,1.3,29-06-2026,1,8,0.135,No,Medium Risk
C102878,0.3,02-12-2025,0,7,0.16,No,Low Risk
C102879,1.1,02-06-2026,0,14,0.135,No,Low Risk
C102880,1.3,24-06-2026,1,9,0.135,No,Medium Risk
C102881,0.7,21-06-2026,0,14,0.135,Yes,Low Risk
C102882,0.8,24-06-2026,2,11,0.16,No,Medium Risk
C102883,0.9,11-06-2026,3,14,0.16,No,Medium Risk
C102884,1.1,08-06-2026,1,10,0.135,No,Medium Risk
C102885,1.1,11-05-2026,2,12,0.16,Yes,Medium Risk
C102886,1.4,23-06-2026,1,6,0.135,No,Medium Risk
C102887,1.2,28-06-2026,2,15,0.16,Yes,Medium Risk
C102888,0.4,24-06-2026,0,4,0.135,No,Low Risk
C102889,0.7,13-05-2026,2,11,0.16,No,Medium Risk
C102890,0.9,10-06-2026,0,8,0.135,No,Low Risk
C102891,0.7,13-02-2026,0,13,0.16,No,Low Risk
C102892,0.6,09-05-2026,1,9,0.135,No,Medium Risk
C102893,0.7,08-06-2026,0,4,0.135,No,Low Risk
C102894,0.8,10-03-2026,2,9,0.185,Yes,Medium Risk
C102895,0.7,19-03-2026,1,9,0.16,No,Medium Risk
C102896,0.7,13-03-2026,0,4,0.16,No,Low Risk
C102897,1.2,30-06-2026,1,9,0.135,No,Medium Risk
C102898,0.4,30-06-2026,0,10,0.135,No,Low Risk
C102899,1.2,21-05-2026,0,0,0.17,No,Low Risk
C102900,0.9,30-06-2026,0,9,0.135,Yes,Low Risk
C102901,1.1,31-05-2026,2,2,0.195,Yes,Medium Risk
C102902,0.8,07-06-2026,2,3,0.195,No,Medium Risk
C102903,0.7,09-06-2026,1,7,0.135,No,Medium Risk
C102904,0.6,29-04-2026,2,12,0.16,No,Medium Risk
C102905,0.7,02-05-2026,0,9,0.135,No,Low Risk
C102906,0.3,13-04-2026,1,11,0.135,No,Medium Risk
C102907,1.3,03-06-2026,1,17,0.135,No,Medium Risk
C102908,0.8,25-06-2026,0,8,0.135,No,Low Risk
C102909,0.8,10-06-2026,0,0,0.17,No,Low Risk
C102910,0.9,27-05-2026,1,11,0.135,Yes,Medium Risk
C102911,1.1,24-05-2026,0,11,0.135,No,Low Risk
C102912,1.1,07-06-2026,0,11,0.135,No,Low Risk
C102913,0.8,19-06-2026,1,10,0.135,No,Medium Risk
C102914,0.8,19-03-2026,1,4,0.16,Yes,Medium Risk
C102915,1.2,03-06-2026,0,2,0.17,No,Low Risk
C102916,0.9,26-06-2026,0,8,0.135,No,Low Risk
C102917,0.6,19-06-2026,0,13,0.135,Yes,Low Risk
C102918,0.5,09-03-2026,0,7,0.16,No,Low Risk
C102919,0.9,23-06-2026,0,18,0.135,No,Low Risk
C102920,1.1,07-05-2026,1,9,0.135,No,Medium Risk
C102921,0.6,17-06-2026,0,14,0.135,No,Low Risk
C102922,0.8,06-06-2026,0,9,0.135,No,Low Risk
C102923,1,10-06-2026,0,4,0.135,No,Low Risk
C102924,0.9,30-06-2026,0,1,0.17,No,Low Risk
C102925,1.1,19-06-2026,0,9,0.135,No,Low Risk
C102926,0.7,21-05-2026,0,13,0.135,No,Low Risk
C102927,1.2,22-06-2026,0,7,0.135,No,Low Risk
C102928,0.9,23-05-2026,0,0,0.17,No,Low Risk
C102929,0.8,21-06-2026,0,15,0.135,Yes,Low Risk
C102930,0.9,15-06-2026,2,13,0.16,No,Medium Risk
C102931,0.7,30-03-2026,2,7,0.185,Yes,Medium Risk
C102932,0.7,20-05-2026,1,10,0.135,Yes,Medium Risk
C102933,1,15-04-2026,1,5,0.135,No,Medium Risk
C102934,0.9,11-06-2026,2,6,0.16,Yes,Medium Risk
C102935,0.8,12-06-2026,0,11,0.135,No,Low Risk
C102936,0.7,08-05-2026,1,13,0.135,No,Medium Risk
C102937,0.8,21-06-2026,0,9,0.135,Yes,Low Risk
C102938,0.8,14-03-2026,1,16,0.16,No,Medium Risk
C102939,1.1,17-05-2026,0,9,0.135,No,Low Risk
C102940,0.8,28-06-2026,0,2,0.17,No,Low Risk
C102941,0.6,25-06-2026,0,5,0.135,No,Low Risk
C102942,0.9,14-06-2026,1,2,0.17,Yes,Medium Risk
C102943,0.4,23-06-2026,1,8,0.135,No,Medium Risk
C102944,0.9,07-05-2026,1,8,0.135,No,Medium Risk
C102945,1.2,29-05-2026,1,8,0.135,No,Medium Risk
C102946,0.9,25-05-2026,0,3,0.17,No,Low Risk
C102947,0.6,29-06-2026,2,4,0.16,No,Medium Risk
C102948,1.2,20-06-2026,0,6,0.135,No,Low Risk
C102949,1.3,20-06-2026,1,9,0.135,No,Medium Risk
C102950,0.8,27-06-2026,2,11,0.16,Yes,Medium Risk
C102951,1.1,10-06-2026,2,9,0.16,No,Medium Risk
C102952,0.8,23-06-2026,0,9,0.135,No,Low Risk
C102953,1.2,07-06-2026,1,10,0.135,No,Medium Risk
C102954,0.6,15-06-2026,1,12,0.135,No,Medium Risk
C102955,0.8,11-05-2026,2,7,0.16,Yes,Medium Risk
C102956,0.6,15-02-2026,0,15,0.16,No,Low Risk
C102957,0.8,30-05-2026,0,3,0.17,Yes,Low Risk
C102958,0.4,16-06-2026,2,6,0.16,No,Medium Risk
C102959,0.9,16-03-2026,0,13,0.16,No,Low Risk
C102960,0.6,16-05-2026,0,7,0.135,No,Low Risk
C102961,1,21-06-2026,1,9,0.135,No,Medium Risk
C102962,0.9,29-05-2026,1,12,0.135,No,Medium Risk
C102963,0.7,18-06-2026,1,9,0.135,No,Medium Risk
C102964,0.4,09-06-2026,2,10,0.16,Yes,Medium Risk
C102965,1.1,20-05-2026,0,13,0.135,No,Low Risk
C102966,0.9,26-02-2026,1,0,0.195,No,Medium Risk
C102967,0.5,20-06-2026,1,7,0.135,No,Medium Risk
C102968,0.8,21-05-2026,1,9,0.135,No,Medium Risk
C102969,1.2,19-05-2026,0,11,0.135,No,Low Risk
C102970,0.9,26-04-2026,0,13,0.135,No,Low Risk
C102971,1.1,10-05-2026,0,3,0.17,No,Low Risk
C102972,0.6,28-05-2026,0,5,0.135,No,Low Risk
C102973,0.7,19-06-2026,2,7,0.16,Yes,Medium Risk
C102974,1.3,23-05-2026,0,11,0.135,No,Low Risk
C102975,0.4,30-04-2026,0,9,0.135,No,Low Risk
C102976,1,17-06-2026,1,4,0.135,No,Medium Risk
C102977,0.8,07-06-2026,2,5,0.16,No,Medium Risk
C102978,0.7,10-06-2026,0,5,0.135,No,Low Risk
C102979,1.4,22-06-2026,0,8,0.135,No,Low Risk
C102980,1,10-06-2026,1,10,0.135,No,Medium Risk
C102981,0.9,12-05-2026,1,9,0.135,No,Medium Risk
C102982,0.6,24-06-2026,1,5,0.135,Yes,Medium Risk
C102983,0.8,05-05-2026,0,12,0.135,No,Low Risk
C102984,0.9,12-06-2026,1,9,0.135,No,Medium Risk
C102985,0.6,28-04-2026,0,7,0.135,Yes,Low Risk
C102986,1.5,19-06-2026,0,9,0.135,No,Low Risk
C102987,0.7,21-06-2026,0,19,0.135,No,Low Risk
C102988,1,07-06-2026,2,7,0.16,No,Medium Risk
C102989,0.4,25-05-2026,1,6,0.135,No,Medium Risk
C102990,0.9,03-06-2026,0,8,0.135,No,Low Risk
C102991,0.8,25-06-2026,0,6,0.135,Yes,Low Risk
C102992,1.1,11-06-2026,2,4,0.16,Yes,Medium Risk
C102993,1.2,29-06-2026,2,7,0.16,No,Medium Risk
C102994,1.5,18-06-2026,0,11,0.135,No,Low Risk
C102995,0.8,24-05-2026,0,7,0.135,No,Low Risk
C102996,0.7,23-05-2026,1,10,0.135,Yes,Medium Risk
C102997,0.8,18-04-2026,0,11,0.135,No,Low Risk
C102998,0.6,29-04-2026,1,2,0.17,No,Medium Risk
C102999,1.4,16-06-2026,2,10,0.16,No,Medium Risk
C103000,0.7,30-06-2026,3,15,0.16,No,Medium Risk
C103001,0.9,28-05-2026,1,8,0.135,No,Medium Risk
C103002,0.9,14-06-2026,1,16,0.135,No,Medium Risk
C103003,1.3,29-06-2026,0,0,0.17,No,Low Risk
C103004,0.8,24-06-2026,2,11,0.16,No,Medium Risk
C103005,0.7,18-06-2026,2,6,0.16,No,Medium Risk
C103006,0.6,01-05-2026,1,5,0.135,No,Medium Risk
C103007,1.3,18-06-2026,2,10,0.16,No,Medium Risk
C103008,0.9,24-06-2026,0,3,0.17,No,Low Risk
C103009,0.8,11-06-2026,3,11,0.16,No,Medium Risk
C103010,0.9,30-04-2026,1,17,0.135,No,Medium Risk
C103011,0.9,04-05-2026,0,14,0.135,No,Low Risk
C103012,1.1,18-06-2026,2,6,0.16,Yes,Medium Risk
C103013,0.5,24-03-2026,0,1,0.195,No,Low Risk
C103014,0.7,04-06-2026,0,10,0.135,No,Low Risk
C103015,1,20-06-2026,1,20,0.135,No,Medium Risk
C103016,1,26-06-2026,4,8,0.16,Yes,Medium Risk
C103017,1.1,01-06-2026,0,8,0.135,No,Low Risk
C103018,0.7,12-05-2026,1,4,0.135,No,Medium Risk
C103019,0.9,19-06-2026,0,10,0.135,No,Low Risk
C103020,1.2,27-06-2026,1,11,0.135,No,Medium Risk
C103021,1,27-06-2026,1,11,0.135,Yes,Medium Risk
C103022,1.1,06-05-2026,5,7,0.16,No,Medium Risk
C103023,0.7,16-05-2026,0,5,0.135,No,Low Risk
C103024,0.6,25-04-2026,1,7,0.135,No,Medium Risk
C103025,0.8,06-06-2026,1,10,0.135,No,Medium Risk
C103026,0.8,18-06-2026,1,6,0.135,No,Medium Risk
C103027,1.1,21-06-2026,1,20,0.135,No,Medium Risk
C103028,1.1,03-06-2026,4,18,0.16,Yes,Medium Risk
C103029,0.7,01-03-2026,1,8,0.16,Yes,Medium Risk
C103030,1.1,23-06-2026,0,13,0.135,No,Low Risk
C103031,0.7,22-06-2026,2,8,0.16,Yes,Medium Risk
C103032,1.7,22-06-2026,4,9,0.16,No,Medium Risk
C103033,0.8,18-06-2026,0,12,0.135,Yes,Low Risk
C103034,0.8,12-06-2026,1,0,0.17,No,Medium Risk
C103035,1.4,23-06-2026,0,5,0.135,No,Low Risk
C103036,1.2,30-06-2026,0,5,0.135,Yes,Low Risk
C103037,1.4,06-06-2026,3,5,0.16,No,Medium Risk
C103038,0.9,03-05-2026,3,5,0.16,No,Medium Risk
C103039,0.9,05-06-2026,0,8,0.135,Yes,Low Risk
C103040,0.9,05-06-2026,1,19,0.135,No,Medium Risk
C103041,1.2,25-06-2026,1,7,0.135,No,Medium Risk
C103042,1.1,08-05-2026,0,12,0.135,Yes,Low Risk
C103043,0.8,19-05-2026,1,13,0.135,Yes,Medium Risk
C103044,1.1,29-05-2026,2,11,0.16,No,Medium Risk
C103045,1.4,17-06-2026,3,1,0.195,No,Medium Risk
C103046,1.1,23-06-2026,4,16,0.16,No,Medium Risk
C103047,0.9,13-06-2026,0,4,0.135,No,Low Risk
C103048,0.8,03-06-2026,0,7,0.135,No,Low Risk
C103049,0.8,30-03-2026,0,7,0.16,No,Low Risk
C103050,0.6,28-06-2026,1,10,0.135,No,Medium Risk
C103051,0.7,16-05-2026,1,3,0.17,No,Medium Risk
C103052,1.1,23-06-2026,3,7,0.16,No,Medium Risk
C103053,0.9,25-04-2026,0,12,0.135,No,Low Risk
C103054,0.6,24-06-2026,1,9,0.135,No,Medium Risk
C103055,1.2,18-05-2026,0,14,0.135,No,Low Risk
C103056,0.9,06-06-2026,2,6,0.16,No,Medium Risk
C103057,0.6,04-05-2026,0,7,0.135,No,Low Risk
C103058,0.8,20-06-2026,2,7,0.16,No,Medium Risk
C103059,0.8,20-02-2026,0,8,0.16,No,Low Risk
C103060,0.8,26-01-2026,3,13,0.185,No,Medium Risk
C103061,1.3,27-06-2026,1,11,0.135,No,Medium Risk
C103062,1.1,25-06-2026,1,5,0.135,No,Medium Risk
C103063,0.5,01-05-2026,0,10,0.135,No,Low Risk
C103064,0.7,07-05-2026,2,12,0.16,No,Medium Risk
C103065,0.7,01-05-2026,3,11,0.16,No,Medium Risk
C103066,0.8,06-06-2026,1,7,0.135,No,Medium Risk
C103067,0.8,28-05-2026,0,13,0.135,No,Low Risk
C103068,1.1,16-06-2026,3,11,0.16,No,Medium Risk
C103069,1.2,25-05-2026,0,15,0.135,No,Low Risk
C103070,0.9,22-06-2026,1,13,0.135,No,Medium Risk
C103071,0.9,25-05-2026,0,8,0.135,Yes,Low Risk
C103072,0.8,12-05-2026,0,15,0.135,No,Low Risk
C103073,0.7,26-06-2026,0,6,0.135,No,Low Risk
C103074,0.9,15-06-2026,1,13,0.135,No,Medium Risk
C103075,1.1,28-06-2026,0,7,0.135,No,Low Risk
C103076,0.6,14-06-2026,1,13,0.135,No,Medium Risk
C103077,1.1,13-06-2026,0,13,0.135,No,Low Risk
C103078,0.4,08-01-2026,3,10,0.185,Yes,Medium Risk
C103079,1.3,03-05-2026,0,3,0.17,No,Low Risk
C103080,0.6,08-06-2026,1,7,0.135,No,Medium Risk
C103081,1,10-06-2026,0,14,0.135,No,Low Risk
C103082,1.1,07-06-2026,4,4,0.16,No,Medium Risk
C103083,0.7,16-05-2026,5,12,0.16,No,Medium Risk
C103084,0.8,22-03-2026,2,7,0.185,Yes,Medium Risk
C103085,1,18-06-2026,0,12,0.135,No,Low Risk
C103086,0.8,07-06-2026,0,9,0.135,No,Low Risk
C103087,1.1,11-06-2026,2,17,0.16,No,Medium Risk
C103088,0.8,25-06-2026,0,6,0.135,No,Low Risk
C103089,0.7,27-04-2026,2,9,0.16,No,Medium Risk
C103090,0.9,28-06-2026,0,12,0.135,No,Low Risk
C103091,1,22-06-2026,1,8,0.135,No,Medium Risk
C103092,0.9,29-06-2026,3,14,0.16,No,Medium Risk
C103093,0.8,04-06-2026,3,11,0.16,No,Medium Risk
C103094,1.2,27-05-2026,1,8,0.135,Yes,Medium Risk
C103095,0.8,02-05-2026,0,9,0.135,Yes,Low Risk
C103096,0.9,21-05-2026,1,14,0.135,Yes,Medium Risk
C103097,1,26-06-2026,0,0,0.17,No,Low Risk
C103098,0.8,06-06-2026,2,9,0.16,No,Medium Risk
C103099,0.9,03-06-2026,0,5,0.135,No,Low Risk
C103100,0.9,30-05-2026,1,5,0.135,No,Medium Risk
C103101,0.7,29-06-2026,0,17,0.135,No,Low Risk
C103102,0.8,28-06-2026,2,9,0.16,No,Medium Risk
C103103,0.5,03-06-2026,2,5,0.16,No,Medium Risk
C103104,0.7,08-06-2026,1,5,0.135,No,Medium Risk
C103105,1.2,19-06-2026,1,14,0.135,No,Medium Risk
C103106,0.9,26-05-2026,1,6,0.135,No,Medium Risk
C103107,1.1,12-06-2026,1,5,0.135,No,Medium Risk
C103108,1.1,05-06-2026,2,5,0.16,No,Medium Risk
C103109,0.8,05-05-2026,1,7,0.135,Yes,Medium Risk
C103110,0.6,24-04-2026,0,15,0.135,No,Low Risk
C103111,1.1,28-05-2026,0,15,0.135,No,Low Risk
C103112,0.6,22-06-2026,1,6,0.135,No,Medium Risk
C103113,0.6,12-05-2026,0,12,0.135,No,Low Risk
C103114,1,30-06-2026,0,18,0.135,No,Low Risk
C103115,0.6,12-06-2026,1,13,0.135,Yes,Medium Risk
C103116,0.6,18-05-2026,0,3,0.17,Yes,Low Risk
C103117,0.9,11-06-2026,0,9,0.135,No,Low Risk
C103118,0.9,19-06-2026,3,10,0.16,No,Medium Risk
C103119,1.2,24-06-2026,0,2,0.17,No,Low Risk
C103120,0.9,06-05-2026,1,10,0.135,No,Medium Risk
C103121,0.8,17-06-2026,1,5,0.135,No,Medium Risk
C103122,1.1,30-06-2026,2,0,0.195,Yes,Medium Risk
C103123,0.9,23-06-2026,3,6,0.16,No,Medium Risk
C103124,0.9,14-05-2026,2,13,0.16,No,Medium Risk
C103125,0.8,14-05-2026,0,14,0.135,No,Low Risk
C103126,0.8,13-06-2026,1,9,0.135,No,Medium Risk
C103127,1.3,23-05-2026,1,8,0.135,No,Medium Risk
C103128,0.8,21-05-2026,2,10,0.16,No,Medium Risk
C103129,0.9,08-06-2026,0,6,0.135,No,Low Risk
C103130,0.8,05-06-2026,0,11,0.135,No,Low Risk
C103131,0.8,27-06-2026,3,2,0.195,No,Medium Risk
C103132,1.1,14-05-2026,2,6,0.16,No,Medium Risk
C103133,0.9,29-05-2026,0,7,0.135,No,Low Risk
C103134,0.7,17-06-2026,2,17,0.16,No,Medium Risk
C103135,1.2,09-05-2026,0,8,0.135,No,Low Risk
C103136,0.7,24-06-2026,2,6,0.16,No,Medium Risk
C103137,0.9,24-05-2026,0,4,0.135,No,Low Risk
C103138,0.5,12-02-2026,2,15,0.185,No,Medium Risk
C103139,1.2,19-06-2026,1,6,0.135,No,Medium Risk
C103140,0.7,15-04-2026,1,10,0.135,No,Medium Risk
C103141,1.2,28-04-2026,0,8,0.135,No,Low Risk
C103142,0.7,10-06-2026,0,13,0.135,No,Low Risk
C103143,0.9,05-05-2026,1,12,0.135,No,Medium Risk
C103144,0.8,24-05-2026,0,7,0.135,No,Low Risk
C103145,1.1,16-05-2026,0,7,0.135,No,Low Risk
C103146,1.3,16-04-2026,1,12,0.135,No,Medium Risk
C103147,0.8,17-05-2026,0,10,0.135,No,Low Risk
C103148,1,04-06-2026,0,5,0.135,No,Low Risk
C103149,1.1,14-06-2026,1,8,0.135,No,Medium Risk
C103150,1.2,24-06-2026,2,4,0.16,No,Medium Risk
C103151,1.1,22-05-2026,0,6,0.135,No,Low Risk
C103152,1.1,06-06-2026,1,6,0.135,No,Medium Risk
C103153,1,22-06-2026,1,9,0.135,No,Medium Risk
C103154,1.1,11-06-2026,0,9,0.135,No,Low Risk
C103155,1.2,22-06-2026,3,11,0.16,Yes,Medium Risk
C103156,1.1,13-06-2026,0,6,0.135,No,Low Risk
C103157,0.7,28-05-2026,0,2,0.17,No,Low Risk
C103158,1,27-06-2026,2,13,0.16,No,Medium Risk
C103159,0.8,30-06-2026,1,12,0.135,No,Medium Risk
C103160,0.6,22-06-2026,0,10,0.135,No,Low Risk
C103161,1.2,11-05-2026,0,4,0.135,No,Low Risk
C103162,1.2,29-06-2026,1,6,0.135,Yes,Medium Risk
C103163,0.9,13-04-2026,0,15,0.135,No,Low Risk
C103164,0.9,05-06-2026,0,5,0.135,No,Low Risk
C103165,1.2,16-06-2026,2,11,0.16,No,Medium Risk
C103166,0.7,20-04-2026,1,2,0.17,Yes,Medium Risk
C103167,1.3,23-05-2026,1,11,0.135,No,Medium Risk
C103168,0.8,01-06-2026,3,12,0.16,No,Medium Risk
C103169,0.8,15-05-2026,0,10,0.135,No,Low Risk
C103170,0.8,11-06-2026,1,7,0.135,No,Medium Risk
C103171,1.4,10-06-2026,1,5,0.135,No,Medium Risk
C103172,1.1,30-06-2026,2,9,0.16,No,Medium Risk
C103173,1.2,21-06-2026,0,12,0.135,No,Low Risk
C103174,0.7,02-06-2026,0,10,0.135,No,Low Risk
C103175,0.9,26-04-2026,0,2,0.17,No,Low Risk
C103176,1.3,22-05-2026,0,4,0.135,No,Low Risk
C103177,0.9,25-06-2026,0,8,0.135,No,Low Risk
C103178,1.1,29-06-2026,0,13,0.135,No,Low Risk
C103179,1.1,27-06-2026,0,14,0.135,No,Low Risk
C103180,0.9,28-06-2026,1,5,0.135,Yes,Medium Risk
C103181,0.8,05-05-2026,1,13,0.135,No,Medium Risk
C103182,0.6,07-06-2026,0,14,0.135,No,Low Risk
C103183,0.9,25-06-2026,3,4,0.16,No,Medium Risk
C103184,0.7,13-03-2026,0,8,0.16,No,Low Risk
C103185,0.8,23-06-2026,0,6,0.135,No,Low Risk
C103186,1.1,11-06-2026,1,6,0.135,No,Medium Risk
C103187,0.7,25-06-2026,2,11,0.16,No,Medium Risk
C103188,1.1,26-06-2026,3,3,0.195,No,Medium Risk
C103189,1,14-06-2026,3,7,0.16,No,Medium Risk
C103190,1.1,18-05-2026,0,7,0.135,No,Low Risk
C103191,0.6,16-04-2026,2,8,0.16,No,Medium Risk
C103192,0.8,04-06-2026,4,15,0.16,No,Medium Risk
C103193,1.1,22-06-2026,1,10,0.135,No,Medium Risk
C103194,1.3,26-06-2026,1,15,0.135,No,Medium Risk
C103195,0.8,22-04-2026,1,15,0.135,No,Medium Risk
C103196,0.7,22-03-2026,2,15,0.185,No,Medium Risk
C103197,0.7,23-05-2026,0,10,0.135,No,Low Risk
C103198,0.8,27-06-2026,1,4,0.135,No,Medium Risk
C103199,0.8,17-04-2026,1,6,0.135,No,Medium Risk
C103200,0.5,28-12-2025,1,11,0.16,Yes,Medium Risk
C103201,1,18-06-2026,1,4,0.135,No,Medium Risk
C103202,1,28-05-2026,1,12,0.135,No,Medium Risk
C103203,0.7,22-05-2026,1,11,0.135,Yes,Medium Risk
C103204,1.4,19-06-2026,3,11,0.16,No,Medium Risk
C103205,0.8,17-05-2026,2,9,0.16,No,Medium Risk
C103206,1,01-06-2026,0,4,0.135,No,Low Risk
C103207,1,26-06-2026,1,2,0.17,No,Medium Risk
C103208,0.9,30-06-2026,0,4,0.135,No,Low Risk
C103209,1,10-06-2026,2,11,0.16,No,Medium Risk
C103210,0.9,21-06-2026,0,12,0.135,No,Low Risk
C103211,0.9,14-06-2026,0,8,0.135,No,Low Risk
C103212,0.6,05-06-2026,1,11,0.135,No,Medium Risk
C103213,0.9,27-06-2026,0,16,0.135,No,Low Risk
C103214,1.4,25-06-2026,2,5,0.16,No,Medium Risk
C103215,0.7,18-06-2026,0,13,0.135,No,Low Risk
C103216,0.9,11-06-2026,1,3,0.17,No,Medium Risk
C103217,0.9,28-06-2026,3,9,0.16,Yes,Medium Risk
C103218,1.1,03-06-2026,1,7,0.135,No,Medium Risk
C103219,0.7,18-06-2026,1,11,0.135,No,Medium Risk
C103220,0.7,20-06-2026,0,7,0.135,No,Low Risk
C103221,0.8,15-06-2026,1,11,0.135,No,Medium Risk
C103222,0.6,22-06-2026,1,5,0.135,No,Medium Risk
C103223,1.2,06-06-2026,0,7,0.135,No,Low Risk
C103224,1.1,30-06-2026,0,8,0.135,No,Low Risk
C103225,0.8,24-06-2026,1,13,0.135,No,Medium Risk
C103226,1,30-06-2026,1,10,0.135,No,Medium Risk
C103227,0.9,24-06-2026,0,9,0.135,No,Low Risk
C103228,0.5,02-04-2026,4,12,0.16,No,Medium Risk
C103229,1.1,29-05-2026,3,7,0.16,No,Medium Risk
C103230,0.9,10-06-2026,1,16,0.135,No,Medium Risk
C103231,0.8,22-05-2026,0,10,0.135,No,Low Risk
C103232,1.2,29-05-2026,0,16,0.135,No,Low Risk
C103233,0.8,19-04-2026,1,10,0.135,No,Medium Risk
C103234,0.8,17-06-2026,0,12,0.135,No,Low Risk
C103235,0.8,26-06-2026,3,8,0.16,No,Medium Risk
C103236,0.7,23-05-2026,4,8,0.16,No,Medium Risk
C103237,1.1,22-03-2026,2,2,0.22,Yes,Medium Risk
C103238,1.2,28-06-2026,0,9,0.135,No,Low Risk
C103239,1.1,21-06-2026,1,13,0.135,Yes,Medium Risk
C103240,1,24-06-2026,2,7,0.16,No,Medium Risk
C103241,0.8,09-06-2026,1,18,0.135,No,Medium Risk
C103242,1.1,23-05-2026,2,7,0.16,No,Medium Risk
C103243,1.7,28-05-2026,1,12,0.135,No,Medium Risk
C103244,1,08-06-2026,0,8,0.135,No,Low Risk
C103245,0.9,26-05-2026,1,11,0.135,No,Medium Risk
C103246,0.8,14-03-2026,2,10,0.185,Yes,Medium Risk
C103247,1.4,09-06-2026,0,9,0.135,Yes,Low Risk
C103248,1.3,23-06-2026,0,14,0.135,No,Low Risk
C103249,0.9,02-06-2026,0,6,0.135,No,Low Risk
C103250,0.6,17-06-2026,0,12,0.135,No,Low Risk
C103251,0.7,20-05-2026,1,7,0.135,No,Medium Risk
C103252,0.9,26-05-2026,0,18,0.135,Yes,Low Risk
C103253,0.7,28-02-2026,2,15,0.185,No,Medium Risk
C103254,0.7,11-06-2026,2,9,0.16,No,Medium Risk
C103255,1.2,20-05-2026,0,14,0.135,No,Low Risk
C103256,1.1,09-06-2026,0,11,0.135,No,Low Risk
C103257,1.2,16-06-2026,0,8,0.135,No,Low Risk
C103258,1,21-05-2026,0,10,0.135,No,Low Risk
C103259,1.3,20-05-2026,2,10,0.16,No,Medium Risk
C103260,1.2,04-06-2026,0,9,0.135,Yes,Low Risk
C103261,1.3,20-04-2026,0,9,0.135,No,Low Risk
C103262,1,05-06-2026,0,0,0.17,Yes,Low Risk
C103263,0.6,10-01-2026,0,6,0.16,No,Low Risk
C103264,0.7,24-05-2026,2,11,0.16,No,Medium Risk
C103265,0.9,21-06-2026,0,8,0.135,No,Low Risk
C103266,0.6,20-05-2026,1,10,0.135,Yes,Medium Risk
C103267,0.5,12-06-2026,0,15,0.135,No,Low Risk
C103268,1.2,12-06-2026,1,5,0.135,No,Medium Risk
C103269,0.5,04-06-2026,2,9,0.16,Yes,Medium Risk
C103270,0.7,24-05-2026,0,2,0.17,Yes,Low Risk
C103271,1,30-06-2026,1,8,0.135,No,Medium Risk
C103272,1.1,21-05-2026,1,11,0.135,No,Medium Risk
C103273,1.1,22-06-2026,1,3,0.17,No,Medium Risk
C103274,1.1,21-06-2026,0,8,0.135,No,Low Risk
C103275,0.9,07-06-2026,0,0,0.17,Yes,Low Risk
C103276,0.9,23-06-2026,3,9,0.16,No,Medium Risk
C103277,0.6,20-06-2026,1,14,0.135,Yes,Medium Risk
C103278,0.7,27-04-2026,1,8,0.135,No,Medium Risk
C103279,0.6,19-04-2026,0,12,0.135,Yes,Low Risk
C103280,1.1,15-06-2026,2,16,0.16,No,Medium Risk
C103281,0.6,18-04-2026,1,8,0.135,No,Medium Risk
C103282,0.8,27-06-2026,1,8,0.135,No,Medium Risk
C103283,1,15-06-2026,2,7,0.16,No,Medium Risk
C103284,1.2,30-06-2026,2,10,0.16,No,Medium Risk
C103285,0.8,18-05-2026,1,14,0.135,No,Medium Risk
C103286,0.9,21-06-2026,2,12,0.16,No,Medium Risk
C103287,0.8,10-06-2026,1,6,0.135,No,Medium Risk
C103288,0.9,27-05-2026,1,15,0.135,No,Medium Risk
C103289,0.8,15-05-2026,0,5,0.135,Yes,Low Risk
C103290,1.1,24-05-2026,0,11,0.135,No,Low Risk
C103291,1.1,27-06-2026,0,4,0.135,No,Low Risk
C103292,1,18-03-2026,2,5,0.185,No,Medium Risk
C103293,1,06-05-2026,1,9,0.135,Yes,Medium Risk
C103294,1.1,18-06-2026,0,8,0.135,No,Low Risk
C103295,1.1,18-06-2026,0,7,0.135,No,Low Risk
C103296,0.7,07-06-2026,0,18,0.135,No,Low Risk
C103297,0.6,30-06-2026,0,5,0.135,No,Low Risk
C103298,0.5,03-06-2026,1,18,0.135,No,Medium Risk
C103299,0.6,23-06-2026,3,13,0.16,No,Medium Risk
C103300,0.9,28-06-2026,0,2,0.17,No,Low Risk
C103301,1.3,02-06-2026,2,6,0.16,Yes,Medium Risk
C103302,0.6,21-06-2026,1,1,0.17,No,Medium Risk
C103303,0.9,12-03-2026,3,0,0.22,Yes,Medium Risk
C103304,0.8,06-06-2026,2,8,0.16,Yes,Medium Risk
C103305,1,21-05-2026,1,7,0.135,No,Medium Risk
C103306,0.6,18-06-2026,0,7,0.135,No,Low Risk
C103307,1.2,28-06-2026,2,4,0.16,Yes,Medium Risk
C103308,0.8,09-06-2026,1,6,0.135,No,Medium Risk
C103309,1.1,20-04-2026,0,13,0.135,No,Low Risk
C103310,0.8,23-05-2026,0,9,0.135,No,Low Risk
C103311,1.2,25-03-2026,0,8,0.16,No,Low Risk
C103312,0.9,22-06-2026,3,6,0.16,No,Medium Risk
C103313,0.8,25-03-2026,0,15,0.16,No,Low Risk
C103314,0.9,09-06-2026,2,15,0.16,No,Medium Risk
C103315,1.1,24-06-2026,1,7,0.135,No,Medium Risk
C103316,1.1,30-06-2026,0,9,0.135,No,Low Risk
C103317,1.2,24-06-2026,0,6,0.135,No,Low Risk
C103318,0.7,23-06-2026,1,4,0.135,Yes,Medium Risk
C103319,0.7,06-06-2026,0,10,0.135,No,Low Risk
C103320,0.7,14-04-2026,0,5,0.135,No,Low Risk
C103321,0.6,27-06-2026,4,6,0.16,Yes,Medium Risk
C103322,0.7,22-06-2026,1,2,0.17,No,Medium Risk
C103323,0.5,05-04-2026,2,9,0.16,No,Medium Risk
C103324,0.7,25-04-2026,1,12,0.135,No,Medium Risk
C103325,1.1,21-06-2026,2,10,0.16,No,Medium Risk
C103326,0.9,02-06-2026,3,13,0.16,Yes,Medium Risk
C103327,0.8,26-06-2026,1,13,0.135,No,Medium Risk
C103328,0.8,09-06-2026,0,8,0.135,No,Low Risk
C103329,1.1,15-05-2026,0,14,0.135,No,Low Risk
C103330,0.7,12-05-2026,1,9,0.135,No,Medium Risk
C103331,1.2,12-06-2026,0,14,0.135,No,Low Risk
C103332,0.7,16-05-2026,2,10,0.16,No,Medium Risk
C103333,1.2,21-06-2026,2,15,0.16,No,Medium Risk
C103334,1.1,21-06-2026,0,3,0.17,No,Low Risk
C103335,0.6,05-06-2026,1,14,0.135,No,Medium Risk
C103336,1.3,17-06-2026,1,8,0.135,No,Medium Risk
C103337,0.7,01-05-2026,0,14,0.135,No,Low Risk
C103338,0.8,27-05-2026,1,15,0.135,No,Medium Risk
C103339,1.1,30-05-2026,1,7,0.135,No,Medium Risk
C103340,0.7,08-06-2026,0,9,0.135,Yes,Low Risk
C103341,0.6,26-05-2026,1,9,0.135,No,Medium Risk
C103342,0.9,17-06-2026,0,9,0.135,No,Low Risk
C103343,0.7,15-06-2026,0,2,0.17,No,Low Risk
C103344,0.8,29-03-2026,0,7,0.16,No,Low Risk
C103345,1.3,27-05-2026,0,12,0.135,No,Low Risk
C103346,1,03-06-2026,1,12,0.135,No,Medium Risk
C103347,0.6,26-06-2026,2,9,0.16,No,Medium Risk
C103348,1,18-04-2026,1,10,0.135,No,Medium Risk
C103349,0.8,27-04-2026,0,0,0.17,No,Low Risk
C103350,1.1,15-06-2026,1,7,0.135,No,Medium Risk
C103351,0.6,25-06-2026,0,6,0.135,No,Low Risk
C103352,1.1,18-05-2026,0,11,0.135,No,Low Risk
C103353,0.8,12-05-2026,2,8,0.16,No,Medium Risk
C103354,1,26-05-2026,4,11,0.16,No,Medium Risk
C103355,1,21-06-2026,1,12,0.135,No,Medium Risk
C103356,1.3,27-04-2026,0,5,0.135,No,Low Risk
C103357,0.8,05-04-2026,1,10,0.135,No,Medium Risk
C103358,1,04-05-2026,0,9,0.135,No,Low Risk
C103359,1.3,21-06-2026,2,6,0.16,No,Medium Risk
C103360,1.2,13-06-2026,2,11,0.16,No,Medium Risk
C103361,0.9,16-06-2026,1,12,0.135,No,Medium Risk
C103362,0.8,28-06-2026,3,2,0.195,No,Medium Risk
C103363,1.3,15-06-2026,0,9,0.135,No,Low Risk
C103364,0.7,16-04-2026,1,15,0.135,Yes,Medium Risk
C103365,1.1,18-06-2026,2,9,0.16,Yes,Medium Risk
C103366,0.8,08-06-2026,1,3,0.17,No,Medium Risk
C103367,0.7,29-06-2026,0,14,0.135,No,Low Risk
C103368,0.6,15-06-2026,0,12,0.135,No,Low Risk
C103369,0.9,08-06-2026,0,5,0.135,No,Low Risk
C103370,0.6,23-06-2026,1,0,0.17,No,Medium Risk
C103371,0.4,08-04-2026,2,14,0.16,No,Medium Risk
C103372,0.8,31-03-2026,1,5,0.16,No,Medium Risk
C103373,1.2,08-05-2026,2,9,0.16,No,Medium Risk
C103374,1.2,19-05-2026,1,10,0.135,No,Medium Risk
C103375,1,28-04-2026,3,7,0.16,No,Medium Risk
C103376,0.7,16-04-2026,0,12,0.135,No,Low Risk
C103377,1,05-05-2026,3,6,0.16,No,Medium Risk
C103378,1.3,31-05-2026,0,7,0.135,No,Low Risk
C103379,0.8,11-03-2026,1,12,0.16,Yes,Medium Risk
C103380,0.7,29-06-2026,1,7,0.135,No,Medium Risk
C103381,0.7,13-04-2026,0,12,0.135,No,Low Risk
C103382,0.7,25-05-2026,1,9,0.135,No,Medium Risk
C103383,0.3,13-03-2026,1,1,0.195,Yes,Medium Risk
C103384,0.9,29-05-2026,2,2,0.195,Yes,Medium Risk
C103385,0.8,19-05-2026,0,4,0.135,No,Low Risk
C103386,0.6,08-06-2026,3,12,0.16,Yes,Medium Risk
C103387,1.2,02-06-2026,0,17,0.135,No,Low Risk
C103388,0.8,19-06-2026,0,7,0.135,No,Low Risk
C103389,0.7,28-06-2026,2,8,0.16,Yes,Medium Risk
C103390,0.4,14-06-2026,2,12,0.16,No,Medium Risk
C103391,1,01-06-2026,1,1,0.17,No,Medium Risk
C103392,1.1,29-04-2026,2,9,0.16,No,Medium Risk
C103393,0.7,29-03-2026,0,12,0.16,No,Low Risk
C103394,0.8,02-06-2026,2,7,0.16,No,Medium Risk
C103395,0.8,23-05-2026,0,7,0.135,No,Low Risk
C103396,1,24-06-2026,1,13,0.135,No,Medium Risk
C103397,0.9,08-06-2026,0,13,0.135,Yes,Low Risk
C103398,1.2,17-06-2026,0,7,0.135,No,Low Risk
C103399,1.3,05-06-2026,1,20,0.135,No,Medium Risk
C103400,0.7,16-06-2026,1,8,0.135,No,Medium Risk
C103401,1.1,25-06-2026,1,14,0.135,No,Medium Risk
C103402,0.9,15-06-2026,1,10,0.135,No,Medium Risk
C103403,1,22-04-2026,0,6,0.135,No,Low Risk
C103404,0.9,29-06-2026,1,7,0.135,No,Medium Risk
C103405,0.7,23-06-2026,0,8,0.135,No,Low Risk
C103406,0.9,29-06-2026,2,2,0.195,No,Medium Risk
C103407,0.7,17-06-2026,1,11,0.135,No,Medium Risk
C103408,0.8,01-06-2026,0,10,0.135,No,Low Risk
C103409,1.2,11-06-2026,2,10,0.16,No,Medium Risk
C103410,1,19-04-2026,2,2,0.195,Yes,Medium Risk
C103411,0.9,23-06-2026,1,5,0.135,No,Medium Risk
C103412,1.3,26-06-2026,0,16,0.135,No,Low Risk
C103413,1.3,11-06-2026,0,8,0.135,No,Low Risk
C103414,0.6,18-06-2026,0,4,0.135,No,Low Risk
C103415,0.7,21-06-2026,0,7,0.135,No,Low Risk
C103416,0.7,25-04-2026,1,3,0.17,No,Medium Risk
C103417,0.9,16-06-2026,0,12,0.135,No,Low Risk
C103418,0.5,24-04-2026,1,12,0.135,No,Medium Risk
C103419,0.8,28-06-2026,1,9,0.135,No,Medium Risk
C103420,0.9,22-06-2026,1,13,0.135,No,Medium Risk
C103421,1,27-06-2026,0,7,0.135,No,Low Risk
C103422,0.7,30-05-2026,1,7,0.135,No,Medium Risk
C103423,1.3,26-06-2026,0,6,0.135,No,Low Risk
C103424,0.9,19-05-2026,1,6,0.135,No,Medium Risk
C103425,0.9,04-05-2026,1,18,0.135,No,Medium Risk
C103426,0.9,18-05-2026,0,16,0.135,No,Low Risk
C103427,0.8,07-06-2026,2,12,0.16,Yes,Medium Risk
C103428,1.2,26-06-2026,0,9,0.135,No,Low Risk
C103429,0.8,02-06-2026,0,6,0.135,No,Low Risk
C103430,0.7,11-05-2026,1,7,0.135,No,Medium Risk
C103431,0.8,21-05-2026,0,7,0.135,No,Low Risk
C103432,0.9,21-06-2026,0,12,0.135,No,Low Risk
C103433,1.2,31-05-2026,1,7,0.135,No,Medium Risk
C103434,0.8,04-06-2026,1,4,0.135,No,Medium Risk
C103435,0.9,06-05-2026,0,11,0.135,No,Low Risk
C103436,0.7,14-06-2026,0,0,0.17,No,Low Risk
C103437,0.9,01-05-2026,0,9,0.135,No,Low Risk
C103438,0.8,24-06-2026,0,5,0.135,No,Low Risk
C103439,1.2,12-06-2026,0,16,0.135,Yes,Low Risk
C103440,0.8,14-06-2026,2,4,0.16,No,Medium Risk
C103441,1.1,20-06-2026,0,3,0.17,No,Low Risk
C103442,0.9,29-06-2026,0,7,0.135,No,Low Risk
C103443,0.8,19-06-2026,2,9,0.16,No,Medium Risk
C103444,1.1,19-06-2026,0,5,0.135,No,Low Risk
C103445,1.2,29-05-2026,0,9,0.135,No,Low Risk
C103446,0.8,21-04-2026,0,13,0.135,No,Low Risk
C103447,1,27-05-2026,1,13,0.135,No,Medium Risk
C103448,0.4,11-02-2026,2,7,0.185,No,Medium Risk
C103449,0.7,16-06-2026,0,8,0.135,No,Low Risk
C103450,1.1,09-06-2026,1,11,0.135,No,Medium Risk
C103451,0.7,13-03-2026,1,10,0.16,No,Medium Risk
C103452,1,09-06-2026,1,11,0.135,No,Medium Risk
C103453,0.8,30-06-2026,2,14,0.16,No,Medium Risk
C103454,0.9,30-04-2026,0,3,0.17,No,Low Risk
C103455,0.9,19-06-2026,4,2,0.195,No,Medium Risk
C103456,1,27-04-2026,0,7,0.135,No,Low Risk
C103457,0.9,19-06-2026,0,4,0.135,No,Low Risk
C103458,0.7,08-04-2026,1,6,0.135,No,Medium Risk
C103459,0.8,25-03-2026,1,13,0.16,No,Medium Risk
C103460,1.2,26-06-2026,1,17,0.135,Yes,Medium Risk
C103461,0.9,17-06-2026,1,10,0.135,Yes,Medium Risk
C103462,0.8,28-06-2026,1,16,0.135,No,Medium Risk
C103463,0.8,01-05-2026,1,7,0.135,No,Medium Risk
C103464,0.9,02-06-2026,1,2,0.17,Yes,Medium Risk
C103465,0.5,31-05-2026,6,14,0.16,No,Medium Risk
C103466,0.9,25-06-2026,2,5,0.16,No,Medium Risk
C103467,0.8,20-05-2026,0,8,0.135,Yes,Low Risk
C103468,1.2,27-06-2026,2,12,0.16,No,Medium Risk
C103469,0.6,29-04-2026,1,16,0.135,No,Medium Risk
C103470,0.9,04-06-2026,1,2,0.17,No,Medium Risk
C103471,1,21-05-2026,1,4,0.135,No,Medium Risk
C103472,1.1,16-05-2026,1,7,0.135,No,Medium Risk
C103473,0.6,24-03-2026,1,11,0.16,No,Medium Risk
C103474,0.9,25-02-2026,1,12,0.16,No,Medium Risk
C103475,1.2,24-05-2026,1,4,0.135,No,Medium Risk
C103476,1.1,31-03-2026,0,8,0.16,No,Low Risk
C103477,0.5,20-05-2026,2,12,0.16,No,Medium Risk
C103478,0.9,29-04-2026,1,11,0.135,No,Medium Risk
C103479,0.7,19-04-2026,0,7,0.135,No,Low Risk
C103480,0.9,09-06-2026,0,8,0.135,No,Low Risk
C103481,0.7,20-04-2026,0,8,0.135,No,Low Risk
C103482,0.9,30-06-2026,1,6,0.135,No,Medium Risk
C103483,0.7,22-06-2026,1,6,0.135,No,Medium Risk
C103484,0.9,24-06-2026,2,4,0.16,No,Medium Risk
C103485,1.2,12-06-2026,1,8,0.135,No,Medium Risk
C103486,0.7,14-06-2026,0,16,0.135,No,Low Risk
C103487,0.9,12-02-2026,1,6,0.16,No,Medium Risk
C103488,0.9,23-06-2026,0,7,0.135,Yes,Low Risk
C103489,0.7,24-06-2026,1,16,0.135,No,Medium Risk
C103490,0.6,15-04-2026,0,6,0.135,No,Low Risk
C103491,1.1,30-05-2026,0,8,0.135,No,Low Risk
C103492,0.9,23-04-2026,1,9,0.135,No,Medium Risk
C103493,0.7,18-06-2026,0,9,0.135,Yes,Low Risk
C103494,0.9,27-05-2026,1,5,0.135,No,Medium Risk
C103495,1.2,15-03-2026,0,13,0.16,No,Low Risk
C103496,1.2,08-05-2026,2,13,0.16,No,Medium Risk
C103497,1.1,07-06-2026,0,12,0.135,Yes,Low Risk
C103498,0.8,03-06-2026,0,13,0.135,Yes,Low Risk
C103499,1.2,29-06-2026,2,10,0.16,No,Medium Risk
C103500,0.8,30-05-2026,1,14,0.135,Yes,Medium Risk
C103501,0.7,02-05-2026,0,12,0.135,No,Low Risk
C103502,0.6,14-02-2026,1,5,0.16,No,Medium Risk
C103503,1,02-06-2026,0,7,0.135,No,Low Risk
C103504,1.2,16-05-2026,0,11,0.135,No,Low Risk
C103505,1.3,29-06-2026,2,14,0.16,No,Medium Risk
C103506,0.6,23-05-2026,1,13,0.135,No,Medium Risk
C103507,0.8,28-06-2026,0,6,0.135,No,Low Risk
C103508,0.7,11-05-2026,0,5,0.135,Yes,Low Risk
C103509,0.6,17-06-2026,1,9,0.135,No,Medium Risk
C103510,1.1,12-06-2026,1,13,0.135,No,Medium Risk
C103511,1.3,21-06-2026,1,0,0.17,Yes,Medium Risk
C103512,1,12-04-2026,0,14,0.135,No,Low Risk
C103513,0.8,04-06-2026,3,3,0.195,No,Medium Risk
C103514,0.8,07-05-2026,0,12,0.135,Yes,Low Risk
C103515,1.1,08-03-2026,1,11,0.16,No,Medium Risk
C103516,0.7,13-04-2026,0,17,0.135,No,Low Risk
C103517,1.4,30-06-2026,0,10,0.135,No,Low Risk
C103518,0.4,28-03-2026,0,9,0.16,No,Low Risk
C103519,0.8,16-06-2026,1,9,0.135,Yes,Medium Risk
C103520,1.3,14-06-2026,0,7,0.135,No,Low Risk
C103521,0.7,31-03-2026,0,17,0.16,No,Low Risk
C103522,0.9,07-06-2026,0,13,0.135,No,Low Risk
C103523,0.9,25-05-2026,1,10,0.135,No,Medium Risk
C103524,0.7,28-03-2026,1,7,0.16,No,Medium Risk
C103525,1,22-06-2026,1,9,0.135,No,Medium Risk
C103526,1.2,28-05-2026,1,10,0.135,Yes,Medium Risk
C103527,1.1,26-06-2026,0,5,0.135,No,Low Risk
C103528,0.9,29-05-2026,1,10,0.135,No,Medium Risk
C103529,0.5,09-06-2026,1,13,0.135,No,Medium Risk
C103530,0.9,03-06-2026,1,9,0.135,No,Medium Risk
C103531,0.7,09-06-2026,0,8,0.135,No,Low Risk
C103532,0.6,05-04-2026,0,0,0.17,No,Low Risk
C103533,1.1,28-06-2026,2,11,0.16,No,Medium Risk
C103534,1.2,23-06-2026,1,4,0.135,No,Medium Risk
C103535,0.7,15-06-2026,0,0,0.17,Yes,Low Risk
C103536,0.9,24-06-2026,0,7,0.135,No,Low Risk
C103537,0.8,27-05-2026,1,6,0.135,No,Medium Risk
C103538,0.9,30-06-2026,0,13,0.135,No,Low Risk
C103539,0.6,17-06-2026,0,5,0.135,No,Low Risk
C103540,1.1,08-04-2026,1,10,0.135,No,Medium Risk
C103541,0.8,09-05-2026,1,8,0.135,No,Medium Risk
C103542,1.1,07-06-2026,2,12,0.16,Yes,Medium Risk
C103543,1,15-04-2026,1,9,0.135,No,Medium Risk
C103544,1,12-06-2026,1,14,0.135,No,Medium Risk
C103545,1,02-06-2026,1,7,0.135,Yes,Medium Risk
C103546,0.8,30-05-2026,3,9,0.16,No,Medium Risk
C103547,1,30-06-2026,1,11,0.135,No,Medium Risk
C103548,0.8,26-05-2026,0,11,0.135,No,Low Risk
C103549,0.9,22-05-2026,1,5,0.135,No,Medium Risk
C103550,0.7,19-04-2026,0,7,0.135,No,Low Risk
C103551,0.9,15-06-2026,0,7,0.135,No,Low Risk
C103552,0.8,24-06-2026,0,9,0.135,No,Low Risk
C103553,0.9,10-06-2026,0,16,0.135,No,Low Risk
C103554,0.7,23-03-2026,3,12,0.185,No,Medium Risk
C103555,1.1,04-05-2026,1,5,0.135,No,Medium Risk
C103556,1.2,18-06-2026,1,13,0.135,No,Medium Risk
C103557,0.7,23-05-2026,2,6,0.16,No,Medium Risk
C103558,0.6,11-06-2026,2,5,0.16,No,Medium Risk
C103559,0.8,21-05-2026,3,16,0.16,No,Medium Risk
C103560,0.8,30-06-2026,0,14,0.135,No,Low Risk
C103561,0.7,15-06-2026,0,13,0.135,No,Low Risk
C103562,1.4,21-06-2026,2,12,0.16,No,Medium Risk
C103563,1.1,23-06-2026,1,6,0.135,No,Medium Risk
C103564,0.8,05-06-2026,0,8,0.135,No,Low Risk
C103565,0.9,20-06-2026,1,13,0.135,No,Medium Risk
C103566,0.8,29-04-2026,0,9,0.135,Yes,Low Risk
C103567,0.9,29-06-2026,3,4,0.16,No,Medium Risk
C103568,0.8,16-06-2026,0,17,0.135,No,Low Risk
C103569,0.7,17-06-2026,1,5,0.135,No,Medium Risk
C103570,0.7,17-04-2026,0,4,0.135,No,Low Risk
C103571,1.1,20-06-2026,2,12,0.16,Yes,Medium Risk
C103572,1.1,16-06-2026,1,6,0.135,No,Medium Risk
C103573,0.8,20-06-2026,0,10,0.135,No,Low Risk
C103574,0.7,26-06-2026,0,13,0.135,No,Low Risk
C103575,1.2,08-06-2026,3,14,0.16,No,Medium Risk
C103576,1,02-05-2026,0,11,0.135,No,Low Risk
C103577,0.8,21-03-2026,2,4,0.185,No,Medium Risk
C103578,0.8,23-06-2026,1,15,0.135,No,Medium Risk
C103579,0.6,03-03-2026,0,7,0.16,No,Low Risk
C103580,0.8,20-03-2026,1,16,0.16,No,Medium Risk
C103581,0.9,10-05-2026,0,10,0.135,Yes,Low Risk
C103582,1.1,23-04-2026,0,17,0.135,No,Low Risk
C103583,1.1,16-06-2026,3,3,0.195,No,Medium Risk
C103584,1.2,18-05-2026,3,5,0.16,No,Medium Risk
C103585,0.9,22-05-2026,0,1,0.17,No,Low Risk
C103586,1.3,12-05-2026,1,10,0.135,No,Medium Risk
C103587,1.1,03-06-2026,1,0,0.17,No,Medium Risk
C103588,1.1,28-04-2026,1,13,0.135,No,Medium Risk
C103589,0.9,29-06-2026,2,13,0.16,No,Medium Risk
C103590,0.9,12-06-2026,2,10,0.16,No,Medium Risk
C103591,0.8,03-06-2026,2,5,0.16,No,Medium Risk
C103592,0.7,17-06-2026,1,5,0.135,No,Medium Risk
C103593,1.2,10-05-2026,0,9,0.135,No,Low Risk
C103594,1,19-06-2026,1,0,0.17,No,Medium Risk
C103595,0.8,30-05-2026,0,10,0.135,No,Low Risk
C103596,0.6,02-06-2026,2,13,0.16,No,Medium Risk
C103597,0.8,29-06-2026,0,7,0.135,No,Low Risk
C103598,1,27-05-2026,0,5,0.135,No,Low Risk
C103599,0.8,26-06-2026,1,6,0.135,No,Medium Risk
C103600,0.5,03-05-2026,0,12,0.135,No,Low Risk
C103601,1.2,30-05-2026,0,11,0.135,No,Low Risk
C103602,0.7,30-05-2026,1,16,0.135,No,Medium Risk
C103603,1.1,07-05-2026,0,10,0.135,Yes,Low Risk
C103604,1.1,30-06-2026,3,8,0.16,No,Medium Risk
C103605,1,25-06-2026,1,12,0.135,No,Medium Risk
C103606,0.9,09-06-2026,0,8,0.135,No,Low Risk
C103607,0.9,07-06-2026,0,14,0.135,No,Low Risk
C103608,0.8,11-04-2026,0,2,0.17,No,Low Risk
C103609,0.8,28-06-2026,2,11,0.16,No,Medium Risk
C103610,1.2,11-06-2026,1,5,0.135,Yes,Medium Risk
C103611,0.9,12-06-2026,2,15,0.16,No,Medium Risk
C103612,0.9,29-06-2026,0,16,0.135,Yes,Low Risk
C103613,0.7,24-05-2026,0,13,0.135,No,Low Risk
C103614,0.7,16-04-2026,1,10,0.135,No,Medium Risk
C103615,0.9,22-06-2026,0,7,0.135,No,Low Risk
C103616,1.1,29-06-2026,1,7,0.135,No,Medium Risk
C103617,0.8,30-06-2026,0,4,0.135,No,Low Risk
C103618,0.9,20-05-2026,2,11,0.16,No,Medium Risk
C103619,1.1,15-06-2026,1,13,0.135,Yes,Medium Risk
C103620,0.9,01-05-2026,1,10,0.135,Yes,Medium Risk
C103621,1.1,29-05-2026,0,3,0.17,No,Low Risk
C103622,0.8,29-06-2026,0,12,0.135,No,Low Risk
C103623,0.7,15-04-2026,0,3,0.17,No,Low Risk
C103624,0.8,01-05-2026,1,10,0.135,No,Medium Risk
C103625,0.7,18-06-2026,4,8,0.16,No,Medium Risk
C103626,0.9,10-06-2026,0,18,0.135,No,Low Risk
C103627,0.8,13-06-2026,3,14,0.16,No,Medium Risk
C103628,0.6,13-06-2026,1,13,0.135,No,Medium Risk
C103629,0.9,03-06-2026,2,9,0.16,No,Medium Risk
C103630,0.9,25-06-2026,1,6,0.135,No,Medium Risk
C103631,0.8,30-03-2026,0,16,0.16,Yes,Low Risk
C103632,0.9,07-05-2026,1,10,0.135,No,Medium Risk
C103633,0.8,09-06-2026,2,13,0.16,No,Medium Risk
C103634,1.2,10-06-2026,0,9,0.135,No,Low Risk
C103635,0.9,25-05-2026,0,9,0.135,No,Low Risk
C103636,0.7,17-05-2026,0,3,0.17,No,Low Risk
C103637,0.7,17-02-2026,0,15,0.16,No,Low Risk
C103638,0.9,01-05-2026,0,5,0.135,No,Low Risk
C103639,0.9,01-06-2026,0,9,0.135,No,Low Risk
C103640,0.4,15-05-2026,2,6,0.16,No,Medium Risk
C103641,1.2,27-06-2026,3,8,0.16,No,Medium Risk
C103642,1.5,10-06-2026,1,9,0.135,No,Medium Risk
C103643,0.6,06-05-2026,3,11,0.16,No,Medium Risk
C103644,0.9,24-02-2026,2,9,0.185,No,Medium Risk
C103645,1,22-04-2026,0,15,0.135,No,Low Risk
C103646,0.7,19-03-2026,1,16,0.16,No,Medium Risk
C103647,0.8,17-05-2026,1,16,0.135,No,Medium Risk
C103648,0.8,03-06-2026,0,6,0.135,Yes,Low Risk
C103649,1.1,30-06-2026,1,6,0.135,No,Medium Risk
C103650,0.6,18-06-2026,0,17,0.135,Yes,Low Risk
C103651,0.9,12-05-2026,2,7,0.16,No,Medium Risk
C103652,0.8,25-06-2026,1,3,0.17,No,Medium Risk
C103653,0.9,22-04-2026,3,3,0.195,No,Medium Risk
C103654,0.8,13-03-2026,1,9,0.16,Yes,Medium Risk
C103655,0.8,17-06-2026,1,7,0.135,No,Medium Risk
C103656,0.6,15-03-2026,1,1,0.195,Yes,Medium Risk
C103657,1.6,14-06-2026,0,16,0.135,Yes,Low Risk
C103658,0.5,09-03-2026,1,12,0.16,No,Medium Risk
C103659,0.9,30-06-2026,1,8,0.135,No,Medium Risk
C103660,0.9,04-05-2026,0,13,0.135,No,Low Risk
C103661,0.9,18-06-2026,0,13,0.135,No,Low Risk
C103662,0.7,28-06-2026,1,10,0.135,No,Medium Risk
C103663,1.2,17-06-2026,0,11,0.135,No,Low Risk
C103664,1.3,18-06-2026,1,10,0.135,No,Medium Risk
C103665,1,16-06-2026,0,6,0.135,Yes,Low Risk
C103666,1.1,02-06-2026,2,6,0.16,Yes,Medium Risk
C103667,1.2,23-06-2026,0,7,0.135,No,Low Risk
C103668,1.1,21-05-2026,2,14,0.16,No,Medium Risk
C103669,0.6,22-04-2026,1,20,0.135,Yes,Medium Risk
C103670,1.1,15-05-2026,3,10,0.16,No,Medium Risk
C103671,0.8,12-06-2026,1,8,0.135,No,Medium Risk
C103672,0.9,18-05-2026,0,8,0.135,No,Low Risk
C103673,1.1,28-06-2026,1,10,0.135,No,Medium Risk
C103674,0.9,20-06-2026,1,14,0.135,No,Medium Risk
C103675,0.6,03-06-2026,1,6,0.135,No,Medium Risk
C103676,0.8,14-06-2026,1,4,0.135,Yes,Medium Risk
C103677,1.3,19-06-2026,1,5,0.135,No,Medium Risk
C103678,0.8,11-06-2026,0,11,0.135,No,Low Risk
C103679,0.9,01-06-2026,2,4,0.16,No,Medium Risk
C103680,1.1,25-05-2026,1,5,0.135,No,Medium Risk
C103681,1,12-05-2026,1,6,0.135,No,Medium Risk
C103682,0.8,25-06-2026,1,4,0.135,No,Medium Risk
C103683,0.6,22-12-2025,0,4,0.16,No,Low Risk
C103684,0.8,14-05-2026,0,6,0.135,No,Low Risk
C103685,1.3,27-05-2026,2,3,0.195,Yes,Medium Risk
C103686,0.8,23-06-2026,0,10,0.135,No,Low Risk
C103687,1.2,18-06-2026,1,8,0.135,Yes,Medium Risk
C103688,0.6,05-06-2026,1,11,0.135,No,Medium Risk
C103689,0.8,26-06-2026,2,10,0.16,No,Medium Risk
C103690,0.8,03-05-2026,1,10,0.135,No,Medium Risk
C103691,0.4,17-06-2026,2,16,0.16,Yes,Medium Risk
C103692,0.9,27-05-2026,1,6,0.135,No,Medium Risk
C103693,0.9,20-06-2026,1,6,0.135,No,Medium Risk
C103694,0.4,24-06-2026,0,7,0.135,No,Low Risk
C103695,0.9,26-03-2026,1,7,0.16,No,Medium Risk
C103696,0.8,25-04-2026,0,5,0.135,No,Low Risk
C103697,0.9,29-06-2026,0,16,0.135,No,Low Risk
C103698,1.1,25-05-2026,1,11,0.135,No,Medium Risk
C103699,0.9,06-04-2026,0,6,0.135,No,Low Risk
C103700,1.1,30-05-2026,0,3,0.17,No,Low Risk
C103701,0.6,17-02-2026,0,8,0.16,No,Low Risk
C103702,0.7,26-05-2026,0,10,0.135,No,Low Risk
C103703,0.9,20-06-2026,3,14,0.16,No,Medium Risk
C103704,0.9,05-06-2026,1,10,0.135,No,Medium Risk
C103705,0.6,09-04-2026,0,8,0.135,Yes,Low Risk
C103706,0.5,03-05-2026,2,3,0.195,No,Medium Risk
C103707,0.9,13-06-2026,1,7,0.135,No,Medium Risk
C103708,0.8,30-05-2026,1,11,0.135,No,Medium Risk
C103709,0.6,30-06-2026,2,8,0.16,Yes,Medium Risk
C103710,1.2,19-06-2026,0,12,0.135,Yes,Low Risk
C103711,0.6,05-04-2026,2,13,0.16,No,Medium Risk
C103712,1.4,04-06-2026,1,7,0.135,No,Medium Risk
C103713,0.8,18-05-2026,1,9,0.135,No,Medium Risk
C103714,0.8,18-03-2026,2,7,0.185,No,Medium Risk
C103715,0.8,17-05-2026,1,9,0.135,No,Medium Risk
C103716,1.1,01-06-2026,1,12,0.135,No,Medium Risk
C103717,0.9,15-05-2026,0,7,0.135,No,Low Risk
C103718,0.8,08-05-2026,1,10,0.135,No,Medium Risk
C103719,0.7,22-05-2026,0,8,0.135,No,Low Risk
C103720,0.9,31-03-2026,1,16,0.16,No,Medium Risk
C103721,1.1,27-06-2026,0,3,0.17,Yes,Low Risk
C103722,0.7,27-04-2026,2,11,0.16,Yes,Medium Risk
C103723,1.1,26-05-2026,2,7,0.16,No,Medium Risk
C103724,0.8,23-06-2026,0,11,0.135,No,Low Risk
C103725,0.7,29-05-2026,0,3,0.17,No,Low Risk
C103726,1.1,18-03-2026,0,9,0.16,No,Low Risk
C103727,0.7,11-05-2026,2,8,0.16,Yes,Medium Risk
C103728,0.9,26-05-2026,1,7,0.135,No,Medium Risk
C103729,1,24-06-2026,0,6,0.135,No,Low Risk
C103730,1,27-06-2026,0,15,0.135,No,Low Risk
C103731,0.7,22-05-2026,0,5,0.135,No,Low Risk
C103732,0.8,11-06-2026,2,7,0.16,No,Medium Risk
C103733,0.4,11-05-2026,1,5,0.135,No,Medium Risk
C103734,1.2,23-06-2026,2,0,0.195,Yes,Medium Risk
C103735,0.9,08-04-2026,0,13,0.135,No,Low Risk
C103736,0.9,07-03-2026,0,13,0.16,No,Low Risk
C103737,0.9,15-06-2026,0,8,0.135,No,Low Risk
C103738,1,25-05-2026,0,6,0.135,No,Low Risk
C103739,0.6,06-06-2026,0,12,0.135,No,Low Risk
C103740,0.8,07-05-2026,1,8,0.135,No,Medium Risk
C103741,0.7,05-06-2026,0,9,0.135,No,Low Risk
C103742,0.9,14-06-2026,0,5,0.135,No,Low Risk
C103743,0.8,18-06-2026,0,9,0.135,No,Low Risk
C103744,0.7,02-06-2026,0,14,0.135,No,Low Risk
C103745,0.7,07-06-2026,0,10,0.135,Yes,Low Risk
C103746,0.5,29-06-2026,1,0,0.17,Yes,Medium Risk
C103747,1,13-06-2026,1,19,0.135,No,Medium Risk
C103748,0.9,25-05-2026,2,6,0.16,No,Medium Risk
C103749,0.9,30-05-2026,1,13,0.135,Yes,Medium Risk
C103750,1.1,21-04-2026,3,10,0.16,No,Medium Risk
C103751,0.4,24-02-2026,1,6,0.16,No,Medium Risk
C103752,0.8,24-02-2026,2,10,0.185,No,Medium Risk
C103753,0.8,21-06-2026,0,7,0.135,Yes,Low Risk
C103754,0.8,27-05-2026,1,10,0.135,No,Medium Risk
C103755,0.8,15-05-2026,1,1,0.17,No,Medium Risk
C103756,0.6,15-05-2026,2,14,0.16,No,Medium Risk
C103757,1.4,13-06-2026,1,5,0.135,No,Medium Risk
C103758,1.4,28-06-2026,0,8,0.135,No,Low Risk
C103759,1,25-05-2026,0,7,0.135,Yes,Low Risk
C103760,0.9,21-06-2026,1,9,0.135,No,Medium Risk
C103761,0.6,16-11-2025,1,14,0.16,No,Medium Risk
C103762,0.9,19-06-2026,3,9,0.16,No,Medium Risk
C103763,0.9,30-06-2026,2,8,0.16,No,Medium Risk
C103764,0.7,24-05-2026,1,13,0.135,No,Medium Risk
C103765,0.8,13-06-2026,0,8,0.135,No,Low Risk
C103766,0.9,30-04-2026,1,5,0.135,No,Medium Risk
C103767,1.3,18-03-2026,0,6,0.16,No,Low Risk
C103768,1.1,23-06-2026,1,11,0.135,No,Medium Risk
C103769,1.1,30-06-2026,1,15,0.135,No,Medium Risk
C103770,0.5,22-06-2026,1,5,0.135,Yes,Medium Risk
C103771,0.8,01-06-2026,1,9,0.135,No,Medium Risk
C103772,1,26-06-2026,0,9,0.135,No,Low Risk
C103773,0.7,23-05-2026,2,14,0.16,No,Medium Risk
C103774,0.5,28-06-2026,1,12,0.135,No,Medium Risk
C103775,0.7,14-05-2026,2,0,0.195,Yes,Medium Risk
C103776,0.7,05-06-2026,2,9,0.16,No,Medium Risk
C103777,1.4,09-06-2026,1,12,0.135,No,Medium Risk
C103778,1,15-06-2026,0,11,0.135,No,Low Risk
C103779,1.1,10-03-2026,1,6,0.16,Yes,Medium Risk
C103780,0.8,24-06-2026,1,11,0.135,Yes,Medium Risk
C103781,0.8,28-06-2026,3,3,0.195,No,Medium Risk
C103782,0.9,23-06-2026,0,1,0.17,No,Low Risk
C103783,1.2,25-06-2026,0,7,0.135,No,Low Risk
C103784,0.8,24-06-2026,1,9,0.135,No,Medium Risk
C103785,1.3,17-05-2026,1,3,0.17,No,Medium Risk
C103786,0.4,02-05-2026,1,14,0.135,No,Medium Risk
C103787,0.7,11-06-2026,1,12,0.135,No,Medium Risk
C103788,0.8,17-05-2026,0,8,0.135,No,Low Risk
C103789,0.6,11-06-2026,0,11,0.135,Yes,Low Risk
C103790,0.9,11-04-2026,1,13,0.135,No,Medium Risk
C103791,1.1,27-03-2026,0,10,0.16,No,Low Risk
C103792,0.7,24-06-2026,2,9,0.16,No,Medium Risk
C103793,0.9,06-06-2026,0,11,0.135,No,Low Risk
C103794,0.9,24-04-2026,2,12,0.16,No,Medium Risk
C103795,0.7,16-06-2026,0,17,0.135,No,Low Risk
C103796,1.1,30-06-2026,0,11,0.135,No,Low Risk
C103797,0.9,11-06-2026,1,12,0.135,No,Medium Risk
C103798,1,08-06-2026,1,7,0.135,Yes,Medium Risk
C103799,0.8,04-05-2026,0,7,0.135,No,Low Risk
C103800,0.9,11-04-2026,0,12,0.135,No,Low Risk
C103801,1.1,24-06-2026,0,3,0.17,Yes,Low Risk
C103802,1.1,02-06-2026,0,9,0.135,No,Low Risk
C103803,0.8,03-06-2026,1,8,0.135,Yes,Medium Risk
C103804,0.8,14-06-2026,2,1,0.195,No,Medium Risk
C103805,0.6,07-06-2026,1,6,0.135,No,Medium Risk
C103806,1.3,08-06-2026,1,6,0.135,Yes,Medium Risk
C103807,1,20-06-2026,0,7,0.135,No,Low Risk
C103808,0.6,26-05-2026,0,12,0.135,No,Low Risk
C103809,0.3,29-04-2026,1,10,0.135,No,Medium Risk
C103810,0.8,16-06-2026,2,10,0.16,No,Medium Risk
C103811,0.9,11-05-2026,0,11,0.135,No,Low Risk
C103812,1.1,12-06-2026,1,6,0.135,No,Medium Risk
C103813,0.9,12-06-2026,1,11,0.135,No,Medium Risk
C103814,1.2,29-06-2026,1,11,0.135,No,Medium Risk
C103815,0.7,11-04-2026,1,10,0.135,Yes,Medium Risk
C103816,1.2,30-06-2026,1,21,0.135,No,Medium Risk
C103817,1,28-06-2026,1,13,0.135,No,Medium Risk
C103818,1.1,27-05-2026,2,17,0.16,No,Medium Risk
C103819,1.8,10-06-2026,0,12,0.135,No,Low Risk
C103820,1,29-06-2026,0,9,0.135,No,Low Risk
C103821,0.9,26-06-2026,1,6,0.135,No,Medium Risk
C103822,0.7,02-06-2026,1,10,0.135,No,Medium Risk
C103823,0.5,01-06-2026,0,12,0.135,No,Low Risk
C103824,1.3,28-06-2026,1,1,0.17,No,Medium Risk
C103825,0.8,11-06-2026,2,6,0.16,No,Medium Risk
C103826,0.9,30-05-2026,1,6,0.135,No,Medium Risk
C103827,0.7,18-05-2026,1,6,0.135,No,Medium Risk
C103828,1.1,25-06-2026,1,5,0.135,Yes,Medium Risk
C103829,0.5,27-05-2026,1,3,0.17,No,Medium Risk
C103830,0.8,10-03-2026,2,16,0.185,Yes,Medium Risk
C103831,1.1,16-06-2026,0,6,0.135,No,Low Risk
C103832,0.8,09-06-2026,1,8,0.135,No,Medium Risk
C103833,0.9,19-05-2026,1,14,0.135,Yes,Medium Risk
C103834,0.9,29-06-2026,2,4,0.16,No,Medium Risk
C103835,0.7,18-06-2026,1,10,0.135,No,Medium Risk
C103836,1.1,08-06-2026,1,4,0.135,No,Medium Risk
C103837,1.1,25-06-2026,0,9,0.135,No,Low Risk
C103838,1.1,18-06-2026,6,11,0.16,No,Medium Risk
C103839,1.1,21-06-2026,0,3,0.17,No,Low Risk
C103840,1.1,27-06-2026,1,16,0.135,No,Medium Risk
C103841,0.7,08-04-2026,1,4,0.135,No,Medium Risk
C103842,1.3,18-06-2026,0,15,0.135,No,Low Risk
C103843,0.8,20-04-2026,0,7,0.135,No,Low Risk
C103844,1.1,18-05-2026,1,15,0.135,Yes,Medium Risk
C103845,0.9,22-04-2026,1,9,0.135,No,Medium Risk
C103846,0.7,28-05-2026,0,12,0.135,No,Low Risk
C103847,0.5,26-05-2026,2,14,0.16,No,Medium Risk
C103848,0.8,26-05-2026,1,9,0.135,No,Medium Risk
C103849,0.8,26-06-2026,2,3,0.195,No,Medium Risk
C103850,1.1,14-06-2026,0,8,0.135,No,Low Risk
C103851,0.7,28-05-2026,1,18,0.135,No,Medium Risk
C103852,1,08-05-2026,0,8,0.135,No,Low Risk
C103853,1,21-05-2026,0,16,0.135,No,Low Risk
C103854,1.1,04-06-2026,0,13,0.135,No,Low Risk
C103855,0.6,30-06-2026,0,12,0.135,No,Low Risk
C103856,1.1,03-06-2026,2,7,0.16,No,Medium Risk
C103857,0.6,02-06-2026,0,9,0.135,No,Low Risk
C103858,1,26-06-2026,0,10,0.135,No,Low Risk
C103859,1,25-06-2026,0,1,0.17,No,Low Risk
C103860,0.8,19-06-2026,1,12,0.135,No,Medium Risk
C103861,1,09-06-2026,0,16,0.135,No,Low Risk
C103862,1.2,07-06-2026,1,11,0.135,No,Medium Risk
C103863,0.8,01-06-2026,0,15,0.135,No,Low Risk
C103864,0.9,27-05-2026,1,9,0.135,No,Medium Risk
C103865,0.8,22-06-2026,2,12,0.16,No,Medium Risk
C103866,1.3,23-06-2026,0,11,0.135,No,Low Risk
C103867,0.6,20-05-2026,0,4,0.135,No,Low Risk
C103868,0.8,17-05-2026,3,14,0.16,No,Medium Risk
C103869,1.1,21-06-2026,1,4,0.135,No,Medium Risk
C103870,1.2,28-06-2026,1,8,0.135,No,Medium Risk
C103871,0.7,28-05-2026,1,6,0.135,No,Medium Risk
C103872,1.2,16-06-2026,1,11,0.135,No,Medium Risk
C103873,1.5,01-06-2026,3,2,0.195,No,Medium Risk
C103874,0.7,29-04-2026,2,6,0.16,Yes,Medium Risk
C103875,0.9,28-06-2026,0,12,0.135,No,Low Risk
C103876,0.6,06-06-2026,1,5,0.135,No,Medium Risk
C103877,0.9,11-05-2026,1,16,0.135,No,Medium Risk
C103878,1.3,09-06-2026,1,7,0.135,No,Medium Risk
C103879,0.6,16-05-2026,1,4,0.135,No,Medium Risk
C103880,0.6,22-04-2026,3,9,0.16,No,Medium Risk
C103881,0.6,10-05-2026,0,7,0.135,No,Low Risk
C103882,0.7,27-02-2026,2,10,0.185,No,Medium Risk
C103883,0.6,13-06-2026,0,13,0.135,No,Low Risk
C103884,1.3,18-06-2026,5,11,0.16,Yes,Medium Risk
C103885,1,27-06-2026,0,7,0.135,No,Low Risk
C103886,0.9,30-06-2026,1,4,0.135,No,Medium Risk
C103887,0.8,26-06-2026,1,10,0.135,No,Medium Risk
C103888,0.7,15-06-2026,1,12,0.135,No,Medium Risk
C103889,1.1,10-06-2026,0,13,0.135,Yes,Low Risk
C103890,1.1,19-06-2026,0,13,0.135,No,Low Risk
C103891,0.7,16-06-2026,0,9,0.135,No,Low Risk
C103892,1,27-06-2026,1,4,0.135,No,Medium Risk
C103893,1.1,09-06-2026,0,9,0.135,No,Low Risk
C103894,0.8,29-06-2026,2,13,0.16,No,Medium Risk
C103895,1.2,23-06-2026,0,4,0.135,No,Low Risk
C103896,0.9,11-06-2026,1,12,0.135,No,Medium Risk
C103897,0.9,26-06-2026,0,5,0.135,Yes,Low Risk
C103898,1,29-05-2026,0,10,0.135,No,Low Risk
C103899,0.6,13-06-2026,1,13,0.135,No,Medium Risk
C103900,0.8,11-02-2026,1,7,0.16,No,Medium Risk
C103901,0.8,06-06-2026,1,10,0.135,No,Medium Risk
C103902,0.4,27-02-2026,0,5,0.16,Yes,Low Risk
C103903,0.6,16-04-2026,1,5,0.135,No,Medium Risk
C103904,1.1,01-06-2026,1,8,0.135,No,Medium Risk
C103905,1.1,16-06-2026,1,22,0.135,No,Medium Risk
C103906,1,19-06-2026,0,3,0.17,No,Low Risk
C103907,0.8,09-06-2026,1,13,0.135,No,Medium Risk
C103908,0.8,01-06-2026,0,9,0.135,No,Low Risk
C103909,0.7,01-05-2026,0,6,0.135,No,Low Risk
C103910,1,27-06-2026,2,12,0.16,No,Medium Risk
C103911,0.8,08-05-2026,2,11,0.16,No,Medium Risk
C103912,0.9,16-06-2026,1,15,0.135,No,Medium Risk
C103913,1.1,25-06-2026,2,4,0.16,No,Medium Risk
C103914,0.7,10-05-2026,0,13,0.135,No,Low Risk
C103915,0.6,26-05-2026,2,19,0.16,No,Medium Risk
C103916,0.9,30-05-2026,1,6,0.135,No,Medium Risk
C103917,1.3,07-04-2026,1,10,0.135,No,Medium Risk
C103918,0.6,04-04-2026,1,13,0.135,No,Medium Risk
C103919,1.2,15-06-2026,0,6,0.135,No,Low Risk
C103920,0.8,17-06-2026,0,11,0.135,No,Low Risk
C103921,0.9,15-05-2026,0,8,0.135,No,Low Risk
C103922,0.9,08-06-2026,0,13,0.135,No,Low Risk
C103923,1,19-06-2026,2,9,0.16,No,Medium Risk
C103924,0.7,27-06-2026,0,5,0.135,No,Low Risk
C103925,0.7,09-04-2026,0,11,0.135,No,Low Risk
C103926,0.7,31-03-2026,0,10,0.16,Yes,Low Risk
C103927,0.8,16-03-2026,3,7,0.185,No,Medium Risk
C103928,1.1,28-06-2026,1,15,0.135,No,Medium Risk
C103929,0.8,15-04-2026,1,7,0.135,No,Medium Risk
C103930,1.3,22-05-2026,1,14,0.135,No,Medium Risk
C103931,0.8,12-06-2026,1,12,0.135,No,Medium Risk
C103932,0.7,27-06-2026,0,11,0.135,No,Low Risk
C103933,0.9,05-05-2026,2,6,0.16,No,Medium Risk
C103934,0.7,12-05-2026,0,6,0.135,No,Low Risk
C103935,0.8,14-06-2026,1,3,0.17,No,Medium Risk
C103936,0.8,17-06-2026,1,11,0.135,No,Medium Risk
C103937,1.2,19-04-2026,0,4,0.135,No,Low Risk
C103938,0.8,18-06-2026,1,17,0.135,No,Medium Risk
C103939,0.8,17-04-2026,1,9,0.135,No,Medium Risk
C103940,1.2,19-06-2026,0,14,0.135,No,Low Risk
C103941,1,14-06-2026,0,14,0.135,No,Low Risk
C103942,0.8,16-04-2026,0,8,0.135,Yes,Low Risk
C103943,1.1,26-06-2026,3,5,0.16,No,Medium Risk
C103944,0.9,12-06-2026,3,8,0.16,No,Medium Risk
C103945,0.9,26-06-2026,2,10,0.16,No,Medium Risk
C103946,0.5,12-05-2026,0,11,0.135,No,Low Risk
C103947,0.7,02-05-2026,1,11,0.135,No,Medium Risk
C103948,0.6,12-06-2026,0,10,0.135,No,Low Risk
C103949,0.7,11-06-2026,1,11,0.135,No,Medium Risk
C103950,0.6,21-04-2026,0,11,0.135,No,Low Risk
C103951,0.8,01-05-2026,2,15,0.16,No,Medium Risk
C103952,0.7,17-05-2026,0,6,0.135,Yes,Low Risk
C103953,1,26-06-2026,2,14,0.16,No,Medium Risk
C103954,1.1,04-05-2026,1,10,0.135,No,Medium Risk
C103955,0.7,30-01-2026,1,7,0.16,No,Medium Risk
C103956,0.8,16-06-2026,2,9,0.16,No,Medium Risk
C103957,0.8,08-04-2026,0,0,0.17,No,Low Risk
C103958,1.1,28-06-2026,2,8,0.16,No,Medium Risk
C103959,1.1,27-06-2026,0,7,0.135,No,Low Risk
C103960,0.6,20-02-2026,1,12,0.16,No,Medium Risk
C103961,1.3,21-06-2026,4,6,0.16,No,Medium Risk
C103962,0.5,29-03-2026,3,13,0.185,No,Medium Risk
C103963,0.8,24-06-2026,0,16,0.135,No,Low Risk
C103964,0.7,03-05-2026,1,2,0.17,No,Medium Risk
C103965,1.1,18-06-2026,0,9,0.135,No,Low Risk
C103966,0.9,30-04-2026,0,18,0.135,No,Low Risk
C103967,1.4,19-06-2026,0,15,0.135,No,Low Risk
C103968,1,23-06-2026,0,5,0.135,Yes,Low Risk
C103969,0.7,03-04-2026,1,7,0.135,No,Medium Risk
C103970,0.9,11-06-2026,0,4,0.135,No,Low Risk
C103971,0.8,19-06-2026,0,5,0.135,No,Low Risk
C103972,1.2,18-06-2026,2,10,0.16,Yes,Medium Risk
C103973,1.2,20-05-2026,1,12,0.135,Yes,Medium Risk
C103974,0.9,11-04-2026,0,7,0.135,No,Low Risk
C103975,0.8,12-04-2026,1,2,0.17,No,Medium Risk
C103976,0.8,22-06-2026,2,17,0.16,No,Medium Risk
C103977,0.5,02-03-2026,0,8,0.16,No,Low Risk
C103978,0.8,17-06-2026,0,10,0.135,No,Low Risk
C103979,0.9,05-06-2026,1,4,0.135,No,Medium Risk
C103980,0.7,16-04-2026,3,11,0.16,Yes,Medium Risk
C103981,0.9,26-06-2026,3,9,0.16,Yes,Medium Risk
C103982,1,04-06-2026,2,12,0.16,No,Medium Risk
C103983,0.8,26-06-2026,0,12,0.135,No,Low Risk
C103984,1,21-06-2026,0,13,0.135,No,Low Risk
C103985,0.9,17-05-2026,1,9,0.135,No,Medium Risk
C103986,0.7,17-06-2026,0,13,0.135,No,Low Risk
C103987,0.9,27-06-2026,0,7,0.135,No,Low Risk
C103988,0.9,11-06-2026,0,9,0.135,Yes,Low Risk
C103989,1.3,17-06-2026,1,9,0.135,No,Medium Risk
C103990,0.8,12-06-2026,0,3,0.17,No,Low Risk
C103991,0.8,26-06-2026,0,5,0.135,No,Low Risk
C103992,0.9,10-06-2026,2,14,0.16,No,Medium Risk
C103993,1.1,04-06-2026,0,10,0.135,No,Low Risk
C103994,0.8,14-05-2026,0,5,0.135,No,Low Risk
C103995,0.8,29-06-2026,0,10,0.135,No,Low Risk
C103996,0.8,10-06-2026,0,11,0.135,No,Low Risk
C103997,0.8,16-06-2026,1,4,0.135,No,Medium Risk
C103998,0.8,09-05-2026,2,8,0.16,No,Medium Risk
C103999,0.8,12-04-2026,0,14,0.135,No,Low Risk
C104000,0.7,30-05-2026,0,6,0.135,No,Low Risk
C104001,0.7,30-06-2026,1,9,0.135,Yes,Medium Risk
C104002,0.7,09-06-2026,2,4,0.16,No,Medium Risk
C104003,0.5,27-06-2026,0,6,0.135,No,Low Risk
C104004,1.3,23-06-2026,0,2,0.17,No,Low Risk
C104005,0.9,02-06-2026,2,3,0.195,No,Medium Risk
C104006,0.9,06-03-2026,1,6,0.16,No,Medium Risk
C104007,1.3,01-06-2026,2,9,0.16,No,Medium Risk
C104008,0.9,20-02-2026,0,10,0.16,Yes,Low Risk
C104009,0.8,10-05-2026,1,4,0.135,No,Medium Risk
C104010,1.3,12-06-2026,1,8,0.135,No,Medium Risk
C104011,1.2,14-06-2026,0,14,0.135,Yes,Low Risk
C104012,0.9,26-06-2026,1,14,0.135,Yes,Medium Risk
C104013,0.9,25-05-2026,2,12,0.16,No,Medium Risk
C104014,1,19-06-2026,0,6,0.135,No,Low Risk
C104015,0.9,19-06-2026,1,13,0.135,No,Medium Risk
C104016,1.1,28-05-2026,0,12,0.135,No,Low Risk
C104017,0.6,26-06-2026,0,4,0.135,No,Low Risk
C104018,1.2,15-05-2026,1,6,0.135,No,Medium Risk
C104019,0.7,10-06-2026,1,9,0.135,No,Medium Risk
C104020,0.6,28-06-2026,0,9,0.135,No,Low Risk
C104021,0.7,04-04-2026,2,15,0.16,No,Medium Risk
C104022,0.9,10-06-2026,0,8,0.135,No,Low Risk
C104023,1,26-06-2026,0,13,0.135,No,Low Risk
C104024,0.6,24-05-2026,1,12,0.135,Yes,Medium Risk
C104025,1.1,09-06-2026,1,13,0.135,No,Medium Risk
C104026,0.8,25-05-2026,1,11,0.135,No,Medium Risk
C104027,1.3,23-03-2026,1,7,0.16,No,Medium Risk
C104028,0.8,23-06-2026,0,11,0.135,No,Low Risk
C104029,1.2,22-06-2026,0,5,0.135,No,Low Risk
C104030,0.8,11-04-2026,1,11,0.135,No,Medium Risk
C104031,0.7,23-06-2026,1,11,0.135,No,Medium Risk
C104032,1.1,12-04-2026,1,8,0.135,No,Medium Risk
C104033,1.3,13-06-2026,0,4,0.135,No,Low Risk
C104034,0.8,21-04-2026,0,13,0.135,No,Low Risk
C104035,1.2,15-05-2026,0,9,0.135,No,Low Risk
C104036,0.9,30-06-2026,0,3,0.17,No,Low Risk
C104037,0.7,13-06-2026,1,11,0.135,No,Medium Risk
C104038,0.8,25-04-2026,1,13,0.135,Yes,Medium Risk
C104039,0.8,20-05-2026,1,6,0.135,Yes,Medium Risk
C104040,1.1,12-06-2026,3,12,0.16,Yes,Medium Risk
C104041,1.1,13-06-2026,0,5,0.135,No,Low Risk
C104042,1.2,28-06-2026,0,7,0.135,Yes,Low Risk
C104043,1.1,12-06-2026,1,6,0.135,No,Medium Risk
C104044,1.1,18-06-2026,0,0,0.17,Yes,Low Risk
C104045,0.8,18-06-2026,0,4,0.135,No,Low Risk
C104046,0.7,25-05-2026,2,2,0.195,No,Medium Risk
C104047,1.1,10-04-2026,1,10,0.135,No,Medium Risk
C104048,0.8,07-06-2026,1,7,0.135,No,Medium Risk
C104049,0.8,28-03-2026,1,4,0.16,No,Medium Risk
C104050,0.8,27-06-2026,0,14,0.135,No,Low Risk
C104051,0.8,30-06-2026,0,7,0.135,No,Low Risk
C104052,0.9,13-05-2026,0,11,0.135,No,Low Risk
C104053,0.4,26-06-2026,0,13,0.135,No,Low Risk
C104054,0.8,19-03-2026,0,10,0.16,No,Low Risk
C104055,1.4,25-05-2026,3,16,0.16,No,Medium Risk
C104056,1,19-06-2026,0,4,0.135,No,Low Risk
C104057,0.7,28-06-2026,1,13,0.135,No,Medium Risk
C104058,0.7,21-05-2026,2,6,0.16,Yes,Medium Risk
C104059,0.8,21-06-2026,1,7,0.135,No,Medium Risk
C104060,1.2,24-06-2026,1,7,0.135,No,Medium Risk
C104061,0.9,15-06-2026,2,3,0.195,Yes,Medium Risk
C104062,0.8,16-06-2026,2,8,0.16,No,Medium Risk
C104063,1.2,15-04-2026,2,7,0.16,No,Medium Risk
C104064,0.9,08-06-2026,1,11,0.135,No,Medium Risk
C104065,0.8,04-06-2026,1,12,0.135,No,Medium Risk
C104066,0.8,28-06-2026,1,8,0.135,No,Medium Risk
C104067,0.9,28-06-2026,1,13,0.135,No,Medium Risk
C104068,0.8,28-06-2026,0,10,0.135,No,Low Risk
C104069,0.8,20-05-2026,1,6,0.135,Yes,Medium Risk
C104070,0.6,27-06-2026,0,17,0.135,No,Low Risk
C104071,1.2,02-06-2026,0,8,0.135,No,Low Risk
C104072,1.1,19-05-2026,1,10,0.135,No,Medium Risk
C104073,0.8,26-06-2026,0,9,0.135,No,Low Risk
C104074,1.1,27-06-2026,1,10,0.135,Yes,Medium Risk
C104075,0.5,20-03-2026,2,5,0.185,No,Medium Risk
C104076,0.6,01-05-2026,1,10,0.135,No,Medium Risk
C104077,1.1,14-05-2026,2,4,0.16,No,Medium Risk
C104078,0.8,28-06-2026,1,6,0.135,No,Medium Risk
C104079,1.2,21-05-2026,1,6,0.135,No,Medium Risk
C104080,0.7,17-06-2026,1,5,0.135,No,Medium Risk
C104081,0.7,27-06-2026,0,11,0.135,No,Low Risk
C104082,0.8,28-06-2026,0,6,0.135,Yes,Low Risk
C104083,0.7,18-05-2026,0,4,0.135,No,Low Risk
C104084,0.7,22-04-2026,0,7,0.135,No,Low Risk
C104085,0.8,26-06-2026,1,8,0.135,No,Medium Risk
C104086,1.2,26-06-2026,1,4,0.135,No,Medium Risk
C104087,0.7,21-05-2026,0,10,0.135,Yes,Low Risk
C104088,0.8,14-03-2026,3,7,0.185,No,Medium Risk
C104089,1.2,23-05-2026,0,12,0.135,No,Low Risk
C104090,1.3,10-04-2026,2,6,0.16,No,Medium Risk
C104091,0.6,06-06-2026,1,8,0.135,No,Medium Risk
C104092,0.8,26-03-2026,0,12,0.16,No,Low Risk
C104093,0.7,29-05-2026,1,13,0.135,No,Medium Risk
C104094,1.2,07-06-2026,0,6,0.135,No,Low Risk
C104095,0.9,22-05-2026,0,14,0.135,Yes,Low Risk
C104096,0.6,18-05-2026,0,9,0.135,No,Low Risk
C104097,1.2,25-06-2026,4,5,0.16,Yes,Medium Risk
C104098,0.8,29-06-2026,1,13,0.135,Yes,Medium Risk
C104099,1.1,03-05-2026,1,10,0.135,No,Medium Risk
C104100,1,18-06-2026,0,8,0.135,No,Low Risk
C104101,0.7,12-05-2026,1,6,0.135,No,Medium Risk
C104102,0.8,11-06-2026,1,5,0.135,No,Medium Risk
C104103,0.9,19-05-2026,3,7,0.16,No,Medium Risk
C104104,1.3,29-06-2026,2,5,0.16,No,Medium Risk
C104105,0.8,28-06-2026,0,9,0.135,No,Low Risk
C104106,1.1,12-05-2026,0,7,0.135,No,Low Risk
C104107,0.9,02-05-2026,2,9,0.16,No,Medium Risk
C104108,0.9,23-06-2026,1,10,0.135,No,Medium Risk
C104109,0.9,03-06-2026,0,6,0.135,No,Low Risk
C104110,0.9,01-06-2026,4,9,0.16,No,Medium Risk
C104111,1.1,06-06-2026,2,5,0.16,No,Medium Risk
C104112,0.8,11-04-2026,0,14,0.135,Yes,Low Risk
C104113,0.8,04-06-2026,1,2,0.17,Yes,Medium Risk
C104114,1,20-06-2026,0,13,0.135,No,Low Risk
C104115,0.8,30-06-2026,0,12,0.135,No,Low Risk
C104116,0.8,30-05-2026,1,4,0.135,No,Medium Risk
C104117,1,11-06-2026,1,8,0.135,No,Medium Risk
C104118,1,08-06-2026,3,11,0.16,No,Medium Risk
C104119,0.8,18-06-2026,3,7,0.16,No,Medium Risk
C104120,0.8,29-06-2026,3,14,0.16,No,Medium Risk
C104121,0.3,30-04-2026,1,4,0.135,No,Medium Risk
C104122,1.2,21-06-2026,0,13,0.135,No,Low Risk
C104123,0.8,24-03-2026,1,11,0.16,No,Medium Risk
C104124,0.9,07-06-2026,0,3,0.17,No,Low Risk
C104125,1.2,23-06-2026,1,12,0.135,No,Medium Risk
C104126,1,30-06-2026,0,8,0.135,No,Low Risk
C104127,0.7,23-06-2026,1,12,0.135,No,Medium Risk
C104128,1.1,11-06-2026,1,14,0.135,No,Medium Risk
C104129,0.4,27-12-2025,0,8,0.16,No,Low Risk
C104130,0.8,19-06-2026,0,14,0.135,No,Low Risk
C104131,0.6,10-06-2026,2,16,0.16,No,Medium Risk
C104132,1.2,15-05-2026,1,9,0.135,No,Medium Risk
C104133,0.6,06-06-2026,1,15,0.135,No,Medium Risk
C104134,0.6,23-06-2026,0,4,0.135,No,Low Risk
C104135,0.9,26-06-2026,0,11,0.135,No,Low Risk
C104136,0.9,09-06-2026,1,9,0.135,No,Medium Risk
C104137,0.4,18-05-2026,1,13,0.135,No,Medium Risk
C104138,0.7,20-06-2026,0,6,0.135,Yes,Low Risk
C104139,0.8,27-06-2026,0,19,0.135,No,Low Risk
C104140,0.6,28-02-2026,1,7,0.16,No,Medium Risk
C104141,1.2,16-06-2026,0,6,0.135,No,Low Risk
C104142,1,11-05-2026,0,8,0.135,No,Low Risk
C104143,0.8,08-06-2026,3,6,0.16,Yes,Medium Risk
C104144,0.7,16-06-2026,1,7,0.135,No,Medium Risk
C104145,1.2,06-06-2026,2,17,0.16,No,Medium Risk
C104146,0.8,12-06-2026,1,15,0.135,No,Medium Risk
C104147,1,01-06-2026,1,7,0.135,No,Medium Risk
C104148,0.9,12-06-2026,0,10,0.135,No,Low Risk
C104149,0.9,01-06-2026,1,8,0.135,No,Medium Risk
C104150,0.8,27-06-2026,0,9,0.135,No,Low Risk
C104151,0.8,24-06-2026,1,0,0.17,No,Medium Risk
C104152,1,01-06-2026,0,10,0.135,Yes,Low Risk
C104153,1,25-06-2026,0,1,0.17,No,Low Risk
C104154,1.1,26-06-2026,2,6,0.16,No,Medium Risk
C104155,0.9,29-06-2026,1,9,0.135,No,Medium Risk
C104156,0.7,12-06-2026,0,9,0.135,No,Low Risk
C104157,0.9,08-06-2026,2,11,0.16,Yes,Medium Risk
C104158,0.8,30-06-2026,0,9,0.135,No,Low Risk
C104159,0.9,04-06-2026,0,12,0.135,No,Low Risk
C104160,1,30-06-2026,0,8,0.135,No,Low Risk
C104161,0.9,14-06-2026,3,11,0.16,No,Medium Risk
C104162,0.2,19-10-2025,1,12,0.16,No,Medium Risk
C104163,1.1,25-05-2026,0,11,0.135,No,Low Risk
C104164,1.1,24-06-2026,1,0,0.17,No,Medium Risk
C104165,0.9,26-05-2026,0,11,0.135,No,Low Risk
C104166,0.8,20-12-2025,1,12,0.16,No,Medium Risk
C104167,0.8,24-04-2026,0,14,0.135,No,Low Risk
C104168,0.7,30-06-2026,1,13,0.135,No,Medium Risk
C104169,1,03-06-2026,1,2,0.17,No,Medium Risk
C104170,1.1,10-06-2026,1,4,0.135,Yes,Medium Risk
C104171,0.9,07-06-2026,0,14,0.135,No,Low Risk
C104172,0.9,08-06-2026,2,7,0.16,Yes,Medium Risk
C104173,0.8,19-05-2026,1,16,0.135,No,Medium Risk
C104174,0.9,07-05-2026,1,6,0.135,Yes,Medium Risk
C104175,1,16-05-2026,1,6,0.135,No,Medium Risk
C104176,0.8,24-06-2026,2,12,0.16,No,Medium Risk
C104177,0.9,06-06-2026,2,10,0.16,No,Medium Risk
C104178,1,23-05-2026,1,1,0.17,No,Medium Risk
C104179,1.3,28-06-2026,1,12,0.135,No,Medium Risk
C104180,0.6,08-05-2026,1,10,0.135,No,Medium Risk
C104181,1.2,02-06-2026,1,15,0.135,No,Medium Risk
C104182,0.7,23-02-2026,0,8,0.16,No,Low Risk
C104183,0.9,24-06-2026,1,9,0.135,No,Medium Risk
C104184,0.8,22-06-2026,1,15,0.135,Yes,Medium Risk
C104185,0.7,29-04-2026,1,9,0.135,No,Medium Risk
C104186,1.1,08-06-2026,0,5,0.135,No,Low Risk
C104187,0.9,25-06-2026,0,5,0.135,Yes,Low Risk
C104188,0.8,24-06-2026,2,9,0.16,No,Medium Risk
C104189,0.5,14-06-2026,0,15,0.135,No,Low Risk
C104190,0.7,17-04-2026,0,8,0.135,No,Low Risk
C104191,1.3,23-06-2026,1,8,0.135,No,Medium Risk
C104192,1.4,13-06-2026,0,4,0.135,Yes,Low Risk
C104193,0.9,29-06-2026,2,14,0.16,Yes,Medium Risk
C104194,0.6,13-06-2026,1,9,0.135,No,Medium Risk
C104195,0.7,11-02-2026,4,12,0.185,No,Medium Risk
C104196,0.7,10-06-2026,0,5,0.135,No,Low Risk
C104197,0.9,01-06-2026,0,15,0.135,No,Low Risk
C104198,1.1,29-05-2026,1,7,0.135,No,Medium Risk
C104199,0.7,17-05-2026,2,19,0.16,No,Medium Risk
C104200,1.1,14-05-2026,0,6,0.135,No,Low Risk
C104201,1,08-05-2026,0,10,0.135,No,Low Risk
C104202,0.9,25-06-2026,1,12,0.135,No,Medium Risk
C104203,1.1,08-06-2026,3,15,0.16,No,Medium Risk
C104204,0.8,12-06-2026,1,16,0.135,No,Medium Risk
C104205,0.8,16-05-2026,0,12,0.135,No,Low Risk
C104206,1,13-05-2026,1,6,0.135,No,Medium Risk
C104207,1.1,07-06-2026,1,7,0.135,No,Medium Risk
C104208,0.9,21-06-2026,0,15,0.135,No,Low Risk
C104209,1,12-06-2026,1,8,0.135,No,Medium Risk
C104210,0.7,25-05-2026,1,3,0.17,No,Medium Risk
C104211,1.1,19-05-2026,2,14,0.16,No,Medium Risk
C104212,0.8,23-06-2026,0,16,0.135,No,Low Risk
C104213,0.8,29-06-2026,2,7,0.16,No,Medium Risk
C104214,0.8,03-05-2026,4,3,0.195,No,Medium Risk
C104215,1.1,18-05-2026,2,12,0.16,No,Medium Risk
C104216,1,11-06-2026,2,6,0.16,No,Medium Risk
C104217,1,02-05-2026,0,10,0.135,No,Low Risk
C104218,0.8,13-06-2026,0,2,0.17,No,Low Risk
C104219,0.6,11-05-2026,0,9,0.135,No,Low Risk
C104220,1.4,28-06-2026,0,7,0.135,Yes,Low Risk
C104221,0.6,28-04-2026,1,8,0.135,No,Medium Risk
C104222,0.9,29-06-2026,0,7,0.135,Yes,Low Risk
C104223,0.8,02-06-2026,0,12,0.135,No,Low Risk
C104224,0.7,18-06-2026,0,10,0.135,No,Low Risk
C104225,0.9,21-06-2026,2,12,0.16,No,Medium Risk
C104226,0.6,03-06-2026,1,8,0.135,No,Medium Risk
C104227,0.8,15-06-2026,1,9,0.135,No,Medium Risk
C104228,1.1,17-05-2026,1,10,0.135,No,Medium Risk
C104229,0.7,28-06-2026,2,10,0.16,No,Medium Risk
C104230,0.8,29-06-2026,0,4,0.135,Yes,Low Risk
C104231,1.1,17-03-2026,0,13,0.16,No,Low Risk
C104232,0.6,06-05-2026,0,9,0.135,No,Low Risk
C104233,0.7,27-06-2026,2,11,0.16,Yes,Medium Risk
C104234,0.5,17-06-2026,1,17,0.135,No,Medium Risk
C104235,0.7,18-05-2026,0,9,0.135,No,Low Risk
C104236,1,28-06-2026,2,11,0.16,No,Medium Risk
C104237,1.2,10-05-2026,2,10,0.16,No,Medium Risk
C104238,1.1,12-05-2026,3,3,0.195,No,Medium Risk
C104239,0.6,12-05-2026,0,11,0.135,No,Low Risk
C104240,0.8,13-01-2026,1,4,0.16,No,Medium Risk
C104241,0.8,05-05-2026,0,15,0.135,No,Low Risk
C104242,1,16-06-2026,0,8,0.135,No,Low Risk
C104243,1,29-05-2026,1,12,0.135,Yes,Medium Risk
C104244,0.8,29-05-2026,1,10,0.135,No,Medium Risk
C104245,1.1,30-06-2026,1,15,0.135,Yes,Medium Risk
C104246,1.2,19-05-2026,0,7,0.135,No,Low Risk
C104247,0.7,21-06-2026,2,15,0.16,No,Medium Risk
C104248,1,20-06-2026,0,17,0.135,No,Low Risk
C104249,1.1,10-06-2026,4,15,0.16,No,Medium Risk
C104250,0.7,25-06-2026,1,6,0.135,No,Medium Risk
C104251,0.8,15-06-2026,0,5,0.135,No,Low Risk
C104252,1.2,28-06-2026,0,11,0.135,No,Low Risk
C104253,0.7,19-04-2026,2,11,0.16,No,Medium Risk
C104254,1.1,19-06-2026,1,6,0.135,No,Medium Risk
C104255,1,11-05-2026,1,9,0.135,Yes,Medium Risk
C104256,1,11-06-2026,0,2,0.17,No,Low Risk
C104257,1.1,28-05-2026,0,17,0.135,No,Low Risk
C104258,0.9,16-06-2026,1,5,0.135,No,Medium Risk
C104259,1,09-05-2026,0,10,0.135,No,Low Risk
C104260,0.7,09-06-2026,2,14,0.16,No,Medium Risk
C104261,1,14-05-2026,3,7,0.16,No,Medium Risk
C104262,0.6,30-05-2026,0,3,0.17,No,Low Risk
C104263,0.7,24-06-2026,0,9,0.135,No,Low Risk
C104264,1.3,28-06-2026,0,10,0.135,No,Low Risk
C104265,0.4,10-05-2026,0,7,0.135,No,Low Risk
C104266,1.1,18-06-2026,1,12,0.135,No,Medium Risk
C104267,1.6,06-06-2026,0,11,0.135,No,Low Risk
C104268,0.9,13-05-2026,3,15,0.16,No,Medium Risk
C104269,1.1,07-04-2026,1,9,0.135,No,Medium Risk
C104270,0.6,26-06-2026,0,12,0.135,No,Low Risk
C104271,0.4,30-05-2026,0,8,0.135,No,Low Risk
C104272,0.7,07-03-2026,1,13,0.16,No,Medium Risk
C104273,1.3,03-06-2026,0,12,0.135,No,Low Risk
C104274,1.1,25-06-2026,3,8,0.16,Yes,Medium Risk
C104275,0.8,19-05-2026,1,5,0.135,Yes,Medium Risk
C104276,0.9,18-06-2026,0,15,0.135,No,Low Risk
C104277,0.7,19-05-2026,1,4,0.135,Yes,Medium Risk
C104278,0.7,06-04-2026,3,11,0.16,No,Medium Risk
C104279,0.9,03-06-2026,0,14,0.135,No,Low Risk
C104280,0.9,01-06-2026,0,15,0.135,No,Low Risk
C104281,0.8,02-06-2026,1,12,0.135,No,Medium Risk
C104282,0.7,28-05-2026,1,0,0.17,No,Medium Risk
C104283,0.7,26-05-2026,0,11,0.135,No,Low Risk
C104284,1.2,12-05-2026,0,7,0.135,No,Low Risk
C104285,1,28-05-2026,1,10,0.135,No,Medium Risk
C104286,0.5,03-09-2025,0,2,0.195,No,Low Risk
C104287,0.9,12-06-2026,2,12,0.16,No,Medium Risk
C104288,0.9,24-06-2026,1,13,0.135,No,Medium Risk
C104289,0.9,14-05-2026,1,10,0.135,No,Medium Risk
C104290,0.8,30-06-2026,1,6,0.135,No,Medium Risk
C104291,1.1,22-06-2026,0,12,0.135,Yes,Low Risk
C104292,0.9,25-06-2026,2,5,0.16,No,Medium Risk
C104293,0.8,14-05-2026,2,17,0.16,No,Medium Risk
C104294,1.4,27-06-2026,1,6,0.135,No,Medium Risk
C104295,1.1,30-06-2026,0,15,0.135,No,Low Risk
C104296,1.1,24-03-2026,1,0,0.195,No,Medium Risk
C104297,1.4,16-06-2026,0,8,0.135,No,Low Risk
C104298,0.6,26-06-2026,0,13,0.135,No,Low Risk
C104299,0.9,19-05-2026,0,12,0.135,No,Low Risk
C104300,0.5,03-06-2026,0,2,0.17,No,Low Risk
C104301,1.2,15-06-2026,1,6,0.135,No,Medium Risk
C104302,0.6,26-06-2026,1,9,0.135,No,Medium Risk
C104303,0.8,05-06-2026,2,5,0.16,No,Medium Risk
C104304,0.7,26-06-2026,0,4,0.135,No,Low Risk
C104305,0.8,27-06-2026,1,6,0.135,No,Medium Risk
C104306,0.6,23-05-2026,1,7,0.135,No,Medium Risk
C104307,0.4,15-04-2026,0,13,0.135,No,Low Risk
C104308,1.2,10-06-2026,3,8,0.16,No,Medium Risk
C104309,1.2,12-06-2026,0,0,0.17,No,Low Risk
C104310,0.8,03-06-2026,1,21,0.135,No,Medium Risk
C104311,1.1,31-05-2026,0,2,0.17,No,Low Risk
C104312,0.9,20-04-2026,2,17,0.16,No,Medium Risk
C104313,0.8,18-06-2026,3,10,0.16,No,Medium Risk
C104314,0.9,30-05-2026,2,18,0.16,No,Medium Risk
C104315,0.8,19-06-2026,1,13,0.135,No,Medium Risk
C104316,1,30-05-2026,1,0,0.17,No,Medium Risk
C104317,0.6,22-06-2026,2,13,0.16,No,Medium Risk
C104318,1,26-04-2026,0,11,0.135,No,Low Risk
C104319,1.1,24-06-2026,1,8,0.135,No,Medium Risk
C104320,1.2,01-05-2026,0,5,0.135,Yes,Low Risk
C104321,0.8,11-06-2026,0,6,0.135,No,Low Risk
C104322,0.7,10-04-2026,1,14,0.135,No,Medium Risk
C104323,0.8,04-05-2026,0,15,0.135,No,Low Risk
C104324,0.8,15-05-2026,1,6,0.135,No,Medium Risk
C104325,1,06-06-2026,1,8,0.135,No,Medium Risk
C104326,1.1,11-05-2026,0,7,0.135,No,Low Risk
C104327,1.1,29-06-2026,4,10,0.16,No,Medium Risk
C104328,1.1,08-06-2026,0,11,0.135,No,Low Risk
C104329,0.7,01-04-2026,1,4,0.135,No,Medium Risk
C104330,1.1,27-05-2026,1,15,0.135,No,Medium Risk
C104331,0.9,26-05-2026,1,10,0.135,Yes,Medium Risk
C104332,0.9,25-05-2026,3,5,0.16,No,Medium Risk
C104333,0.9,29-06-2026,1,5,0.135,No,Medium Risk
C104334,1.4,17-06-2026,0,7,0.135,No,Low Risk
C104335,0.8,22-06-2026,0,6,0.135,No,Low Risk
C104336,1.1,05-06-2026,0,15,0.135,No,Low Risk
C104337,1.1,24-06-2026,0,9,0.135,No,Low Risk
C104338,0.6,06-06-2026,0,6,0.135,No,Low Risk
C104339,0.9,11-06-2026,1,0,0.17,Yes,Medium Risk
C104340,0.7,25-05-2026,1,6,0.135,Yes,Medium Risk
C104341,0.6,30-04-2026,1,5,0.135,No,Medium Risk
C104342,1.2,22-04-2026,1,9,0.135,Yes,Medium Risk
C104343,1.1,22-06-2026,0,8,0.135,No,Low Risk
C104344,0.4,30-03-2026,2,8,0.185,No,Medium Risk
C104345,0.8,30-05-2026,1,6,0.135,No,Medium Risk
C104346,0.7,22-05-2026,2,11,0.16,No,Medium Risk
C104347,1,07-04-2026,0,4,0.135,No,Low Risk
C104348,0.7,30-04-2026,0,9,0.135,No,Low Risk
C104349,0.7,26-04-2026,2,8,0.16,No,Medium Risk
C104350,0.8,13-06-2026,1,14,0.135,No,Medium Risk
C104351,1.6,01-06-2026,2,11,0.16,Yes,Medium Risk
C104352,1.1,26-05-2026,0,12,0.135,No,Low Risk
C104353,0.7,30-06-2026,0,9,0.135,Yes,Low Risk
C104354,0.8,25-06-2026,1,9,0.135,No,Medium Risk
C104355,0.6,24-06-2026,0,0,0.17,No,Low Risk
C104356,0.6,13-06-2026,0,16,0.135,Yes,Low Risk
C104357,0.9,26-06-2026,2,10,0.16,No,Medium Risk
C104358,1.1,07-06-2026,1,4,0.135,No,Medium Risk
C104359,0.6,02-06-2026,0,14,0.135,No,Low Risk
C104360,0.6,12-04-2026,1,4,0.135,No,Medium Risk
C104361,0.8,14-05-2026,0,5,0.135,No,Low Risk
C104362,0.9,06-04-2026,0,13,0.135,No,Low Risk
C104363,0.6,13-06-2026,1,7,0.135,No,Medium Risk
C104364,1.1,23-06-2026,0,4,0.135,No,Low Risk
C104365,0.5,18-05-2026,4,7,0.16,No,Medium Risk
C104366,1,04-05-2026,0,11,0.135,No,Low Risk
C104367,0.8,31-05-2026,0,8,0.135,No,Low Risk
C104368,0.8,09-06-2026,3,3,0.195,No,Medium Risk
C104369,0.9,19-06-2026,1,5,0.135,No,Medium Risk
C104370,1,14-06-2026,1,10,0.135,No,Medium Risk
C104371,1.1,07-06-2026,1,8,0.135,No,Medium Risk
C104372,0.8,29-06-2026,0,11,0.135,No,Low Risk
C104373,0.9,06-06-2026,0,7,0.135,No,Low Risk
C104374,0.7,22-06-2026,3,17,0.16,Yes,Medium Risk
C104375,1.2,03-06-2026,0,10,0.135,No,Low Risk
C104376,0.8,14-06-2026,1,1,0.17,Yes,Medium Risk
C104377,1.2,23-05-2026,2,15,0.16,No,Medium Risk
C104378,1.2,24-05-2026,1,13,0.135,No,Medium Risk
C104379,0.6,25-06-2026,2,5,0.16,No,Medium Risk
C104380,1,17-06-2026,0,5,0.135,No,Low Risk
C104381,0.7,25-06-2026,0,1,0.17,No,Low Risk
C104382,0.9,29-06-2026,3,1,0.195,Yes,Medium Risk
C104383,0.6,04-06-2026,0,10,0.135,No,Low Risk
C104384,0.8,30-05-2026,1,11,0.135,Yes,Medium Risk
C104385,0.6,24-06-2026,1,13,0.135,No,Medium Risk
C104386,0.9,18-06-2026,1,18,0.135,No,Medium Risk
C104387,0.3,27-01-2026,1,12,0.16,No,Medium Risk
C104388,0.7,05-05-2026,2,14,0.16,No,Medium Risk
C104389,0.7,28-04-2026,2,1,0.195,No,Medium Risk
C104390,1.1,13-06-2026,2,5,0.16,No,Medium Risk
C104391,0.8,27-05-2026,0,4,0.135,No,Low Risk
C104392,0.8,24-06-2026,1,12,0.135,Yes,Medium Risk
C104393,1.1,22-06-2026,2,17,0.16,No,Medium Risk
C104394,1.1,31-05-2026,1,16,0.135,Yes,Medium Risk
C104395,0.6,31-05-2026,0,4,0.135,No,Low Risk
C104396,1.3,25-06-2026,0,11,0.135,No,Low Risk
C104397,1.2,29-06-2026,2,7,0.16,No,Medium Risk
C104398,0.9,19-05-2026,2,17,0.16,No,Medium Risk
C104399,0.6,13-04-2026,1,11,0.135,No,Medium Risk
C104400,0.9,22-03-2026,0,11,0.16,No,Low Risk
C104401,0.7,30-06-2026,2,6,0.16,No,Medium Risk
C104402,0.8,12-06-2026,3,5,0.16,No,Medium Risk
C104403,0.7,18-04-2026,1,11,0.135,No,Medium Risk
C104404,0.6,24-06-2026,1,13,0.135,No,Medium Risk
C104405,0.7,22-06-2026,0,5,0.135,No,Low Risk
C104406,0.8,11-05-2026,0,12,0.135,No,Low Risk
C104407,0.7,18-05-2026,1,10,0.135,No,Medium Risk
C104408,0.9,28-04-2026,0,9,0.135,Yes,Low Risk
C104409,0.8,06-05-2026,0,7,0.135,No,Low Risk
C104410,0.8,19-05-2026,2,7,0.16,No,Medium Risk
C104411,1.3,14-05-2026,2,11,0.16,No,Medium Risk
C104412,0.6,22-04-2026,0,0,0.17,No,Low Risk
C104413,1.2,07-06-2026,1,5,0.135,No,Medium Risk
C104414,0.7,09-06-2026,1,11,0.135,No,Medium Risk
C104415,1.1,28-06-2026,0,14,0.135,No,Low Risk
C104416,1,15-06-2026,1,11,0.135,Yes,Medium Risk
C104417,0.7,14-06-2026,1,10,0.135,Yes,Medium Risk
C104418,1.1,09-06-2026,2,15,0.16,No,Medium Risk
C104419,0.7,21-06-2026,0,8,0.135,No,Low Risk
C104420,1.3,26-06-2026,1,9,0.135,No,Medium Risk
C104421,1.2,30-06-2026,0,4,0.135,No,Low Risk
C104422,1,06-06-2026,0,4,0.135,Yes,Low Risk
C104423,0.4,16-06-2026,0,11,0.135,No,Low Risk
C104424,1,21-04-2026,2,13,0.16,No,Medium Risk
C104425,0.8,22-06-2026,0,2,0.17,No,Low Risk
C104426,1,30-06-2026,0,3,0.17,No,Low Risk
C104427,0.9,21-04-2026,1,16,0.135,No,Medium Risk
C104428,1.1,20-06-2026,0,8,0.135,No,Low Risk
C104429,0.8,31-05-2026,0,19,0.135,No,Low Risk
C104430,0.9,20-04-2026,1,7,0.135,No,Medium Risk
C104431,1,14-05-2026,1,14,0.135,No,Medium Risk
C104432,1.2,24-06-2026,1,10,0.135,No,Medium Risk
C104433,1,12-06-2026,1,14,0.135,No,Medium Risk
C104434,0.7,15-04-2026,0,9,0.135,No,Low Risk
C104435,1,22-03-2026,1,9,0.16,Yes,Medium Risk
C104436,0.4,21-05-2026,3,7,0.16,Yes,Medium Risk
C104437,0.7,10-04-2026,0,3,0.17,Yes,Low Risk
C104438,0.9,31-05-2026,2,15,0.16,No,Medium Risk
C104439,1,05-04-2026,0,10,0.135,No,Low Risk
C104440,0.9,11-06-2026,0,12,0.135,No,Low Risk
C104441,1,15-04-2026,1,15,0.135,No,Medium Risk
C104442,0.9,26-06-2026,1,6,0.135,No,Medium Risk
C104443,0.9,13-06-2026,1,6,0.135,No,Medium Risk
C104444,0.5,27-05-2026,0,10,0.135,No,Low Risk
C104445,0.6,01-05-2026,1,17,0.135,No,Medium Risk
C104446,1.3,27-06-2026,0,13,0.135,No,Low Risk
C104447,1.1,20-06-2026,3,15,0.16,No,Medium Risk
C104448,1.1,15-06-2026,0,14,0.135,No,Low Risk
C104449,0.6,27-06-2026,1,4,0.135,No,Medium Risk
C104450,0.8,30-06-2026,3,15,0.16,No,Medium Risk
C104451,0.8,05-06-2026,0,2,0.17,No,Low Risk
C104452,1.1,09-06-2026,2,12,0.16,No,Medium Risk
C104453,1.1,25-05-2026,0,10,0.135,No,Low Risk
C104454,0.8,05-05-2026,1,11,0.135,No,Medium Risk
C104455,0.8,14-05-2026,2,18,0.16,No,Medium Risk
C104456,0.8,01-06-2026,0,9,0.135,No,Low Risk
C104457,0.8,30-04-2026,0,7,0.135,No,Low Risk
C104458,1.2,22-05-2026,0,7,0.135,No,Low Risk
C104459,1,29-03-2026,0,10,0.16,No,Low Risk
C104460,0.8,21-05-2026,1,11,0.135,No,Medium Risk
C104461,0.7,08-06-2026,2,9,0.16,Yes,Medium Risk
C104462,0.7,27-05-2026,1,9,0.135,No,Medium Risk
C104463,0.8,25-04-2026,2,3,0.195,Yes,Medium Risk
C104464,0.7,27-05-2026,0,10,0.135,No,Low Risk
C104465,0.7,06-05-2026,1,7,0.135,No,Medium Risk
C104466,0.8,13-06-2026,0,10,0.135,No,Low Risk
C104467,0.8,16-05-2026,0,9,0.135,No,Low Risk
C104468,1.1,12-06-2026,2,9,0.16,No,Medium Risk
C104469,0.9,18-06-2026,1,13,0.135,No,Medium Risk
C104470,1,15-06-2026,3,7,0.16,Yes,Medium Risk
C104471,0.9,17-06-2026,3,10,0.16,No,Medium Risk
C104472,0.6,08-06-2026,2,5,0.16,No,Medium Risk
C104473,0.9,27-06-2026,2,4,0.16,No,Medium Risk
C104474,1.2,22-06-2026,0,10,0.135,No,Low Risk
C104475,1.1,20-06-2026,1,0,0.17,No,Medium Risk
C104476,0.9,18-06-2026,2,6,0.16,No,Medium Risk
C104477,1.2,26-06-2026,1,5,0.135,No,Medium Risk
C104478,0.7,26-06-2026,0,7,0.135,Yes,Low Risk
C104479,0.6,22-03-2026,0,8,0.16,No,Low Risk
C104480,1,10-06-2026,0,11,0.135,No,Low Risk
C104481,1.1,15-06-2026,1,11,0.135,No,Medium Risk
C104482,1.6,14-05-2026,1,11,0.135,Yes,Medium Risk
C104483,0.7,25-06-2026,1,6,0.135,No,Medium Risk
C104484,0.8,19-04-2026,3,7,0.16,No,Medium Risk
C104485,0.8,19-06-2026,1,6,0.135,No,Medium Risk
C104486,1,26-06-2026,1,4,0.135,No,Medium Risk
C104487,0.7,28-05-2026,1,13,0.135,No,Medium Risk
C104488,0.6,13-05-2026,1,12,0.135,No,Medium Risk
C104489,1.1,01-06-2026,1,2,0.17,Yes,Medium Risk
C104490,1.2,01-05-2026,3,7,0.16,No,Medium Risk
C104491,0.8,28-05-2026,0,11,0.135,No,Low Risk
C104492,0.9,05-06-2026,0,5,0.135,No,Low Risk
C104493,0.9,16-06-2026,1,13,0.135,No,Medium Risk
C104494,1.2,07-06-2026,0,9,0.135,Yes,Low Risk
C104495,0.9,11-06-2026,0,11,0.135,Yes,Low Risk
C104496,1,04-06-2026,0,7,0.135,No,Low Risk
C104497,1.3,14-06-2026,2,8,0.16,No,Medium Risk
C104498,0.9,30-05-2026,1,5,0.135,No,Medium Risk
C104499,1,07-06-2026,0,13,0.135,No,Low Risk
C104500,0.6,28-06-2026,1,9,0.135,No,Medium Risk
C104501,1.2,03-06-2026,0,9,0.135,No,Low Risk
C104502,0.8,06-06-2026,1,6,0.135,No,Medium Risk
C104503,1.2,26-06-2026,1,13,0.135,No,Medium Risk
C104504,0.6,24-06-2026,0,10,0.135,No,Low Risk
C104505,1.3,19-05-2026,2,9,0.16,No,Medium Risk
C104506,1,22-06-2026,1,12,0.135,Yes,Medium Risk
C104507,0.6,26-06-2026,0,10,0.135,No,Low Risk
C104508,0.6,01-04-2026,1,8,0.135,No,Medium Risk
C104509,1.1,24-06-2026,1,3,0.17,No,Medium Risk
C104510,0.6,07-05-2026,1,8,0.135,No,Medium Risk
C104511,1.2,30-06-2026,1,10,0.135,No,Medium Risk
C104512,1.3,09-06-2026,2,7,0.16,Yes,Medium Risk
C104513,1,22-05-2026,4,17,0.16,Yes,Medium Risk
C104514,0.8,25-05-2026,0,14,0.135,No,Low Risk
C104515,0.8,02-05-2026,1,7,0.135,No,Medium Risk
C104516,0.8,01-04-2026,3,15,0.16,No,Medium Risk
C104517,0.9,28-06-2026,0,9,0.135,No,Low Risk
C104518,0.8,27-06-2026,0,5,0.135,No,Low Risk
C104519,1.1,18-04-2026,0,5,0.135,No,Low Risk
C104520,1.2,26-06-2026,0,9,0.135,No,Low Risk
C104521,0.9,23-06-2026,1,0,0.17,No,Medium Risk
C104522,0.7,20-03-2026,1,9,0.16,No,Medium Risk
C104523,0.6,28-06-2026,2,1,0.195,Yes,Medium Risk
C104524,1.2,06-06-2026,2,7,0.16,Yes,Medium Risk
C104525,1.1,18-05-2026,2,14,0.16,No,Medium Risk
C104526,0.6,22-04-2026,1,12,0.135,No,Medium Risk
C104527,0.8,17-05-2026,0,8,0.135,No,Low Risk
C104528,0.9,20-03-2026,1,7,0.16,No,Medium Risk
C104529,1.1,09-05-2026,0,8,0.135,No,Low Risk
C104530,1,15-06-2026,1,13,0.135,No,Medium Risk
C104531,0.4,20-06-2026,0,11,0.135,Yes,Low Risk
C104532,0.8,22-06-2026,1,7,0.135,No,Medium Risk
C104533,1.3,22-06-2026,1,12,0.135,No,Medium Risk
C104534,0.6,26-05-2026,1,13,0.135,No,Medium Risk
C104535,0.7,22-06-2026,0,13,0.135,No,Low Risk
C104536,1.1,19-05-2026,1,6,0.135,No,Medium Risk
C104537,0.7,27-04-2026,0,7,0.135,Yes,Low Risk
C104538,0.8,12-05-2026,0,10,0.135,No,Low Risk
C104539,1.2,14-06-2026,0,9,0.135,Yes,Low Risk
C104540,0.8,28-06-2026,0,10,0.135,Yes,Low Risk
C104541,0.8,27-05-2026,3,7,0.16,No,Medium Risk
C104542,0.6,17-06-2026,1,12,0.135,No,Medium Risk
C104543,0.8,05-06-2026,0,5,0.135,Yes,Low Risk
C104544,0.9,07-05-2026,0,5,0.135,No,Low Risk
C104545,0.5,15-06-2026,3,10,0.16,No,Medium Risk
C104546,0.6,18-03-2026,1,9,0.16,No,Medium Risk
C104547,0.7,13-05-2026,2,7,0.16,No,Medium Risk
C104548,0.8,24-05-2026,1,6,0.135,Yes,Medium Risk
C104549,0.9,08-06-2026,1,11,0.135,No,Medium Risk
C104550,0.8,21-04-2026,0,13,0.135,No,Low Risk
C104551,1,29-06-2026,1,7,0.135,No,Medium Risk
C104552,0.9,20-06-2026,0,6,0.135,No,Low Risk
C104553,1,30-06-2026,0,12,0.135,No,Low Risk
C104554,1,25-04-2026,0,8,0.135,No,Low Risk
C104555,1,17-06-2026,1,11,0.135,No,Medium Risk
C104556,0.8,20-05-2026,1,6,0.135,Yes,Medium Risk
C104557,1,02-01-2026,1,9,0.16,No,Medium Risk
C104558,1,30-06-2026,0,8,0.135,No,Low Risk
C104559,0.6,06-06-2026,0,7,0.135,No,Low Risk
C104560,0.8,09-04-2026,1,4,0.135,No,Medium Risk
C104561,0.9,12-05-2026,1,11,0.135,No,Medium Risk
C104562,1.1,12-06-2026,0,4,0.135,No,Low Risk
C104563,1.2,27-06-2026,1,15,0.135,No,Medium Risk
C104564,0.8,19-06-2026,1,19,0.135,No,Medium Risk
C104565,0.9,18-06-2026,0,17,0.135,No,Low Risk
C104566,1.3,22-06-2026,1,14,0.135,No,Medium Risk
C104567,0.9,02-06-2026,0,17,0.135,No,Low Risk
C104568,0.4,07-05-2026,0,10,0.135,No,Low Risk
C104569,1.2,26-05-2026,3,7,0.16,No,Medium Risk
C104570,0.9,05-06-2026,0,17,0.135,No,Low Risk
C104571,0.6,03-05-2026,1,9,0.135,No,Medium Risk
C104572,0.9,29-06-2026,2,5,0.16,No,Medium Risk
C104573,0.7,26-05-2026,1,14,0.135,No,Medium Risk
C104574,1.1,22-06-2026,0,13,0.135,Yes,Low Risk
C104575,0.8,27-06-2026,0,9,0.135,No,Low Risk
C104576,0.7,11-01-2026,3,10,0.185,No,Medium Risk
C104577,0.7,29-05-2026,2,14,0.16,No,Medium Risk
C104578,1.1,24-06-2026,1,8,0.135,Yes,Medium Risk
C104579,1.2,08-05-2026,0,12,0.135,No,Low Risk
C104580,1.1,08-06-2026,4,8,0.16,Yes,Medium Risk
C104581,0.9,11-06-2026,2,3,0.195,No,Medium Risk
C104582,1.1,17-05-2026,0,9,0.135,No,Low Risk
C104583,1.1,30-06-2026,0,10,0.135,No,Low Risk
C104584,0.7,26-05-2026,0,6,0.135,No,Low Risk
C104585,1.2,21-06-2026,0,15,0.135,No,Low Risk
C104586,1.1,25-06-2026,1,8,0.135,No,Medium Risk
C104587,1,22-05-2026,1,9,0.135,No,Medium Risk
C104588,0.6,29-04-2026,0,7,0.135,No,Low Risk
C104589,1.1,09-06-2026,0,3,0.17,No,Low Risk
C104590,0.9,28-02-2026,1,6,0.16,No,Medium Risk
C104591,0.7,20-05-2026,0,8,0.135,No,Low Risk
C104592,0.8,19-05-2026,0,9,0.135,No,Low Risk
C104593,0.7,10-03-2026,1,13,0.16,No,Medium Risk
C104594,0.4,02-03-2026,0,11,0.16,No,Low Risk
C104595,0.8,28-06-2026,1,15,0.135,No,Medium Risk
C104596,1.1,21-06-2026,0,11,0.135,Yes,Low Risk
C104597,0.6,26-06-2026,0,10,0.135,No,Low Risk
C104598,1,13-06-2026,2,14,0.16,No,Medium Risk
C104599,1,13-05-2026,2,11,0.16,Yes,Medium Risk
C104600,1.2,18-02-2026,0,10,0.16,No,Low Risk
C104601,1.1,20-06-2026,0,6,0.135,No,Low Risk
C104602,0.4,15-02-2026,0,13,0.16,No,Low Risk
C104603,0.7,11-05-2026,0,12,0.135,No,Low Risk
C104604,0.9,02-06-2026,1,12,0.135,No,Medium Risk
C104605,0.9,27-06-2026,1,6,0.135,No,Medium Risk
C104606,0.6,10-06-2026,0,10,0.135,No,Low Risk
C104607,1.6,16-06-2026,1,9,0.135,No,Medium Risk
C104608,0.7,22-04-2026,1,6,0.135,No,Medium Risk
C104609,1.6,27-06-2026,1,7,0.135,No,Medium Risk
C104610,0.7,30-06-2026,2,8,0.16,No,Medium Risk
C104611,1.1,17-06-2026,1,11,0.135,No,Medium Risk
C104612,0.6,25-06-2026,0,6,0.135,No,Low Risk
C104613,0.6,15-05-2026,0,9,0.135,No,Low Risk
C104614,1.2,19-05-2026,0,14,0.135,No,Low Risk
C104615,1.1,20-03-2026,2,13,0.185,No,Medium Risk
C104616,0.8,30-06-2026,3,9,0.16,No,Medium Risk
C104617,0.9,22-05-2026,0,13,0.135,No,Low Risk
C104618,1,07-06-2026,1,16,0.135,No,Medium Risk
C104619,0.7,21-03-2026,1,10,0.16,No,Medium Risk
C104620,0.8,07-06-2026,1,5,0.135,No,Medium Risk
C104621,0.8,16-06-2026,0,11,0.135,No,Low Risk
C104622,0.3,02-06-2026,1,6,0.135,No,Medium Risk
C104623,0.9,28-06-2026,3,11,0.16,No,Medium Risk
C104624,0.9,07-06-2026,0,11,0.135,No,Low Risk
C104625,1.1,19-06-2026,3,11,0.16,Yes,Medium Risk
C104626,0.7,21-01-2026,1,16,0.16,No,Medium Risk
C104627,0.6,28-06-2026,0,10,0.135,No,Low Risk
C104628,0.9,15-06-2026,1,4,0.135,No,Medium Risk
C104629,1.1,13-06-2026,0,6,0.135,No,Low Risk
C104630,0.9,30-05-2026,0,8,0.135,Yes,Low Risk
C104631,1.2,14-06-2026,0,10,0.135,No,Low Risk
C104632,0.7,25-05-2026,2,9,0.16,No,Medium Risk
C104633,1.1,26-06-2026,1,8,0.135,No,Medium Risk
C104634,1.3,23-06-2026,1,7,0.135,Yes,Medium Risk
C104635,1.1,23-06-2026,0,7,0.135,No,Low Risk
C104636,1,28-06-2026,2,3,0.195,Yes,Medium Risk
C104637,0.9,13-05-2026,0,10,0.135,No,Low Risk
C104638,0.7,13-06-2026,1,10,0.135,No,Medium Risk
C104639,0.7,30-06-2026,0,5,0.135,No,Low Risk
C104640,0.9,01-06-2026,0,6,0.135,Yes,Low Risk
C104641,0.8,29-06-2026,1,2,0.17,Yes,Medium Risk
C104642,0.9,17-05-2026,0,12,0.135,No,Low Risk
C104643,0.7,05-03-2026,0,10,0.16,No,Low Risk
C104644,1.3,21-06-2026,1,12,0.135,No,Medium Risk
C104645,1.2,16-05-2026,1,11,0.135,No,Medium Risk
C104646,1.1,14-05-2026,0,12,0.135,No,Low Risk
C104647,0.7,15-05-2026,0,13,0.135,No,Low Risk
C104648,0.8,14-06-2026,1,13,0.135,No,Medium Risk
C104649,1,13-05-2026,0,11,0.135,No,Low Risk
C104650,0.6,22-04-2026,2,15,0.16,No,Medium Risk
C104651,1.3,23-05-2026,2,11,0.16,No,Medium Risk
C104652,1.1,16-05-2026,1,14,0.135,No,Medium Risk
C104653,0.8,17-05-2026,1,7,0.135,No,Medium Risk
C104654,1,09-06-2026,1,5,0.135,No,Medium Risk
C104655,0.6,11-06-2026,0,13,0.135,No,Low Risk
C104656,0.6,28-02-2026,0,5,0.16,No,Low Risk
C104657,1,02-06-2026,0,10,0.135,No,Low Risk
C104658,0.8,26-05-2026,1,6,0.135,Yes,Medium Risk
C104659,0.7,03-05-2026,1,12,0.135,No,Medium Risk
C104660,1.1,25-06-2026,3,7,0.16,No,Medium Risk
C104661,0.8,06-06-2026,0,15,0.135,No,Low Risk
C104662,1,11-06-2026,1,9,0.135,Yes,Medium Risk
C104663,0.8,19-06-2026,0,15,0.135,No,Low Risk
C104664,1.2,07-06-2026,1,11,0.135,No,Medium Risk
C104665,0.8,26-03-2026,1,14,0.16,Yes,Medium Risk
C104666,0.8,01-06-2026,0,7,0.135,No,Low Risk
C104667,0.7,08-06-2026,1,9,0.135,No,Medium Risk
C104668,1.2,01-06-2026,1,17,0.135,Yes,Medium Risk
C104669,0.9,28-03-2026,0,4,0.16,No,Low Risk
C104670,0.9,21-06-2026,0,9,0.135,No,Low Risk
C104671,0.4,14-05-2026,1,5,0.135,Yes,Medium Risk
C104672,1.3,24-04-2026,1,16,0.135,No,Medium Risk
C104673,1.2,18-06-2026,1,3,0.17,No,Medium Risk
C104674,0.9,27-05-2026,0,8,0.135,No,Low Risk
C104675,0.8,18-04-2026,0,11,0.135,No,Low Risk
C104676,0.6,26-05-2026,1,6,0.135,Yes,Medium Risk
C104677,0.9,30-05-2026,0,17,0.135,No,Low Risk
C104678,1.1,12-06-2026,0,13,0.135,No,Low Risk
C104679,1.1,04-06-2026,1,7,0.135,No,Medium Risk
C104680,0.9,31-01-2026,3,9,0.185,No,Medium Risk
C104681,1.1,04-06-2026,0,7,0.135,Yes,Low Risk
C104682,0.8,04-06-2026,0,8,0.135,No,Low Risk
C104683,1.1,11-06-2026,0,15,0.135,No,Low Risk
C104684,0.9,16-05-2026,1,12,0.135,No,Medium Risk
C104685,0.7,25-01-2026,0,5,0.16,No,Low Risk
C104686,1,03-06-2026,2,12,0.16,No,Medium Risk
C104687,1.2,15-06-2026,1,2,0.17,No,Medium Risk
C104688,0.8,27-06-2026,0,8,0.135,No,Low Risk
C104689,1.1,26-06-2026,3,7,0.16,Yes,Medium Risk
C104690,0.8,22-05-2026,1,13,0.135,No,Medium Risk
C104691,0.9,14-04-2026,0,4,0.135,No,Low Risk
C104692,1.2,29-06-2026,1,10,0.135,No,Medium Risk
C104693,1.1,02-06-2026,0,5,0.135,No,Low Risk
C104694,0.7,21-06-2026,1,16,0.135,No,Medium Risk
C104695,0.9,30-05-2026,0,1,0.17,No,Low Risk
C104696,0.6,21-03-2026,2,9,0.185,No,Medium Risk
C104697,0.5,27-04-2026,1,9,0.135,No,Medium Risk
C104698,0.7,12-06-2026,2,7,0.16,No,Medium Risk
C104699,0.9,08-05-2026,0,7,0.135,No,Low Risk
C104700,1,21-05-2026,1,8,0.135,Yes,Medium Risk
C104701,1.2,30-06-2026,2,11,0.16,No,Medium Risk
C104702,1.4,27-06-2026,0,8,0.135,No,Low Risk
C104703,0.9,29-05-2026,1,10,0.135,No,Medium Risk
C104704,0.5,15-05-2026,1,15,0.135,No,Medium Risk
C104705,1.1,21-04-2026,1,5,0.135,No,Medium Risk
C104706,0.8,15-03-2026,1,14,0.16,No,Medium Risk
C104707,1.4,23-05-2026,3,12,0.16,No,Medium Risk
C104708,0.5,27-06-2026,0,7,0.135,No,Low Risk
C104709,0.8,21-05-2026,0,21,0.135,No,Low Risk
C104710,0.8,26-05-2026,1,9,0.135,No,Medium Risk
C104711,1.1,30-06-2026,2,6,0.16,No,Medium Risk
C104712,0.6,25-06-2026,0,8,0.135,No,Low Risk
C104713,1.1,30-06-2026,1,7,0.135,Yes,Medium Risk
C104714,0.4,22-06-2026,2,11,0.16,No,Medium Risk
C104715,1,28-04-2026,0,12,0.135,No,Low Risk
C104716,0.6,17-06-2026,2,4,0.16,No,Medium Risk
C104717,0.9,08-06-2026,0,13,0.135,No,Low Risk
C104718,0.8,25-05-2026,1,7,0.135,No,Medium Risk
C104719,0.9,30-06-2026,3,8,0.16,Yes,Medium Risk
C104720,1.1,08-06-2026,1,11,0.135,No,Medium Risk
C104721,1.1,15-06-2026,1,7,0.135,No,Medium Risk
C104722,0.9,27-05-2026,0,12,0.135,No,Low Risk
C104723,1.3,12-06-2026,2,7,0.16,No,Medium Risk
C104724,0.7,21-06-2026,0,5,0.135,No,Low Risk
C104725,0.7,08-06-2026,3,6,0.16,No,Medium Risk
C104726,1.1,16-05-2026,2,10,0.16,No,Medium Risk
C104727,0.8,08-06-2026,0,9,0.135,No,Low Risk
C104728,0.9,04-06-2026,0,8,0.135,No,Low Risk
C104729,0.8,18-06-2026,1,15,0.135,No,Medium Risk
C104730,0.9,04-06-2026,3,11,0.16,No,Medium Risk
C104731,0.6,23-06-2026,1,16,0.135,No,Medium Risk
C104732,0.9,04-06-2026,1,18,0.135,No,Medium Risk
C104733,0.6,31-01-2026,2,8,0.185,Yes,Medium Risk
C104734,1.1,25-06-2026,0,13,0.135,No,Low Risk
C104735,1.3,24-05-2026,3,14,0.16,No,Medium Risk
C104736,0.6,31-05-2026,0,6,0.135,No,Low Risk
C104737,0.8,28-05-2026,1,4,0.135,No,Medium Risk
C104738,0.7,13-06-2026,3,11,0.16,No,Medium Risk
C104739,0.8,26-05-2026,1,14,0.135,No,Medium Risk
C104740,0.7,04-06-2026,1,12,0.135,No,Medium Risk
C104741,0.9,29-06-2026,1,8,0.135,No,Medium Risk
C104742,0.8,11-06-2026,0,8,0.135,No,Low Risk
C104743,1,26-05-2026,0,7,0.135,No,Low Risk
C104744,0.9,18-06-2026,1,10,0.135,No,Medium Risk
C104745,0.7,10-01-2026,2,11,0.185,No,Medium Risk
C104746,0.6,08-06-2026,0,6,0.135,No,Low Risk
C104747,0.9,30-06-2026,0,9,0.135,No,Low Risk
C104748,1.1,04-04-2026,1,10,0.135,No,Medium Risk
C104749,1.2,24-06-2026,1,13,0.135,Yes,Medium Risk
C104750,0.9,12-05-2026,1,10,0.135,No,Medium Risk
C104751,1.2,22-03-2026,1,12,0.16,No,Medium Risk
C104752,0.6,28-06-2026,1,9,0.135,No,Medium Risk
C104753,1.1,24-06-2026,3,11,0.16,No,Medium Risk
C104754,0.6,17-05-2026,0,9,0.135,No,Low Risk
C104755,0.6,28-05-2026,2,13,0.16,No,Medium Risk
C104756,0.5,27-05-2026,0,6,0.135,No,Low Risk
C104757,1,24-06-2026,2,5,0.16,No,Medium Risk
C104758,0.5,17-05-2026,2,9,0.16,Yes,Medium Risk
C104759,0.6,14-06-2026,0,9,0.135,No,Low Risk
C104760,1.3,23-06-2026,2,4,0.16,No,Medium Risk
C104761,0.9,03-06-2026,0,11,0.135,No,Low Risk
C104762,1.1,29-05-2026,3,6,0.16,No,Medium Risk
C104763,0.8,27-04-2026,0,11,0.135,No,Low Risk
C104764,0.8,19-06-2026,0,9,0.135,No,Low Risk
C104765,0.6,04-06-2026,1,9,0.135,No,Medium Risk
C104766,1.1,11-06-2026,2,11,0.16,No,Medium Risk
C104767,1,18-04-2026,0,8,0.135,No,Low Risk
C104768,1,13-06-2026,0,9,0.135,No,Low Risk
C104769,1.2,27-05-2026,1,12,0.135,No,Medium Risk
C104770,0.5,26-05-2026,0,8,0.135,No,Low Risk
C104771,0.9,09-02-2026,0,12,0.16,No,Low Risk
C104772,0.8,06-06-2026,0,14,0.135,No,Low Risk
C104773,1.1,29-06-2026,2,11,0.16,Yes,Medium Risk
C104774,0.6,25-06-2026,0,16,0.135,No,Low Risk
C104775,0.8,26-05-2026,1,11,0.135,No,Medium Risk
C104776,0.8,28-06-2026,0,10,0.135,Yes,Low Risk
C104777,0.9,14-03-2026,0,9,0.16,Yes,Low Risk
C104778,0.7,28-04-2026,0,2,0.17,Yes,Low Risk
C104779,0.6,28-06-2026,0,12,0.135,No,Low Risk
C104780,0.7,08-05-2026,0,11,0.135,No,Low Risk
C104781,0.6,03-06-2026,2,9,0.16,No,Medium Risk
C104782,0.6,22-04-2026,1,8,0.135,No,Medium Risk
C104783,1.3,27-04-2026,1,12,0.135,No,Medium Risk
C104784,0.8,24-04-2026,0,8,0.135,No,Low Risk
C104785,0.8,29-05-2026,3,9,0.16,No,Medium Risk
C104786,0.6,07-04-2026,0,13,0.135,No,Low Risk
C104787,0.7,18-06-2026,2,7,0.16,No,Medium Risk
C104788,1,26-05-2026,2,4,0.16,No,Medium Risk
C104789,1.1,17-06-2026,0,9,0.135,No,Low Risk
C104790,0.6,22-04-2026,1,5,0.135,No,Medium Risk
C104791,0.8,25-04-2026,0,2,0.17,No,Low Risk
C104792,0.7,05-06-2026,0,14,0.135,No,Low Risk
C104793,1.1,30-06-2026,0,9,0.135,No,Low Risk
C104794,1.1,14-06-2026,0,8,0.135,No,Low Risk
C104795,0.6,27-05-2026,2,8,0.16,No,Medium Risk
C104796,1.1,30-06-2026,2,12,0.16,No,Medium Risk
C104797,0.8,06-05-2026,0,12,0.135,No,Low Risk
C104798,0.8,19-05-2026,3,6,0.16,Yes,Medium Risk
C104799,1,25-05-2026,1,12,0.135,Yes,Medium Risk
C104800,1.1,17-06-2026,1,6,0.135,No,Medium Risk
C104801,0.6,25-06-2026,0,9,0.135,No,Low Risk
C104802,1.1,11-05-2026,1,12,0.135,No,Medium Risk
C104803,0.8,17-05-2026,2,11,0.16,No,Medium Risk
C104804,0.9,16-06-2026,1,2,0.17,No,Medium Risk
C104805,1.1,15-05-2026,0,9,0.135,No,Low Risk
C104806,1.3,02-04-2026,0,10,0.135,No,Low Risk
C104807,1.1,24-06-2026,1,6,0.135,No,Medium Risk
C104808,0.9,19-04-2026,0,13,0.135,No,Low Risk
C104809,0.9,29-05-2026,2,16,0.16,No,Medium Risk
C104810,1.1,13-04-2026,1,3,0.17,Yes,Medium Risk
C104811,0.9,16-06-2026,1,7,0.135,No,Medium Risk
C104812,0.8,14-06-2026,1,14,0.135,No,Medium Risk
C104813,0.7,06-05-2026,1,7,0.135,No,Medium Risk
C104814,0.9,20-06-2026,2,13,0.16,Yes,Medium Risk
C104815,1,10-05-2026,0,9,0.135,No,Low Risk
C104816,0.8,23-06-2026,0,11,0.135,No,Low Risk
C104817,0.8,07-04-2026,2,4,0.16,No,Medium Risk
C104818,0.8,04-01-2026,1,16,0.16,No,Medium Risk
C104819,0.8,05-05-2026,2,12,0.16,No,Medium Risk
C104820,0.9,15-06-2026,2,5,0.16,No,Medium Risk
C104821,0.5,06-06-2026,0,5,0.135,No,Low Risk
C104822,0.8,01-06-2026,2,9,0.16,No,Medium Risk
C104823,0.8,07-05-2026,0,10,0.135,No,Low Risk
C104824,0.7,28-05-2026,0,8,0.135,No,Low Risk
C104825,0.9,29-06-2026,0,2,0.17,No,Low Risk
C104826,0.9,13-06-2026,0,6,0.135,No,Low Risk
C104827,1.1,03-03-2026,1,15,0.16,No,Medium Risk
C104828,1.6,27-06-2026,0,10,0.135,No,Low Risk
C104829,0.8,26-05-2026,1,9,0.135,Yes,Medium Risk
C104830,0.7,27-05-2026,0,7,0.135,No,Low Risk
C104831,1,15-06-2026,0,11,0.135,No,Low Risk
C104832,0.8,18-06-2026,1,10,0.135,No,Medium Risk
C104833,0.8,11-05-2026,0,9,0.135,No,Low Risk
C104834,0.9,07-04-2026,1,12,0.135,No,Medium Risk
C104835,0.8,22-04-2026,5,10,0.16,No,Medium Risk
C104836,0.7,15-06-2026,0,13,0.135,Yes,Low Risk
C104837,0.8,23-05-2026,2,12,0.16,No,Medium Risk
C104838,1,10-06-2026,1,11,0.135,No,Medium Risk
C104839,1.2,30-06-2026,2,6,0.16,No,Medium Risk
C104840,0.6,26-06-2026,1,10,0.135,No,Medium Risk
C104841,1.1,20-06-2026,1,8,0.135,Yes,Medium Risk
C104842,1.2,06-05-2026,1,12,0.135,No,Medium Risk
C104843,0.7,10-05-2026,2,13,0.16,Yes,Medium Risk
C104844,1.1,12-05-2026,3,6,0.16,No,Medium Risk
C104845,1.1,13-04-2026,3,6,0.16,No,Medium Risk
C104846,0.9,03-03-2026,0,9,0.16,No,Low Risk
C104847,0.8,30-06-2026,3,6,0.16,No,Medium Risk
C104848,0.8,04-06-2026,1,5,0.135,No,Medium Risk
C104849,1,04-06-2026,3,8,0.16,No,Medium Risk
C104850,1.1,19-06-2026,0,6,0.135,No,Low Risk
C104851,0.4,27-05-2026,0,12,0.135,No,Low Risk
C104852,1,04-05-2026,0,10,0.135,No,Low Risk
C104853,1.1,12-06-2026,1,13,0.135,No,Medium Risk
C104854,0.8,30-06-2026,2,9,0.16,No,Medium Risk
C104855,0.6,26-06-2026,3,4,0.16,No,Medium Risk
C104856,1.1,09-04-2026,1,8,0.135,No,Medium Risk
C104857,0.7,19-06-2026,1,14,0.135,No,Medium Risk
C104858,0.8,25-01-2026,1,13,0.16,No,Medium Risk
C104859,0.4,20-03-2026,1,9,0.16,No,Medium Risk
C104860,1.3,17-06-2026,1,12,0.135,No,Medium Risk
C104861,0.8,12-06-2026,0,12,0.135,No,Low Risk
C104862,1.1,22-06-2026,0,12,0.135,No,Low Risk
C104863,1.3,07-06-2026,0,20,0.135,Yes,Low Risk
C104864,0.7,13-06-2026,1,13,0.135,No,Medium Risk
C104865,1.2,15-06-2026,0,11,0.135,No,Low Risk
C104866,0.8,28-05-2026,1,13,0.135,Yes,Medium Risk
C104867,0.5,24-06-2026,1,10,0.135,No,Medium Risk
C104868,0.7,26-03-2026,0,18,0.16,No,Low Risk
C104869,1.1,30-06-2026,1,10,0.135,Yes,Medium Risk
C104870,0.8,23-06-2026,0,13,0.135,Yes,Low Risk
C104871,0.9,08-06-2026,0,1,0.17,No,Low Risk
C104872,0.9,29-06-2026,0,9,0.135,Yes,Low Risk
C104873,0.9,22-06-2026,2,7,0.16,No,Medium Risk
C104874,1,20-06-2026,0,4,0.135,No,Low Risk
C104875,0.7,17-06-2026,0,6,0.135,Yes,Low Risk
C104876,0.9,18-05-2026,0,1,0.17,No,Low Risk
C104877,0.8,17-06-2026,0,14,0.135,No,Low Risk
C104878,0.6,09-06-2026,1,7,0.135,No,Medium Risk
C104879,1.2,11-05-2026,2,13,0.16,Yes,Medium Risk
C104880,0.9,07-06-2026,0,18,0.135,No,Low Risk
C104881,0.8,20-06-2026,0,8,0.135,No,Low Risk
C104882,1.4,23-06-2026,1,6,0.135,No,Medium Risk
C104883,1,27-06-2026,1,15,0.135,No,Medium Risk
C104884,0.9,09-04-2026,0,9,0.135,No,Low Risk
C104885,1.2,20-06-2026,1,11,0.135,No,Medium Risk
C104886,1.4,02-03-2026,2,8,0.185,No,Medium Risk
C104887,1.1,24-06-2026,0,4,0.135,No,Low Risk
C104888,1.1,21-06-2026,0,5,0.135,No,Low Risk
C104889,0.9,22-06-2026,1,3,0.17,No,Medium Risk
C104890,1,10-06-2026,1,12,0.135,No,Medium Risk
C104891,0.9,03-04-2026,2,13,0.16,No,Medium Risk
C104892,1,30-06-2026,0,4,0.135,No,Low Risk
C104893,0.8,30-06-2026,2,9,0.16,No,Medium Risk
C104894,0.5,24-06-2026,1,10,0.135,No,Medium Risk
C104895,0.6,01-06-2026,2,7,0.16,No,Medium Risk
C104896,0.8,21-06-2026,0,17,0.135,No,Low Risk
C104897,0.6,28-04-2026,1,15,0.135,No,Medium Risk
C104898,0.8,04-06-2026,0,11,0.135,No,Low Risk
C104899,0.9,20-06-2026,1,8,0.135,No,Medium Risk
C104900,0.5,30-05-2026,0,11,0.135,No,Low Risk
C104901,0.7,21-05-2026,0,6,0.135,No,Low Risk
C104902,0.6,03-06-2026,3,10,0.16,Yes,Medium Risk
C104903,0.8,17-05-2026,1,8,0.135,No,Medium Risk
C104904,1,13-05-2026,0,13,0.135,Yes,Low Risk
C104905,0.8,25-06-2026,0,12,0.135,No,Low Risk
C104906,0.4,10-04-2026,0,11,0.135,No,Low Risk
C104907,1.1,03-04-2026,3,6,0.16,No,Medium Risk
C104908,0.7,22-05-2026,0,14,0.135,No,Low Risk
C104909,0.9,27-05-2026,1,6,0.135,No,Medium Risk
C104910,0.7,25-03-2026,0,11,0.16,Yes,Low Risk
C104911,0.8,07-05-2026,1,15,0.135,No,Medium Risk
C104912,0.9,07-05-2026,1,4,0.135,No,Medium Risk
C104913,1.2,25-06-2026,2,9,0.16,No,Medium Risk
C104914,1,21-06-2026,1,11,0.135,Yes,Medium Risk
C104915,1.1,26-06-2026,1,13,0.135,No,Medium Risk
C104916,0.8,16-06-2026,1,0,0.17,No,Medium Risk
C104917,0.9,23-06-2026,1,5,0.135,No,Medium Risk
C104918,0.8,24-06-2026,1,10,0.135,No,Medium Risk
C104919,1.3,22-06-2026,1,9,0.135,No,Medium Risk
C104920,0.8,29-05-2026,0,6,0.135,No,Low Risk
C104921,1.1,25-04-2026,0,7,0.135,No,Low Risk
C104922,1.1,03-04-2026,1,9,0.135,No,Medium Risk
C104923,1.2,23-06-2026,2,13,0.16,No,Medium Risk
C104924,0.9,01-06-2026,0,9,0.135,No,Low Risk
C104925,0.8,24-05-2026,1,13,0.135,No,Medium Risk
C104926,0.7,13-06-2026,0,13,0.135,No,Low Risk
C104927,1.1,20-06-2026,0,13,0.135,No,Low Risk
C104928,0.7,01-05-2026,1,11,0.135,No,Medium Risk
C104929,0.9,19-06-2026,1,11,0.135,No,Medium Risk
C104930,1.1,30-06-2026,2,13,0.16,No,Medium Risk
C104931,1.3,30-06-2026,3,5,0.16,No,Medium Risk
C104932,0.9,07-05-2026,2,3,0.195,No,Medium Risk
C104933,0.9,28-05-2026,1,8,0.135,No,Medium Risk
C104934,1.1,28-06-2026,0,7,0.135,No,Low Risk
C104935,0.9,24-03-2026,1,11,0.16,No,Medium Risk
C104936,1.3,22-06-2026,2,3,0.195,Yes,Medium Risk
C104937,1.2,08-06-2026,0,10,0.135,No,Low Risk
C104938,0.7,15-05-2026,1,11,0.135,No,Medium Risk
C104939,0.9,22-06-2026,0,15,0.135,No,Low Risk
C104940,0.8,04-06-2026,0,4,0.135,No,Low Risk
C104941,1.5,28-06-2026,0,11,0.135,No,Low Risk
C104942,0.9,26-06-2026,1,8,0.135,No,Medium Risk
C104943,0.8,26-06-2026,1,0,0.17,No,Medium Risk
C104944,1,24-06-2026,0,12,0.135,No,Low Risk
C104945,1.1,28-05-2026,2,3,0.195,No,Medium Risk
C104946,0.7,08-06-2026,0,12,0.135,Yes,Low Risk
C104947,0.8,20-05-2026,0,15,0.135,Yes,Low Risk
C104948,0.7,18-05-2026,3,8,0.16,No,Medium Risk
C104949,0.7,22-06-2026,1,8,0.135,No,Medium Risk
C104950,0.9,22-06-2026,0,4,0.135,No,Low Risk
C104951,1.3,25-06-2026,1,5,0.135,No,Medium Risk
C104952,0.7,30-06-2026,0,9,0.135,No,Low Risk
C104953,1.1,03-05-2026,1,9,0.135,No,Medium Risk
C104954,1.2,04-06-2026,1,11,0.135,No,Medium Risk
C104955,0.8,16-06-2026,0,11,0.135,No,Low Risk
C104956,0.9,20-05-2026,0,4,0.135,No,Low Risk
C104957,0.7,08-06-2026,0,7,0.135,No,Low Risk
C104958,1.5,23-06-2026,1,8,0.135,No,Medium Risk
C104959,0.9,21-06-2026,0,11,0.135,No,Low Risk
C104960,0.9,22-05-2026,2,18,0.16,No,Medium Risk
C104961,0.6,04-06-2026,0,10,0.135,No,Low Risk
C104962,0.8,04-02-2026,1,6,0.16,No,Medium Risk
C104963,1.2,21-06-2026,1,11,0.135,No,Medium Risk
C104964,0.9,27-06-2026,2,7,0.16,Yes,Medium Risk
C104965,0.9,26-06-2026,0,13,0.135,Yes,Low Risk
C104966,0.9,25-03-2026,0,3,0.195,No,Low Risk
C104967,0.9,20-06-2026,5,18,0.16,No,Medium Risk
C104968,0.9,16-06-2026,1,8,0.135,No,Medium Risk
C104969,0.9,06-04-2026,1,6,0.135,No,Medium Risk
C104970,1.2,02-06-2026,2,4,0.16,No,Medium Risk
C104971,1.1,11-06-2026,0,8,0.135,No,Low Risk
C104972,1.1,08-06-2026,2,3,0.195,No,Medium Risk
C104973,0.8,30-06-2026,1,14,0.135,Yes,Medium Risk
C104974,0.8,29-06-2026,0,12,0.135,No,Low Risk
C104975,0.8,27-06-2026,1,0,0.17,No,Medium Risk
C104976,1.2,18-06-2026,3,9,0.16,Yes,Medium Risk
C104977,0.9,28-05-2026,0,10,0.135,No,Low Risk
C104978,0.8,17-06-2026,0,10,0.135,No,Low Risk
C104979,0.4,30-03-2026,0,12,0.16,No,Low Risk
C104980,0.8,27-06-2026,1,9,0.135,No,Medium Risk
C104981,0.8,15-05-2026,1,11,0.135,No,Medium Risk
C104982,1.1,31-05-2026,2,11,0.16,No,Medium Risk
C104983,0.9,18-05-2026,0,13,0.135,Yes,Low Risk
C104984,1,25-06-2026,1,7,0.135,No,Medium Risk
C104985,0.8,13-05-2026,1,14,0.135,No,Medium Risk
C104986,0.7,30-05-2026,0,11,0.135,No,Low Risk
C104987,0.8,23-06-2026,2,12,0.16,No,Medium Risk
C104988,0.7,26-05-2026,1,9,0.135,No,Medium Risk
C104989,1,19-05-2026,2,3,0.195,No,Medium Risk
C104990,0.6,04-05-2026,1,16,0.135,No,Medium Risk
C104991,0.8,25-05-2026,0,2,0.17,No,Low Risk
C104992,1,29-06-2026,2,14,0.16,No,Medium Risk
C104993,1.1,11-05-2026,1,12,0.135,No,Medium Risk
C104994,1.3,06-06-2026,2,11,0.16,No,Medium Risk
C104995,0.9,04-05-2026,1,6,0.135,No,Medium Risk
C104996,0.9,17-04-2026,2,10,0.16,No,Medium Risk
C104997,0.7,04-06-2026,2,14,0.16,No,Medium Risk
C104998,0.8,15-06-2026,2,11,0.16,No,Medium Risk
C104999,0.8,18-06-2026,1,12,0.135,No,Medium Risk
